tag,backend_profile,matched_baseline,suite,benchmark,seed,run_id,pipeline_label,pipeline_kind,repeat_index,status,polybench_seconds,wall_seconds,timeout_used,censored,binary_path,optimized_ir_path,stdout_path,stderr_path,error
external_runtime_polybench10_wrap_10seeds_backend_oz_repeat1_adaptive5_20260510,oz,oz,polybench,2mm,,,none,baseline,1,ok,5.743877,5.794245978817344,300.0,False,/root/exp/RFunipassLab/external_datasets/build/runtime_matched/external_runtime_polybench10_wrap_10seeds_backend_oz_repeat1_adaptive5_20260510/oz/polybench/2mm/baseline/none/a.out,/root/exp/RFunipassLab/external_datasets/build/runtime_matched/external_runtime_polybench10_wrap_10seeds_backend_oz_repeat1_adaptive5_20260510/oz/polybench/2mm/baseline/none/none_71f8e7976e4c.ll,/root/exp/RFunipassLab/external_datasets/build/runtime_matched/external_runtime_polybench10_wrap_10seeds_backend_oz_repeat1_adaptive5_20260510/oz/polybench/2mm/baseline/none/runs/run_001/stdout.txt,/root/exp/RFunipassLab/external_datasets/build/runtime_matched/external_runtime_polybench10_wrap_10seeds_backend_oz_repeat1_adaptive5_20260510/oz/polybench/2mm/baseline/none/runs/run_001/stderr.txt,
external_runtime_polybench10_wrap_10seeds_backend_oz_repeat1_adaptive5_20260510,oz,oz,polybench,2mm,,,oz,baseline,1,ok,2.306699,2.3317795149050653,300.0,False,/root/exp/RFunipassLab/external_datasets/build/runtime_matched/external_runtime_polybench10_wrap_10seeds_backend_oz_repeat1_adaptive5_20260510/oz/polybench/2mm/baseline/oz/a.out,/root/exp/RFunipassLab/external_datasets/build/runtime_matched/external_runtime_polybench10_wrap_10seeds_backend_oz_repeat1_adaptive5_20260510/oz/polybench/2mm/baseline/oz/oz_d135b696b0fd.ll,/root/exp/RFunipassLab/external_datasets/build/runtime_matched/external_runtime_polybench10_wrap_10seeds_backend_oz_repeat1_adaptive5_20260510/oz/polybench/2mm/baseline/oz/runs/run_001/stdout.txt,/root/exp/RFunipassLab/external_datasets/build/runtime_matched/external_runtime_polybench10_wrap_10seeds_backend_oz_repeat1_adaptive5_20260510/oz/polybench/2mm/baseline/oz/runs/run_001/stderr.txt,
external_runtime_polybench10_wrap_10seeds_backend_oz_repeat1_adaptive5_20260510,oz,oz,polybench,2mm,456,20260423_181846_349217_feature_lite_seed456,universal,rfunipass,1,failed,,,11.533495,True,/root/exp/RFunipassLab/external_datasets/build/runtime_matched/external_runtime_polybench10_wrap_10seeds_backend_oz_repeat1_adaptive5_20260510/oz/polybench/2mm/456/universal/a.out,/root/exp/RFunipassLab/external_datasets/build/runtime_matched/external_runtime_polybench10_wrap_10seeds_backend_oz_repeat1_adaptive5_20260510/oz/polybench/2mm/456/universal/universal_1dd8ea870347.ll,/root/exp/RFunipassLab/external_datasets/build/runtime_matched/external_runtime_polybench10_wrap_10seeds_backend_oz_repeat1_adaptive5_20260510/oz/polybench/2mm/456/universal/runs/run_001/stdout.txt,/root/exp/RFunipassLab/external_datasets/build/runtime_matched/external_runtime_polybench10_wrap_10seeds_backend_oz_repeat1_adaptive5_20260510/oz/polybench/2mm/456/universal/runs/run_001/stderr.txt,runtime timeout after 11.533495s
external_runtime_polybench10_wrap_10seeds_backend_oz_repeat1_adaptive5_20260510,oz,oz,polybench,2mm,457,20260423_184811_146360_feature_lite_seed457,universal,rfunipass,1,failed,,,11.533495,True,/root/exp/RFunipassLab/external_datasets/build/runtime_matched/external_runtime_polybench10_wrap_10seeds_backend_oz_repeat1_adaptive5_20260510/oz/polybench/2mm/457/universal/a.out,/root/exp/RFunipassLab/external_datasets/build/runtime_matched/external_runtime_polybench10_wrap_10seeds_backend_oz_repeat1_adaptive5_20260510/oz/polybench/2mm/457/universal/universal_468197d7c679.ll,/root/exp/RFunipassLab/external_datasets/build/runtime_matched/external_runtime_polybench10_wrap_10seeds_backend_oz_repeat1_adaptive5_20260510/oz/polybench/2mm/457/universal/runs/run_001/stdout.txt,/root/exp/RFunipassLab/external_datasets/build/runtime_matched/external_runtime_polybench10_wrap_10seeds_backend_oz_repeat1_adaptive5_20260510/oz/polybench/2mm/457/universal/runs/run_001/stderr.txt,runtime timeout after 11.533495s
external_runtime_polybench10_wrap_10seeds_backend_oz_repeat1_adaptive5_20260510,oz,oz,polybench,2mm,458,20260423_193326_468019_feature_lite_seed458,universal,rfunipass,1,failed,,,11.533495,True,/root/exp/RFunipassLab/external_datasets/build/runtime_matched/external_runtime_polybench10_wrap_10seeds_backend_oz_repeat1_adaptive5_20260510/oz/polybench/2mm/458/universal/a.out,/root/exp/RFunipassLab/external_datasets/build/runtime_matched/external_runtime_polybench10_wrap_10seeds_backend_oz_repeat1_adaptive5_20260510/oz/polybench/2mm/458/universal/universal_bac1dd97c06b.ll,/root/exp/RFunipassLab/external_datasets/build/runtime_matched/external_runtime_polybench10_wrap_10seeds_backend_oz_repeat1_adaptive5_20260510/oz/polybench/2mm/458/universal/runs/run_001/stdout.txt,/root/exp/RFunipassLab/external_datasets/build/runtime_matched/external_runtime_polybench10_wrap_10seeds_backend_oz_repeat1_adaptive5_20260510/oz/polybench/2mm/458/universal/runs/run_001/stderr.txt,runtime timeout after 11.533495s
external_runtime_polybench10_wrap_10seeds_backend_oz_repeat1_adaptive5_20260510,oz,oz,polybench,2mm,459,20260423_203402_518521_feature_lite_seed459,universal,rfunipass,1,ok,2.305103,2.3362530001904815,11.533495,False,/root/exp/RFunipassLab/external_datasets/build/runtime_matched/external_runtime_polybench10_wrap_10seeds_backend_oz_repeat1_adaptive5_20260510/oz/polybench/2mm/459/universal/a.out,/root/exp/RFunipassLab/external_datasets/build/runtime_matched/external_runtime_polybench10_wrap_10seeds_backend_oz_repeat1_adaptive5_20260510/oz/polybench/2mm/459/universal/universal_6d5271a22f91.ll,/root/exp/RFunipassLab/external_datasets/build/runtime_matched/external_runtime_polybench10_wrap_10seeds_backend_oz_repeat1_adaptive5_20260510/oz/polybench/2mm/459/universal/runs/run_001/stdout.txt,/root/exp/RFunipassLab/external_datasets/build/runtime_matched/external_runtime_polybench10_wrap_10seeds_backend_oz_repeat1_adaptive5_20260510/oz/polybench/2mm/459/universal/runs/run_001/stderr.txt,
external_runtime_polybench10_wrap_10seeds_backend_oz_repeat1_adaptive5_20260510,oz,oz,polybench,2mm,460,20260423_205014_703926_feature_lite_seed460,universal,rfunipass,1,failed,,,11.533495,True,/root/exp/RFunipassLab/external_datasets/build/runtime_matched/external_runtime_polybench10_wrap_10seeds_backend_oz_repeat1_adaptive5_20260510/oz/polybench/2mm/460/universal/a.out,/root/exp/RFunipassLab/external_datasets/build/runtime_matched/external_runtime_polybench10_wrap_10seeds_backend_oz_repeat1_adaptive5_20260510/oz/polybench/2mm/460/universal/universal_aa7d5985738b.ll,/root/exp/RFunipassLab/external_datasets/build/runtime_matched/external_runtime_polybench10_wrap_10seeds_backend_oz_repeat1_adaptive5_20260510/oz/polybench/2mm/460/universal/runs/run_001/stdout.txt,/root/exp/RFunipassLab/external_datasets/build/runtime_matched/external_runtime_polybench10_wrap_10seeds_backend_oz_repeat1_adaptive5_20260510/oz/polybench/2mm/460/universal/runs/run_001/stderr.txt,runtime timeout after 11.533495s
external_runtime_polybench10_wrap_10seeds_backend_oz_repeat1_adaptive5_20260510,oz,oz,polybench,2mm,461,20260423_211628_575222_feature_lite_seed461,universal,rfunipass,1,ok,2.304016,2.3290002970024943,11.533495,False,/root/exp/RFunipassLab/external_datasets/build/runtime_matched/external_runtime_polybench10_wrap_10seeds_backend_oz_repeat1_adaptive5_20260510/oz/polybench/2mm/461/universal/a.out,/root/exp/RFunipassLab/external_datasets/build/runtime_matched/external_runtime_polybench10_wrap_10seeds_backend_oz_repeat1_adaptive5_20260510/oz/polybench/2mm/461/universal/universal_c3b20e7655ed.ll,/root/exp/RFunipassLab/external_datasets/build/runtime_matched/external_runtime_polybench10_wrap_10seeds_backend_oz_repeat1_adaptive5_20260510/oz/polybench/2mm/461/universal/runs/run_001/stdout.txt,/root/exp/RFunipassLab/external_datasets/build/runtime_matched/external_runtime_polybench10_wrap_10seeds_backend_oz_repeat1_adaptive5_20260510/oz/polybench/2mm/461/universal/runs/run_001/stderr.txt,
external_runtime_polybench10_wrap_10seeds_backend_oz_repeat1_adaptive5_20260510,oz,oz,polybench,2mm,462,20260423_214113_355045_feature_lite_seed462,universal,rfunipass,1,failed,,,11.533495,True,/root/exp/RFunipassLab/external_datasets/build/runtime_matched/external_runtime_polybench10_wrap_10seeds_backend_oz_repeat1_adaptive5_20260510/oz/polybench/2mm/462/universal/a.out,/root/exp/RFunipassLab/external_datasets/build/runtime_matched/external_runtime_polybench10_wrap_10seeds_backend_oz_repeat1_adaptive5_20260510/oz/polybench/2mm/462/universal/universal_4da41e9006a8.ll,/root/exp/RFunipassLab/external_datasets/build/runtime_matched/external_runtime_polybench10_wrap_10seeds_backend_oz_repeat1_adaptive5_20260510/oz/polybench/2mm/462/universal/runs/run_001/stdout.txt,/root/exp/RFunipassLab/external_datasets/build/runtime_matched/external_runtime_polybench10_wrap_10seeds_backend_oz_repeat1_adaptive5_20260510/oz/polybench/2mm/462/universal/runs/run_001/stderr.txt,runtime timeout after 11.533495s
external_runtime_polybench10_wrap_10seeds_backend_oz_repeat1_adaptive5_20260510,oz,oz,polybench,2mm,463,20260423_221353_240005_feature_lite_seed463,universal,rfunipass,1,failed,,,11.533495,True,/root/exp/RFunipassLab/external_datasets/build/runtime_matched/external_runtime_polybench10_wrap_10seeds_backend_oz_repeat1_adaptive5_20260510/oz/polybench/2mm/463/universal/a.out,/root/exp/RFunipassLab/external_datasets/build/runtime_matched/external_runtime_polybench10_wrap_10seeds_backend_oz_repeat1_adaptive5_20260510/oz/polybench/2mm/463/universal/universal_3c6e71c0df8d.ll,/root/exp/RFunipassLab/external_datasets/build/runtime_matched/external_runtime_polybench10_wrap_10seeds_backend_oz_repeat1_adaptive5_20260510/oz/polybench/2mm/463/universal/runs/run_001/stdout.txt,/root/exp/RFunipassLab/external_datasets/build/runtime_matched/external_runtime_polybench10_wrap_10seeds_backend_oz_repeat1_adaptive5_20260510/oz/polybench/2mm/463/universal/runs/run_001/stderr.txt,runtime timeout after 11.533495s
external_runtime_polybench10_wrap_10seeds_backend_oz_repeat1_adaptive5_20260510,oz,oz,polybench,2mm,464,20260423_230444_536999_feature_lite_seed464,universal,rfunipass,1,failed,,,11.533495,True,/root/exp/RFunipassLab/external_datasets/build/runtime_matched/external_runtime_polybench10_wrap_10seeds_backend_oz_repeat1_adaptive5_20260510/oz/polybench/2mm/464/universal/a.out,/root/exp/RFunipassLab/external_datasets/build/runtime_matched/external_runtime_polybench10_wrap_10seeds_backend_oz_repeat1_adaptive5_20260510/oz/polybench/2mm/464/universal/universal_58aea292ea66.ll,/root/exp/RFunipassLab/external_datasets/build/runtime_matched/external_runtime_polybench10_wrap_10seeds_backend_oz_repeat1_adaptive5_20260510/oz/polybench/2mm/464/universal/runs/run_001/stdout.txt,/root/exp/RFunipassLab/external_datasets/build/runtime_matched/external_runtime_polybench10_wrap_10seeds_backend_oz_repeat1_adaptive5_20260510/oz/polybench/2mm/464/universal/runs/run_001/stderr.txt,runtime timeout after 11.533495s
external_runtime_polybench10_wrap_10seeds_backend_oz_repeat1_adaptive5_20260510,oz,oz,polybench,2mm,465,20260423_231957_016941_feature_lite_seed465,universal,rfunipass,1,ok,1778379810.489029,2.3810787280090153,11.533495,False,/root/exp/RFunipassLab/external_datasets/build/runtime_matched/external_runtime_polybench10_wrap_10seeds_backend_oz_repeat1_adaptive5_20260510/oz/polybench/2mm/465/universal/a.out,/root/exp/RFunipassLab/external_datasets/build/runtime_matched/external_runtime_polybench10_wrap_10seeds_backend_oz_repeat1_adaptive5_20260510/oz/polybench/2mm/465/universal/universal_e2fa59514181.ll,/root/exp/RFunipassLab/external_datasets/build/runtime_matched/external_runtime_polybench10_wrap_10seeds_backend_oz_repeat1_adaptive5_20260510/oz/polybench/2mm/465/universal/runs/run_001/stdout.txt,/root/exp/RFunipassLab/external_datasets/build/runtime_matched/external_runtime_polybench10_wrap_10seeds_backend_oz_repeat1_adaptive5_20260510/oz/polybench/2mm/465/universal/runs/run_001/stderr.txt,
external_runtime_polybench10_wrap_10seeds_backend_oz_repeat1_adaptive5_20260510,oz,oz,polybench,3mm,,,none,baseline,1,ok,9.226609,9.277587647084147,300.0,False,/root/exp/RFunipassLab/external_datasets/build/runtime_matched/external_runtime_polybench10_wrap_10seeds_backend_oz_repeat1_adaptive5_20260510/oz/polybench/3mm/baseline/none/a.out,/root/exp/RFunipassLab/external_datasets/build/runtime_matched/external_runtime_polybench10_wrap_10seeds_backend_oz_repeat1_adaptive5_20260510/oz/polybench/3mm/baseline/none/none_71f8e7976e4c.ll,/root/exp/RFunipassLab/external_datasets/build/runtime_matched/external_runtime_polybench10_wrap_10seeds_backend_oz_repeat1_adaptive5_20260510/oz/polybench/3mm/baseline/none/runs/run_001/stdout.txt,/root/exp/RFunipassLab/external_datasets/build/runtime_matched/external_runtime_polybench10_wrap_10seeds_backend_oz_repeat1_adaptive5_20260510/oz/polybench/3mm/baseline/none/runs/run_001/stderr.txt,
external_runtime_polybench10_wrap_10seeds_backend_oz_repeat1_adaptive5_20260510,oz,oz,polybench,3mm,,,oz,baseline,1,ok,3.036075,3.060024468926713,300.0,False,/root/exp/RFunipassLab/external_datasets/build/runtime_matched/external_runtime_polybench10_wrap_10seeds_backend_oz_repeat1_adaptive5_20260510/oz/polybench/3mm/baseline/oz/a.out,/root/exp/RFunipassLab/external_datasets/build/runtime_matched/external_runtime_polybench10_wrap_10seeds_backend_oz_repeat1_adaptive5_20260510/oz/polybench/3mm/baseline/oz/oz_d135b696b0fd.ll,/root/exp/RFunipassLab/external_datasets/build/runtime_matched/external_runtime_polybench10_wrap_10seeds_backend_oz_repeat1_adaptive5_20260510/oz/polybench/3mm/baseline/oz/runs/run_001/stdout.txt,/root/exp/RFunipassLab/external_datasets/build/runtime_matched/external_runtime_polybench10_wrap_10seeds_backend_oz_repeat1_adaptive5_20260510/oz/polybench/3mm/baseline/oz/runs/run_001/stderr.txt,
external_runtime_polybench10_wrap_10seeds_backend_oz_repeat1_adaptive5_20260510,oz,oz,polybench,3mm,456,20260423_181846_349217_feature_lite_seed456,universal,rfunipass,1,failed,,,15.180375,True,/root/exp/RFunipassLab/external_datasets/build/runtime_matched/external_runtime_polybench10_wrap_10seeds_backend_oz_repeat1_adaptive5_20260510/oz/polybench/3mm/456/universal/a.out,/root/exp/RFunipassLab/external_datasets/build/runtime_matched/external_runtime_polybench10_wrap_10seeds_backend_oz_repeat1_adaptive5_20260510/oz/polybench/3mm/456/universal/universal_1dd8ea870347.ll,/root/exp/RFunipassLab/external_datasets/build/runtime_matched/external_runtime_polybench10_wrap_10seeds_backend_oz_repeat1_adaptive5_20260510/oz/polybench/3mm/456/universal/runs/run_001/stdout.txt,/root/exp/RFunipassLab/external_datasets/build/runtime_matched/external_runtime_polybench10_wrap_10seeds_backend_oz_repeat1_adaptive5_20260510/oz/polybench/3mm/456/universal/runs/run_001/stderr.txt,runtime timeout after 15.180375s
external_runtime_polybench10_wrap_10seeds_backend_oz_repeat1_adaptive5_20260510,oz,oz,polybench,3mm,457,20260423_184811_146360_feature_lite_seed457,universal,rfunipass,1,failed,,,15.180375,True,/root/exp/RFunipassLab/external_datasets/build/runtime_matched/external_runtime_polybench10_wrap_10seeds_backend_oz_repeat1_adaptive5_20260510/oz/polybench/3mm/457/universal/a.out,/root/exp/RFunipassLab/external_datasets/build/runtime_matched/external_runtime_polybench10_wrap_10seeds_backend_oz_repeat1_adaptive5_20260510/oz/polybench/3mm/457/universal/universal_468197d7c679.ll,/root/exp/RFunipassLab/external_datasets/build/runtime_matched/external_runtime_polybench10_wrap_10seeds_backend_oz_repeat1_adaptive5_20260510/oz/polybench/3mm/457/universal/runs/run_001/stdout.txt,/root/exp/RFunipassLab/external_datasets/build/runtime_matched/external_runtime_polybench10_wrap_10seeds_backend_oz_repeat1_adaptive5_20260510/oz/polybench/3mm/457/universal/runs/run_001/stderr.txt,runtime timeout after 15.180375s
external_runtime_polybench10_wrap_10seeds_backend_oz_repeat1_adaptive5_20260510,oz,oz,polybench,3mm,458,20260423_193326_468019_feature_lite_seed458,universal,rfunipass,1,failed,,,15.180375,True,/root/exp/RFunipassLab/external_datasets/build/runtime_matched/external_runtime_polybench10_wrap_10seeds_backend_oz_repeat1_adaptive5_20260510/oz/polybench/3mm/458/universal/a.out,/root/exp/RFunipassLab/external_datasets/build/runtime_matched/external_runtime_polybench10_wrap_10seeds_backend_oz_repeat1_adaptive5_20260510/oz/polybench/3mm/458/universal/universal_bac1dd97c06b.ll,/root/exp/RFunipassLab/external_datasets/build/runtime_matched/external_runtime_polybench10_wrap_10seeds_backend_oz_repeat1_adaptive5_20260510/oz/polybench/3mm/458/universal/runs/run_001/stdout.txt,/root/exp/RFunipassLab/external_datasets/build/runtime_matched/external_runtime_polybench10_wrap_10seeds_backend_oz_repeat1_adaptive5_20260510/oz/polybench/3mm/458/universal/runs/run_001/stderr.txt,runtime timeout after 15.180375s
external_runtime_polybench10_wrap_10seeds_backend_oz_repeat1_adaptive5_20260510,oz,oz,polybench,3mm,459,20260423_203402_518521_feature_lite_seed459,universal,rfunipass,1,ok,3.033017,3.068104339996353,15.180375,False,/root/exp/RFunipassLab/external_datasets/build/runtime_matched/external_runtime_polybench10_wrap_10seeds_backend_oz_repeat1_adaptive5_20260510/oz/polybench/3mm/459/universal/a.out,/root/exp/RFunipassLab/external_datasets/build/runtime_matched/external_runtime_polybench10_wrap_10seeds_backend_oz_repeat1_adaptive5_20260510/oz/polybench/3mm/459/universal/universal_6d5271a22f91.ll,/root/exp/RFunipassLab/external_datasets/build/runtime_matched/external_runtime_polybench10_wrap_10seeds_backend_oz_repeat1_adaptive5_20260510/oz/polybench/3mm/459/universal/runs/run_001/stdout.txt,/root/exp/RFunipassLab/external_datasets/build/runtime_matched/external_runtime_polybench10_wrap_10seeds_backend_oz_repeat1_adaptive5_20260510/oz/polybench/3mm/459/universal/runs/run_001/stderr.txt,
external_runtime_polybench10_wrap_10seeds_backend_oz_repeat1_adaptive5_20260510,oz,oz,polybench,3mm,460,20260423_205014_703926_feature_lite_seed460,universal,rfunipass,1,failed,,,15.180375,True,/root/exp/RFunipassLab/external_datasets/build/runtime_matched/external_runtime_polybench10_wrap_10seeds_backend_oz_repeat1_adaptive5_20260510/oz/polybench/3mm/460/universal/a.out,/root/exp/RFunipassLab/external_datasets/build/runtime_matched/external_runtime_polybench10_wrap_10seeds_backend_oz_repeat1_adaptive5_20260510/oz/polybench/3mm/460/universal/universal_aa7d5985738b.ll,/root/exp/RFunipassLab/external_datasets/build/runtime_matched/external_runtime_polybench10_wrap_10seeds_backend_oz_repeat1_adaptive5_20260510/oz/polybench/3mm/460/universal/runs/run_001/stdout.txt,/root/exp/RFunipassLab/external_datasets/build/runtime_matched/external_runtime_polybench10_wrap_10seeds_backend_oz_repeat1_adaptive5_20260510/oz/polybench/3mm/460/universal/runs/run_001/stderr.txt,runtime timeout after 15.180375s
external_runtime_polybench10_wrap_10seeds_backend_oz_repeat1_adaptive5_20260510,oz,oz,polybench,3mm,461,20260423_211628_575222_feature_lite_seed461,universal,rfunipass,1,ok,3.119285,3.148599602980539,15.180375,False,/root/exp/RFunipassLab/external_datasets/build/runtime_matched/external_runtime_polybench10_wrap_10seeds_backend_oz_repeat1_adaptive5_20260510/oz/polybench/3mm/461/universal/a.out,/root/exp/RFunipassLab/external_datasets/build/runtime_matched/external_runtime_polybench10_wrap_10seeds_backend_oz_repeat1_adaptive5_20260510/oz/polybench/3mm/461/universal/universal_c3b20e7655ed.ll,/root/exp/RFunipassLab/external_datasets/build/runtime_matched/external_runtime_polybench10_wrap_10seeds_backend_oz_repeat1_adaptive5_20260510/oz/polybench/3mm/461/universal/runs/run_001/stdout.txt,/root/exp/RFunipassLab/external_datasets/build/runtime_matched/external_runtime_polybench10_wrap_10seeds_backend_oz_repeat1_adaptive5_20260510/oz/polybench/3mm/461/universal/runs/run_001/stderr.txt,
external_runtime_polybench10_wrap_10seeds_backend_oz_repeat1_adaptive5_20260510,oz,oz,polybench,3mm,462,20260423_214113_355045_feature_lite_seed462,universal,rfunipass,1,failed,,,15.180375,True,/root/exp/RFunipassLab/external_datasets/build/runtime_matched/external_runtime_polybench10_wrap_10seeds_backend_oz_repeat1_adaptive5_20260510/oz/polybench/3mm/462/universal/a.out,/root/exp/RFunipassLab/external_datasets/build/runtime_matched/external_runtime_polybench10_wrap_10seeds_backend_oz_repeat1_adaptive5_20260510/oz/polybench/3mm/462/universal/universal_4da41e9006a8.ll,/root/exp/RFunipassLab/external_datasets/build/runtime_matched/external_runtime_polybench10_wrap_10seeds_backend_oz_repeat1_adaptive5_20260510/oz/polybench/3mm/462/universal/runs/run_001/stdout.txt,/root/exp/RFunipassLab/external_datasets/build/runtime_matched/external_runtime_polybench10_wrap_10seeds_backend_oz_repeat1_adaptive5_20260510/oz/polybench/3mm/462/universal/runs/run_001/stderr.txt,runtime timeout after 15.180375s
external_runtime_polybench10_wrap_10seeds_backend_oz_repeat1_adaptive5_20260510,oz,oz,polybench,3mm,463,20260423_221353_240005_feature_lite_seed463,universal,rfunipass,1,failed,,,15.180375,True,/root/exp/RFunipassLab/external_datasets/build/runtime_matched/external_runtime_polybench10_wrap_10seeds_backend_oz_repeat1_adaptive5_20260510/oz/polybench/3mm/463/universal/a.out,/root/exp/RFunipassLab/external_datasets/build/runtime_matched/external_runtime_polybench10_wrap_10seeds_backend_oz_repeat1_adaptive5_20260510/oz/polybench/3mm/463/universal/universal_3c6e71c0df8d.ll,/root/exp/RFunipassLab/external_datasets/build/runtime_matched/external_runtime_polybench10_wrap_10seeds_backend_oz_repeat1_adaptive5_20260510/oz/polybench/3mm/463/universal/runs/run_001/stdout.txt,/root/exp/RFunipassLab/external_datasets/build/runtime_matched/external_runtime_polybench10_wrap_10seeds_backend_oz_repeat1_adaptive5_20260510/oz/polybench/3mm/463/universal/runs/run_001/stderr.txt,runtime timeout after 15.180375s
external_runtime_polybench10_wrap_10seeds_backend_oz_repeat1_adaptive5_20260510,oz,oz,polybench,3mm,464,20260423_230444_536999_feature_lite_seed464,universal,rfunipass,1,failed,,,15.180375,True,/root/exp/RFunipassLab/external_datasets/build/runtime_matched/external_runtime_polybench10_wrap_10seeds_backend_oz_repeat1_adaptive5_20260510/oz/polybench/3mm/464/universal/a.out,/root/exp/RFunipassLab/external_datasets/build/runtime_matched/external_runtime_polybench10_wrap_10seeds_backend_oz_repeat1_adaptive5_20260510/oz/polybench/3mm/464/universal/universal_58aea292ea66.ll,/root/exp/RFunipassLab/external_datasets/build/runtime_matched/external_runtime_polybench10_wrap_10seeds_backend_oz_repeat1_adaptive5_20260510/oz/polybench/3mm/464/universal/runs/run_001/stdout.txt,/root/exp/RFunipassLab/external_datasets/build/runtime_matched/external_runtime_polybench10_wrap_10seeds_backend_oz_repeat1_adaptive5_20260510/oz/polybench/3mm/464/universal/runs/run_001/stderr.txt,runtime timeout after 15.180375s
external_runtime_polybench10_wrap_10seeds_backend_oz_repeat1_adaptive5_20260510,oz,oz,polybench,3mm,465,20260423_231957_016941_feature_lite_seed465,universal,rfunipass,1,ok,1778379959.340348,3.0675574550405145,15.180375,False,/root/exp/RFunipassLab/external_datasets/build/runtime_matched/external_runtime_polybench10_wrap_10seeds_backend_oz_repeat1_adaptive5_20260510/oz/polybench/3mm/465/universal/a.out,/root/exp/RFunipassLab/external_datasets/build/runtime_matched/external_runtime_polybench10_wrap_10seeds_backend_oz_repeat1_adaptive5_20260510/oz/polybench/3mm/465/universal/universal_e2fa59514181.ll,/root/exp/RFunipassLab/external_datasets/build/runtime_matched/external_runtime_polybench10_wrap_10seeds_backend_oz_repeat1_adaptive5_20260510/oz/polybench/3mm/465/universal/runs/run_001/stdout.txt,/root/exp/RFunipassLab/external_datasets/build/runtime_matched/external_runtime_polybench10_wrap_10seeds_backend_oz_repeat1_adaptive5_20260510/oz/polybench/3mm/465/universal/runs/run_001/stderr.txt,
external_runtime_polybench10_wrap_10seeds_backend_oz_repeat1_adaptive5_20260510,oz,oz,polybench,cholesky,,,none,baseline,1,ok,4.185455,26.014056948013604,300.0,False,/root/exp/RFunipassLab/external_datasets/build/runtime_matched/external_runtime_polybench10_wrap_10seeds_backend_oz_repeat1_adaptive5_20260510/oz/polybench/cholesky/baseline/none/a.out,/root/exp/RFunipassLab/external_datasets/build/runtime_matched/external_runtime_polybench10_wrap_10seeds_backend_oz_repeat1_adaptive5_20260510/oz/polybench/cholesky/baseline/none/none_71f8e7976e4c.ll,/root/exp/RFunipassLab/external_datasets/build/runtime_matched/external_runtime_polybench10_wrap_10seeds_backend_oz_repeat1_adaptive5_20260510/oz/polybench/cholesky/baseline/none/runs/run_001/stdout.txt,/root/exp/RFunipassLab/external_datasets/build/runtime_matched/external_runtime_polybench10_wrap_10seeds_backend_oz_repeat1_adaptive5_20260510/oz/polybench/cholesky/baseline/none/runs/run_001/stderr.txt,
external_runtime_polybench10_wrap_10seeds_backend_oz_repeat1_adaptive5_20260510,oz,oz,polybench,cholesky,,,oz,baseline,1,ok,4.122196,19.88660238101147,300.0,False,/root/exp/RFunipassLab/external_datasets/build/runtime_matched/external_runtime_polybench10_wrap_10seeds_backend_oz_repeat1_adaptive5_20260510/oz/polybench/cholesky/baseline/oz/a.out,/root/exp/RFunipassLab/external_datasets/build/runtime_matched/external_runtime_polybench10_wrap_10seeds_backend_oz_repeat1_adaptive5_20260510/oz/polybench/cholesky/baseline/oz/oz_d135b696b0fd.ll,/root/exp/RFunipassLab/external_datasets/build/runtime_matched/external_runtime_polybench10_wrap_10seeds_backend_oz_repeat1_adaptive5_20260510/oz/polybench/cholesky/baseline/oz/runs/run_001/stdout.txt,/root/exp/RFunipassLab/external_datasets/build/runtime_matched/external_runtime_polybench10_wrap_10seeds_backend_oz_repeat1_adaptive5_20260510/oz/polybench/cholesky/baseline/oz/runs/run_001/stderr.txt,
external_runtime_polybench10_wrap_10seeds_backend_oz_repeat1_adaptive5_20260510,oz,oz,polybench,cholesky,456,20260423_181846_349217_feature_lite_seed456,universal,rfunipass,1,failed,,,20.610979999999998,False,/root/exp/RFunipassLab/external_datasets/build/runtime_matched/external_runtime_polybench10_wrap_10seeds_backend_oz_repeat1_adaptive5_20260510/oz/polybench/cholesky/456/universal/a.out,/root/exp/RFunipassLab/external_datasets/build/runtime_matched/external_runtime_polybench10_wrap_10seeds_backend_oz_repeat1_adaptive5_20260510/oz/polybench/cholesky/456/universal/universal_1dd8ea870347.ll,/root/exp/RFunipassLab/external_datasets/build/runtime_matched/external_runtime_polybench10_wrap_10seeds_backend_oz_repeat1_adaptive5_20260510/oz/polybench/cholesky/456/universal/runs/run_001/stdout.txt,/root/exp/RFunipassLab/external_datasets/build/runtime_matched/external_runtime_polybench10_wrap_10seeds_backend_oz_repeat1_adaptive5_20260510/oz/polybench/cholesky/456/universal/runs/run_001/stderr.txt,binary exited with returncode=-11
external_runtime_polybench10_wrap_10seeds_backend_oz_repeat1_adaptive5_20260510,oz,oz,polybench,cholesky,457,20260423_184811_146360_feature_lite_seed457,universal,rfunipass,1,failed,,,20.610979999999998,True,/root/exp/RFunipassLab/external_datasets/build/runtime_matched/external_runtime_polybench10_wrap_10seeds_backend_oz_repeat1_adaptive5_20260510/oz/polybench/cholesky/457/universal/a.out,/root/exp/RFunipassLab/external_datasets/build/runtime_matched/external_runtime_polybench10_wrap_10seeds_backend_oz_repeat1_adaptive5_20260510/oz/polybench/cholesky/457/universal/universal_468197d7c679.ll,/root/exp/RFunipassLab/external_datasets/build/runtime_matched/external_runtime_polybench10_wrap_10seeds_backend_oz_repeat1_adaptive5_20260510/oz/polybench/cholesky/457/universal/runs/run_001/stdout.txt,/root/exp/RFunipassLab/external_datasets/build/runtime_matched/external_runtime_polybench10_wrap_10seeds_backend_oz_repeat1_adaptive5_20260510/oz/polybench/cholesky/457/universal/runs/run_001/stderr.txt,runtime timeout after 20.610979999999998s
external_runtime_polybench10_wrap_10seeds_backend_oz_repeat1_adaptive5_20260510,oz,oz,polybench,cholesky,458,20260423_193326_468019_feature_lite_seed458,universal,rfunipass,1,failed,,,20.610979999999998,False,/root/exp/RFunipassLab/external_datasets/build/runtime_matched/external_runtime_polybench10_wrap_10seeds_backend_oz_repeat1_adaptive5_20260510/oz/polybench/cholesky/458/universal/a.out,/root/exp/RFunipassLab/external_datasets/build/runtime_matched/external_runtime_polybench10_wrap_10seeds_backend_oz_repeat1_adaptive5_20260510/oz/polybench/cholesky/458/universal/universal_bac1dd97c06b.ll,/root/exp/RFunipassLab/external_datasets/build/runtime_matched/external_runtime_polybench10_wrap_10seeds_backend_oz_repeat1_adaptive5_20260510/oz/polybench/cholesky/458/universal/runs/run_001/stdout.txt,/root/exp/RFunipassLab/external_datasets/build/runtime_matched/external_runtime_polybench10_wrap_10seeds_backend_oz_repeat1_adaptive5_20260510/oz/polybench/cholesky/458/universal/runs/run_001/stderr.txt,binary exited with returncode=-11
external_runtime_polybench10_wrap_10seeds_backend_oz_repeat1_adaptive5_20260510,oz,oz,polybench,cholesky,459,20260423_203402_518521_feature_lite_seed459,universal,rfunipass,1,failed,,,20.610979999999998,False,/root/exp/RFunipassLab/external_datasets/build/runtime_matched/external_runtime_polybench10_wrap_10seeds_backend_oz_repeat1_adaptive5_20260510/oz/polybench/cholesky/459/universal/a.out,/root/exp/RFunipassLab/external_datasets/build/runtime_matched/external_runtime_polybench10_wrap_10seeds_backend_oz_repeat1_adaptive5_20260510/oz/polybench/cholesky/459/universal/universal_6d5271a22f91.ll,/root/exp/RFunipassLab/external_datasets/build/runtime_matched/external_runtime_polybench10_wrap_10seeds_backend_oz_repeat1_adaptive5_20260510/oz/polybench/cholesky/459/universal/runs/run_001/stdout.txt,/root/exp/RFunipassLab/external_datasets/build/runtime_matched/external_runtime_polybench10_wrap_10seeds_backend_oz_repeat1_adaptive5_20260510/oz/polybench/cholesky/459/universal/runs/run_001/stderr.txt,binary exited with returncode=-11
external_runtime_polybench10_wrap_10seeds_backend_oz_repeat1_adaptive5_20260510,oz,oz,polybench,cholesky,460,20260423_205014_703926_feature_lite_seed460,universal,rfunipass,1,failed,,,20.610979999999998,False,/root/exp/RFunipassLab/external_datasets/build/runtime_matched/external_runtime_polybench10_wrap_10seeds_backend_oz_repeat1_adaptive5_20260510/oz/polybench/cholesky/460/universal/a.out,/root/exp/RFunipassLab/external_datasets/build/runtime_matched/external_runtime_polybench10_wrap_10seeds_backend_oz_repeat1_adaptive5_20260510/oz/polybench/cholesky/460/universal/universal_aa7d5985738b.ll,/root/exp/RFunipassLab/external_datasets/build/runtime_matched/external_runtime_polybench10_wrap_10seeds_backend_oz_repeat1_adaptive5_20260510/oz/polybench/cholesky/460/universal/runs/run_001/stdout.txt,/root/exp/RFunipassLab/external_datasets/build/runtime_matched/external_runtime_polybench10_wrap_10seeds_backend_oz_repeat1_adaptive5_20260510/oz/polybench/cholesky/460/universal/runs/run_001/stderr.txt,binary exited with returncode=-11
external_runtime_polybench10_wrap_10seeds_backend_oz_repeat1_adaptive5_20260510,oz,oz,polybench,cholesky,461,20260423_211628_575222_feature_lite_seed461,universal,rfunipass,1,failed,,,20.610979999999998,True,/root/exp/RFunipassLab/external_datasets/build/runtime_matched/external_runtime_polybench10_wrap_10seeds_backend_oz_repeat1_adaptive5_20260510/oz/polybench/cholesky/461/universal/a.out,/root/exp/RFunipassLab/external_datasets/build/runtime_matched/external_runtime_polybench10_wrap_10seeds_backend_oz_repeat1_adaptive5_20260510/oz/polybench/cholesky/461/universal/universal_c3b20e7655ed.ll,/root/exp/RFunipassLab/external_datasets/build/runtime_matched/external_runtime_polybench10_wrap_10seeds_backend_oz_repeat1_adaptive5_20260510/oz/polybench/cholesky/461/universal/runs/run_001/stdout.txt,/root/exp/RFunipassLab/external_datasets/build/runtime_matched/external_runtime_polybench10_wrap_10seeds_backend_oz_repeat1_adaptive5_20260510/oz/polybench/cholesky/461/universal/runs/run_001/stderr.txt,runtime timeout after 20.610979999999998s
external_runtime_polybench10_wrap_10seeds_backend_oz_repeat1_adaptive5_20260510,oz,oz,polybench,cholesky,462,20260423_214113_355045_feature_lite_seed462,universal,rfunipass,1,failed,,,20.610979999999998,False,/root/exp/RFunipassLab/external_datasets/build/runtime_matched/external_runtime_polybench10_wrap_10seeds_backend_oz_repeat1_adaptive5_20260510/oz/polybench/cholesky/462/universal/a.out,/root/exp/RFunipassLab/external_datasets/build/runtime_matched/external_runtime_polybench10_wrap_10seeds_backend_oz_repeat1_adaptive5_20260510/oz/polybench/cholesky/462/universal/universal_4da41e9006a8.ll,/root/exp/RFunipassLab/external_datasets/build/runtime_matched/external_runtime_polybench10_wrap_10seeds_backend_oz_repeat1_adaptive5_20260510/oz/polybench/cholesky/462/universal/runs/run_001/stdout.txt,/root/exp/RFunipassLab/external_datasets/build/runtime_matched/external_runtime_polybench10_wrap_10seeds_backend_oz_repeat1_adaptive5_20260510/oz/polybench/cholesky/462/universal/runs/run_001/stderr.txt,binary exited with returncode=-11
external_runtime_polybench10_wrap_10seeds_backend_oz_repeat1_adaptive5_20260510,oz,oz,polybench,cholesky,463,20260423_221353_240005_feature_lite_seed463,universal,rfunipass,1,failed,,,20.610979999999998,True,/root/exp/RFunipassLab/external_datasets/build/runtime_matched/external_runtime_polybench10_wrap_10seeds_backend_oz_repeat1_adaptive5_20260510/oz/polybench/cholesky/463/universal/a.out,/root/exp/RFunipassLab/external_datasets/build/runtime_matched/external_runtime_polybench10_wrap_10seeds_backend_oz_repeat1_adaptive5_20260510/oz/polybench/cholesky/463/universal/universal_3c6e71c0df8d.ll,/root/exp/RFunipassLab/external_datasets/build/runtime_matched/external_runtime_polybench10_wrap_10seeds_backend_oz_repeat1_adaptive5_20260510/oz/polybench/cholesky/463/universal/runs/run_001/stdout.txt,/root/exp/RFunipassLab/external_datasets/build/runtime_matched/external_runtime_polybench10_wrap_10seeds_backend_oz_repeat1_adaptive5_20260510/oz/polybench/cholesky/463/universal/runs/run_001/stderr.txt,runtime timeout after 20.610979999999998s
external_runtime_polybench10_wrap_10seeds_backend_oz_repeat1_adaptive5_20260510,oz,oz,polybench,cholesky,464,20260423_230444_536999_feature_lite_seed464,universal,rfunipass,1,failed,,,20.610979999999998,False,/root/exp/RFunipassLab/external_datasets/build/runtime_matched/external_runtime_polybench10_wrap_10seeds_backend_oz_repeat1_adaptive5_20260510/oz/polybench/cholesky/464/universal/a.out,/root/exp/RFunipassLab/external_datasets/build/runtime_matched/external_runtime_polybench10_wrap_10seeds_backend_oz_repeat1_adaptive5_20260510/oz/polybench/cholesky/464/universal/universal_58aea292ea66.ll,/root/exp/RFunipassLab/external_datasets/build/runtime_matched/external_runtime_polybench10_wrap_10seeds_backend_oz_repeat1_adaptive5_20260510/oz/polybench/cholesky/464/universal/runs/run_001/stdout.txt,/root/exp/RFunipassLab/external_datasets/build/runtime_matched/external_runtime_polybench10_wrap_10seeds_backend_oz_repeat1_adaptive5_20260510/oz/polybench/cholesky/464/universal/runs/run_001/stderr.txt,binary exited with returncode=-11
external_runtime_polybench10_wrap_10seeds_backend_oz_repeat1_adaptive5_20260510,oz,oz,polybench,cholesky,465,20260423_231957_016941_feature_lite_seed465,universal,rfunipass,1,failed,,,20.610979999999998,False,/root/exp/RFunipassLab/external_datasets/build/runtime_matched/external_runtime_polybench10_wrap_10seeds_backend_oz_repeat1_adaptive5_20260510/oz/polybench/cholesky/465/universal/a.out,/root/exp/RFunipassLab/external_datasets/build/runtime_matched/external_runtime_polybench10_wrap_10seeds_backend_oz_repeat1_adaptive5_20260510/oz/polybench/cholesky/465/universal/universal_e2fa59514181.ll,/root/exp/RFunipassLab/external_datasets/build/runtime_matched/external_runtime_polybench10_wrap_10seeds_backend_oz_repeat1_adaptive5_20260510/oz/polybench/cholesky/465/universal/runs/run_001/stdout.txt,/root/exp/RFunipassLab/external_datasets/build/runtime_matched/external_runtime_polybench10_wrap_10seeds_backend_oz_repeat1_adaptive5_20260510/oz/polybench/cholesky/465/universal/runs/run_001/stderr.txt,binary exited with returncode=-11
external_runtime_polybench10_wrap_10seeds_backend_oz_repeat1_adaptive5_20260510,oz,oz,polybench,jacobi-2d,,,none,baseline,1,ok,4.237018,4.276993992971256,300.0,False,/root/exp/RFunipassLab/external_datasets/build/runtime_matched/external_runtime_polybench10_wrap_10seeds_backend_oz_repeat1_adaptive5_20260510/oz/polybench/jacobi-2d/baseline/none/a.out,/root/exp/RFunipassLab/external_datasets/build/runtime_matched/external_runtime_polybench10_wrap_10seeds_backend_oz_repeat1_adaptive5_20260510/oz/polybench/jacobi-2d/baseline/none/none_71f8e7976e4c.ll,/root/exp/RFunipassLab/external_datasets/build/runtime_matched/external_runtime_polybench10_wrap_10seeds_backend_oz_repeat1_adaptive5_20260510/oz/polybench/jacobi-2d/baseline/none/runs/run_001/stdout.txt,/root/exp/RFunipassLab/external_datasets/build/runtime_matched/external_runtime_polybench10_wrap_10seeds_backend_oz_repeat1_adaptive5_20260510/oz/polybench/jacobi-2d/baseline/none/runs/run_001/stderr.txt,
external_runtime_polybench10_wrap_10seeds_backend_oz_repeat1_adaptive5_20260510,oz,oz,polybench,jacobi-2d,,,oz,baseline,1,ok,1.84059,1.8625451070256531,300.0,False,/root/exp/RFunipassLab/external_datasets/build/runtime_matched/external_runtime_polybench10_wrap_10seeds_backend_oz_repeat1_adaptive5_20260510/oz/polybench/jacobi-2d/baseline/oz/a.out,/root/exp/RFunipassLab/external_datasets/build/runtime_matched/external_runtime_polybench10_wrap_10seeds_backend_oz_repeat1_adaptive5_20260510/oz/polybench/jacobi-2d/baseline/oz/oz_d135b696b0fd.ll,/root/exp/RFunipassLab/external_datasets/build/runtime_matched/external_runtime_polybench10_wrap_10seeds_backend_oz_repeat1_adaptive5_20260510/oz/polybench/jacobi-2d/baseline/oz/runs/run_001/stdout.txt,/root/exp/RFunipassLab/external_datasets/build/runtime_matched/external_runtime_polybench10_wrap_10seeds_backend_oz_repeat1_adaptive5_20260510/oz/polybench/jacobi-2d/baseline/oz/runs/run_001/stderr.txt,
external_runtime_polybench10_wrap_10seeds_backend_oz_repeat1_adaptive5_20260510,oz,oz,polybench,jacobi-2d,456,20260423_181846_349217_feature_lite_seed456,universal,rfunipass,1,failed,,,9.20295,True,/root/exp/RFunipassLab/external_datasets/build/runtime_matched/external_runtime_polybench10_wrap_10seeds_backend_oz_repeat1_adaptive5_20260510/oz/polybench/jacobi-2d/456/universal/a.out,/root/exp/RFunipassLab/external_datasets/build/runtime_matched/external_runtime_polybench10_wrap_10seeds_backend_oz_repeat1_adaptive5_20260510/oz/polybench/jacobi-2d/456/universal/universal_1dd8ea870347.ll,/root/exp/RFunipassLab/external_datasets/build/runtime_matched/external_runtime_polybench10_wrap_10seeds_backend_oz_repeat1_adaptive5_20260510/oz/polybench/jacobi-2d/456/universal/runs/run_001/stdout.txt,/root/exp/RFunipassLab/external_datasets/build/runtime_matched/external_runtime_polybench10_wrap_10seeds_backend_oz_repeat1_adaptive5_20260510/oz/polybench/jacobi-2d/456/universal/runs/run_001/stderr.txt,runtime timeout after 9.20295s
external_runtime_polybench10_wrap_10seeds_backend_oz_repeat1_adaptive5_20260510,oz,oz,polybench,jacobi-2d,457,20260423_184811_146360_feature_lite_seed457,universal,rfunipass,1,failed,,,9.20295,False,/root/exp/RFunipassLab/external_datasets/build/runtime_matched/external_runtime_polybench10_wrap_10seeds_backend_oz_repeat1_adaptive5_20260510/oz/polybench/jacobi-2d/457/universal/a.out,/root/exp/RFunipassLab/external_datasets/build/runtime_matched/external_runtime_polybench10_wrap_10seeds_backend_oz_repeat1_adaptive5_20260510/oz/polybench/jacobi-2d/457/universal/universal_468197d7c679.ll,/root/exp/RFunipassLab/external_datasets/build/runtime_matched/external_runtime_polybench10_wrap_10seeds_backend_oz_repeat1_adaptive5_20260510/oz/polybench/jacobi-2d/457/universal/runs/run_001/stdout.txt,/root/exp/RFunipassLab/external_datasets/build/runtime_matched/external_runtime_polybench10_wrap_10seeds_backend_oz_repeat1_adaptive5_20260510/oz/polybench/jacobi-2d/457/universal/runs/run_001/stderr.txt,binary exited with returncode=-11
external_runtime_polybench10_wrap_10seeds_backend_oz_repeat1_adaptive5_20260510,oz,oz,polybench,jacobi-2d,458,20260423_193326_468019_feature_lite_seed458,universal,rfunipass,1,failed,,,9.20295,False,/root/exp/RFunipassLab/external_datasets/build/runtime_matched/external_runtime_polybench10_wrap_10seeds_backend_oz_repeat1_adaptive5_20260510/oz/polybench/jacobi-2d/458/universal/a.out,/root/exp/RFunipassLab/external_datasets/build/runtime_matched/external_runtime_polybench10_wrap_10seeds_backend_oz_repeat1_adaptive5_20260510/oz/polybench/jacobi-2d/458/universal/universal_bac1dd97c06b.ll,/root/exp/RFunipassLab/external_datasets/build/runtime_matched/external_runtime_polybench10_wrap_10seeds_backend_oz_repeat1_adaptive5_20260510/oz/polybench/jacobi-2d/458/universal/runs/run_001/stdout.txt,/root/exp/RFunipassLab/external_datasets/build/runtime_matched/external_runtime_polybench10_wrap_10seeds_backend_oz_repeat1_adaptive5_20260510/oz/polybench/jacobi-2d/458/universal/runs/run_001/stderr.txt,binary exited with returncode=-11
external_runtime_polybench10_wrap_10seeds_backend_oz_repeat1_adaptive5_20260510,oz,oz,polybench,jacobi-2d,459,20260423_203402_518521_feature_lite_seed459,universal,rfunipass,1,failed,,,9.20295,False,/root/exp/RFunipassLab/external_datasets/build/runtime_matched/external_runtime_polybench10_wrap_10seeds_backend_oz_repeat1_adaptive5_20260510/oz/polybench/jacobi-2d/459/universal/a.out,/root/exp/RFunipassLab/external_datasets/build/runtime_matched/external_runtime_polybench10_wrap_10seeds_backend_oz_repeat1_adaptive5_20260510/oz/polybench/jacobi-2d/459/universal/universal_6d5271a22f91.ll,/root/exp/RFunipassLab/external_datasets/build/runtime_matched/external_runtime_polybench10_wrap_10seeds_backend_oz_repeat1_adaptive5_20260510/oz/polybench/jacobi-2d/459/universal/runs/run_001/stdout.txt,/root/exp/RFunipassLab/external_datasets/build/runtime_matched/external_runtime_polybench10_wrap_10seeds_backend_oz_repeat1_adaptive5_20260510/oz/polybench/jacobi-2d/459/universal/runs/run_001/stderr.txt,binary exited with returncode=-11
external_runtime_polybench10_wrap_10seeds_backend_oz_repeat1_adaptive5_20260510,oz,oz,polybench,jacobi-2d,460,20260423_205014_703926_feature_lite_seed460,universal,rfunipass,1,failed,,,9.20295,False,/root/exp/RFunipassLab/external_datasets/build/runtime_matched/external_runtime_polybench10_wrap_10seeds_backend_oz_repeat1_adaptive5_20260510/oz/polybench/jacobi-2d/460/universal/a.out,/root/exp/RFunipassLab/external_datasets/build/runtime_matched/external_runtime_polybench10_wrap_10seeds_backend_oz_repeat1_adaptive5_20260510/oz/polybench/jacobi-2d/460/universal/universal_aa7d5985738b.ll,/root/exp/RFunipassLab/external_datasets/build/runtime_matched/external_runtime_polybench10_wrap_10seeds_backend_oz_repeat1_adaptive5_20260510/oz/polybench/jacobi-2d/460/universal/runs/run_001/stdout.txt,/root/exp/RFunipassLab/external_datasets/build/runtime_matched/external_runtime_polybench10_wrap_10seeds_backend_oz_repeat1_adaptive5_20260510/oz/polybench/jacobi-2d/460/universal/runs/run_001/stderr.txt,binary exited with returncode=-11
external_runtime_polybench10_wrap_10seeds_backend_oz_repeat1_adaptive5_20260510,oz,oz,polybench,jacobi-2d,461,20260423_211628_575222_feature_lite_seed461,universal,rfunipass,1,failed,,,9.20295,False,/root/exp/RFunipassLab/external_datasets/build/runtime_matched/external_runtime_polybench10_wrap_10seeds_backend_oz_repeat1_adaptive5_20260510/oz/polybench/jacobi-2d/461/universal/a.out,/root/exp/RFunipassLab/external_datasets/build/runtime_matched/external_runtime_polybench10_wrap_10seeds_backend_oz_repeat1_adaptive5_20260510/oz/polybench/jacobi-2d/461/universal/universal_c3b20e7655ed.ll,/root/exp/RFunipassLab/external_datasets/build/runtime_matched/external_runtime_polybench10_wrap_10seeds_backend_oz_repeat1_adaptive5_20260510/oz/polybench/jacobi-2d/461/universal/runs/run_001/stdout.txt,/root/exp/RFunipassLab/external_datasets/build/runtime_matched/external_runtime_polybench10_wrap_10seeds_backend_oz_repeat1_adaptive5_20260510/oz/polybench/jacobi-2d/461/universal/runs/run_001/stderr.txt,binary exited with returncode=-11
external_runtime_polybench10_wrap_10seeds_backend_oz_repeat1_adaptive5_20260510,oz,oz,polybench,jacobi-2d,462,20260423_214113_355045_feature_lite_seed462,universal,rfunipass,1,failed,,,9.20295,False,/root/exp/RFunipassLab/external_datasets/build/runtime_matched/external_runtime_polybench10_wrap_10seeds_backend_oz_repeat1_adaptive5_20260510/oz/polybench/jacobi-2d/462/universal/a.out,/root/exp/RFunipassLab/external_datasets/build/runtime_matched/external_runtime_polybench10_wrap_10seeds_backend_oz_repeat1_adaptive5_20260510/oz/polybench/jacobi-2d/462/universal/universal_4da41e9006a8.ll,/root/exp/RFunipassLab/external_datasets/build/runtime_matched/external_runtime_polybench10_wrap_10seeds_backend_oz_repeat1_adaptive5_20260510/oz/polybench/jacobi-2d/462/universal/runs/run_001/stdout.txt,/root/exp/RFunipassLab/external_datasets/build/runtime_matched/external_runtime_polybench10_wrap_10seeds_backend_oz_repeat1_adaptive5_20260510/oz/polybench/jacobi-2d/462/universal/runs/run_001/stderr.txt,binary exited with returncode=-11
external_runtime_polybench10_wrap_10seeds_backend_oz_repeat1_adaptive5_20260510,oz,oz,polybench,jacobi-2d,463,20260423_221353_240005_feature_lite_seed463,universal,rfunipass,1,failed,,,9.20295,True,/root/exp/RFunipassLab/external_datasets/build/runtime_matched/external_runtime_polybench10_wrap_10seeds_backend_oz_repeat1_adaptive5_20260510/oz/polybench/jacobi-2d/463/universal/a.out,/root/exp/RFunipassLab/external_datasets/build/runtime_matched/external_runtime_polybench10_wrap_10seeds_backend_oz_repeat1_adaptive5_20260510/oz/polybench/jacobi-2d/463/universal/universal_3c6e71c0df8d.ll,/root/exp/RFunipassLab/external_datasets/build/runtime_matched/external_runtime_polybench10_wrap_10seeds_backend_oz_repeat1_adaptive5_20260510/oz/polybench/jacobi-2d/463/universal/runs/run_001/stdout.txt,/root/exp/RFunipassLab/external_datasets/build/runtime_matched/external_runtime_polybench10_wrap_10seeds_backend_oz_repeat1_adaptive5_20260510/oz/polybench/jacobi-2d/463/universal/runs/run_001/stderr.txt,runtime timeout after 9.20295s
external_runtime_polybench10_wrap_10seeds_backend_oz_repeat1_adaptive5_20260510,oz,oz,polybench,jacobi-2d,464,20260423_230444_536999_feature_lite_seed464,universal,rfunipass,1,failed,,,9.20295,True,/root/exp/RFunipassLab/external_datasets/build/runtime_matched/external_runtime_polybench10_wrap_10seeds_backend_oz_repeat1_adaptive5_20260510/oz/polybench/jacobi-2d/464/universal/a.out,/root/exp/RFunipassLab/external_datasets/build/runtime_matched/external_runtime_polybench10_wrap_10seeds_backend_oz_repeat1_adaptive5_20260510/oz/polybench/jacobi-2d/464/universal/universal_58aea292ea66.ll,/root/exp/RFunipassLab/external_datasets/build/runtime_matched/external_runtime_polybench10_wrap_10seeds_backend_oz_repeat1_adaptive5_20260510/oz/polybench/jacobi-2d/464/universal/runs/run_001/stdout.txt,/root/exp/RFunipassLab/external_datasets/build/runtime_matched/external_runtime_polybench10_wrap_10seeds_backend_oz_repeat1_adaptive5_20260510/oz/polybench/jacobi-2d/464/universal/runs/run_001/stderr.txt,runtime timeout after 9.20295s
external_runtime_polybench10_wrap_10seeds_backend_oz_repeat1_adaptive5_20260510,oz,oz,polybench,jacobi-2d,465,20260423_231957_016941_feature_lite_seed465,universal,rfunipass,1,failed,,,9.20295,False,/root/exp/RFunipassLab/external_datasets/build/runtime_matched/external_runtime_polybench10_wrap_10seeds_backend_oz_repeat1_adaptive5_20260510/oz/polybench/jacobi-2d/465/universal/a.out,/root/exp/RFunipassLab/external_datasets/build/runtime_matched/external_runtime_polybench10_wrap_10seeds_backend_oz_repeat1_adaptive5_20260510/oz/polybench/jacobi-2d/465/universal/universal_e2fa59514181.ll,/root/exp/RFunipassLab/external_datasets/build/runtime_matched/external_runtime_polybench10_wrap_10seeds_backend_oz_repeat1_adaptive5_20260510/oz/polybench/jacobi-2d/465/universal/runs/run_001/stdout.txt,/root/exp/RFunipassLab/external_datasets/build/runtime_matched/external_runtime_polybench10_wrap_10seeds_backend_oz_repeat1_adaptive5_20260510/oz/polybench/jacobi-2d/465/universal/runs/run_001/stderr.txt,binary exited with returncode=-11
external_runtime_polybench10_wrap_10seeds_backend_oz_repeat1_adaptive5_20260510,oz,oz,polybench,lu,,,none,baseline,1,ok,9.468531,31.44940204708837,300.0,False,/root/exp/RFunipassLab/external_datasets/build/runtime_matched/external_runtime_polybench10_wrap_10seeds_backend_oz_repeat1_adaptive5_20260510/oz/polybench/lu/baseline/none/a.out,/root/exp/RFunipassLab/external_datasets/build/runtime_matched/external_runtime_polybench10_wrap_10seeds_backend_oz_repeat1_adaptive5_20260510/oz/polybench/lu/baseline/none/none_71f8e7976e4c.ll,/root/exp/RFunipassLab/external_datasets/build/runtime_matched/external_runtime_polybench10_wrap_10seeds_backend_oz_repeat1_adaptive5_20260510/oz/polybench/lu/baseline/none/runs/run_001/stdout.txt,/root/exp/RFunipassLab/external_datasets/build/runtime_matched/external_runtime_polybench10_wrap_10seeds_backend_oz_repeat1_adaptive5_20260510/oz/polybench/lu/baseline/none/runs/run_001/stderr.txt,
external_runtime_polybench10_wrap_10seeds_backend_oz_repeat1_adaptive5_20260510,oz,oz,polybench,lu,,,oz,baseline,1,ok,9.037053,24.2500571787823,300.0,False,/root/exp/RFunipassLab/external_datasets/build/runtime_matched/external_runtime_polybench10_wrap_10seeds_backend_oz_repeat1_adaptive5_20260510/oz/polybench/lu/baseline/oz/a.out,/root/exp/RFunipassLab/external_datasets/build/runtime_matched/external_runtime_polybench10_wrap_10seeds_backend_oz_repeat1_adaptive5_20260510/oz/polybench/lu/baseline/oz/oz_d135b696b0fd.ll,/root/exp/RFunipassLab/external_datasets/build/runtime_matched/external_runtime_polybench10_wrap_10seeds_backend_oz_repeat1_adaptive5_20260510/oz/polybench/lu/baseline/oz/runs/run_001/stdout.txt,/root/exp/RFunipassLab/external_datasets/build/runtime_matched/external_runtime_polybench10_wrap_10seeds_backend_oz_repeat1_adaptive5_20260510/oz/polybench/lu/baseline/oz/runs/run_001/stderr.txt,
external_runtime_polybench10_wrap_10seeds_backend_oz_repeat1_adaptive5_20260510,oz,oz,polybench,lu,456,20260423_181846_349217_feature_lite_seed456,universal,rfunipass,1,failed,,,45.185265,False,/root/exp/RFunipassLab/external_datasets/build/runtime_matched/external_runtime_polybench10_wrap_10seeds_backend_oz_repeat1_adaptive5_20260510/oz/polybench/lu/456/universal/a.out,/root/exp/RFunipassLab/external_datasets/build/runtime_matched/external_runtime_polybench10_wrap_10seeds_backend_oz_repeat1_adaptive5_20260510/oz/polybench/lu/456/universal/universal_1dd8ea870347.ll,/root/exp/RFunipassLab/external_datasets/build/runtime_matched/external_runtime_polybench10_wrap_10seeds_backend_oz_repeat1_adaptive5_20260510/oz/polybench/lu/456/universal/runs/run_001/stdout.txt,/root/exp/RFunipassLab/external_datasets/build/runtime_matched/external_runtime_polybench10_wrap_10seeds_backend_oz_repeat1_adaptive5_20260510/oz/polybench/lu/456/universal/runs/run_001/stderr.txt,binary exited with returncode=-11
external_runtime_polybench10_wrap_10seeds_backend_oz_repeat1_adaptive5_20260510,oz,oz,polybench,lu,457,20260423_184811_146360_feature_lite_seed457,universal,rfunipass,1,failed,,,45.185265,True,/root/exp/RFunipassLab/external_datasets/build/runtime_matched/external_runtime_polybench10_wrap_10seeds_backend_oz_repeat1_adaptive5_20260510/oz/polybench/lu/457/universal/a.out,/root/exp/RFunipassLab/external_datasets/build/runtime_matched/external_runtime_polybench10_wrap_10seeds_backend_oz_repeat1_adaptive5_20260510/oz/polybench/lu/457/universal/universal_468197d7c679.ll,/root/exp/RFunipassLab/external_datasets/build/runtime_matched/external_runtime_polybench10_wrap_10seeds_backend_oz_repeat1_adaptive5_20260510/oz/polybench/lu/457/universal/runs/run_001/stdout.txt,/root/exp/RFunipassLab/external_datasets/build/runtime_matched/external_runtime_polybench10_wrap_10seeds_backend_oz_repeat1_adaptive5_20260510/oz/polybench/lu/457/universal/runs/run_001/stderr.txt,runtime timeout after 45.185265s
external_runtime_polybench10_wrap_10seeds_backend_oz_repeat1_adaptive5_20260510,oz,oz,polybench,lu,458,20260423_193326_468019_feature_lite_seed458,universal,rfunipass,1,failed,,,45.185265,False,/root/exp/RFunipassLab/external_datasets/build/runtime_matched/external_runtime_polybench10_wrap_10seeds_backend_oz_repeat1_adaptive5_20260510/oz/polybench/lu/458/universal/a.out,/root/exp/RFunipassLab/external_datasets/build/runtime_matched/external_runtime_polybench10_wrap_10seeds_backend_oz_repeat1_adaptive5_20260510/oz/polybench/lu/458/universal/universal_bac1dd97c06b.ll,/root/exp/RFunipassLab/external_datasets/build/runtime_matched/external_runtime_polybench10_wrap_10seeds_backend_oz_repeat1_adaptive5_20260510/oz/polybench/lu/458/universal/runs/run_001/stdout.txt,/root/exp/RFunipassLab/external_datasets/build/runtime_matched/external_runtime_polybench10_wrap_10seeds_backend_oz_repeat1_adaptive5_20260510/oz/polybench/lu/458/universal/runs/run_001/stderr.txt,binary exited with returncode=-11
external_runtime_polybench10_wrap_10seeds_backend_oz_repeat1_adaptive5_20260510,oz,oz,polybench,lu,459,20260423_203402_518521_feature_lite_seed459,universal,rfunipass,1,failed,,,45.185265,False,/root/exp/RFunipassLab/external_datasets/build/runtime_matched/external_runtime_polybench10_wrap_10seeds_backend_oz_repeat1_adaptive5_20260510/oz/polybench/lu/459/universal/a.out,/root/exp/RFunipassLab/external_datasets/build/runtime_matched/external_runtime_polybench10_wrap_10seeds_backend_oz_repeat1_adaptive5_20260510/oz/polybench/lu/459/universal/universal_6d5271a22f91.ll,/root/exp/RFunipassLab/external_datasets/build/runtime_matched/external_runtime_polybench10_wrap_10seeds_backend_oz_repeat1_adaptive5_20260510/oz/polybench/lu/459/universal/runs/run_001/stdout.txt,/root/exp/RFunipassLab/external_datasets/build/runtime_matched/external_runtime_polybench10_wrap_10seeds_backend_oz_repeat1_adaptive5_20260510/oz/polybench/lu/459/universal/runs/run_001/stderr.txt,binary exited with returncode=-11
external_runtime_polybench10_wrap_10seeds_backend_oz_repeat1_adaptive5_20260510,oz,oz,polybench,lu,460,20260423_205014_703926_feature_lite_seed460,universal,rfunipass,1,failed,,,45.185265,False,/root/exp/RFunipassLab/external_datasets/build/runtime_matched/external_runtime_polybench10_wrap_10seeds_backend_oz_repeat1_adaptive5_20260510/oz/polybench/lu/460/universal/a.out,/root/exp/RFunipassLab/external_datasets/build/runtime_matched/external_runtime_polybench10_wrap_10seeds_backend_oz_repeat1_adaptive5_20260510/oz/polybench/lu/460/universal/universal_aa7d5985738b.ll,/root/exp/RFunipassLab/external_datasets/build/runtime_matched/external_runtime_polybench10_wrap_10seeds_backend_oz_repeat1_adaptive5_20260510/oz/polybench/lu/460/universal/runs/run_001/stdout.txt,/root/exp/RFunipassLab/external_datasets/build/runtime_matched/external_runtime_polybench10_wrap_10seeds_backend_oz_repeat1_adaptive5_20260510/oz/polybench/lu/460/universal/runs/run_001/stderr.txt,binary exited with returncode=-11
external_runtime_polybench10_wrap_10seeds_backend_oz_repeat1_adaptive5_20260510,oz,oz,polybench,lu,461,20260423_211628_575222_feature_lite_seed461,universal,rfunipass,1,ok,7.040124,29.64814076712355,45.185265,False,/root/exp/RFunipassLab/external_datasets/build/runtime_matched/external_runtime_polybench10_wrap_10seeds_backend_oz_repeat1_adaptive5_20260510/oz/polybench/lu/461/universal/a.out,/root/exp/RFunipassLab/external_datasets/build/runtime_matched/external_runtime_polybench10_wrap_10seeds_backend_oz_repeat1_adaptive5_20260510/oz/polybench/lu/461/universal/universal_c3b20e7655ed.ll,/root/exp/RFunipassLab/external_datasets/build/runtime_matched/external_runtime_polybench10_wrap_10seeds_backend_oz_repeat1_adaptive5_20260510/oz/polybench/lu/461/universal/runs/run_001/stdout.txt,/root/exp/RFunipassLab/external_datasets/build/runtime_matched/external_runtime_polybench10_wrap_10seeds_backend_oz_repeat1_adaptive5_20260510/oz/polybench/lu/461/universal/runs/run_001/stderr.txt,
external_runtime_polybench10_wrap_10seeds_backend_oz_repeat1_adaptive5_20260510,oz,oz,polybench,lu,462,20260423_214113_355045_feature_lite_seed462,universal,rfunipass,1,failed,,,45.185265,False,/root/exp/RFunipassLab/external_datasets/build/runtime_matched/external_runtime_polybench10_wrap_10seeds_backend_oz_repeat1_adaptive5_20260510/oz/polybench/lu/462/universal/a.out,/root/exp/RFunipassLab/external_datasets/build/runtime_matched/external_runtime_polybench10_wrap_10seeds_backend_oz_repeat1_adaptive5_20260510/oz/polybench/lu/462/universal/universal_4da41e9006a8.ll,/root/exp/RFunipassLab/external_datasets/build/runtime_matched/external_runtime_polybench10_wrap_10seeds_backend_oz_repeat1_adaptive5_20260510/oz/polybench/lu/462/universal/runs/run_001/stdout.txt,/root/exp/RFunipassLab/external_datasets/build/runtime_matched/external_runtime_polybench10_wrap_10seeds_backend_oz_repeat1_adaptive5_20260510/oz/polybench/lu/462/universal/runs/run_001/stderr.txt,binary exited with returncode=-11
external_runtime_polybench10_wrap_10seeds_backend_oz_repeat1_adaptive5_20260510,oz,oz,polybench,lu,463,20260423_221353_240005_feature_lite_seed463,universal,rfunipass,1,failed,,,45.185265,True,/root/exp/RFunipassLab/external_datasets/build/runtime_matched/external_runtime_polybench10_wrap_10seeds_backend_oz_repeat1_adaptive5_20260510/oz/polybench/lu/463/universal/a.out,/root/exp/RFunipassLab/external_datasets/build/runtime_matched/external_runtime_polybench10_wrap_10seeds_backend_oz_repeat1_adaptive5_20260510/oz/polybench/lu/463/universal/universal_3c6e71c0df8d.ll,/root/exp/RFunipassLab/external_datasets/build/runtime_matched/external_runtime_polybench10_wrap_10seeds_backend_oz_repeat1_adaptive5_20260510/oz/polybench/lu/463/universal/runs/run_001/stdout.txt,/root/exp/RFunipassLab/external_datasets/build/runtime_matched/external_runtime_polybench10_wrap_10seeds_backend_oz_repeat1_adaptive5_20260510/oz/polybench/lu/463/universal/runs/run_001/stderr.txt,runtime timeout after 45.185265s
external_runtime_polybench10_wrap_10seeds_backend_oz_repeat1_adaptive5_20260510,oz,oz,polybench,lu,464,20260423_230444_536999_feature_lite_seed464,universal,rfunipass,1,failed,,,45.185265,False,/root/exp/RFunipassLab/external_datasets/build/runtime_matched/external_runtime_polybench10_wrap_10seeds_backend_oz_repeat1_adaptive5_20260510/oz/polybench/lu/464/universal/a.out,/root/exp/RFunipassLab/external_datasets/build/runtime_matched/external_runtime_polybench10_wrap_10seeds_backend_oz_repeat1_adaptive5_20260510/oz/polybench/lu/464/universal/universal_58aea292ea66.ll,/root/exp/RFunipassLab/external_datasets/build/runtime_matched/external_runtime_polybench10_wrap_10seeds_backend_oz_repeat1_adaptive5_20260510/oz/polybench/lu/464/universal/runs/run_001/stdout.txt,/root/exp/RFunipassLab/external_datasets/build/runtime_matched/external_runtime_polybench10_wrap_10seeds_backend_oz_repeat1_adaptive5_20260510/oz/polybench/lu/464/universal/runs/run_001/stderr.txt,binary exited with returncode=-11
external_runtime_polybench10_wrap_10seeds_backend_oz_repeat1_adaptive5_20260510,oz,oz,polybench,lu,465,20260423_231957_016941_feature_lite_seed465,universal,rfunipass,1,failed,,,45.185265,False,/root/exp/RFunipassLab/external_datasets/build/runtime_matched/external_runtime_polybench10_wrap_10seeds_backend_oz_repeat1_adaptive5_20260510/oz/polybench/lu/465/universal/a.out,/root/exp/RFunipassLab/external_datasets/build/runtime_matched/external_runtime_polybench10_wrap_10seeds_backend_oz_repeat1_adaptive5_20260510/oz/polybench/lu/465/universal/universal_e2fa59514181.ll,/root/exp/RFunipassLab/external_datasets/build/runtime_matched/external_runtime_polybench10_wrap_10seeds_backend_oz_repeat1_adaptive5_20260510/oz/polybench/lu/465/universal/runs/run_001/stdout.txt,/root/exp/RFunipassLab/external_datasets/build/runtime_matched/external_runtime_polybench10_wrap_10seeds_backend_oz_repeat1_adaptive5_20260510/oz/polybench/lu/465/universal/runs/run_001/stderr.txt,binary exited with returncode=-11
external_runtime_polybench10_wrap_10seeds_backend_oz_repeat1_adaptive5_20260510,oz,oz,polybench,correlation,,,none,baseline,1,ok,4.482701,4.516565050929785,300.0,False,/root/exp/RFunipassLab/external_datasets/build/runtime_matched/external_runtime_polybench10_wrap_10seeds_backend_oz_repeat1_adaptive5_20260510/oz/polybench/correlation/baseline/none/a.out,/root/exp/RFunipassLab/external_datasets/build/runtime_matched/external_runtime_polybench10_wrap_10seeds_backend_oz_repeat1_adaptive5_20260510/oz/polybench/correlation/baseline/none/none_71f8e7976e4c.ll,/root/exp/RFunipassLab/external_datasets/build/runtime_matched/external_runtime_polybench10_wrap_10seeds_backend_oz_repeat1_adaptive5_20260510/oz/polybench/correlation/baseline/none/runs/run_001/stdout.txt,/root/exp/RFunipassLab/external_datasets/build/runtime_matched/external_runtime_polybench10_wrap_10seeds_backend_oz_repeat1_adaptive5_20260510/oz/polybench/correlation/baseline/none/runs/run_001/stderr.txt,
external_runtime_polybench10_wrap_10seeds_backend_oz_repeat1_adaptive5_20260510,oz,oz,polybench,correlation,,,oz,baseline,1,ok,5.463257,5.47695933515206,300.0,False,/root/exp/RFunipassLab/external_datasets/build/runtime_matched/external_runtime_polybench10_wrap_10seeds_backend_oz_repeat1_adaptive5_20260510/oz/polybench/correlation/baseline/oz/a.out,/root/exp/RFunipassLab/external_datasets/build/runtime_matched/external_runtime_polybench10_wrap_10seeds_backend_oz_repeat1_adaptive5_20260510/oz/polybench/correlation/baseline/oz/oz_d135b696b0fd.ll,/root/exp/RFunipassLab/external_datasets/build/runtime_matched/external_runtime_polybench10_wrap_10seeds_backend_oz_repeat1_adaptive5_20260510/oz/polybench/correlation/baseline/oz/runs/run_001/stdout.txt,/root/exp/RFunipassLab/external_datasets/build/runtime_matched/external_runtime_polybench10_wrap_10seeds_backend_oz_repeat1_adaptive5_20260510/oz/polybench/correlation/baseline/oz/runs/run_001/stderr.txt,
external_runtime_polybench10_wrap_10seeds_backend_oz_repeat1_adaptive5_20260510,oz,oz,polybench,correlation,456,20260423_181846_349217_feature_lite_seed456,universal,rfunipass,1,ok,5.443233,5.462550191907212,27.316284999999997,False,/root/exp/RFunipassLab/external_datasets/build/runtime_matched/external_runtime_polybench10_wrap_10seeds_backend_oz_repeat1_adaptive5_20260510/oz/polybench/correlation/456/universal/a.out,/root/exp/RFunipassLab/external_datasets/build/runtime_matched/external_runtime_polybench10_wrap_10seeds_backend_oz_repeat1_adaptive5_20260510/oz/polybench/correlation/456/universal/universal_1dd8ea870347.ll,/root/exp/RFunipassLab/external_datasets/build/runtime_matched/external_runtime_polybench10_wrap_10seeds_backend_oz_repeat1_adaptive5_20260510/oz/polybench/correlation/456/universal/runs/run_001/stdout.txt,/root/exp/RFunipassLab/external_datasets/build/runtime_matched/external_runtime_polybench10_wrap_10seeds_backend_oz_repeat1_adaptive5_20260510/oz/polybench/correlation/456/universal/runs/run_001/stderr.txt,
external_runtime_polybench10_wrap_10seeds_backend_oz_repeat1_adaptive5_20260510,oz,oz,polybench,correlation,457,20260423_184811_146360_feature_lite_seed457,universal,rfunipass,1,ok,5.474362,5.4862042758613825,27.316284999999997,False,/root/exp/RFunipassLab/external_datasets/build/runtime_matched/external_runtime_polybench10_wrap_10seeds_backend_oz_repeat1_adaptive5_20260510/oz/polybench/correlation/457/universal/a.out,/root/exp/RFunipassLab/external_datasets/build/runtime_matched/external_runtime_polybench10_wrap_10seeds_backend_oz_repeat1_adaptive5_20260510/oz/polybench/correlation/457/universal/universal_468197d7c679.ll,/root/exp/RFunipassLab/external_datasets/build/runtime_matched/external_runtime_polybench10_wrap_10seeds_backend_oz_repeat1_adaptive5_20260510/oz/polybench/correlation/457/universal/runs/run_001/stdout.txt,/root/exp/RFunipassLab/external_datasets/build/runtime_matched/external_runtime_polybench10_wrap_10seeds_backend_oz_repeat1_adaptive5_20260510/oz/polybench/correlation/457/universal/runs/run_001/stderr.txt,
external_runtime_polybench10_wrap_10seeds_backend_oz_repeat1_adaptive5_20260510,oz,oz,polybench,correlation,458,20260423_193326_468019_feature_lite_seed458,universal,rfunipass,1,ok,5.752796,5.77416757796891,27.316284999999997,False,/root/exp/RFunipassLab/external_datasets/build/runtime_matched/external_runtime_polybench10_wrap_10seeds_backend_oz_repeat1_adaptive5_20260510/oz/polybench/correlation/458/universal/a.out,/root/exp/RFunipassLab/external_datasets/build/runtime_matched/external_runtime_polybench10_wrap_10seeds_backend_oz_repeat1_adaptive5_20260510/oz/polybench/correlation/458/universal/universal_bac1dd97c06b.ll,/root/exp/RFunipassLab/external_datasets/build/runtime_matched/external_runtime_polybench10_wrap_10seeds_backend_oz_repeat1_adaptive5_20260510/oz/polybench/correlation/458/universal/runs/run_001/stdout.txt,/root/exp/RFunipassLab/external_datasets/build/runtime_matched/external_runtime_polybench10_wrap_10seeds_backend_oz_repeat1_adaptive5_20260510/oz/polybench/correlation/458/universal/runs/run_001/stderr.txt,
external_runtime_polybench10_wrap_10seeds_backend_oz_repeat1_adaptive5_20260510,oz,oz,polybench,correlation,459,20260423_203402_518521_feature_lite_seed459,universal,rfunipass,1,ok,5.643914,5.6650212469976395,27.316284999999997,False,/root/exp/RFunipassLab/external_datasets/build/runtime_matched/external_runtime_polybench10_wrap_10seeds_backend_oz_repeat1_adaptive5_20260510/oz/polybench/correlation/459/universal/a.out,/root/exp/RFunipassLab/external_datasets/build/runtime_matched/external_runtime_polybench10_wrap_10seeds_backend_oz_repeat1_adaptive5_20260510/oz/polybench/correlation/459/universal/universal_6d5271a22f91.ll,/root/exp/RFunipassLab/external_datasets/build/runtime_matched/external_runtime_polybench10_wrap_10seeds_backend_oz_repeat1_adaptive5_20260510/oz/polybench/correlation/459/universal/runs/run_001/stdout.txt,/root/exp/RFunipassLab/external_datasets/build/runtime_matched/external_runtime_polybench10_wrap_10seeds_backend_oz_repeat1_adaptive5_20260510/oz/polybench/correlation/459/universal/runs/run_001/stderr.txt,
external_runtime_polybench10_wrap_10seeds_backend_oz_repeat1_adaptive5_20260510,oz,oz,polybench,correlation,460,20260423_205014_703926_feature_lite_seed460,universal,rfunipass,1,ok,5.803212,5.825460962951183,27.316284999999997,False,/root/exp/RFunipassLab/external_datasets/build/runtime_matched/external_runtime_polybench10_wrap_10seeds_backend_oz_repeat1_adaptive5_20260510/oz/polybench/correlation/460/universal/a.out,/root/exp/RFunipassLab/external_datasets/build/runtime_matched/external_runtime_polybench10_wrap_10seeds_backend_oz_repeat1_adaptive5_20260510/oz/polybench/correlation/460/universal/universal_aa7d5985738b.ll,/root/exp/RFunipassLab/external_datasets/build/runtime_matched/external_runtime_polybench10_wrap_10seeds_backend_oz_repeat1_adaptive5_20260510/oz/polybench/correlation/460/universal/runs/run_001/stdout.txt,/root/exp/RFunipassLab/external_datasets/build/runtime_matched/external_runtime_polybench10_wrap_10seeds_backend_oz_repeat1_adaptive5_20260510/oz/polybench/correlation/460/universal/runs/run_001/stderr.txt,
external_runtime_polybench10_wrap_10seeds_backend_oz_repeat1_adaptive5_20260510,oz,oz,polybench,correlation,461,20260423_211628_575222_feature_lite_seed461,universal,rfunipass,1,ok,5.651711,5.664532945957035,27.316284999999997,False,/root/exp/RFunipassLab/external_datasets/build/runtime_matched/external_runtime_polybench10_wrap_10seeds_backend_oz_repeat1_adaptive5_20260510/oz/polybench/correlation/461/universal/a.out,/root/exp/RFunipassLab/external_datasets/build/runtime_matched/external_runtime_polybench10_wrap_10seeds_backend_oz_repeat1_adaptive5_20260510/oz/polybench/correlation/461/universal/universal_c3b20e7655ed.ll,/root/exp/RFunipassLab/external_datasets/build/runtime_matched/external_runtime_polybench10_wrap_10seeds_backend_oz_repeat1_adaptive5_20260510/oz/polybench/correlation/461/universal/runs/run_001/stdout.txt,/root/exp/RFunipassLab/external_datasets/build/runtime_matched/external_runtime_polybench10_wrap_10seeds_backend_oz_repeat1_adaptive5_20260510/oz/polybench/correlation/461/universal/runs/run_001/stderr.txt,
external_runtime_polybench10_wrap_10seeds_backend_oz_repeat1_adaptive5_20260510,oz,oz,polybench,correlation,462,20260423_214113_355045_feature_lite_seed462,universal,rfunipass,1,ok,5.777464,5.798236809205264,27.316284999999997,False,/root/exp/RFunipassLab/external_datasets/build/runtime_matched/external_runtime_polybench10_wrap_10seeds_backend_oz_repeat1_adaptive5_20260510/oz/polybench/correlation/462/universal/a.out,/root/exp/RFunipassLab/external_datasets/build/runtime_matched/external_runtime_polybench10_wrap_10seeds_backend_oz_repeat1_adaptive5_20260510/oz/polybench/correlation/462/universal/universal_4da41e9006a8.ll,/root/exp/RFunipassLab/external_datasets/build/runtime_matched/external_runtime_polybench10_wrap_10seeds_backend_oz_repeat1_adaptive5_20260510/oz/polybench/correlation/462/universal/runs/run_001/stdout.txt,/root/exp/RFunipassLab/external_datasets/build/runtime_matched/external_runtime_polybench10_wrap_10seeds_backend_oz_repeat1_adaptive5_20260510/oz/polybench/correlation/462/universal/runs/run_001/stderr.txt,
external_runtime_polybench10_wrap_10seeds_backend_oz_repeat1_adaptive5_20260510,oz,oz,polybench,correlation,463,20260423_221353_240005_feature_lite_seed463,universal,rfunipass,1,failed,,,27.316284999999997,True,/root/exp/RFunipassLab/external_datasets/build/runtime_matched/external_runtime_polybench10_wrap_10seeds_backend_oz_repeat1_adaptive5_20260510/oz/polybench/correlation/463/universal/a.out,/root/exp/RFunipassLab/external_datasets/build/runtime_matched/external_runtime_polybench10_wrap_10seeds_backend_oz_repeat1_adaptive5_20260510/oz/polybench/correlation/463/universal/universal_3c6e71c0df8d.ll,/root/exp/RFunipassLab/external_datasets/build/runtime_matched/external_runtime_polybench10_wrap_10seeds_backend_oz_repeat1_adaptive5_20260510/oz/polybench/correlation/463/universal/runs/run_001/stdout.txt,/root/exp/RFunipassLab/external_datasets/build/runtime_matched/external_runtime_polybench10_wrap_10seeds_backend_oz_repeat1_adaptive5_20260510/oz/polybench/correlation/463/universal/runs/run_001/stderr.txt,runtime timeout after 27.316284999999997s
external_runtime_polybench10_wrap_10seeds_backend_oz_repeat1_adaptive5_20260510,oz,oz,polybench,correlation,464,20260423_230444_536999_feature_lite_seed464,universal,rfunipass,1,ok,5.455161,5.476145199034363,27.316284999999997,False,/root/exp/RFunipassLab/external_datasets/build/runtime_matched/external_runtime_polybench10_wrap_10seeds_backend_oz_repeat1_adaptive5_20260510/oz/polybench/correlation/464/universal/a.out,/root/exp/RFunipassLab/external_datasets/build/runtime_matched/external_runtime_polybench10_wrap_10seeds_backend_oz_repeat1_adaptive5_20260510/oz/polybench/correlation/464/universal/universal_58aea292ea66.ll,/root/exp/RFunipassLab/external_datasets/build/runtime_matched/external_runtime_polybench10_wrap_10seeds_backend_oz_repeat1_adaptive5_20260510/oz/polybench/correlation/464/universal/runs/run_001/stdout.txt,/root/exp/RFunipassLab/external_datasets/build/runtime_matched/external_runtime_polybench10_wrap_10seeds_backend_oz_repeat1_adaptive5_20260510/oz/polybench/correlation/464/universal/runs/run_001/stderr.txt,
external_runtime_polybench10_wrap_10seeds_backend_oz_repeat1_adaptive5_20260510,oz,oz,polybench,correlation,465,20260423_231957_016941_feature_lite_seed465,universal,rfunipass,1,ok,5.154095,5.165949257090688,27.316284999999997,False,/root/exp/RFunipassLab/external_datasets/build/runtime_matched/external_runtime_polybench10_wrap_10seeds_backend_oz_repeat1_adaptive5_20260510/oz/polybench/correlation/465/universal/a.out,/root/exp/RFunipassLab/external_datasets/build/runtime_matched/external_runtime_polybench10_wrap_10seeds_backend_oz_repeat1_adaptive5_20260510/oz/polybench/correlation/465/universal/universal_e2fa59514181.ll,/root/exp/RFunipassLab/external_datasets/build/runtime_matched/external_runtime_polybench10_wrap_10seeds_backend_oz_repeat1_adaptive5_20260510/oz/polybench/correlation/465/universal/runs/run_001/stdout.txt,/root/exp/RFunipassLab/external_datasets/build/runtime_matched/external_runtime_polybench10_wrap_10seeds_backend_oz_repeat1_adaptive5_20260510/oz/polybench/correlation/465/universal/runs/run_001/stderr.txt,
external_runtime_polybench10_wrap_10seeds_backend_oz_repeat1_adaptive5_20260510,oz,oz,polybench,nussinov,,,none,baseline,1,ok,9.309291,9.363360789837316,300.0,False,/root/exp/RFunipassLab/external_datasets/build/runtime_matched/external_runtime_polybench10_wrap_10seeds_backend_oz_repeat1_adaptive5_20260510/oz/polybench/nussinov/baseline/none/a.out,/root/exp/RFunipassLab/external_datasets/build/runtime_matched/external_runtime_polybench10_wrap_10seeds_backend_oz_repeat1_adaptive5_20260510/oz/polybench/nussinov/baseline/none/none_71f8e7976e4c.ll,/root/exp/RFunipassLab/external_datasets/build/runtime_matched/external_runtime_polybench10_wrap_10seeds_backend_oz_repeat1_adaptive5_20260510/oz/polybench/nussinov/baseline/none/runs/run_001/stdout.txt,/root/exp/RFunipassLab/external_datasets/build/runtime_matched/external_runtime_polybench10_wrap_10seeds_backend_oz_repeat1_adaptive5_20260510/oz/polybench/nussinov/baseline/none/runs/run_001/stderr.txt,
external_runtime_polybench10_wrap_10seeds_backend_oz_repeat1_adaptive5_20260510,oz,oz,polybench,nussinov,,,oz,baseline,1,ok,3.417801,3.4392972469795495,300.0,False,/root/exp/RFunipassLab/external_datasets/build/runtime_matched/external_runtime_polybench10_wrap_10seeds_backend_oz_repeat1_adaptive5_20260510/oz/polybench/nussinov/baseline/oz/a.out,/root/exp/RFunipassLab/external_datasets/build/runtime_matched/external_runtime_polybench10_wrap_10seeds_backend_oz_repeat1_adaptive5_20260510/oz/polybench/nussinov/baseline/oz/oz_d135b696b0fd.ll,/root/exp/RFunipassLab/external_datasets/build/runtime_matched/external_runtime_polybench10_wrap_10seeds_backend_oz_repeat1_adaptive5_20260510/oz/polybench/nussinov/baseline/oz/runs/run_001/stdout.txt,/root/exp/RFunipassLab/external_datasets/build/runtime_matched/external_runtime_polybench10_wrap_10seeds_backend_oz_repeat1_adaptive5_20260510/oz/polybench/nussinov/baseline/oz/runs/run_001/stderr.txt,
external_runtime_polybench10_wrap_10seeds_backend_oz_repeat1_adaptive5_20260510,oz,oz,polybench,nussinov,456,20260423_181846_349217_feature_lite_seed456,universal,rfunipass,1,ok,3.410261,3.4387431601062417,17.089005,False,/root/exp/RFunipassLab/external_datasets/build/runtime_matched/external_runtime_polybench10_wrap_10seeds_backend_oz_repeat1_adaptive5_20260510/oz/polybench/nussinov/456/universal/a.out,/root/exp/RFunipassLab/external_datasets/build/runtime_matched/external_runtime_polybench10_wrap_10seeds_backend_oz_repeat1_adaptive5_20260510/oz/polybench/nussinov/456/universal/universal_1dd8ea870347.ll,/root/exp/RFunipassLab/external_datasets/build/runtime_matched/external_runtime_polybench10_wrap_10seeds_backend_oz_repeat1_adaptive5_20260510/oz/polybench/nussinov/456/universal/runs/run_001/stdout.txt,/root/exp/RFunipassLab/external_datasets/build/runtime_matched/external_runtime_polybench10_wrap_10seeds_backend_oz_repeat1_adaptive5_20260510/oz/polybench/nussinov/456/universal/runs/run_001/stderr.txt,
external_runtime_polybench10_wrap_10seeds_backend_oz_repeat1_adaptive5_20260510,oz,oz,polybench,nussinov,457,20260423_184811_146360_feature_lite_seed457,universal,rfunipass,1,ok,3.471258,3.4900316388811916,17.089005,False,/root/exp/RFunipassLab/external_datasets/build/runtime_matched/external_runtime_polybench10_wrap_10seeds_backend_oz_repeat1_adaptive5_20260510/oz/polybench/nussinov/457/universal/a.out,/root/exp/RFunipassLab/external_datasets/build/runtime_matched/external_runtime_polybench10_wrap_10seeds_backend_oz_repeat1_adaptive5_20260510/oz/polybench/nussinov/457/universal/universal_468197d7c679.ll,/root/exp/RFunipassLab/external_datasets/build/runtime_matched/external_runtime_polybench10_wrap_10seeds_backend_oz_repeat1_adaptive5_20260510/oz/polybench/nussinov/457/universal/runs/run_001/stdout.txt,/root/exp/RFunipassLab/external_datasets/build/runtime_matched/external_runtime_polybench10_wrap_10seeds_backend_oz_repeat1_adaptive5_20260510/oz/polybench/nussinov/457/universal/runs/run_001/stderr.txt,
external_runtime_polybench10_wrap_10seeds_backend_oz_repeat1_adaptive5_20260510,oz,oz,polybench,nussinov,458,20260423_193326_468019_feature_lite_seed458,universal,rfunipass,1,ok,3.39062,3.417106700828299,17.089005,False,/root/exp/RFunipassLab/external_datasets/build/runtime_matched/external_runtime_polybench10_wrap_10seeds_backend_oz_repeat1_adaptive5_20260510/oz/polybench/nussinov/458/universal/a.out,/root/exp/RFunipassLab/external_datasets/build/runtime_matched/external_runtime_polybench10_wrap_10seeds_backend_oz_repeat1_adaptive5_20260510/oz/polybench/nussinov/458/universal/universal_bac1dd97c06b.ll,/root/exp/RFunipassLab/external_datasets/build/runtime_matched/external_runtime_polybench10_wrap_10seeds_backend_oz_repeat1_adaptive5_20260510/oz/polybench/nussinov/458/universal/runs/run_001/stdout.txt,/root/exp/RFunipassLab/external_datasets/build/runtime_matched/external_runtime_polybench10_wrap_10seeds_backend_oz_repeat1_adaptive5_20260510/oz/polybench/nussinov/458/universal/runs/run_001/stderr.txt,
external_runtime_polybench10_wrap_10seeds_backend_oz_repeat1_adaptive5_20260510,oz,oz,polybench,nussinov,459,20260423_203402_518521_feature_lite_seed459,universal,rfunipass,1,ok,3.378652,3.406342692906037,17.089005,False,/root/exp/RFunipassLab/external_datasets/build/runtime_matched/external_runtime_polybench10_wrap_10seeds_backend_oz_repeat1_adaptive5_20260510/oz/polybench/nussinov/459/universal/a.out,/root/exp/RFunipassLab/external_datasets/build/runtime_matched/external_runtime_polybench10_wrap_10seeds_backend_oz_repeat1_adaptive5_20260510/oz/polybench/nussinov/459/universal/universal_6d5271a22f91.ll,/root/exp/RFunipassLab/external_datasets/build/runtime_matched/external_runtime_polybench10_wrap_10seeds_backend_oz_repeat1_adaptive5_20260510/oz/polybench/nussinov/459/universal/runs/run_001/stdout.txt,/root/exp/RFunipassLab/external_datasets/build/runtime_matched/external_runtime_polybench10_wrap_10seeds_backend_oz_repeat1_adaptive5_20260510/oz/polybench/nussinov/459/universal/runs/run_001/stderr.txt,
external_runtime_polybench10_wrap_10seeds_backend_oz_repeat1_adaptive5_20260510,oz,oz,polybench,nussinov,460,20260423_205014_703926_feature_lite_seed460,universal,rfunipass,1,ok,3.490004,3.516290919156745,17.089005,False,/root/exp/RFunipassLab/external_datasets/build/runtime_matched/external_runtime_polybench10_wrap_10seeds_backend_oz_repeat1_adaptive5_20260510/oz/polybench/nussinov/460/universal/a.out,/root/exp/RFunipassLab/external_datasets/build/runtime_matched/external_runtime_polybench10_wrap_10seeds_backend_oz_repeat1_adaptive5_20260510/oz/polybench/nussinov/460/universal/universal_aa7d5985738b.ll,/root/exp/RFunipassLab/external_datasets/build/runtime_matched/external_runtime_polybench10_wrap_10seeds_backend_oz_repeat1_adaptive5_20260510/oz/polybench/nussinov/460/universal/runs/run_001/stdout.txt,/root/exp/RFunipassLab/external_datasets/build/runtime_matched/external_runtime_polybench10_wrap_10seeds_backend_oz_repeat1_adaptive5_20260510/oz/polybench/nussinov/460/universal/runs/run_001/stderr.txt,
external_runtime_polybench10_wrap_10seeds_backend_oz_repeat1_adaptive5_20260510,oz,oz,polybench,nussinov,461,20260423_211628_575222_feature_lite_seed461,universal,rfunipass,1,ok,3.540331,3.5621964200399816,17.089005,False,/root/exp/RFunipassLab/external_datasets/build/runtime_matched/external_runtime_polybench10_wrap_10seeds_backend_oz_repeat1_adaptive5_20260510/oz/polybench/nussinov/461/universal/a.out,/root/exp/RFunipassLab/external_datasets/build/runtime_matched/external_runtime_polybench10_wrap_10seeds_backend_oz_repeat1_adaptive5_20260510/oz/polybench/nussinov/461/universal/universal_c3b20e7655ed.ll,/root/exp/RFunipassLab/external_datasets/build/runtime_matched/external_runtime_polybench10_wrap_10seeds_backend_oz_repeat1_adaptive5_20260510/oz/polybench/nussinov/461/universal/runs/run_001/stdout.txt,/root/exp/RFunipassLab/external_datasets/build/runtime_matched/external_runtime_polybench10_wrap_10seeds_backend_oz_repeat1_adaptive5_20260510/oz/polybench/nussinov/461/universal/runs/run_001/stderr.txt,
external_runtime_polybench10_wrap_10seeds_backend_oz_repeat1_adaptive5_20260510,oz,oz,polybench,nussinov,462,20260423_214113_355045_feature_lite_seed462,universal,rfunipass,1,ok,3.582779,3.6092118099331856,17.089005,False,/root/exp/RFunipassLab/external_datasets/build/runtime_matched/external_runtime_polybench10_wrap_10seeds_backend_oz_repeat1_adaptive5_20260510/oz/polybench/nussinov/462/universal/a.out,/root/exp/RFunipassLab/external_datasets/build/runtime_matched/external_runtime_polybench10_wrap_10seeds_backend_oz_repeat1_adaptive5_20260510/oz/polybench/nussinov/462/universal/universal_4da41e9006a8.ll,/root/exp/RFunipassLab/external_datasets/build/runtime_matched/external_runtime_polybench10_wrap_10seeds_backend_oz_repeat1_adaptive5_20260510/oz/polybench/nussinov/462/universal/runs/run_001/stdout.txt,/root/exp/RFunipassLab/external_datasets/build/runtime_matched/external_runtime_polybench10_wrap_10seeds_backend_oz_repeat1_adaptive5_20260510/oz/polybench/nussinov/462/universal/runs/run_001/stderr.txt,
external_runtime_polybench10_wrap_10seeds_backend_oz_repeat1_adaptive5_20260510,oz,oz,polybench,nussinov,463,20260423_221353_240005_feature_lite_seed463,universal,rfunipass,1,ok,3.564212,3.592611120082438,17.089005,False,/root/exp/RFunipassLab/external_datasets/build/runtime_matched/external_runtime_polybench10_wrap_10seeds_backend_oz_repeat1_adaptive5_20260510/oz/polybench/nussinov/463/universal/a.out,/root/exp/RFunipassLab/external_datasets/build/runtime_matched/external_runtime_polybench10_wrap_10seeds_backend_oz_repeat1_adaptive5_20260510/oz/polybench/nussinov/463/universal/universal_3c6e71c0df8d.ll,/root/exp/RFunipassLab/external_datasets/build/runtime_matched/external_runtime_polybench10_wrap_10seeds_backend_oz_repeat1_adaptive5_20260510/oz/polybench/nussinov/463/universal/runs/run_001/stdout.txt,/root/exp/RFunipassLab/external_datasets/build/runtime_matched/external_runtime_polybench10_wrap_10seeds_backend_oz_repeat1_adaptive5_20260510/oz/polybench/nussinov/463/universal/runs/run_001/stderr.txt,
external_runtime_polybench10_wrap_10seeds_backend_oz_repeat1_adaptive5_20260510,oz,oz,polybench,nussinov,464,20260423_230444_536999_feature_lite_seed464,universal,rfunipass,1,ok,3.389975,3.4153508748859167,17.089005,False,/root/exp/RFunipassLab/external_datasets/build/runtime_matched/external_runtime_polybench10_wrap_10seeds_backend_oz_repeat1_adaptive5_20260510/oz/polybench/nussinov/464/universal/a.out,/root/exp/RFunipassLab/external_datasets/build/runtime_matched/external_runtime_polybench10_wrap_10seeds_backend_oz_repeat1_adaptive5_20260510/oz/polybench/nussinov/464/universal/universal_58aea292ea66.ll,/root/exp/RFunipassLab/external_datasets/build/runtime_matched/external_runtime_polybench10_wrap_10seeds_backend_oz_repeat1_adaptive5_20260510/oz/polybench/nussinov/464/universal/runs/run_001/stdout.txt,/root/exp/RFunipassLab/external_datasets/build/runtime_matched/external_runtime_polybench10_wrap_10seeds_backend_oz_repeat1_adaptive5_20260510/oz/polybench/nussinov/464/universal/runs/run_001/stderr.txt,
external_runtime_polybench10_wrap_10seeds_backend_oz_repeat1_adaptive5_20260510,oz,oz,polybench,nussinov,465,20260423_231957_016941_feature_lite_seed465,universal,rfunipass,1,ok,3.402714,3.419736536918208,17.089005,False,/root/exp/RFunipassLab/external_datasets/build/runtime_matched/external_runtime_polybench10_wrap_10seeds_backend_oz_repeat1_adaptive5_20260510/oz/polybench/nussinov/465/universal/a.out,/root/exp/RFunipassLab/external_datasets/build/runtime_matched/external_runtime_polybench10_wrap_10seeds_backend_oz_repeat1_adaptive5_20260510/oz/polybench/nussinov/465/universal/universal_e2fa59514181.ll,/root/exp/RFunipassLab/external_datasets/build/runtime_matched/external_runtime_polybench10_wrap_10seeds_backend_oz_repeat1_adaptive5_20260510/oz/polybench/nussinov/465/universal/runs/run_001/stdout.txt,/root/exp/RFunipassLab/external_datasets/build/runtime_matched/external_runtime_polybench10_wrap_10seeds_backend_oz_repeat1_adaptive5_20260510/oz/polybench/nussinov/465/universal/runs/run_001/stderr.txt,
external_runtime_polybench10_wrap_10seeds_backend_oz_repeat1_adaptive5_20260510,oz,oz,polybench,symm,,,none,baseline,1,ok,3.136956,3.177846061065793,300.0,False,/root/exp/RFunipassLab/external_datasets/build/runtime_matched/external_runtime_polybench10_wrap_10seeds_backend_oz_repeat1_adaptive5_20260510/oz/polybench/symm/baseline/none/a.out,/root/exp/RFunipassLab/external_datasets/build/runtime_matched/external_runtime_polybench10_wrap_10seeds_backend_oz_repeat1_adaptive5_20260510/oz/polybench/symm/baseline/none/none_71f8e7976e4c.ll,/root/exp/RFunipassLab/external_datasets/build/runtime_matched/external_runtime_polybench10_wrap_10seeds_backend_oz_repeat1_adaptive5_20260510/oz/polybench/symm/baseline/none/runs/run_001/stdout.txt,/root/exp/RFunipassLab/external_datasets/build/runtime_matched/external_runtime_polybench10_wrap_10seeds_backend_oz_repeat1_adaptive5_20260510/oz/polybench/symm/baseline/none/runs/run_001/stderr.txt,
external_runtime_polybench10_wrap_10seeds_backend_oz_repeat1_adaptive5_20260510,oz,oz,polybench,symm,,,oz,baseline,1,ok,2.003931,2.0265990318730474,300.0,False,/root/exp/RFunipassLab/external_datasets/build/runtime_matched/external_runtime_polybench10_wrap_10seeds_backend_oz_repeat1_adaptive5_20260510/oz/polybench/symm/baseline/oz/a.out,/root/exp/RFunipassLab/external_datasets/build/runtime_matched/external_runtime_polybench10_wrap_10seeds_backend_oz_repeat1_adaptive5_20260510/oz/polybench/symm/baseline/oz/oz_d135b696b0fd.ll,/root/exp/RFunipassLab/external_datasets/build/runtime_matched/external_runtime_polybench10_wrap_10seeds_backend_oz_repeat1_adaptive5_20260510/oz/polybench/symm/baseline/oz/runs/run_001/stdout.txt,/root/exp/RFunipassLab/external_datasets/build/runtime_matched/external_runtime_polybench10_wrap_10seeds_backend_oz_repeat1_adaptive5_20260510/oz/polybench/symm/baseline/oz/runs/run_001/stderr.txt,
external_runtime_polybench10_wrap_10seeds_backend_oz_repeat1_adaptive5_20260510,oz,oz,polybench,symm,456,20260423_181846_349217_feature_lite_seed456,universal,rfunipass,1,failed,,,10.019655,False,/root/exp/RFunipassLab/external_datasets/build/runtime_matched/external_runtime_polybench10_wrap_10seeds_backend_oz_repeat1_adaptive5_20260510/oz/polybench/symm/456/universal/a.out,/root/exp/RFunipassLab/external_datasets/build/runtime_matched/external_runtime_polybench10_wrap_10seeds_backend_oz_repeat1_adaptive5_20260510/oz/polybench/symm/456/universal/universal_1dd8ea870347.ll,/root/exp/RFunipassLab/external_datasets/build/runtime_matched/external_runtime_polybench10_wrap_10seeds_backend_oz_repeat1_adaptive5_20260510/oz/polybench/symm/456/universal/runs/run_001/stdout.txt,/root/exp/RFunipassLab/external_datasets/build/runtime_matched/external_runtime_polybench10_wrap_10seeds_backend_oz_repeat1_adaptive5_20260510/oz/polybench/symm/456/universal/runs/run_001/stderr.txt,binary exited with returncode=-11
external_runtime_polybench10_wrap_10seeds_backend_oz_repeat1_adaptive5_20260510,oz,oz,polybench,symm,457,20260423_184811_146360_feature_lite_seed457,universal,rfunipass,1,failed,,,10.019655,False,/root/exp/RFunipassLab/external_datasets/build/runtime_matched/external_runtime_polybench10_wrap_10seeds_backend_oz_repeat1_adaptive5_20260510/oz/polybench/symm/457/universal/a.out,/root/exp/RFunipassLab/external_datasets/build/runtime_matched/external_runtime_polybench10_wrap_10seeds_backend_oz_repeat1_adaptive5_20260510/oz/polybench/symm/457/universal/universal_468197d7c679.ll,/root/exp/RFunipassLab/external_datasets/build/runtime_matched/external_runtime_polybench10_wrap_10seeds_backend_oz_repeat1_adaptive5_20260510/oz/polybench/symm/457/universal/runs/run_001/stdout.txt,/root/exp/RFunipassLab/external_datasets/build/runtime_matched/external_runtime_polybench10_wrap_10seeds_backend_oz_repeat1_adaptive5_20260510/oz/polybench/symm/457/universal/runs/run_001/stderr.txt,binary exited with returncode=-11
external_runtime_polybench10_wrap_10seeds_backend_oz_repeat1_adaptive5_20260510,oz,oz,polybench,symm,458,20260423_193326_468019_feature_lite_seed458,universal,rfunipass,1,failed,,,10.019655,False,/root/exp/RFunipassLab/external_datasets/build/runtime_matched/external_runtime_polybench10_wrap_10seeds_backend_oz_repeat1_adaptive5_20260510/oz/polybench/symm/458/universal/a.out,/root/exp/RFunipassLab/external_datasets/build/runtime_matched/external_runtime_polybench10_wrap_10seeds_backend_oz_repeat1_adaptive5_20260510/oz/polybench/symm/458/universal/universal_bac1dd97c06b.ll,/root/exp/RFunipassLab/external_datasets/build/runtime_matched/external_runtime_polybench10_wrap_10seeds_backend_oz_repeat1_adaptive5_20260510/oz/polybench/symm/458/universal/runs/run_001/stdout.txt,/root/exp/RFunipassLab/external_datasets/build/runtime_matched/external_runtime_polybench10_wrap_10seeds_backend_oz_repeat1_adaptive5_20260510/oz/polybench/symm/458/universal/runs/run_001/stderr.txt,binary exited with returncode=-11
external_runtime_polybench10_wrap_10seeds_backend_oz_repeat1_adaptive5_20260510,oz,oz,polybench,symm,459,20260423_203402_518521_feature_lite_seed459,universal,rfunipass,1,failed,,,10.019655,False,/root/exp/RFunipassLab/external_datasets/build/runtime_matched/external_runtime_polybench10_wrap_10seeds_backend_oz_repeat1_adaptive5_20260510/oz/polybench/symm/459/universal/a.out,/root/exp/RFunipassLab/external_datasets/build/runtime_matched/external_runtime_polybench10_wrap_10seeds_backend_oz_repeat1_adaptive5_20260510/oz/polybench/symm/459/universal/universal_6d5271a22f91.ll,/root/exp/RFunipassLab/external_datasets/build/runtime_matched/external_runtime_polybench10_wrap_10seeds_backend_oz_repeat1_adaptive5_20260510/oz/polybench/symm/459/universal/runs/run_001/stdout.txt,/root/exp/RFunipassLab/external_datasets/build/runtime_matched/external_runtime_polybench10_wrap_10seeds_backend_oz_repeat1_adaptive5_20260510/oz/polybench/symm/459/universal/runs/run_001/stderr.txt,binary exited with returncode=-11
external_runtime_polybench10_wrap_10seeds_backend_oz_repeat1_adaptive5_20260510,oz,oz,polybench,symm,460,20260423_205014_703926_feature_lite_seed460,universal,rfunipass,1,failed,,,10.019655,False,/root/exp/RFunipassLab/external_datasets/build/runtime_matched/external_runtime_polybench10_wrap_10seeds_backend_oz_repeat1_adaptive5_20260510/oz/polybench/symm/460/universal/a.out,/root/exp/RFunipassLab/external_datasets/build/runtime_matched/external_runtime_polybench10_wrap_10seeds_backend_oz_repeat1_adaptive5_20260510/oz/polybench/symm/460/universal/universal_aa7d5985738b.ll,/root/exp/RFunipassLab/external_datasets/build/runtime_matched/external_runtime_polybench10_wrap_10seeds_backend_oz_repeat1_adaptive5_20260510/oz/polybench/symm/460/universal/runs/run_001/stdout.txt,/root/exp/RFunipassLab/external_datasets/build/runtime_matched/external_runtime_polybench10_wrap_10seeds_backend_oz_repeat1_adaptive5_20260510/oz/polybench/symm/460/universal/runs/run_001/stderr.txt,binary exited with returncode=-11
external_runtime_polybench10_wrap_10seeds_backend_oz_repeat1_adaptive5_20260510,oz,oz,polybench,symm,461,20260423_211628_575222_feature_lite_seed461,universal,rfunipass,1,failed,,,10.019655,False,/root/exp/RFunipassLab/external_datasets/build/runtime_matched/external_runtime_polybench10_wrap_10seeds_backend_oz_repeat1_adaptive5_20260510/oz/polybench/symm/461/universal/a.out,/root/exp/RFunipassLab/external_datasets/build/runtime_matched/external_runtime_polybench10_wrap_10seeds_backend_oz_repeat1_adaptive5_20260510/oz/polybench/symm/461/universal/universal_c3b20e7655ed.ll,/root/exp/RFunipassLab/external_datasets/build/runtime_matched/external_runtime_polybench10_wrap_10seeds_backend_oz_repeat1_adaptive5_20260510/oz/polybench/symm/461/universal/runs/run_001/stdout.txt,/root/exp/RFunipassLab/external_datasets/build/runtime_matched/external_runtime_polybench10_wrap_10seeds_backend_oz_repeat1_adaptive5_20260510/oz/polybench/symm/461/universal/runs/run_001/stderr.txt,binary exited with returncode=-11
external_runtime_polybench10_wrap_10seeds_backend_oz_repeat1_adaptive5_20260510,oz,oz,polybench,symm,462,20260423_214113_355045_feature_lite_seed462,universal,rfunipass,1,failed,,,10.019655,False,/root/exp/RFunipassLab/external_datasets/build/runtime_matched/external_runtime_polybench10_wrap_10seeds_backend_oz_repeat1_adaptive5_20260510/oz/polybench/symm/462/universal/a.out,/root/exp/RFunipassLab/external_datasets/build/runtime_matched/external_runtime_polybench10_wrap_10seeds_backend_oz_repeat1_adaptive5_20260510/oz/polybench/symm/462/universal/universal_4da41e9006a8.ll,/root/exp/RFunipassLab/external_datasets/build/runtime_matched/external_runtime_polybench10_wrap_10seeds_backend_oz_repeat1_adaptive5_20260510/oz/polybench/symm/462/universal/runs/run_001/stdout.txt,/root/exp/RFunipassLab/external_datasets/build/runtime_matched/external_runtime_polybench10_wrap_10seeds_backend_oz_repeat1_adaptive5_20260510/oz/polybench/symm/462/universal/runs/run_001/stderr.txt,binary exited with returncode=-11
external_runtime_polybench10_wrap_10seeds_backend_oz_repeat1_adaptive5_20260510,oz,oz,polybench,symm,463,20260423_221353_240005_feature_lite_seed463,universal,rfunipass,1,failed,,,10.019655,True,/root/exp/RFunipassLab/external_datasets/build/runtime_matched/external_runtime_polybench10_wrap_10seeds_backend_oz_repeat1_adaptive5_20260510/oz/polybench/symm/463/universal/a.out,/root/exp/RFunipassLab/external_datasets/build/runtime_matched/external_runtime_polybench10_wrap_10seeds_backend_oz_repeat1_adaptive5_20260510/oz/polybench/symm/463/universal/universal_3c6e71c0df8d.ll,/root/exp/RFunipassLab/external_datasets/build/runtime_matched/external_runtime_polybench10_wrap_10seeds_backend_oz_repeat1_adaptive5_20260510/oz/polybench/symm/463/universal/runs/run_001/stdout.txt,/root/exp/RFunipassLab/external_datasets/build/runtime_matched/external_runtime_polybench10_wrap_10seeds_backend_oz_repeat1_adaptive5_20260510/oz/polybench/symm/463/universal/runs/run_001/stderr.txt,runtime timeout after 10.019655s
external_runtime_polybench10_wrap_10seeds_backend_oz_repeat1_adaptive5_20260510,oz,oz,polybench,symm,464,20260423_230444_536999_feature_lite_seed464,universal,rfunipass,1,failed,,,10.019655,False,/root/exp/RFunipassLab/external_datasets/build/runtime_matched/external_runtime_polybench10_wrap_10seeds_backend_oz_repeat1_adaptive5_20260510/oz/polybench/symm/464/universal/a.out,/root/exp/RFunipassLab/external_datasets/build/runtime_matched/external_runtime_polybench10_wrap_10seeds_backend_oz_repeat1_adaptive5_20260510/oz/polybench/symm/464/universal/universal_58aea292ea66.ll,/root/exp/RFunipassLab/external_datasets/build/runtime_matched/external_runtime_polybench10_wrap_10seeds_backend_oz_repeat1_adaptive5_20260510/oz/polybench/symm/464/universal/runs/run_001/stdout.txt,/root/exp/RFunipassLab/external_datasets/build/runtime_matched/external_runtime_polybench10_wrap_10seeds_backend_oz_repeat1_adaptive5_20260510/oz/polybench/symm/464/universal/runs/run_001/stderr.txt,binary exited with returncode=-11
external_runtime_polybench10_wrap_10seeds_backend_oz_repeat1_adaptive5_20260510,oz,oz,polybench,symm,465,20260423_231957_016941_feature_lite_seed465,universal,rfunipass,1,failed,,,10.019655,False,/root/exp/RFunipassLab/external_datasets/build/runtime_matched/external_runtime_polybench10_wrap_10seeds_backend_oz_repeat1_adaptive5_20260510/oz/polybench/symm/465/universal/a.out,/root/exp/RFunipassLab/external_datasets/build/runtime_matched/external_runtime_polybench10_wrap_10seeds_backend_oz_repeat1_adaptive5_20260510/oz/polybench/symm/465/universal/universal_e2fa59514181.ll,/root/exp/RFunipassLab/external_datasets/build/runtime_matched/external_runtime_polybench10_wrap_10seeds_backend_oz_repeat1_adaptive5_20260510/oz/polybench/symm/465/universal/runs/run_001/stdout.txt,/root/exp/RFunipassLab/external_datasets/build/runtime_matched/external_runtime_polybench10_wrap_10seeds_backend_oz_repeat1_adaptive5_20260510/oz/polybench/symm/465/universal/runs/run_001/stderr.txt,binary exited with returncode=-11
external_runtime_polybench10_wrap_10seeds_backend_oz_repeat1_adaptive5_20260510,oz,oz,polybench,heat-3d,,,none,baseline,1,ok,5.423665,5.467537516960874,300.0,False,/root/exp/RFunipassLab/external_datasets/build/runtime_matched/external_runtime_polybench10_wrap_10seeds_backend_oz_repeat1_adaptive5_20260510/oz/polybench/heat-3d/baseline/none/a.out,/root/exp/RFunipassLab/external_datasets/build/runtime_matched/external_runtime_polybench10_wrap_10seeds_backend_oz_repeat1_adaptive5_20260510/oz/polybench/heat-3d/baseline/none/none_71f8e7976e4c.ll,/root/exp/RFunipassLab/external_datasets/build/runtime_matched/external_runtime_polybench10_wrap_10seeds_backend_oz_repeat1_adaptive5_20260510/oz/polybench/heat-3d/baseline/none/runs/run_001/stdout.txt,/root/exp/RFunipassLab/external_datasets/build/runtime_matched/external_runtime_polybench10_wrap_10seeds_backend_oz_repeat1_adaptive5_20260510/oz/polybench/heat-3d/baseline/none/runs/run_001/stderr.txt,
external_runtime_polybench10_wrap_10seeds_backend_oz_repeat1_adaptive5_20260510,oz,oz,polybench,heat-3d,,,oz,baseline,1,ok,3.19975,3.2196231631096452,300.0,False,/root/exp/RFunipassLab/external_datasets/build/runtime_matched/external_runtime_polybench10_wrap_10seeds_backend_oz_repeat1_adaptive5_20260510/oz/polybench/heat-3d/baseline/oz/a.out,/root/exp/RFunipassLab/external_datasets/build/runtime_matched/external_runtime_polybench10_wrap_10seeds_backend_oz_repeat1_adaptive5_20260510/oz/polybench/heat-3d/baseline/oz/oz_d135b696b0fd.ll,/root/exp/RFunipassLab/external_datasets/build/runtime_matched/external_runtime_polybench10_wrap_10seeds_backend_oz_repeat1_adaptive5_20260510/oz/polybench/heat-3d/baseline/oz/runs/run_001/stdout.txt,/root/exp/RFunipassLab/external_datasets/build/runtime_matched/external_runtime_polybench10_wrap_10seeds_backend_oz_repeat1_adaptive5_20260510/oz/polybench/heat-3d/baseline/oz/runs/run_001/stderr.txt,
external_runtime_polybench10_wrap_10seeds_backend_oz_repeat1_adaptive5_20260510,oz,oz,polybench,heat-3d,456,20260423_181846_349217_feature_lite_seed456,universal,rfunipass,1,failed,,,15.99875,True,/root/exp/RFunipassLab/external_datasets/build/runtime_matched/external_runtime_polybench10_wrap_10seeds_backend_oz_repeat1_adaptive5_20260510/oz/polybench/heat-3d/456/universal/a.out,/root/exp/RFunipassLab/external_datasets/build/runtime_matched/external_runtime_polybench10_wrap_10seeds_backend_oz_repeat1_adaptive5_20260510/oz/polybench/heat-3d/456/universal/universal_1dd8ea870347.ll,/root/exp/RFunipassLab/external_datasets/build/runtime_matched/external_runtime_polybench10_wrap_10seeds_backend_oz_repeat1_adaptive5_20260510/oz/polybench/heat-3d/456/universal/runs/run_001/stdout.txt,/root/exp/RFunipassLab/external_datasets/build/runtime_matched/external_runtime_polybench10_wrap_10seeds_backend_oz_repeat1_adaptive5_20260510/oz/polybench/heat-3d/456/universal/runs/run_001/stderr.txt,runtime timeout after 15.99875s
external_runtime_polybench10_wrap_10seeds_backend_oz_repeat1_adaptive5_20260510,oz,oz,polybench,heat-3d,457,20260423_184811_146360_feature_lite_seed457,universal,rfunipass,1,failed,,,15.99875,True,/root/exp/RFunipassLab/external_datasets/build/runtime_matched/external_runtime_polybench10_wrap_10seeds_backend_oz_repeat1_adaptive5_20260510/oz/polybench/heat-3d/457/universal/a.out,/root/exp/RFunipassLab/external_datasets/build/runtime_matched/external_runtime_polybench10_wrap_10seeds_backend_oz_repeat1_adaptive5_20260510/oz/polybench/heat-3d/457/universal/universal_468197d7c679.ll,/root/exp/RFunipassLab/external_datasets/build/runtime_matched/external_runtime_polybench10_wrap_10seeds_backend_oz_repeat1_adaptive5_20260510/oz/polybench/heat-3d/457/universal/runs/run_001/stdout.txt,/root/exp/RFunipassLab/external_datasets/build/runtime_matched/external_runtime_polybench10_wrap_10seeds_backend_oz_repeat1_adaptive5_20260510/oz/polybench/heat-3d/457/universal/runs/run_001/stderr.txt,runtime timeout after 15.99875s
external_runtime_polybench10_wrap_10seeds_backend_oz_repeat1_adaptive5_20260510,oz,oz,polybench,heat-3d,458,20260423_193326_468019_feature_lite_seed458,universal,rfunipass,1,failed,,,15.99875,False,/root/exp/RFunipassLab/external_datasets/build/runtime_matched/external_runtime_polybench10_wrap_10seeds_backend_oz_repeat1_adaptive5_20260510/oz/polybench/heat-3d/458/universal/a.out,/root/exp/RFunipassLab/external_datasets/build/runtime_matched/external_runtime_polybench10_wrap_10seeds_backend_oz_repeat1_adaptive5_20260510/oz/polybench/heat-3d/458/universal/universal_bac1dd97c06b.ll,/root/exp/RFunipassLab/external_datasets/build/runtime_matched/external_runtime_polybench10_wrap_10seeds_backend_oz_repeat1_adaptive5_20260510/oz/polybench/heat-3d/458/universal/runs/run_001/stdout.txt,/root/exp/RFunipassLab/external_datasets/build/runtime_matched/external_runtime_polybench10_wrap_10seeds_backend_oz_repeat1_adaptive5_20260510/oz/polybench/heat-3d/458/universal/runs/run_001/stderr.txt,binary exited with returncode=-11
external_runtime_polybench10_wrap_10seeds_backend_oz_repeat1_adaptive5_20260510,oz,oz,polybench,heat-3d,459,20260423_203402_518521_feature_lite_seed459,universal,rfunipass,1,failed,,,15.99875,False,/root/exp/RFunipassLab/external_datasets/build/runtime_matched/external_runtime_polybench10_wrap_10seeds_backend_oz_repeat1_adaptive5_20260510/oz/polybench/heat-3d/459/universal/a.out,/root/exp/RFunipassLab/external_datasets/build/runtime_matched/external_runtime_polybench10_wrap_10seeds_backend_oz_repeat1_adaptive5_20260510/oz/polybench/heat-3d/459/universal/universal_6d5271a22f91.ll,/root/exp/RFunipassLab/external_datasets/build/runtime_matched/external_runtime_polybench10_wrap_10seeds_backend_oz_repeat1_adaptive5_20260510/oz/polybench/heat-3d/459/universal/runs/run_001/stdout.txt,/root/exp/RFunipassLab/external_datasets/build/runtime_matched/external_runtime_polybench10_wrap_10seeds_backend_oz_repeat1_adaptive5_20260510/oz/polybench/heat-3d/459/universal/runs/run_001/stderr.txt,binary exited with returncode=-11
external_runtime_polybench10_wrap_10seeds_backend_oz_repeat1_adaptive5_20260510,oz,oz,polybench,heat-3d,460,20260423_205014_703926_feature_lite_seed460,universal,rfunipass,1,failed,,,15.99875,False,/root/exp/RFunipassLab/external_datasets/build/runtime_matched/external_runtime_polybench10_wrap_10seeds_backend_oz_repeat1_adaptive5_20260510/oz/polybench/heat-3d/460/universal/a.out,/root/exp/RFunipassLab/external_datasets/build/runtime_matched/external_runtime_polybench10_wrap_10seeds_backend_oz_repeat1_adaptive5_20260510/oz/polybench/heat-3d/460/universal/universal_aa7d5985738b.ll,/root/exp/RFunipassLab/external_datasets/build/runtime_matched/external_runtime_polybench10_wrap_10seeds_backend_oz_repeat1_adaptive5_20260510/oz/polybench/heat-3d/460/universal/runs/run_001/stdout.txt,/root/exp/RFunipassLab/external_datasets/build/runtime_matched/external_runtime_polybench10_wrap_10seeds_backend_oz_repeat1_adaptive5_20260510/oz/polybench/heat-3d/460/universal/runs/run_001/stderr.txt,binary exited with returncode=-11
external_runtime_polybench10_wrap_10seeds_backend_oz_repeat1_adaptive5_20260510,oz,oz,polybench,heat-3d,461,20260423_211628_575222_feature_lite_seed461,universal,rfunipass,1,ok,3.252853,3.271714175818488,15.99875,False,/root/exp/RFunipassLab/external_datasets/build/runtime_matched/external_runtime_polybench10_wrap_10seeds_backend_oz_repeat1_adaptive5_20260510/oz/polybench/heat-3d/461/universal/a.out,/root/exp/RFunipassLab/external_datasets/build/runtime_matched/external_runtime_polybench10_wrap_10seeds_backend_oz_repeat1_adaptive5_20260510/oz/polybench/heat-3d/461/universal/universal_c3b20e7655ed.ll,/root/exp/RFunipassLab/external_datasets/build/runtime_matched/external_runtime_polybench10_wrap_10seeds_backend_oz_repeat1_adaptive5_20260510/oz/polybench/heat-3d/461/universal/runs/run_001/stdout.txt,/root/exp/RFunipassLab/external_datasets/build/runtime_matched/external_runtime_polybench10_wrap_10seeds_backend_oz_repeat1_adaptive5_20260510/oz/polybench/heat-3d/461/universal/runs/run_001/stderr.txt,
external_runtime_polybench10_wrap_10seeds_backend_oz_repeat1_adaptive5_20260510,oz,oz,polybench,heat-3d,462,20260423_214113_355045_feature_lite_seed462,universal,rfunipass,1,failed,,,15.99875,True,/root/exp/RFunipassLab/external_datasets/build/runtime_matched/external_runtime_polybench10_wrap_10seeds_backend_oz_repeat1_adaptive5_20260510/oz/polybench/heat-3d/462/universal/a.out,/root/exp/RFunipassLab/external_datasets/build/runtime_matched/external_runtime_polybench10_wrap_10seeds_backend_oz_repeat1_adaptive5_20260510/oz/polybench/heat-3d/462/universal/universal_4da41e9006a8.ll,/root/exp/RFunipassLab/external_datasets/build/runtime_matched/external_runtime_polybench10_wrap_10seeds_backend_oz_repeat1_adaptive5_20260510/oz/polybench/heat-3d/462/universal/runs/run_001/stdout.txt,/root/exp/RFunipassLab/external_datasets/build/runtime_matched/external_runtime_polybench10_wrap_10seeds_backend_oz_repeat1_adaptive5_20260510/oz/polybench/heat-3d/462/universal/runs/run_001/stderr.txt,runtime timeout after 15.99875s
external_runtime_polybench10_wrap_10seeds_backend_oz_repeat1_adaptive5_20260510,oz,oz,polybench,heat-3d,463,20260423_221353_240005_feature_lite_seed463,universal,rfunipass,1,failed,,,15.99875,True,/root/exp/RFunipassLab/external_datasets/build/runtime_matched/external_runtime_polybench10_wrap_10seeds_backend_oz_repeat1_adaptive5_20260510/oz/polybench/heat-3d/463/universal/a.out,/root/exp/RFunipassLab/external_datasets/build/runtime_matched/external_runtime_polybench10_wrap_10seeds_backend_oz_repeat1_adaptive5_20260510/oz/polybench/heat-3d/463/universal/universal_3c6e71c0df8d.ll,/root/exp/RFunipassLab/external_datasets/build/runtime_matched/external_runtime_polybench10_wrap_10seeds_backend_oz_repeat1_adaptive5_20260510/oz/polybench/heat-3d/463/universal/runs/run_001/stdout.txt,/root/exp/RFunipassLab/external_datasets/build/runtime_matched/external_runtime_polybench10_wrap_10seeds_backend_oz_repeat1_adaptive5_20260510/oz/polybench/heat-3d/463/universal/runs/run_001/stderr.txt,runtime timeout after 15.99875s
external_runtime_polybench10_wrap_10seeds_backend_oz_repeat1_adaptive5_20260510,oz,oz,polybench,heat-3d,464,20260423_230444_536999_feature_lite_seed464,universal,rfunipass,1,failed,,,15.99875,True,/root/exp/RFunipassLab/external_datasets/build/runtime_matched/external_runtime_polybench10_wrap_10seeds_backend_oz_repeat1_adaptive5_20260510/oz/polybench/heat-3d/464/universal/a.out,/root/exp/RFunipassLab/external_datasets/build/runtime_matched/external_runtime_polybench10_wrap_10seeds_backend_oz_repeat1_adaptive5_20260510/oz/polybench/heat-3d/464/universal/universal_58aea292ea66.ll,/root/exp/RFunipassLab/external_datasets/build/runtime_matched/external_runtime_polybench10_wrap_10seeds_backend_oz_repeat1_adaptive5_20260510/oz/polybench/heat-3d/464/universal/runs/run_001/stdout.txt,/root/exp/RFunipassLab/external_datasets/build/runtime_matched/external_runtime_polybench10_wrap_10seeds_backend_oz_repeat1_adaptive5_20260510/oz/polybench/heat-3d/464/universal/runs/run_001/stderr.txt,runtime timeout after 15.99875s
external_runtime_polybench10_wrap_10seeds_backend_oz_repeat1_adaptive5_20260510,oz,oz,polybench,heat-3d,465,20260423_231957_016941_feature_lite_seed465,universal,rfunipass,1,ok,1778380628.364501,3.298620262881741,15.99875,False,/root/exp/RFunipassLab/external_datasets/build/runtime_matched/external_runtime_polybench10_wrap_10seeds_backend_oz_repeat1_adaptive5_20260510/oz/polybench/heat-3d/465/universal/a.out,/root/exp/RFunipassLab/external_datasets/build/runtime_matched/external_runtime_polybench10_wrap_10seeds_backend_oz_repeat1_adaptive5_20260510/oz/polybench/heat-3d/465/universal/universal_e2fa59514181.ll,/root/exp/RFunipassLab/external_datasets/build/runtime_matched/external_runtime_polybench10_wrap_10seeds_backend_oz_repeat1_adaptive5_20260510/oz/polybench/heat-3d/465/universal/runs/run_001/stdout.txt,/root/exp/RFunipassLab/external_datasets/build/runtime_matched/external_runtime_polybench10_wrap_10seeds_backend_oz_repeat1_adaptive5_20260510/oz/polybench/heat-3d/465/universal/runs/run_001/stderr.txt,
external_runtime_polybench10_wrap_10seeds_backend_oz_repeat1_adaptive5_20260510,oz,oz,polybench,covariance,,,none,baseline,1,ok,4.502595,4.535816443152726,300.0,False,/root/exp/RFunipassLab/external_datasets/build/runtime_matched/external_runtime_polybench10_wrap_10seeds_backend_oz_repeat1_adaptive5_20260510/oz/polybench/covariance/baseline/none/a.out,/root/exp/RFunipassLab/external_datasets/build/runtime_matched/external_runtime_polybench10_wrap_10seeds_backend_oz_repeat1_adaptive5_20260510/oz/polybench/covariance/baseline/none/none_71f8e7976e4c.ll,/root/exp/RFunipassLab/external_datasets/build/runtime_matched/external_runtime_polybench10_wrap_10seeds_backend_oz_repeat1_adaptive5_20260510/oz/polybench/covariance/baseline/none/runs/run_001/stdout.txt,/root/exp/RFunipassLab/external_datasets/build/runtime_matched/external_runtime_polybench10_wrap_10seeds_backend_oz_repeat1_adaptive5_20260510/oz/polybench/covariance/baseline/none/runs/run_001/stderr.txt,
external_runtime_polybench10_wrap_10seeds_backend_oz_repeat1_adaptive5_20260510,oz,oz,polybench,covariance,,,oz,baseline,1,ok,5.48749,5.500121847027913,300.0,False,/root/exp/RFunipassLab/external_datasets/build/runtime_matched/external_runtime_polybench10_wrap_10seeds_backend_oz_repeat1_adaptive5_20260510/oz/polybench/covariance/baseline/oz/a.out,/root/exp/RFunipassLab/external_datasets/build/runtime_matched/external_runtime_polybench10_wrap_10seeds_backend_oz_repeat1_adaptive5_20260510/oz/polybench/covariance/baseline/oz/oz_d135b696b0fd.ll,/root/exp/RFunipassLab/external_datasets/build/runtime_matched/external_runtime_polybench10_wrap_10seeds_backend_oz_repeat1_adaptive5_20260510/oz/polybench/covariance/baseline/oz/runs/run_001/stdout.txt,/root/exp/RFunipassLab/external_datasets/build/runtime_matched/external_runtime_polybench10_wrap_10seeds_backend_oz_repeat1_adaptive5_20260510/oz/polybench/covariance/baseline/oz/runs/run_001/stderr.txt,
external_runtime_polybench10_wrap_10seeds_backend_oz_repeat1_adaptive5_20260510,oz,oz,polybench,covariance,456,20260423_181846_349217_feature_lite_seed456,universal,rfunipass,1,ok,5.547216,5.5671728709712625,27.437450000000002,False,/root/exp/RFunipassLab/external_datasets/build/runtime_matched/external_runtime_polybench10_wrap_10seeds_backend_oz_repeat1_adaptive5_20260510/oz/polybench/covariance/456/universal/a.out,/root/exp/RFunipassLab/external_datasets/build/runtime_matched/external_runtime_polybench10_wrap_10seeds_backend_oz_repeat1_adaptive5_20260510/oz/polybench/covariance/456/universal/universal_1dd8ea870347.ll,/root/exp/RFunipassLab/external_datasets/build/runtime_matched/external_runtime_polybench10_wrap_10seeds_backend_oz_repeat1_adaptive5_20260510/oz/polybench/covariance/456/universal/runs/run_001/stdout.txt,/root/exp/RFunipassLab/external_datasets/build/runtime_matched/external_runtime_polybench10_wrap_10seeds_backend_oz_repeat1_adaptive5_20260510/oz/polybench/covariance/456/universal/runs/run_001/stderr.txt,
external_runtime_polybench10_wrap_10seeds_backend_oz_repeat1_adaptive5_20260510,oz,oz,polybench,covariance,457,20260423_184811_146360_feature_lite_seed457,universal,rfunipass,1,failed,,,27.437450000000002,True,/root/exp/RFunipassLab/external_datasets/build/runtime_matched/external_runtime_polybench10_wrap_10seeds_backend_oz_repeat1_adaptive5_20260510/oz/polybench/covariance/457/universal/a.out,/root/exp/RFunipassLab/external_datasets/build/runtime_matched/external_runtime_polybench10_wrap_10seeds_backend_oz_repeat1_adaptive5_20260510/oz/polybench/covariance/457/universal/universal_468197d7c679.ll,/root/exp/RFunipassLab/external_datasets/build/runtime_matched/external_runtime_polybench10_wrap_10seeds_backend_oz_repeat1_adaptive5_20260510/oz/polybench/covariance/457/universal/runs/run_001/stdout.txt,/root/exp/RFunipassLab/external_datasets/build/runtime_matched/external_runtime_polybench10_wrap_10seeds_backend_oz_repeat1_adaptive5_20260510/oz/polybench/covariance/457/universal/runs/run_001/stderr.txt,runtime timeout after 27.437450000000002s
external_runtime_polybench10_wrap_10seeds_backend_oz_repeat1_adaptive5_20260510,oz,oz,polybench,covariance,458,20260423_193326_468019_feature_lite_seed458,universal,rfunipass,1,failed,,,27.437450000000002,True,/root/exp/RFunipassLab/external_datasets/build/runtime_matched/external_runtime_polybench10_wrap_10seeds_backend_oz_repeat1_adaptive5_20260510/oz/polybench/covariance/458/universal/a.out,/root/exp/RFunipassLab/external_datasets/build/runtime_matched/external_runtime_polybench10_wrap_10seeds_backend_oz_repeat1_adaptive5_20260510/oz/polybench/covariance/458/universal/universal_bac1dd97c06b.ll,/root/exp/RFunipassLab/external_datasets/build/runtime_matched/external_runtime_polybench10_wrap_10seeds_backend_oz_repeat1_adaptive5_20260510/oz/polybench/covariance/458/universal/runs/run_001/stdout.txt,/root/exp/RFunipassLab/external_datasets/build/runtime_matched/external_runtime_polybench10_wrap_10seeds_backend_oz_repeat1_adaptive5_20260510/oz/polybench/covariance/458/universal/runs/run_001/stderr.txt,runtime timeout after 27.437450000000002s
external_runtime_polybench10_wrap_10seeds_backend_oz_repeat1_adaptive5_20260510,oz,oz,polybench,covariance,459,20260423_203402_518521_feature_lite_seed459,universal,rfunipass,1,ok,5.755523,5.775711397174746,27.437450000000002,False,/root/exp/RFunipassLab/external_datasets/build/runtime_matched/external_runtime_polybench10_wrap_10seeds_backend_oz_repeat1_adaptive5_20260510/oz/polybench/covariance/459/universal/a.out,/root/exp/RFunipassLab/external_datasets/build/runtime_matched/external_runtime_polybench10_wrap_10seeds_backend_oz_repeat1_adaptive5_20260510/oz/polybench/covariance/459/universal/universal_6d5271a22f91.ll,/root/exp/RFunipassLab/external_datasets/build/runtime_matched/external_runtime_polybench10_wrap_10seeds_backend_oz_repeat1_adaptive5_20260510/oz/polybench/covariance/459/universal/runs/run_001/stdout.txt,/root/exp/RFunipassLab/external_datasets/build/runtime_matched/external_runtime_polybench10_wrap_10seeds_backend_oz_repeat1_adaptive5_20260510/oz/polybench/covariance/459/universal/runs/run_001/stderr.txt,
external_runtime_polybench10_wrap_10seeds_backend_oz_repeat1_adaptive5_20260510,oz,oz,polybench,covariance,460,20260423_205014_703926_feature_lite_seed460,universal,rfunipass,1,failed,,,27.437450000000002,False,/root/exp/RFunipassLab/external_datasets/build/runtime_matched/external_runtime_polybench10_wrap_10seeds_backend_oz_repeat1_adaptive5_20260510/oz/polybench/covariance/460/universal/a.out,/root/exp/RFunipassLab/external_datasets/build/runtime_matched/external_runtime_polybench10_wrap_10seeds_backend_oz_repeat1_adaptive5_20260510/oz/polybench/covariance/460/universal/universal_aa7d5985738b.ll,/root/exp/RFunipassLab/external_datasets/build/runtime_matched/external_runtime_polybench10_wrap_10seeds_backend_oz_repeat1_adaptive5_20260510/oz/polybench/covariance/460/universal/runs/run_001/stdout.txt,/root/exp/RFunipassLab/external_datasets/build/runtime_matched/external_runtime_polybench10_wrap_10seeds_backend_oz_repeat1_adaptive5_20260510/oz/polybench/covariance/460/universal/runs/run_001/stderr.txt,binary exited with returncode=-11
external_runtime_polybench10_wrap_10seeds_backend_oz_repeat1_adaptive5_20260510,oz,oz,polybench,covariance,461,20260423_211628_575222_feature_lite_seed461,universal,rfunipass,1,ok,5.751859,5.763988689985126,27.437450000000002,False,/root/exp/RFunipassLab/external_datasets/build/runtime_matched/external_runtime_polybench10_wrap_10seeds_backend_oz_repeat1_adaptive5_20260510/oz/polybench/covariance/461/universal/a.out,/root/exp/RFunipassLab/external_datasets/build/runtime_matched/external_runtime_polybench10_wrap_10seeds_backend_oz_repeat1_adaptive5_20260510/oz/polybench/covariance/461/universal/universal_c3b20e7655ed.ll,/root/exp/RFunipassLab/external_datasets/build/runtime_matched/external_runtime_polybench10_wrap_10seeds_backend_oz_repeat1_adaptive5_20260510/oz/polybench/covariance/461/universal/runs/run_001/stdout.txt,/root/exp/RFunipassLab/external_datasets/build/runtime_matched/external_runtime_polybench10_wrap_10seeds_backend_oz_repeat1_adaptive5_20260510/oz/polybench/covariance/461/universal/runs/run_001/stderr.txt,
external_runtime_polybench10_wrap_10seeds_backend_oz_repeat1_adaptive5_20260510,oz,oz,polybench,covariance,462,20260423_214113_355045_feature_lite_seed462,universal,rfunipass,1,failed,,,27.437450000000002,False,/root/exp/RFunipassLab/external_datasets/build/runtime_matched/external_runtime_polybench10_wrap_10seeds_backend_oz_repeat1_adaptive5_20260510/oz/polybench/covariance/462/universal/a.out,/root/exp/RFunipassLab/external_datasets/build/runtime_matched/external_runtime_polybench10_wrap_10seeds_backend_oz_repeat1_adaptive5_20260510/oz/polybench/covariance/462/universal/universal_4da41e9006a8.ll,/root/exp/RFunipassLab/external_datasets/build/runtime_matched/external_runtime_polybench10_wrap_10seeds_backend_oz_repeat1_adaptive5_20260510/oz/polybench/covariance/462/universal/runs/run_001/stdout.txt,/root/exp/RFunipassLab/external_datasets/build/runtime_matched/external_runtime_polybench10_wrap_10seeds_backend_oz_repeat1_adaptive5_20260510/oz/polybench/covariance/462/universal/runs/run_001/stderr.txt,binary exited with returncode=-11
external_runtime_polybench10_wrap_10seeds_backend_oz_repeat1_adaptive5_20260510,oz,oz,polybench,covariance,463,20260423_221353_240005_feature_lite_seed463,universal,rfunipass,1,failed,,,27.437450000000002,True,/root/exp/RFunipassLab/external_datasets/build/runtime_matched/external_runtime_polybench10_wrap_10seeds_backend_oz_repeat1_adaptive5_20260510/oz/polybench/covariance/463/universal/a.out,/root/exp/RFunipassLab/external_datasets/build/runtime_matched/external_runtime_polybench10_wrap_10seeds_backend_oz_repeat1_adaptive5_20260510/oz/polybench/covariance/463/universal/universal_3c6e71c0df8d.ll,/root/exp/RFunipassLab/external_datasets/build/runtime_matched/external_runtime_polybench10_wrap_10seeds_backend_oz_repeat1_adaptive5_20260510/oz/polybench/covariance/463/universal/runs/run_001/stdout.txt,/root/exp/RFunipassLab/external_datasets/build/runtime_matched/external_runtime_polybench10_wrap_10seeds_backend_oz_repeat1_adaptive5_20260510/oz/polybench/covariance/463/universal/runs/run_001/stderr.txt,runtime timeout after 27.437450000000002s
external_runtime_polybench10_wrap_10seeds_backend_oz_repeat1_adaptive5_20260510,oz,oz,polybench,covariance,464,20260423_230444_536999_feature_lite_seed464,universal,rfunipass,1,ok,5.674478,5.699034899007529,27.437450000000002,False,/root/exp/RFunipassLab/external_datasets/build/runtime_matched/external_runtime_polybench10_wrap_10seeds_backend_oz_repeat1_adaptive5_20260510/oz/polybench/covariance/464/universal/a.out,/root/exp/RFunipassLab/external_datasets/build/runtime_matched/external_runtime_polybench10_wrap_10seeds_backend_oz_repeat1_adaptive5_20260510/oz/polybench/covariance/464/universal/universal_58aea292ea66.ll,/root/exp/RFunipassLab/external_datasets/build/runtime_matched/external_runtime_polybench10_wrap_10seeds_backend_oz_repeat1_adaptive5_20260510/oz/polybench/covariance/464/universal/runs/run_001/stdout.txt,/root/exp/RFunipassLab/external_datasets/build/runtime_matched/external_runtime_polybench10_wrap_10seeds_backend_oz_repeat1_adaptive5_20260510/oz/polybench/covariance/464/universal/runs/run_001/stderr.txt,
external_runtime_polybench10_wrap_10seeds_backend_oz_repeat1_adaptive5_20260510,oz,oz,polybench,covariance,465,20260423_231957_016941_feature_lite_seed465,universal,rfunipass,1,failed,,,27.437450000000002,True,/root/exp/RFunipassLab/external_datasets/build/runtime_matched/external_runtime_polybench10_wrap_10seeds_backend_oz_repeat1_adaptive5_20260510/oz/polybench/covariance/465/universal/a.out,/root/exp/RFunipassLab/external_datasets/build/runtime_matched/external_runtime_polybench10_wrap_10seeds_backend_oz_repeat1_adaptive5_20260510/oz/polybench/covariance/465/universal/universal_e2fa59514181.ll,/root/exp/RFunipassLab/external_datasets/build/runtime_matched/external_runtime_polybench10_wrap_10seeds_backend_oz_repeat1_adaptive5_20260510/oz/polybench/covariance/465/universal/runs/run_001/stdout.txt,/root/exp/RFunipassLab/external_datasets/build/runtime_matched/external_runtime_polybench10_wrap_10seeds_backend_oz_repeat1_adaptive5_20260510/oz/polybench/covariance/465/universal/runs/run_001/stderr.txt,runtime timeout after 27.437450000000002s
