tag,backend_profile,matched_baseline,suite,benchmark,seed,run_id,pipeline_label,pipeline_kind,repeat_index,status,polybench_seconds,wall_seconds,timeout_used,censored,binary_path,optimized_ir_path,stdout_path,stderr_path,error
external_runtime_polybench10_wrap_10seeds_backend_o3_repeat1_adaptive5_20260510,o3,o3,polybench,2mm,,,none,baseline,1,ok,5.77807,5.827613398898393,300.0,False,/root/exp/RFunipassLab/external_datasets/build/runtime_matched/external_runtime_polybench10_wrap_10seeds_backend_o3_repeat1_adaptive5_20260510/o3/polybench/2mm/baseline/none/a.out,/root/exp/RFunipassLab/external_datasets/build/runtime_matched/external_runtime_polybench10_wrap_10seeds_backend_o3_repeat1_adaptive5_20260510/o3/polybench/2mm/baseline/none/none_71f8e7976e4c.ll,/root/exp/RFunipassLab/external_datasets/build/runtime_matched/external_runtime_polybench10_wrap_10seeds_backend_o3_repeat1_adaptive5_20260510/o3/polybench/2mm/baseline/none/runs/run_001/stdout.txt,/root/exp/RFunipassLab/external_datasets/build/runtime_matched/external_runtime_polybench10_wrap_10seeds_backend_o3_repeat1_adaptive5_20260510/o3/polybench/2mm/baseline/none/runs/run_001/stderr.txt,
external_runtime_polybench10_wrap_10seeds_backend_o3_repeat1_adaptive5_20260510,o3,o3,polybench,2mm,,,o3,baseline,1,ok,2.282356,2.306263366015628,300.0,False,/root/exp/RFunipassLab/external_datasets/build/runtime_matched/external_runtime_polybench10_wrap_10seeds_backend_o3_repeat1_adaptive5_20260510/o3/polybench/2mm/baseline/o3/a.out,/root/exp/RFunipassLab/external_datasets/build/runtime_matched/external_runtime_polybench10_wrap_10seeds_backend_o3_repeat1_adaptive5_20260510/o3/polybench/2mm/baseline/o3/o3_41db216f1b51.ll,/root/exp/RFunipassLab/external_datasets/build/runtime_matched/external_runtime_polybench10_wrap_10seeds_backend_o3_repeat1_adaptive5_20260510/o3/polybench/2mm/baseline/o3/runs/run_001/stdout.txt,/root/exp/RFunipassLab/external_datasets/build/runtime_matched/external_runtime_polybench10_wrap_10seeds_backend_o3_repeat1_adaptive5_20260510/o3/polybench/2mm/baseline/o3/runs/run_001/stderr.txt,
external_runtime_polybench10_wrap_10seeds_backend_o3_repeat1_adaptive5_20260510,o3,o3,polybench,2mm,456,20260423_181846_349217_feature_lite_seed456,universal,rfunipass,1,failed,,,11.41178,True,/root/exp/RFunipassLab/external_datasets/build/runtime_matched/external_runtime_polybench10_wrap_10seeds_backend_o3_repeat1_adaptive5_20260510/o3/polybench/2mm/456/universal/a.out,/root/exp/RFunipassLab/external_datasets/build/runtime_matched/external_runtime_polybench10_wrap_10seeds_backend_o3_repeat1_adaptive5_20260510/o3/polybench/2mm/456/universal/universal_1dd8ea870347.ll,/root/exp/RFunipassLab/external_datasets/build/runtime_matched/external_runtime_polybench10_wrap_10seeds_backend_o3_repeat1_adaptive5_20260510/o3/polybench/2mm/456/universal/runs/run_001/stdout.txt,/root/exp/RFunipassLab/external_datasets/build/runtime_matched/external_runtime_polybench10_wrap_10seeds_backend_o3_repeat1_adaptive5_20260510/o3/polybench/2mm/456/universal/runs/run_001/stderr.txt,runtime timeout after 11.41178s
external_runtime_polybench10_wrap_10seeds_backend_o3_repeat1_adaptive5_20260510,o3,o3,polybench,2mm,457,20260423_184811_146360_feature_lite_seed457,universal,rfunipass,1,failed,,,11.41178,True,/root/exp/RFunipassLab/external_datasets/build/runtime_matched/external_runtime_polybench10_wrap_10seeds_backend_o3_repeat1_adaptive5_20260510/o3/polybench/2mm/457/universal/a.out,/root/exp/RFunipassLab/external_datasets/build/runtime_matched/external_runtime_polybench10_wrap_10seeds_backend_o3_repeat1_adaptive5_20260510/o3/polybench/2mm/457/universal/universal_468197d7c679.ll,/root/exp/RFunipassLab/external_datasets/build/runtime_matched/external_runtime_polybench10_wrap_10seeds_backend_o3_repeat1_adaptive5_20260510/o3/polybench/2mm/457/universal/runs/run_001/stdout.txt,/root/exp/RFunipassLab/external_datasets/build/runtime_matched/external_runtime_polybench10_wrap_10seeds_backend_o3_repeat1_adaptive5_20260510/o3/polybench/2mm/457/universal/runs/run_001/stderr.txt,runtime timeout after 11.41178s
external_runtime_polybench10_wrap_10seeds_backend_o3_repeat1_adaptive5_20260510,o3,o3,polybench,2mm,458,20260423_193326_468019_feature_lite_seed458,universal,rfunipass,1,failed,,,11.41178,True,/root/exp/RFunipassLab/external_datasets/build/runtime_matched/external_runtime_polybench10_wrap_10seeds_backend_o3_repeat1_adaptive5_20260510/o3/polybench/2mm/458/universal/a.out,/root/exp/RFunipassLab/external_datasets/build/runtime_matched/external_runtime_polybench10_wrap_10seeds_backend_o3_repeat1_adaptive5_20260510/o3/polybench/2mm/458/universal/universal_bac1dd97c06b.ll,/root/exp/RFunipassLab/external_datasets/build/runtime_matched/external_runtime_polybench10_wrap_10seeds_backend_o3_repeat1_adaptive5_20260510/o3/polybench/2mm/458/universal/runs/run_001/stdout.txt,/root/exp/RFunipassLab/external_datasets/build/runtime_matched/external_runtime_polybench10_wrap_10seeds_backend_o3_repeat1_adaptive5_20260510/o3/polybench/2mm/458/universal/runs/run_001/stderr.txt,runtime timeout after 11.41178s
external_runtime_polybench10_wrap_10seeds_backend_o3_repeat1_adaptive5_20260510,o3,o3,polybench,2mm,459,20260423_203402_518521_feature_lite_seed459,universal,rfunipass,1,ok,2.309758,2.3417483400553465,11.41178,False,/root/exp/RFunipassLab/external_datasets/build/runtime_matched/external_runtime_polybench10_wrap_10seeds_backend_o3_repeat1_adaptive5_20260510/o3/polybench/2mm/459/universal/a.out,/root/exp/RFunipassLab/external_datasets/build/runtime_matched/external_runtime_polybench10_wrap_10seeds_backend_o3_repeat1_adaptive5_20260510/o3/polybench/2mm/459/universal/universal_6d5271a22f91.ll,/root/exp/RFunipassLab/external_datasets/build/runtime_matched/external_runtime_polybench10_wrap_10seeds_backend_o3_repeat1_adaptive5_20260510/o3/polybench/2mm/459/universal/runs/run_001/stdout.txt,/root/exp/RFunipassLab/external_datasets/build/runtime_matched/external_runtime_polybench10_wrap_10seeds_backend_o3_repeat1_adaptive5_20260510/o3/polybench/2mm/459/universal/runs/run_001/stderr.txt,
external_runtime_polybench10_wrap_10seeds_backend_o3_repeat1_adaptive5_20260510,o3,o3,polybench,2mm,460,20260423_205014_703926_feature_lite_seed460,universal,rfunipass,1,failed,,,11.41178,True,/root/exp/RFunipassLab/external_datasets/build/runtime_matched/external_runtime_polybench10_wrap_10seeds_backend_o3_repeat1_adaptive5_20260510/o3/polybench/2mm/460/universal/a.out,/root/exp/RFunipassLab/external_datasets/build/runtime_matched/external_runtime_polybench10_wrap_10seeds_backend_o3_repeat1_adaptive5_20260510/o3/polybench/2mm/460/universal/universal_aa7d5985738b.ll,/root/exp/RFunipassLab/external_datasets/build/runtime_matched/external_runtime_polybench10_wrap_10seeds_backend_o3_repeat1_adaptive5_20260510/o3/polybench/2mm/460/universal/runs/run_001/stdout.txt,/root/exp/RFunipassLab/external_datasets/build/runtime_matched/external_runtime_polybench10_wrap_10seeds_backend_o3_repeat1_adaptive5_20260510/o3/polybench/2mm/460/universal/runs/run_001/stderr.txt,runtime timeout after 11.41178s
external_runtime_polybench10_wrap_10seeds_backend_o3_repeat1_adaptive5_20260510,o3,o3,polybench,2mm,461,20260423_211628_575222_feature_lite_seed461,universal,rfunipass,1,ok,2.305357,2.333281194092706,11.41178,False,/root/exp/RFunipassLab/external_datasets/build/runtime_matched/external_runtime_polybench10_wrap_10seeds_backend_o3_repeat1_adaptive5_20260510/o3/polybench/2mm/461/universal/a.out,/root/exp/RFunipassLab/external_datasets/build/runtime_matched/external_runtime_polybench10_wrap_10seeds_backend_o3_repeat1_adaptive5_20260510/o3/polybench/2mm/461/universal/universal_c3b20e7655ed.ll,/root/exp/RFunipassLab/external_datasets/build/runtime_matched/external_runtime_polybench10_wrap_10seeds_backend_o3_repeat1_adaptive5_20260510/o3/polybench/2mm/461/universal/runs/run_001/stdout.txt,/root/exp/RFunipassLab/external_datasets/build/runtime_matched/external_runtime_polybench10_wrap_10seeds_backend_o3_repeat1_adaptive5_20260510/o3/polybench/2mm/461/universal/runs/run_001/stderr.txt,
external_runtime_polybench10_wrap_10seeds_backend_o3_repeat1_adaptive5_20260510,o3,o3,polybench,2mm,462,20260423_214113_355045_feature_lite_seed462,universal,rfunipass,1,failed,,,11.41178,True,/root/exp/RFunipassLab/external_datasets/build/runtime_matched/external_runtime_polybench10_wrap_10seeds_backend_o3_repeat1_adaptive5_20260510/o3/polybench/2mm/462/universal/a.out,/root/exp/RFunipassLab/external_datasets/build/runtime_matched/external_runtime_polybench10_wrap_10seeds_backend_o3_repeat1_adaptive5_20260510/o3/polybench/2mm/462/universal/universal_4da41e9006a8.ll,/root/exp/RFunipassLab/external_datasets/build/runtime_matched/external_runtime_polybench10_wrap_10seeds_backend_o3_repeat1_adaptive5_20260510/o3/polybench/2mm/462/universal/runs/run_001/stdout.txt,/root/exp/RFunipassLab/external_datasets/build/runtime_matched/external_runtime_polybench10_wrap_10seeds_backend_o3_repeat1_adaptive5_20260510/o3/polybench/2mm/462/universal/runs/run_001/stderr.txt,runtime timeout after 11.41178s
external_runtime_polybench10_wrap_10seeds_backend_o3_repeat1_adaptive5_20260510,o3,o3,polybench,2mm,463,20260423_221353_240005_feature_lite_seed463,universal,rfunipass,1,failed,,,11.41178,True,/root/exp/RFunipassLab/external_datasets/build/runtime_matched/external_runtime_polybench10_wrap_10seeds_backend_o3_repeat1_adaptive5_20260510/o3/polybench/2mm/463/universal/a.out,/root/exp/RFunipassLab/external_datasets/build/runtime_matched/external_runtime_polybench10_wrap_10seeds_backend_o3_repeat1_adaptive5_20260510/o3/polybench/2mm/463/universal/universal_3c6e71c0df8d.ll,/root/exp/RFunipassLab/external_datasets/build/runtime_matched/external_runtime_polybench10_wrap_10seeds_backend_o3_repeat1_adaptive5_20260510/o3/polybench/2mm/463/universal/runs/run_001/stdout.txt,/root/exp/RFunipassLab/external_datasets/build/runtime_matched/external_runtime_polybench10_wrap_10seeds_backend_o3_repeat1_adaptive5_20260510/o3/polybench/2mm/463/universal/runs/run_001/stderr.txt,runtime timeout after 11.41178s
external_runtime_polybench10_wrap_10seeds_backend_o3_repeat1_adaptive5_20260510,o3,o3,polybench,2mm,464,20260423_230444_536999_feature_lite_seed464,universal,rfunipass,1,failed,,,11.41178,True,/root/exp/RFunipassLab/external_datasets/build/runtime_matched/external_runtime_polybench10_wrap_10seeds_backend_o3_repeat1_adaptive5_20260510/o3/polybench/2mm/464/universal/a.out,/root/exp/RFunipassLab/external_datasets/build/runtime_matched/external_runtime_polybench10_wrap_10seeds_backend_o3_repeat1_adaptive5_20260510/o3/polybench/2mm/464/universal/universal_58aea292ea66.ll,/root/exp/RFunipassLab/external_datasets/build/runtime_matched/external_runtime_polybench10_wrap_10seeds_backend_o3_repeat1_adaptive5_20260510/o3/polybench/2mm/464/universal/runs/run_001/stdout.txt,/root/exp/RFunipassLab/external_datasets/build/runtime_matched/external_runtime_polybench10_wrap_10seeds_backend_o3_repeat1_adaptive5_20260510/o3/polybench/2mm/464/universal/runs/run_001/stderr.txt,runtime timeout after 11.41178s
external_runtime_polybench10_wrap_10seeds_backend_o3_repeat1_adaptive5_20260510,o3,o3,polybench,2mm,465,20260423_231957_016941_feature_lite_seed465,universal,rfunipass,1,ok,1778380910.045309,2.324551003985107,11.41178,False,/root/exp/RFunipassLab/external_datasets/build/runtime_matched/external_runtime_polybench10_wrap_10seeds_backend_o3_repeat1_adaptive5_20260510/o3/polybench/2mm/465/universal/a.out,/root/exp/RFunipassLab/external_datasets/build/runtime_matched/external_runtime_polybench10_wrap_10seeds_backend_o3_repeat1_adaptive5_20260510/o3/polybench/2mm/465/universal/universal_e2fa59514181.ll,/root/exp/RFunipassLab/external_datasets/build/runtime_matched/external_runtime_polybench10_wrap_10seeds_backend_o3_repeat1_adaptive5_20260510/o3/polybench/2mm/465/universal/runs/run_001/stdout.txt,/root/exp/RFunipassLab/external_datasets/build/runtime_matched/external_runtime_polybench10_wrap_10seeds_backend_o3_repeat1_adaptive5_20260510/o3/polybench/2mm/465/universal/runs/run_001/stderr.txt,
external_runtime_polybench10_wrap_10seeds_backend_o3_repeat1_adaptive5_20260510,o3,o3,polybench,3mm,,,none,baseline,1,ok,9.544342,9.599074381170794,300.0,False,/root/exp/RFunipassLab/external_datasets/build/runtime_matched/external_runtime_polybench10_wrap_10seeds_backend_o3_repeat1_adaptive5_20260510/o3/polybench/3mm/baseline/none/a.out,/root/exp/RFunipassLab/external_datasets/build/runtime_matched/external_runtime_polybench10_wrap_10seeds_backend_o3_repeat1_adaptive5_20260510/o3/polybench/3mm/baseline/none/none_71f8e7976e4c.ll,/root/exp/RFunipassLab/external_datasets/build/runtime_matched/external_runtime_polybench10_wrap_10seeds_backend_o3_repeat1_adaptive5_20260510/o3/polybench/3mm/baseline/none/runs/run_001/stdout.txt,/root/exp/RFunipassLab/external_datasets/build/runtime_matched/external_runtime_polybench10_wrap_10seeds_backend_o3_repeat1_adaptive5_20260510/o3/polybench/3mm/baseline/none/runs/run_001/stderr.txt,
external_runtime_polybench10_wrap_10seeds_backend_o3_repeat1_adaptive5_20260510,o3,o3,polybench,3mm,,,o3,baseline,1,ok,3.005272,3.0285529480315745,300.0,False,/root/exp/RFunipassLab/external_datasets/build/runtime_matched/external_runtime_polybench10_wrap_10seeds_backend_o3_repeat1_adaptive5_20260510/o3/polybench/3mm/baseline/o3/a.out,/root/exp/RFunipassLab/external_datasets/build/runtime_matched/external_runtime_polybench10_wrap_10seeds_backend_o3_repeat1_adaptive5_20260510/o3/polybench/3mm/baseline/o3/o3_41db216f1b51.ll,/root/exp/RFunipassLab/external_datasets/build/runtime_matched/external_runtime_polybench10_wrap_10seeds_backend_o3_repeat1_adaptive5_20260510/o3/polybench/3mm/baseline/o3/runs/run_001/stdout.txt,/root/exp/RFunipassLab/external_datasets/build/runtime_matched/external_runtime_polybench10_wrap_10seeds_backend_o3_repeat1_adaptive5_20260510/o3/polybench/3mm/baseline/o3/runs/run_001/stderr.txt,
external_runtime_polybench10_wrap_10seeds_backend_o3_repeat1_adaptive5_20260510,o3,o3,polybench,3mm,456,20260423_181846_349217_feature_lite_seed456,universal,rfunipass,1,failed,,,15.02636,True,/root/exp/RFunipassLab/external_datasets/build/runtime_matched/external_runtime_polybench10_wrap_10seeds_backend_o3_repeat1_adaptive5_20260510/o3/polybench/3mm/456/universal/a.out,/root/exp/RFunipassLab/external_datasets/build/runtime_matched/external_runtime_polybench10_wrap_10seeds_backend_o3_repeat1_adaptive5_20260510/o3/polybench/3mm/456/universal/universal_1dd8ea870347.ll,/root/exp/RFunipassLab/external_datasets/build/runtime_matched/external_runtime_polybench10_wrap_10seeds_backend_o3_repeat1_adaptive5_20260510/o3/polybench/3mm/456/universal/runs/run_001/stdout.txt,/root/exp/RFunipassLab/external_datasets/build/runtime_matched/external_runtime_polybench10_wrap_10seeds_backend_o3_repeat1_adaptive5_20260510/o3/polybench/3mm/456/universal/runs/run_001/stderr.txt,runtime timeout after 15.02636s
external_runtime_polybench10_wrap_10seeds_backend_o3_repeat1_adaptive5_20260510,o3,o3,polybench,3mm,457,20260423_184811_146360_feature_lite_seed457,universal,rfunipass,1,failed,,,15.02636,True,/root/exp/RFunipassLab/external_datasets/build/runtime_matched/external_runtime_polybench10_wrap_10seeds_backend_o3_repeat1_adaptive5_20260510/o3/polybench/3mm/457/universal/a.out,/root/exp/RFunipassLab/external_datasets/build/runtime_matched/external_runtime_polybench10_wrap_10seeds_backend_o3_repeat1_adaptive5_20260510/o3/polybench/3mm/457/universal/universal_468197d7c679.ll,/root/exp/RFunipassLab/external_datasets/build/runtime_matched/external_runtime_polybench10_wrap_10seeds_backend_o3_repeat1_adaptive5_20260510/o3/polybench/3mm/457/universal/runs/run_001/stdout.txt,/root/exp/RFunipassLab/external_datasets/build/runtime_matched/external_runtime_polybench10_wrap_10seeds_backend_o3_repeat1_adaptive5_20260510/o3/polybench/3mm/457/universal/runs/run_001/stderr.txt,runtime timeout after 15.02636s
external_runtime_polybench10_wrap_10seeds_backend_o3_repeat1_adaptive5_20260510,o3,o3,polybench,3mm,458,20260423_193326_468019_feature_lite_seed458,universal,rfunipass,1,failed,,,15.02636,True,/root/exp/RFunipassLab/external_datasets/build/runtime_matched/external_runtime_polybench10_wrap_10seeds_backend_o3_repeat1_adaptive5_20260510/o3/polybench/3mm/458/universal/a.out,/root/exp/RFunipassLab/external_datasets/build/runtime_matched/external_runtime_polybench10_wrap_10seeds_backend_o3_repeat1_adaptive5_20260510/o3/polybench/3mm/458/universal/universal_bac1dd97c06b.ll,/root/exp/RFunipassLab/external_datasets/build/runtime_matched/external_runtime_polybench10_wrap_10seeds_backend_o3_repeat1_adaptive5_20260510/o3/polybench/3mm/458/universal/runs/run_001/stdout.txt,/root/exp/RFunipassLab/external_datasets/build/runtime_matched/external_runtime_polybench10_wrap_10seeds_backend_o3_repeat1_adaptive5_20260510/o3/polybench/3mm/458/universal/runs/run_001/stderr.txt,runtime timeout after 15.02636s
external_runtime_polybench10_wrap_10seeds_backend_o3_repeat1_adaptive5_20260510,o3,o3,polybench,3mm,459,20260423_203402_518521_feature_lite_seed459,universal,rfunipass,1,ok,3.022745,3.0598201360553503,15.02636,False,/root/exp/RFunipassLab/external_datasets/build/runtime_matched/external_runtime_polybench10_wrap_10seeds_backend_o3_repeat1_adaptive5_20260510/o3/polybench/3mm/459/universal/a.out,/root/exp/RFunipassLab/external_datasets/build/runtime_matched/external_runtime_polybench10_wrap_10seeds_backend_o3_repeat1_adaptive5_20260510/o3/polybench/3mm/459/universal/universal_6d5271a22f91.ll,/root/exp/RFunipassLab/external_datasets/build/runtime_matched/external_runtime_polybench10_wrap_10seeds_backend_o3_repeat1_adaptive5_20260510/o3/polybench/3mm/459/universal/runs/run_001/stdout.txt,/root/exp/RFunipassLab/external_datasets/build/runtime_matched/external_runtime_polybench10_wrap_10seeds_backend_o3_repeat1_adaptive5_20260510/o3/polybench/3mm/459/universal/runs/run_001/stderr.txt,
external_runtime_polybench10_wrap_10seeds_backend_o3_repeat1_adaptive5_20260510,o3,o3,polybench,3mm,460,20260423_205014_703926_feature_lite_seed460,universal,rfunipass,1,failed,,,15.02636,True,/root/exp/RFunipassLab/external_datasets/build/runtime_matched/external_runtime_polybench10_wrap_10seeds_backend_o3_repeat1_adaptive5_20260510/o3/polybench/3mm/460/universal/a.out,/root/exp/RFunipassLab/external_datasets/build/runtime_matched/external_runtime_polybench10_wrap_10seeds_backend_o3_repeat1_adaptive5_20260510/o3/polybench/3mm/460/universal/universal_aa7d5985738b.ll,/root/exp/RFunipassLab/external_datasets/build/runtime_matched/external_runtime_polybench10_wrap_10seeds_backend_o3_repeat1_adaptive5_20260510/o3/polybench/3mm/460/universal/runs/run_001/stdout.txt,/root/exp/RFunipassLab/external_datasets/build/runtime_matched/external_runtime_polybench10_wrap_10seeds_backend_o3_repeat1_adaptive5_20260510/o3/polybench/3mm/460/universal/runs/run_001/stderr.txt,runtime timeout after 15.02636s
external_runtime_polybench10_wrap_10seeds_backend_o3_repeat1_adaptive5_20260510,o3,o3,polybench,3mm,461,20260423_211628_575222_feature_lite_seed461,universal,rfunipass,1,ok,3.024763,3.051499716937542,15.02636,False,/root/exp/RFunipassLab/external_datasets/build/runtime_matched/external_runtime_polybench10_wrap_10seeds_backend_o3_repeat1_adaptive5_20260510/o3/polybench/3mm/461/universal/a.out,/root/exp/RFunipassLab/external_datasets/build/runtime_matched/external_runtime_polybench10_wrap_10seeds_backend_o3_repeat1_adaptive5_20260510/o3/polybench/3mm/461/universal/universal_c3b20e7655ed.ll,/root/exp/RFunipassLab/external_datasets/build/runtime_matched/external_runtime_polybench10_wrap_10seeds_backend_o3_repeat1_adaptive5_20260510/o3/polybench/3mm/461/universal/runs/run_001/stdout.txt,/root/exp/RFunipassLab/external_datasets/build/runtime_matched/external_runtime_polybench10_wrap_10seeds_backend_o3_repeat1_adaptive5_20260510/o3/polybench/3mm/461/universal/runs/run_001/stderr.txt,
external_runtime_polybench10_wrap_10seeds_backend_o3_repeat1_adaptive5_20260510,o3,o3,polybench,3mm,462,20260423_214113_355045_feature_lite_seed462,universal,rfunipass,1,failed,,,15.02636,True,/root/exp/RFunipassLab/external_datasets/build/runtime_matched/external_runtime_polybench10_wrap_10seeds_backend_o3_repeat1_adaptive5_20260510/o3/polybench/3mm/462/universal/a.out,/root/exp/RFunipassLab/external_datasets/build/runtime_matched/external_runtime_polybench10_wrap_10seeds_backend_o3_repeat1_adaptive5_20260510/o3/polybench/3mm/462/universal/universal_4da41e9006a8.ll,/root/exp/RFunipassLab/external_datasets/build/runtime_matched/external_runtime_polybench10_wrap_10seeds_backend_o3_repeat1_adaptive5_20260510/o3/polybench/3mm/462/universal/runs/run_001/stdout.txt,/root/exp/RFunipassLab/external_datasets/build/runtime_matched/external_runtime_polybench10_wrap_10seeds_backend_o3_repeat1_adaptive5_20260510/o3/polybench/3mm/462/universal/runs/run_001/stderr.txt,runtime timeout after 15.02636s
external_runtime_polybench10_wrap_10seeds_backend_o3_repeat1_adaptive5_20260510,o3,o3,polybench,3mm,463,20260423_221353_240005_feature_lite_seed463,universal,rfunipass,1,failed,,,15.02636,True,/root/exp/RFunipassLab/external_datasets/build/runtime_matched/external_runtime_polybench10_wrap_10seeds_backend_o3_repeat1_adaptive5_20260510/o3/polybench/3mm/463/universal/a.out,/root/exp/RFunipassLab/external_datasets/build/runtime_matched/external_runtime_polybench10_wrap_10seeds_backend_o3_repeat1_adaptive5_20260510/o3/polybench/3mm/463/universal/universal_3c6e71c0df8d.ll,/root/exp/RFunipassLab/external_datasets/build/runtime_matched/external_runtime_polybench10_wrap_10seeds_backend_o3_repeat1_adaptive5_20260510/o3/polybench/3mm/463/universal/runs/run_001/stdout.txt,/root/exp/RFunipassLab/external_datasets/build/runtime_matched/external_runtime_polybench10_wrap_10seeds_backend_o3_repeat1_adaptive5_20260510/o3/polybench/3mm/463/universal/runs/run_001/stderr.txt,runtime timeout after 15.02636s
external_runtime_polybench10_wrap_10seeds_backend_o3_repeat1_adaptive5_20260510,o3,o3,polybench,3mm,464,20260423_230444_536999_feature_lite_seed464,universal,rfunipass,1,failed,,,15.02636,True,/root/exp/RFunipassLab/external_datasets/build/runtime_matched/external_runtime_polybench10_wrap_10seeds_backend_o3_repeat1_adaptive5_20260510/o3/polybench/3mm/464/universal/a.out,/root/exp/RFunipassLab/external_datasets/build/runtime_matched/external_runtime_polybench10_wrap_10seeds_backend_o3_repeat1_adaptive5_20260510/o3/polybench/3mm/464/universal/universal_58aea292ea66.ll,/root/exp/RFunipassLab/external_datasets/build/runtime_matched/external_runtime_polybench10_wrap_10seeds_backend_o3_repeat1_adaptive5_20260510/o3/polybench/3mm/464/universal/runs/run_001/stdout.txt,/root/exp/RFunipassLab/external_datasets/build/runtime_matched/external_runtime_polybench10_wrap_10seeds_backend_o3_repeat1_adaptive5_20260510/o3/polybench/3mm/464/universal/runs/run_001/stderr.txt,runtime timeout after 15.02636s
external_runtime_polybench10_wrap_10seeds_backend_o3_repeat1_adaptive5_20260510,o3,o3,polybench,3mm,465,20260423_231957_016941_feature_lite_seed465,universal,rfunipass,1,ok,1778381058.277038,3.102560085011646,15.02636,False,/root/exp/RFunipassLab/external_datasets/build/runtime_matched/external_runtime_polybench10_wrap_10seeds_backend_o3_repeat1_adaptive5_20260510/o3/polybench/3mm/465/universal/a.out,/root/exp/RFunipassLab/external_datasets/build/runtime_matched/external_runtime_polybench10_wrap_10seeds_backend_o3_repeat1_adaptive5_20260510/o3/polybench/3mm/465/universal/universal_e2fa59514181.ll,/root/exp/RFunipassLab/external_datasets/build/runtime_matched/external_runtime_polybench10_wrap_10seeds_backend_o3_repeat1_adaptive5_20260510/o3/polybench/3mm/465/universal/runs/run_001/stdout.txt,/root/exp/RFunipassLab/external_datasets/build/runtime_matched/external_runtime_polybench10_wrap_10seeds_backend_o3_repeat1_adaptive5_20260510/o3/polybench/3mm/465/universal/runs/run_001/stderr.txt,
external_runtime_polybench10_wrap_10seeds_backend_o3_repeat1_adaptive5_20260510,o3,o3,polybench,cholesky,,,none,baseline,1,ok,4.177749,24.70886746700853,300.0,False,/root/exp/RFunipassLab/external_datasets/build/runtime_matched/external_runtime_polybench10_wrap_10seeds_backend_o3_repeat1_adaptive5_20260510/o3/polybench/cholesky/baseline/none/a.out,/root/exp/RFunipassLab/external_datasets/build/runtime_matched/external_runtime_polybench10_wrap_10seeds_backend_o3_repeat1_adaptive5_20260510/o3/polybench/cholesky/baseline/none/none_71f8e7976e4c.ll,/root/exp/RFunipassLab/external_datasets/build/runtime_matched/external_runtime_polybench10_wrap_10seeds_backend_o3_repeat1_adaptive5_20260510/o3/polybench/cholesky/baseline/none/runs/run_001/stdout.txt,/root/exp/RFunipassLab/external_datasets/build/runtime_matched/external_runtime_polybench10_wrap_10seeds_backend_o3_repeat1_adaptive5_20260510/o3/polybench/cholesky/baseline/none/runs/run_001/stderr.txt,
external_runtime_polybench10_wrap_10seeds_backend_o3_repeat1_adaptive5_20260510,o3,o3,polybench,cholesky,,,o3,baseline,1,ok,1.106573,21.112357217120007,300.0,False,/root/exp/RFunipassLab/external_datasets/build/runtime_matched/external_runtime_polybench10_wrap_10seeds_backend_o3_repeat1_adaptive5_20260510/o3/polybench/cholesky/baseline/o3/a.out,/root/exp/RFunipassLab/external_datasets/build/runtime_matched/external_runtime_polybench10_wrap_10seeds_backend_o3_repeat1_adaptive5_20260510/o3/polybench/cholesky/baseline/o3/o3_41db216f1b51.ll,/root/exp/RFunipassLab/external_datasets/build/runtime_matched/external_runtime_polybench10_wrap_10seeds_backend_o3_repeat1_adaptive5_20260510/o3/polybench/cholesky/baseline/o3/runs/run_001/stdout.txt,/root/exp/RFunipassLab/external_datasets/build/runtime_matched/external_runtime_polybench10_wrap_10seeds_backend_o3_repeat1_adaptive5_20260510/o3/polybench/cholesky/baseline/o3/runs/run_001/stderr.txt,
external_runtime_polybench10_wrap_10seeds_backend_o3_repeat1_adaptive5_20260510,o3,o3,polybench,cholesky,456,20260423_181846_349217_feature_lite_seed456,universal,rfunipass,1,failed,,,5.532865,False,/root/exp/RFunipassLab/external_datasets/build/runtime_matched/external_runtime_polybench10_wrap_10seeds_backend_o3_repeat1_adaptive5_20260510/o3/polybench/cholesky/456/universal/a.out,/root/exp/RFunipassLab/external_datasets/build/runtime_matched/external_runtime_polybench10_wrap_10seeds_backend_o3_repeat1_adaptive5_20260510/o3/polybench/cholesky/456/universal/universal_1dd8ea870347.ll,/root/exp/RFunipassLab/external_datasets/build/runtime_matched/external_runtime_polybench10_wrap_10seeds_backend_o3_repeat1_adaptive5_20260510/o3/polybench/cholesky/456/universal/runs/run_001/stdout.txt,/root/exp/RFunipassLab/external_datasets/build/runtime_matched/external_runtime_polybench10_wrap_10seeds_backend_o3_repeat1_adaptive5_20260510/o3/polybench/cholesky/456/universal/runs/run_001/stderr.txt,binary exited with returncode=-11
external_runtime_polybench10_wrap_10seeds_backend_o3_repeat1_adaptive5_20260510,o3,o3,polybench,cholesky,457,20260423_184811_146360_feature_lite_seed457,universal,rfunipass,1,failed,,,5.532865,True,/root/exp/RFunipassLab/external_datasets/build/runtime_matched/external_runtime_polybench10_wrap_10seeds_backend_o3_repeat1_adaptive5_20260510/o3/polybench/cholesky/457/universal/a.out,/root/exp/RFunipassLab/external_datasets/build/runtime_matched/external_runtime_polybench10_wrap_10seeds_backend_o3_repeat1_adaptive5_20260510/o3/polybench/cholesky/457/universal/universal_468197d7c679.ll,/root/exp/RFunipassLab/external_datasets/build/runtime_matched/external_runtime_polybench10_wrap_10seeds_backend_o3_repeat1_adaptive5_20260510/o3/polybench/cholesky/457/universal/runs/run_001/stdout.txt,/root/exp/RFunipassLab/external_datasets/build/runtime_matched/external_runtime_polybench10_wrap_10seeds_backend_o3_repeat1_adaptive5_20260510/o3/polybench/cholesky/457/universal/runs/run_001/stderr.txt,runtime timeout after 5.532865s
external_runtime_polybench10_wrap_10seeds_backend_o3_repeat1_adaptive5_20260510,o3,o3,polybench,cholesky,458,20260423_193326_468019_feature_lite_seed458,universal,rfunipass,1,failed,,,5.532865,False,/root/exp/RFunipassLab/external_datasets/build/runtime_matched/external_runtime_polybench10_wrap_10seeds_backend_o3_repeat1_adaptive5_20260510/o3/polybench/cholesky/458/universal/a.out,/root/exp/RFunipassLab/external_datasets/build/runtime_matched/external_runtime_polybench10_wrap_10seeds_backend_o3_repeat1_adaptive5_20260510/o3/polybench/cholesky/458/universal/universal_bac1dd97c06b.ll,/root/exp/RFunipassLab/external_datasets/build/runtime_matched/external_runtime_polybench10_wrap_10seeds_backend_o3_repeat1_adaptive5_20260510/o3/polybench/cholesky/458/universal/runs/run_001/stdout.txt,/root/exp/RFunipassLab/external_datasets/build/runtime_matched/external_runtime_polybench10_wrap_10seeds_backend_o3_repeat1_adaptive5_20260510/o3/polybench/cholesky/458/universal/runs/run_001/stderr.txt,binary exited with returncode=-11
external_runtime_polybench10_wrap_10seeds_backend_o3_repeat1_adaptive5_20260510,o3,o3,polybench,cholesky,459,20260423_203402_518521_feature_lite_seed459,universal,rfunipass,1,failed,,,5.532865,False,/root/exp/RFunipassLab/external_datasets/build/runtime_matched/external_runtime_polybench10_wrap_10seeds_backend_o3_repeat1_adaptive5_20260510/o3/polybench/cholesky/459/universal/a.out,/root/exp/RFunipassLab/external_datasets/build/runtime_matched/external_runtime_polybench10_wrap_10seeds_backend_o3_repeat1_adaptive5_20260510/o3/polybench/cholesky/459/universal/universal_6d5271a22f91.ll,/root/exp/RFunipassLab/external_datasets/build/runtime_matched/external_runtime_polybench10_wrap_10seeds_backend_o3_repeat1_adaptive5_20260510/o3/polybench/cholesky/459/universal/runs/run_001/stdout.txt,/root/exp/RFunipassLab/external_datasets/build/runtime_matched/external_runtime_polybench10_wrap_10seeds_backend_o3_repeat1_adaptive5_20260510/o3/polybench/cholesky/459/universal/runs/run_001/stderr.txt,binary exited with returncode=-11
external_runtime_polybench10_wrap_10seeds_backend_o3_repeat1_adaptive5_20260510,o3,o3,polybench,cholesky,460,20260423_205014_703926_feature_lite_seed460,universal,rfunipass,1,failed,,,5.532865,False,/root/exp/RFunipassLab/external_datasets/build/runtime_matched/external_runtime_polybench10_wrap_10seeds_backend_o3_repeat1_adaptive5_20260510/o3/polybench/cholesky/460/universal/a.out,/root/exp/RFunipassLab/external_datasets/build/runtime_matched/external_runtime_polybench10_wrap_10seeds_backend_o3_repeat1_adaptive5_20260510/o3/polybench/cholesky/460/universal/universal_aa7d5985738b.ll,/root/exp/RFunipassLab/external_datasets/build/runtime_matched/external_runtime_polybench10_wrap_10seeds_backend_o3_repeat1_adaptive5_20260510/o3/polybench/cholesky/460/universal/runs/run_001/stdout.txt,/root/exp/RFunipassLab/external_datasets/build/runtime_matched/external_runtime_polybench10_wrap_10seeds_backend_o3_repeat1_adaptive5_20260510/o3/polybench/cholesky/460/universal/runs/run_001/stderr.txt,binary exited with returncode=-11
external_runtime_polybench10_wrap_10seeds_backend_o3_repeat1_adaptive5_20260510,o3,o3,polybench,cholesky,461,20260423_211628_575222_feature_lite_seed461,universal,rfunipass,1,failed,,,5.532865,True,/root/exp/RFunipassLab/external_datasets/build/runtime_matched/external_runtime_polybench10_wrap_10seeds_backend_o3_repeat1_adaptive5_20260510/o3/polybench/cholesky/461/universal/a.out,/root/exp/RFunipassLab/external_datasets/build/runtime_matched/external_runtime_polybench10_wrap_10seeds_backend_o3_repeat1_adaptive5_20260510/o3/polybench/cholesky/461/universal/universal_c3b20e7655ed.ll,/root/exp/RFunipassLab/external_datasets/build/runtime_matched/external_runtime_polybench10_wrap_10seeds_backend_o3_repeat1_adaptive5_20260510/o3/polybench/cholesky/461/universal/runs/run_001/stdout.txt,/root/exp/RFunipassLab/external_datasets/build/runtime_matched/external_runtime_polybench10_wrap_10seeds_backend_o3_repeat1_adaptive5_20260510/o3/polybench/cholesky/461/universal/runs/run_001/stderr.txt,runtime timeout after 5.532865s
external_runtime_polybench10_wrap_10seeds_backend_o3_repeat1_adaptive5_20260510,o3,o3,polybench,cholesky,462,20260423_214113_355045_feature_lite_seed462,universal,rfunipass,1,failed,,,5.532865,False,/root/exp/RFunipassLab/external_datasets/build/runtime_matched/external_runtime_polybench10_wrap_10seeds_backend_o3_repeat1_adaptive5_20260510/o3/polybench/cholesky/462/universal/a.out,/root/exp/RFunipassLab/external_datasets/build/runtime_matched/external_runtime_polybench10_wrap_10seeds_backend_o3_repeat1_adaptive5_20260510/o3/polybench/cholesky/462/universal/universal_4da41e9006a8.ll,/root/exp/RFunipassLab/external_datasets/build/runtime_matched/external_runtime_polybench10_wrap_10seeds_backend_o3_repeat1_adaptive5_20260510/o3/polybench/cholesky/462/universal/runs/run_001/stdout.txt,/root/exp/RFunipassLab/external_datasets/build/runtime_matched/external_runtime_polybench10_wrap_10seeds_backend_o3_repeat1_adaptive5_20260510/o3/polybench/cholesky/462/universal/runs/run_001/stderr.txt,binary exited with returncode=-11
external_runtime_polybench10_wrap_10seeds_backend_o3_repeat1_adaptive5_20260510,o3,o3,polybench,cholesky,463,20260423_221353_240005_feature_lite_seed463,universal,rfunipass,1,failed,,,5.532865,True,/root/exp/RFunipassLab/external_datasets/build/runtime_matched/external_runtime_polybench10_wrap_10seeds_backend_o3_repeat1_adaptive5_20260510/o3/polybench/cholesky/463/universal/a.out,/root/exp/RFunipassLab/external_datasets/build/runtime_matched/external_runtime_polybench10_wrap_10seeds_backend_o3_repeat1_adaptive5_20260510/o3/polybench/cholesky/463/universal/universal_3c6e71c0df8d.ll,/root/exp/RFunipassLab/external_datasets/build/runtime_matched/external_runtime_polybench10_wrap_10seeds_backend_o3_repeat1_adaptive5_20260510/o3/polybench/cholesky/463/universal/runs/run_001/stdout.txt,/root/exp/RFunipassLab/external_datasets/build/runtime_matched/external_runtime_polybench10_wrap_10seeds_backend_o3_repeat1_adaptive5_20260510/o3/polybench/cholesky/463/universal/runs/run_001/stderr.txt,runtime timeout after 5.532865s
external_runtime_polybench10_wrap_10seeds_backend_o3_repeat1_adaptive5_20260510,o3,o3,polybench,cholesky,464,20260423_230444_536999_feature_lite_seed464,universal,rfunipass,1,failed,,,5.532865,False,/root/exp/RFunipassLab/external_datasets/build/runtime_matched/external_runtime_polybench10_wrap_10seeds_backend_o3_repeat1_adaptive5_20260510/o3/polybench/cholesky/464/universal/a.out,/root/exp/RFunipassLab/external_datasets/build/runtime_matched/external_runtime_polybench10_wrap_10seeds_backend_o3_repeat1_adaptive5_20260510/o3/polybench/cholesky/464/universal/universal_58aea292ea66.ll,/root/exp/RFunipassLab/external_datasets/build/runtime_matched/external_runtime_polybench10_wrap_10seeds_backend_o3_repeat1_adaptive5_20260510/o3/polybench/cholesky/464/universal/runs/run_001/stdout.txt,/root/exp/RFunipassLab/external_datasets/build/runtime_matched/external_runtime_polybench10_wrap_10seeds_backend_o3_repeat1_adaptive5_20260510/o3/polybench/cholesky/464/universal/runs/run_001/stderr.txt,binary exited with returncode=-11
external_runtime_polybench10_wrap_10seeds_backend_o3_repeat1_adaptive5_20260510,o3,o3,polybench,cholesky,465,20260423_231957_016941_feature_lite_seed465,universal,rfunipass,1,failed,,,5.532865,False,/root/exp/RFunipassLab/external_datasets/build/runtime_matched/external_runtime_polybench10_wrap_10seeds_backend_o3_repeat1_adaptive5_20260510/o3/polybench/cholesky/465/universal/a.out,/root/exp/RFunipassLab/external_datasets/build/runtime_matched/external_runtime_polybench10_wrap_10seeds_backend_o3_repeat1_adaptive5_20260510/o3/polybench/cholesky/465/universal/universal_e2fa59514181.ll,/root/exp/RFunipassLab/external_datasets/build/runtime_matched/external_runtime_polybench10_wrap_10seeds_backend_o3_repeat1_adaptive5_20260510/o3/polybench/cholesky/465/universal/runs/run_001/stdout.txt,/root/exp/RFunipassLab/external_datasets/build/runtime_matched/external_runtime_polybench10_wrap_10seeds_backend_o3_repeat1_adaptive5_20260510/o3/polybench/cholesky/465/universal/runs/run_001/stderr.txt,binary exited with returncode=-11
external_runtime_polybench10_wrap_10seeds_backend_o3_repeat1_adaptive5_20260510,o3,o3,polybench,jacobi-2d,,,none,baseline,1,ok,4.040696,4.078991225920618,300.0,False,/root/exp/RFunipassLab/external_datasets/build/runtime_matched/external_runtime_polybench10_wrap_10seeds_backend_o3_repeat1_adaptive5_20260510/o3/polybench/jacobi-2d/baseline/none/a.out,/root/exp/RFunipassLab/external_datasets/build/runtime_matched/external_runtime_polybench10_wrap_10seeds_backend_o3_repeat1_adaptive5_20260510/o3/polybench/jacobi-2d/baseline/none/none_71f8e7976e4c.ll,/root/exp/RFunipassLab/external_datasets/build/runtime_matched/external_runtime_polybench10_wrap_10seeds_backend_o3_repeat1_adaptive5_20260510/o3/polybench/jacobi-2d/baseline/none/runs/run_001/stdout.txt,/root/exp/RFunipassLab/external_datasets/build/runtime_matched/external_runtime_polybench10_wrap_10seeds_backend_o3_repeat1_adaptive5_20260510/o3/polybench/jacobi-2d/baseline/none/runs/run_001/stderr.txt,
external_runtime_polybench10_wrap_10seeds_backend_o3_repeat1_adaptive5_20260510,o3,o3,polybench,jacobi-2d,,,o3,baseline,1,ok,1.489927,1.509515950223431,300.0,False,/root/exp/RFunipassLab/external_datasets/build/runtime_matched/external_runtime_polybench10_wrap_10seeds_backend_o3_repeat1_adaptive5_20260510/o3/polybench/jacobi-2d/baseline/o3/a.out,/root/exp/RFunipassLab/external_datasets/build/runtime_matched/external_runtime_polybench10_wrap_10seeds_backend_o3_repeat1_adaptive5_20260510/o3/polybench/jacobi-2d/baseline/o3/o3_41db216f1b51.ll,/root/exp/RFunipassLab/external_datasets/build/runtime_matched/external_runtime_polybench10_wrap_10seeds_backend_o3_repeat1_adaptive5_20260510/o3/polybench/jacobi-2d/baseline/o3/runs/run_001/stdout.txt,/root/exp/RFunipassLab/external_datasets/build/runtime_matched/external_runtime_polybench10_wrap_10seeds_backend_o3_repeat1_adaptive5_20260510/o3/polybench/jacobi-2d/baseline/o3/runs/run_001/stderr.txt,
external_runtime_polybench10_wrap_10seeds_backend_o3_repeat1_adaptive5_20260510,o3,o3,polybench,jacobi-2d,456,20260423_181846_349217_feature_lite_seed456,universal,rfunipass,1,failed,,,7.449635,True,/root/exp/RFunipassLab/external_datasets/build/runtime_matched/external_runtime_polybench10_wrap_10seeds_backend_o3_repeat1_adaptive5_20260510/o3/polybench/jacobi-2d/456/universal/a.out,/root/exp/RFunipassLab/external_datasets/build/runtime_matched/external_runtime_polybench10_wrap_10seeds_backend_o3_repeat1_adaptive5_20260510/o3/polybench/jacobi-2d/456/universal/universal_1dd8ea870347.ll,/root/exp/RFunipassLab/external_datasets/build/runtime_matched/external_runtime_polybench10_wrap_10seeds_backend_o3_repeat1_adaptive5_20260510/o3/polybench/jacobi-2d/456/universal/runs/run_001/stdout.txt,/root/exp/RFunipassLab/external_datasets/build/runtime_matched/external_runtime_polybench10_wrap_10seeds_backend_o3_repeat1_adaptive5_20260510/o3/polybench/jacobi-2d/456/universal/runs/run_001/stderr.txt,runtime timeout after 7.449635s
external_runtime_polybench10_wrap_10seeds_backend_o3_repeat1_adaptive5_20260510,o3,o3,polybench,jacobi-2d,457,20260423_184811_146360_feature_lite_seed457,universal,rfunipass,1,failed,,,7.449635,False,/root/exp/RFunipassLab/external_datasets/build/runtime_matched/external_runtime_polybench10_wrap_10seeds_backend_o3_repeat1_adaptive5_20260510/o3/polybench/jacobi-2d/457/universal/a.out,/root/exp/RFunipassLab/external_datasets/build/runtime_matched/external_runtime_polybench10_wrap_10seeds_backend_o3_repeat1_adaptive5_20260510/o3/polybench/jacobi-2d/457/universal/universal_468197d7c679.ll,/root/exp/RFunipassLab/external_datasets/build/runtime_matched/external_runtime_polybench10_wrap_10seeds_backend_o3_repeat1_adaptive5_20260510/o3/polybench/jacobi-2d/457/universal/runs/run_001/stdout.txt,/root/exp/RFunipassLab/external_datasets/build/runtime_matched/external_runtime_polybench10_wrap_10seeds_backend_o3_repeat1_adaptive5_20260510/o3/polybench/jacobi-2d/457/universal/runs/run_001/stderr.txt,binary exited with returncode=-11
external_runtime_polybench10_wrap_10seeds_backend_o3_repeat1_adaptive5_20260510,o3,o3,polybench,jacobi-2d,458,20260423_193326_468019_feature_lite_seed458,universal,rfunipass,1,failed,,,7.449635,False,/root/exp/RFunipassLab/external_datasets/build/runtime_matched/external_runtime_polybench10_wrap_10seeds_backend_o3_repeat1_adaptive5_20260510/o3/polybench/jacobi-2d/458/universal/a.out,/root/exp/RFunipassLab/external_datasets/build/runtime_matched/external_runtime_polybench10_wrap_10seeds_backend_o3_repeat1_adaptive5_20260510/o3/polybench/jacobi-2d/458/universal/universal_bac1dd97c06b.ll,/root/exp/RFunipassLab/external_datasets/build/runtime_matched/external_runtime_polybench10_wrap_10seeds_backend_o3_repeat1_adaptive5_20260510/o3/polybench/jacobi-2d/458/universal/runs/run_001/stdout.txt,/root/exp/RFunipassLab/external_datasets/build/runtime_matched/external_runtime_polybench10_wrap_10seeds_backend_o3_repeat1_adaptive5_20260510/o3/polybench/jacobi-2d/458/universal/runs/run_001/stderr.txt,binary exited with returncode=-11
external_runtime_polybench10_wrap_10seeds_backend_o3_repeat1_adaptive5_20260510,o3,o3,polybench,jacobi-2d,459,20260423_203402_518521_feature_lite_seed459,universal,rfunipass,1,failed,,,7.449635,False,/root/exp/RFunipassLab/external_datasets/build/runtime_matched/external_runtime_polybench10_wrap_10seeds_backend_o3_repeat1_adaptive5_20260510/o3/polybench/jacobi-2d/459/universal/a.out,/root/exp/RFunipassLab/external_datasets/build/runtime_matched/external_runtime_polybench10_wrap_10seeds_backend_o3_repeat1_adaptive5_20260510/o3/polybench/jacobi-2d/459/universal/universal_6d5271a22f91.ll,/root/exp/RFunipassLab/external_datasets/build/runtime_matched/external_runtime_polybench10_wrap_10seeds_backend_o3_repeat1_adaptive5_20260510/o3/polybench/jacobi-2d/459/universal/runs/run_001/stdout.txt,/root/exp/RFunipassLab/external_datasets/build/runtime_matched/external_runtime_polybench10_wrap_10seeds_backend_o3_repeat1_adaptive5_20260510/o3/polybench/jacobi-2d/459/universal/runs/run_001/stderr.txt,binary exited with returncode=-11
external_runtime_polybench10_wrap_10seeds_backend_o3_repeat1_adaptive5_20260510,o3,o3,polybench,jacobi-2d,460,20260423_205014_703926_feature_lite_seed460,universal,rfunipass,1,failed,,,7.449635,False,/root/exp/RFunipassLab/external_datasets/build/runtime_matched/external_runtime_polybench10_wrap_10seeds_backend_o3_repeat1_adaptive5_20260510/o3/polybench/jacobi-2d/460/universal/a.out,/root/exp/RFunipassLab/external_datasets/build/runtime_matched/external_runtime_polybench10_wrap_10seeds_backend_o3_repeat1_adaptive5_20260510/o3/polybench/jacobi-2d/460/universal/universal_aa7d5985738b.ll,/root/exp/RFunipassLab/external_datasets/build/runtime_matched/external_runtime_polybench10_wrap_10seeds_backend_o3_repeat1_adaptive5_20260510/o3/polybench/jacobi-2d/460/universal/runs/run_001/stdout.txt,/root/exp/RFunipassLab/external_datasets/build/runtime_matched/external_runtime_polybench10_wrap_10seeds_backend_o3_repeat1_adaptive5_20260510/o3/polybench/jacobi-2d/460/universal/runs/run_001/stderr.txt,binary exited with returncode=-11
external_runtime_polybench10_wrap_10seeds_backend_o3_repeat1_adaptive5_20260510,o3,o3,polybench,jacobi-2d,461,20260423_211628_575222_feature_lite_seed461,universal,rfunipass,1,failed,,,7.449635,False,/root/exp/RFunipassLab/external_datasets/build/runtime_matched/external_runtime_polybench10_wrap_10seeds_backend_o3_repeat1_adaptive5_20260510/o3/polybench/jacobi-2d/461/universal/a.out,/root/exp/RFunipassLab/external_datasets/build/runtime_matched/external_runtime_polybench10_wrap_10seeds_backend_o3_repeat1_adaptive5_20260510/o3/polybench/jacobi-2d/461/universal/universal_c3b20e7655ed.ll,/root/exp/RFunipassLab/external_datasets/build/runtime_matched/external_runtime_polybench10_wrap_10seeds_backend_o3_repeat1_adaptive5_20260510/o3/polybench/jacobi-2d/461/universal/runs/run_001/stdout.txt,/root/exp/RFunipassLab/external_datasets/build/runtime_matched/external_runtime_polybench10_wrap_10seeds_backend_o3_repeat1_adaptive5_20260510/o3/polybench/jacobi-2d/461/universal/runs/run_001/stderr.txt,binary exited with returncode=-11
external_runtime_polybench10_wrap_10seeds_backend_o3_repeat1_adaptive5_20260510,o3,o3,polybench,jacobi-2d,462,20260423_214113_355045_feature_lite_seed462,universal,rfunipass,1,failed,,,7.449635,False,/root/exp/RFunipassLab/external_datasets/build/runtime_matched/external_runtime_polybench10_wrap_10seeds_backend_o3_repeat1_adaptive5_20260510/o3/polybench/jacobi-2d/462/universal/a.out,/root/exp/RFunipassLab/external_datasets/build/runtime_matched/external_runtime_polybench10_wrap_10seeds_backend_o3_repeat1_adaptive5_20260510/o3/polybench/jacobi-2d/462/universal/universal_4da41e9006a8.ll,/root/exp/RFunipassLab/external_datasets/build/runtime_matched/external_runtime_polybench10_wrap_10seeds_backend_o3_repeat1_adaptive5_20260510/o3/polybench/jacobi-2d/462/universal/runs/run_001/stdout.txt,/root/exp/RFunipassLab/external_datasets/build/runtime_matched/external_runtime_polybench10_wrap_10seeds_backend_o3_repeat1_adaptive5_20260510/o3/polybench/jacobi-2d/462/universal/runs/run_001/stderr.txt,binary exited with returncode=-11
external_runtime_polybench10_wrap_10seeds_backend_o3_repeat1_adaptive5_20260510,o3,o3,polybench,jacobi-2d,463,20260423_221353_240005_feature_lite_seed463,universal,rfunipass,1,failed,,,7.449635,True,/root/exp/RFunipassLab/external_datasets/build/runtime_matched/external_runtime_polybench10_wrap_10seeds_backend_o3_repeat1_adaptive5_20260510/o3/polybench/jacobi-2d/463/universal/a.out,/root/exp/RFunipassLab/external_datasets/build/runtime_matched/external_runtime_polybench10_wrap_10seeds_backend_o3_repeat1_adaptive5_20260510/o3/polybench/jacobi-2d/463/universal/universal_3c6e71c0df8d.ll,/root/exp/RFunipassLab/external_datasets/build/runtime_matched/external_runtime_polybench10_wrap_10seeds_backend_o3_repeat1_adaptive5_20260510/o3/polybench/jacobi-2d/463/universal/runs/run_001/stdout.txt,/root/exp/RFunipassLab/external_datasets/build/runtime_matched/external_runtime_polybench10_wrap_10seeds_backend_o3_repeat1_adaptive5_20260510/o3/polybench/jacobi-2d/463/universal/runs/run_001/stderr.txt,runtime timeout after 7.449635s
external_runtime_polybench10_wrap_10seeds_backend_o3_repeat1_adaptive5_20260510,o3,o3,polybench,jacobi-2d,464,20260423_230444_536999_feature_lite_seed464,universal,rfunipass,1,failed,,,7.449635,True,/root/exp/RFunipassLab/external_datasets/build/runtime_matched/external_runtime_polybench10_wrap_10seeds_backend_o3_repeat1_adaptive5_20260510/o3/polybench/jacobi-2d/464/universal/a.out,/root/exp/RFunipassLab/external_datasets/build/runtime_matched/external_runtime_polybench10_wrap_10seeds_backend_o3_repeat1_adaptive5_20260510/o3/polybench/jacobi-2d/464/universal/universal_58aea292ea66.ll,/root/exp/RFunipassLab/external_datasets/build/runtime_matched/external_runtime_polybench10_wrap_10seeds_backend_o3_repeat1_adaptive5_20260510/o3/polybench/jacobi-2d/464/universal/runs/run_001/stdout.txt,/root/exp/RFunipassLab/external_datasets/build/runtime_matched/external_runtime_polybench10_wrap_10seeds_backend_o3_repeat1_adaptive5_20260510/o3/polybench/jacobi-2d/464/universal/runs/run_001/stderr.txt,runtime timeout after 7.449635s
external_runtime_polybench10_wrap_10seeds_backend_o3_repeat1_adaptive5_20260510,o3,o3,polybench,jacobi-2d,465,20260423_231957_016941_feature_lite_seed465,universal,rfunipass,1,failed,,,7.449635,False,/root/exp/RFunipassLab/external_datasets/build/runtime_matched/external_runtime_polybench10_wrap_10seeds_backend_o3_repeat1_adaptive5_20260510/o3/polybench/jacobi-2d/465/universal/a.out,/root/exp/RFunipassLab/external_datasets/build/runtime_matched/external_runtime_polybench10_wrap_10seeds_backend_o3_repeat1_adaptive5_20260510/o3/polybench/jacobi-2d/465/universal/universal_e2fa59514181.ll,/root/exp/RFunipassLab/external_datasets/build/runtime_matched/external_runtime_polybench10_wrap_10seeds_backend_o3_repeat1_adaptive5_20260510/o3/polybench/jacobi-2d/465/universal/runs/run_001/stdout.txt,/root/exp/RFunipassLab/external_datasets/build/runtime_matched/external_runtime_polybench10_wrap_10seeds_backend_o3_repeat1_adaptive5_20260510/o3/polybench/jacobi-2d/465/universal/runs/run_001/stderr.txt,binary exited with returncode=-11
external_runtime_polybench10_wrap_10seeds_backend_o3_repeat1_adaptive5_20260510,o3,o3,polybench,lu,,,none,baseline,1,ok,9.295741,29.349944981979206,300.0,False,/root/exp/RFunipassLab/external_datasets/build/runtime_matched/external_runtime_polybench10_wrap_10seeds_backend_o3_repeat1_adaptive5_20260510/o3/polybench/lu/baseline/none/a.out,/root/exp/RFunipassLab/external_datasets/build/runtime_matched/external_runtime_polybench10_wrap_10seeds_backend_o3_repeat1_adaptive5_20260510/o3/polybench/lu/baseline/none/none_71f8e7976e4c.ll,/root/exp/RFunipassLab/external_datasets/build/runtime_matched/external_runtime_polybench10_wrap_10seeds_backend_o3_repeat1_adaptive5_20260510/o3/polybench/lu/baseline/none/runs/run_001/stdout.txt,/root/exp/RFunipassLab/external_datasets/build/runtime_matched/external_runtime_polybench10_wrap_10seeds_backend_o3_repeat1_adaptive5_20260510/o3/polybench/lu/baseline/none/runs/run_001/stderr.txt,
external_runtime_polybench10_wrap_10seeds_backend_o3_repeat1_adaptive5_20260510,o3,o3,polybench,lu,,,o3,baseline,1,ok,4.500836,23.837471028091386,300.0,False,/root/exp/RFunipassLab/external_datasets/build/runtime_matched/external_runtime_polybench10_wrap_10seeds_backend_o3_repeat1_adaptive5_20260510/o3/polybench/lu/baseline/o3/a.out,/root/exp/RFunipassLab/external_datasets/build/runtime_matched/external_runtime_polybench10_wrap_10seeds_backend_o3_repeat1_adaptive5_20260510/o3/polybench/lu/baseline/o3/o3_41db216f1b51.ll,/root/exp/RFunipassLab/external_datasets/build/runtime_matched/external_runtime_polybench10_wrap_10seeds_backend_o3_repeat1_adaptive5_20260510/o3/polybench/lu/baseline/o3/runs/run_001/stdout.txt,/root/exp/RFunipassLab/external_datasets/build/runtime_matched/external_runtime_polybench10_wrap_10seeds_backend_o3_repeat1_adaptive5_20260510/o3/polybench/lu/baseline/o3/runs/run_001/stderr.txt,
external_runtime_polybench10_wrap_10seeds_backend_o3_repeat1_adaptive5_20260510,o3,o3,polybench,lu,456,20260423_181846_349217_feature_lite_seed456,universal,rfunipass,1,failed,,,22.504179999999998,False,/root/exp/RFunipassLab/external_datasets/build/runtime_matched/external_runtime_polybench10_wrap_10seeds_backend_o3_repeat1_adaptive5_20260510/o3/polybench/lu/456/universal/a.out,/root/exp/RFunipassLab/external_datasets/build/runtime_matched/external_runtime_polybench10_wrap_10seeds_backend_o3_repeat1_adaptive5_20260510/o3/polybench/lu/456/universal/universal_1dd8ea870347.ll,/root/exp/RFunipassLab/external_datasets/build/runtime_matched/external_runtime_polybench10_wrap_10seeds_backend_o3_repeat1_adaptive5_20260510/o3/polybench/lu/456/universal/runs/run_001/stdout.txt,/root/exp/RFunipassLab/external_datasets/build/runtime_matched/external_runtime_polybench10_wrap_10seeds_backend_o3_repeat1_adaptive5_20260510/o3/polybench/lu/456/universal/runs/run_001/stderr.txt,binary exited with returncode=-11
external_runtime_polybench10_wrap_10seeds_backend_o3_repeat1_adaptive5_20260510,o3,o3,polybench,lu,457,20260423_184811_146360_feature_lite_seed457,universal,rfunipass,1,failed,,,22.504179999999998,True,/root/exp/RFunipassLab/external_datasets/build/runtime_matched/external_runtime_polybench10_wrap_10seeds_backend_o3_repeat1_adaptive5_20260510/o3/polybench/lu/457/universal/a.out,/root/exp/RFunipassLab/external_datasets/build/runtime_matched/external_runtime_polybench10_wrap_10seeds_backend_o3_repeat1_adaptive5_20260510/o3/polybench/lu/457/universal/universal_468197d7c679.ll,/root/exp/RFunipassLab/external_datasets/build/runtime_matched/external_runtime_polybench10_wrap_10seeds_backend_o3_repeat1_adaptive5_20260510/o3/polybench/lu/457/universal/runs/run_001/stdout.txt,/root/exp/RFunipassLab/external_datasets/build/runtime_matched/external_runtime_polybench10_wrap_10seeds_backend_o3_repeat1_adaptive5_20260510/o3/polybench/lu/457/universal/runs/run_001/stderr.txt,runtime timeout after 22.504179999999998s
external_runtime_polybench10_wrap_10seeds_backend_o3_repeat1_adaptive5_20260510,o3,o3,polybench,lu,458,20260423_193326_468019_feature_lite_seed458,universal,rfunipass,1,failed,,,22.504179999999998,False,/root/exp/RFunipassLab/external_datasets/build/runtime_matched/external_runtime_polybench10_wrap_10seeds_backend_o3_repeat1_adaptive5_20260510/o3/polybench/lu/458/universal/a.out,/root/exp/RFunipassLab/external_datasets/build/runtime_matched/external_runtime_polybench10_wrap_10seeds_backend_o3_repeat1_adaptive5_20260510/o3/polybench/lu/458/universal/universal_bac1dd97c06b.ll,/root/exp/RFunipassLab/external_datasets/build/runtime_matched/external_runtime_polybench10_wrap_10seeds_backend_o3_repeat1_adaptive5_20260510/o3/polybench/lu/458/universal/runs/run_001/stdout.txt,/root/exp/RFunipassLab/external_datasets/build/runtime_matched/external_runtime_polybench10_wrap_10seeds_backend_o3_repeat1_adaptive5_20260510/o3/polybench/lu/458/universal/runs/run_001/stderr.txt,binary exited with returncode=-11
external_runtime_polybench10_wrap_10seeds_backend_o3_repeat1_adaptive5_20260510,o3,o3,polybench,lu,459,20260423_203402_518521_feature_lite_seed459,universal,rfunipass,1,failed,,,22.504179999999998,False,/root/exp/RFunipassLab/external_datasets/build/runtime_matched/external_runtime_polybench10_wrap_10seeds_backend_o3_repeat1_adaptive5_20260510/o3/polybench/lu/459/universal/a.out,/root/exp/RFunipassLab/external_datasets/build/runtime_matched/external_runtime_polybench10_wrap_10seeds_backend_o3_repeat1_adaptive5_20260510/o3/polybench/lu/459/universal/universal_6d5271a22f91.ll,/root/exp/RFunipassLab/external_datasets/build/runtime_matched/external_runtime_polybench10_wrap_10seeds_backend_o3_repeat1_adaptive5_20260510/o3/polybench/lu/459/universal/runs/run_001/stdout.txt,/root/exp/RFunipassLab/external_datasets/build/runtime_matched/external_runtime_polybench10_wrap_10seeds_backend_o3_repeat1_adaptive5_20260510/o3/polybench/lu/459/universal/runs/run_001/stderr.txt,binary exited with returncode=-11
external_runtime_polybench10_wrap_10seeds_backend_o3_repeat1_adaptive5_20260510,o3,o3,polybench,lu,460,20260423_205014_703926_feature_lite_seed460,universal,rfunipass,1,failed,,,22.504179999999998,False,/root/exp/RFunipassLab/external_datasets/build/runtime_matched/external_runtime_polybench10_wrap_10seeds_backend_o3_repeat1_adaptive5_20260510/o3/polybench/lu/460/universal/a.out,/root/exp/RFunipassLab/external_datasets/build/runtime_matched/external_runtime_polybench10_wrap_10seeds_backend_o3_repeat1_adaptive5_20260510/o3/polybench/lu/460/universal/universal_aa7d5985738b.ll,/root/exp/RFunipassLab/external_datasets/build/runtime_matched/external_runtime_polybench10_wrap_10seeds_backend_o3_repeat1_adaptive5_20260510/o3/polybench/lu/460/universal/runs/run_001/stdout.txt,/root/exp/RFunipassLab/external_datasets/build/runtime_matched/external_runtime_polybench10_wrap_10seeds_backend_o3_repeat1_adaptive5_20260510/o3/polybench/lu/460/universal/runs/run_001/stderr.txt,binary exited with returncode=-11
external_runtime_polybench10_wrap_10seeds_backend_o3_repeat1_adaptive5_20260510,o3,o3,polybench,lu,461,20260423_211628_575222_feature_lite_seed461,universal,rfunipass,1,failed,,,22.504179999999998,True,/root/exp/RFunipassLab/external_datasets/build/runtime_matched/external_runtime_polybench10_wrap_10seeds_backend_o3_repeat1_adaptive5_20260510/o3/polybench/lu/461/universal/a.out,/root/exp/RFunipassLab/external_datasets/build/runtime_matched/external_runtime_polybench10_wrap_10seeds_backend_o3_repeat1_adaptive5_20260510/o3/polybench/lu/461/universal/universal_c3b20e7655ed.ll,/root/exp/RFunipassLab/external_datasets/build/runtime_matched/external_runtime_polybench10_wrap_10seeds_backend_o3_repeat1_adaptive5_20260510/o3/polybench/lu/461/universal/runs/run_001/stdout.txt,/root/exp/RFunipassLab/external_datasets/build/runtime_matched/external_runtime_polybench10_wrap_10seeds_backend_o3_repeat1_adaptive5_20260510/o3/polybench/lu/461/universal/runs/run_001/stderr.txt,runtime timeout after 22.504179999999998s
external_runtime_polybench10_wrap_10seeds_backend_o3_repeat1_adaptive5_20260510,o3,o3,polybench,lu,462,20260423_214113_355045_feature_lite_seed462,universal,rfunipass,1,failed,,,22.504179999999998,False,/root/exp/RFunipassLab/external_datasets/build/runtime_matched/external_runtime_polybench10_wrap_10seeds_backend_o3_repeat1_adaptive5_20260510/o3/polybench/lu/462/universal/a.out,/root/exp/RFunipassLab/external_datasets/build/runtime_matched/external_runtime_polybench10_wrap_10seeds_backend_o3_repeat1_adaptive5_20260510/o3/polybench/lu/462/universal/universal_4da41e9006a8.ll,/root/exp/RFunipassLab/external_datasets/build/runtime_matched/external_runtime_polybench10_wrap_10seeds_backend_o3_repeat1_adaptive5_20260510/o3/polybench/lu/462/universal/runs/run_001/stdout.txt,/root/exp/RFunipassLab/external_datasets/build/runtime_matched/external_runtime_polybench10_wrap_10seeds_backend_o3_repeat1_adaptive5_20260510/o3/polybench/lu/462/universal/runs/run_001/stderr.txt,binary exited with returncode=-11
external_runtime_polybench10_wrap_10seeds_backend_o3_repeat1_adaptive5_20260510,o3,o3,polybench,lu,463,20260423_221353_240005_feature_lite_seed463,universal,rfunipass,1,failed,,,22.504179999999998,True,/root/exp/RFunipassLab/external_datasets/build/runtime_matched/external_runtime_polybench10_wrap_10seeds_backend_o3_repeat1_adaptive5_20260510/o3/polybench/lu/463/universal/a.out,/root/exp/RFunipassLab/external_datasets/build/runtime_matched/external_runtime_polybench10_wrap_10seeds_backend_o3_repeat1_adaptive5_20260510/o3/polybench/lu/463/universal/universal_3c6e71c0df8d.ll,/root/exp/RFunipassLab/external_datasets/build/runtime_matched/external_runtime_polybench10_wrap_10seeds_backend_o3_repeat1_adaptive5_20260510/o3/polybench/lu/463/universal/runs/run_001/stdout.txt,/root/exp/RFunipassLab/external_datasets/build/runtime_matched/external_runtime_polybench10_wrap_10seeds_backend_o3_repeat1_adaptive5_20260510/o3/polybench/lu/463/universal/runs/run_001/stderr.txt,runtime timeout after 22.504179999999998s
external_runtime_polybench10_wrap_10seeds_backend_o3_repeat1_adaptive5_20260510,o3,o3,polybench,lu,464,20260423_230444_536999_feature_lite_seed464,universal,rfunipass,1,failed,,,22.504179999999998,False,/root/exp/RFunipassLab/external_datasets/build/runtime_matched/external_runtime_polybench10_wrap_10seeds_backend_o3_repeat1_adaptive5_20260510/o3/polybench/lu/464/universal/a.out,/root/exp/RFunipassLab/external_datasets/build/runtime_matched/external_runtime_polybench10_wrap_10seeds_backend_o3_repeat1_adaptive5_20260510/o3/polybench/lu/464/universal/universal_58aea292ea66.ll,/root/exp/RFunipassLab/external_datasets/build/runtime_matched/external_runtime_polybench10_wrap_10seeds_backend_o3_repeat1_adaptive5_20260510/o3/polybench/lu/464/universal/runs/run_001/stdout.txt,/root/exp/RFunipassLab/external_datasets/build/runtime_matched/external_runtime_polybench10_wrap_10seeds_backend_o3_repeat1_adaptive5_20260510/o3/polybench/lu/464/universal/runs/run_001/stderr.txt,binary exited with returncode=-11
external_runtime_polybench10_wrap_10seeds_backend_o3_repeat1_adaptive5_20260510,o3,o3,polybench,lu,465,20260423_231957_016941_feature_lite_seed465,universal,rfunipass,1,failed,,,22.504179999999998,False,/root/exp/RFunipassLab/external_datasets/build/runtime_matched/external_runtime_polybench10_wrap_10seeds_backend_o3_repeat1_adaptive5_20260510/o3/polybench/lu/465/universal/a.out,/root/exp/RFunipassLab/external_datasets/build/runtime_matched/external_runtime_polybench10_wrap_10seeds_backend_o3_repeat1_adaptive5_20260510/o3/polybench/lu/465/universal/universal_e2fa59514181.ll,/root/exp/RFunipassLab/external_datasets/build/runtime_matched/external_runtime_polybench10_wrap_10seeds_backend_o3_repeat1_adaptive5_20260510/o3/polybench/lu/465/universal/runs/run_001/stdout.txt,/root/exp/RFunipassLab/external_datasets/build/runtime_matched/external_runtime_polybench10_wrap_10seeds_backend_o3_repeat1_adaptive5_20260510/o3/polybench/lu/465/universal/runs/run_001/stderr.txt,binary exited with returncode=-11
external_runtime_polybench10_wrap_10seeds_backend_o3_repeat1_adaptive5_20260510,o3,o3,polybench,correlation,,,none,baseline,1,ok,4.482164,4.512348753865808,300.0,False,/root/exp/RFunipassLab/external_datasets/build/runtime_matched/external_runtime_polybench10_wrap_10seeds_backend_o3_repeat1_adaptive5_20260510/o3/polybench/correlation/baseline/none/a.out,/root/exp/RFunipassLab/external_datasets/build/runtime_matched/external_runtime_polybench10_wrap_10seeds_backend_o3_repeat1_adaptive5_20260510/o3/polybench/correlation/baseline/none/none_71f8e7976e4c.ll,/root/exp/RFunipassLab/external_datasets/build/runtime_matched/external_runtime_polybench10_wrap_10seeds_backend_o3_repeat1_adaptive5_20260510/o3/polybench/correlation/baseline/none/runs/run_001/stdout.txt,/root/exp/RFunipassLab/external_datasets/build/runtime_matched/external_runtime_polybench10_wrap_10seeds_backend_o3_repeat1_adaptive5_20260510/o3/polybench/correlation/baseline/none/runs/run_001/stderr.txt,
external_runtime_polybench10_wrap_10seeds_backend_o3_repeat1_adaptive5_20260510,o3,o3,polybench,correlation,,,o3,baseline,1,ok,5.504184,5.514432297088206,300.0,False,/root/exp/RFunipassLab/external_datasets/build/runtime_matched/external_runtime_polybench10_wrap_10seeds_backend_o3_repeat1_adaptive5_20260510/o3/polybench/correlation/baseline/o3/a.out,/root/exp/RFunipassLab/external_datasets/build/runtime_matched/external_runtime_polybench10_wrap_10seeds_backend_o3_repeat1_adaptive5_20260510/o3/polybench/correlation/baseline/o3/o3_41db216f1b51.ll,/root/exp/RFunipassLab/external_datasets/build/runtime_matched/external_runtime_polybench10_wrap_10seeds_backend_o3_repeat1_adaptive5_20260510/o3/polybench/correlation/baseline/o3/runs/run_001/stdout.txt,/root/exp/RFunipassLab/external_datasets/build/runtime_matched/external_runtime_polybench10_wrap_10seeds_backend_o3_repeat1_adaptive5_20260510/o3/polybench/correlation/baseline/o3/runs/run_001/stderr.txt,
external_runtime_polybench10_wrap_10seeds_backend_o3_repeat1_adaptive5_20260510,o3,o3,polybench,correlation,456,20260423_181846_349217_feature_lite_seed456,universal,rfunipass,1,ok,5.360234,5.381994205061346,27.520920000000004,False,/root/exp/RFunipassLab/external_datasets/build/runtime_matched/external_runtime_polybench10_wrap_10seeds_backend_o3_repeat1_adaptive5_20260510/o3/polybench/correlation/456/universal/a.out,/root/exp/RFunipassLab/external_datasets/build/runtime_matched/external_runtime_polybench10_wrap_10seeds_backend_o3_repeat1_adaptive5_20260510/o3/polybench/correlation/456/universal/universal_1dd8ea870347.ll,/root/exp/RFunipassLab/external_datasets/build/runtime_matched/external_runtime_polybench10_wrap_10seeds_backend_o3_repeat1_adaptive5_20260510/o3/polybench/correlation/456/universal/runs/run_001/stdout.txt,/root/exp/RFunipassLab/external_datasets/build/runtime_matched/external_runtime_polybench10_wrap_10seeds_backend_o3_repeat1_adaptive5_20260510/o3/polybench/correlation/456/universal/runs/run_001/stderr.txt,
external_runtime_polybench10_wrap_10seeds_backend_o3_repeat1_adaptive5_20260510,o3,o3,polybench,correlation,457,20260423_184811_146360_feature_lite_seed457,universal,rfunipass,1,ok,5.457594,5.470375526929274,27.520920000000004,False,/root/exp/RFunipassLab/external_datasets/build/runtime_matched/external_runtime_polybench10_wrap_10seeds_backend_o3_repeat1_adaptive5_20260510/o3/polybench/correlation/457/universal/a.out,/root/exp/RFunipassLab/external_datasets/build/runtime_matched/external_runtime_polybench10_wrap_10seeds_backend_o3_repeat1_adaptive5_20260510/o3/polybench/correlation/457/universal/universal_468197d7c679.ll,/root/exp/RFunipassLab/external_datasets/build/runtime_matched/external_runtime_polybench10_wrap_10seeds_backend_o3_repeat1_adaptive5_20260510/o3/polybench/correlation/457/universal/runs/run_001/stdout.txt,/root/exp/RFunipassLab/external_datasets/build/runtime_matched/external_runtime_polybench10_wrap_10seeds_backend_o3_repeat1_adaptive5_20260510/o3/polybench/correlation/457/universal/runs/run_001/stderr.txt,
external_runtime_polybench10_wrap_10seeds_backend_o3_repeat1_adaptive5_20260510,o3,o3,polybench,correlation,458,20260423_193326_468019_feature_lite_seed458,universal,rfunipass,1,ok,5.779097,5.800828245002776,27.520920000000004,False,/root/exp/RFunipassLab/external_datasets/build/runtime_matched/external_runtime_polybench10_wrap_10seeds_backend_o3_repeat1_adaptive5_20260510/o3/polybench/correlation/458/universal/a.out,/root/exp/RFunipassLab/external_datasets/build/runtime_matched/external_runtime_polybench10_wrap_10seeds_backend_o3_repeat1_adaptive5_20260510/o3/polybench/correlation/458/universal/universal_bac1dd97c06b.ll,/root/exp/RFunipassLab/external_datasets/build/runtime_matched/external_runtime_polybench10_wrap_10seeds_backend_o3_repeat1_adaptive5_20260510/o3/polybench/correlation/458/universal/runs/run_001/stdout.txt,/root/exp/RFunipassLab/external_datasets/build/runtime_matched/external_runtime_polybench10_wrap_10seeds_backend_o3_repeat1_adaptive5_20260510/o3/polybench/correlation/458/universal/runs/run_001/stderr.txt,
external_runtime_polybench10_wrap_10seeds_backend_o3_repeat1_adaptive5_20260510,o3,o3,polybench,correlation,459,20260423_203402_518521_feature_lite_seed459,universal,rfunipass,1,ok,5.465412,5.487343508983031,27.520920000000004,False,/root/exp/RFunipassLab/external_datasets/build/runtime_matched/external_runtime_polybench10_wrap_10seeds_backend_o3_repeat1_adaptive5_20260510/o3/polybench/correlation/459/universal/a.out,/root/exp/RFunipassLab/external_datasets/build/runtime_matched/external_runtime_polybench10_wrap_10seeds_backend_o3_repeat1_adaptive5_20260510/o3/polybench/correlation/459/universal/universal_6d5271a22f91.ll,/root/exp/RFunipassLab/external_datasets/build/runtime_matched/external_runtime_polybench10_wrap_10seeds_backend_o3_repeat1_adaptive5_20260510/o3/polybench/correlation/459/universal/runs/run_001/stdout.txt,/root/exp/RFunipassLab/external_datasets/build/runtime_matched/external_runtime_polybench10_wrap_10seeds_backend_o3_repeat1_adaptive5_20260510/o3/polybench/correlation/459/universal/runs/run_001/stderr.txt,
external_runtime_polybench10_wrap_10seeds_backend_o3_repeat1_adaptive5_20260510,o3,o3,polybench,correlation,460,20260423_205014_703926_feature_lite_seed460,universal,rfunipass,1,ok,5.737968,5.756872992031276,27.520920000000004,False,/root/exp/RFunipassLab/external_datasets/build/runtime_matched/external_runtime_polybench10_wrap_10seeds_backend_o3_repeat1_adaptive5_20260510/o3/polybench/correlation/460/universal/a.out,/root/exp/RFunipassLab/external_datasets/build/runtime_matched/external_runtime_polybench10_wrap_10seeds_backend_o3_repeat1_adaptive5_20260510/o3/polybench/correlation/460/universal/universal_aa7d5985738b.ll,/root/exp/RFunipassLab/external_datasets/build/runtime_matched/external_runtime_polybench10_wrap_10seeds_backend_o3_repeat1_adaptive5_20260510/o3/polybench/correlation/460/universal/runs/run_001/stdout.txt,/root/exp/RFunipassLab/external_datasets/build/runtime_matched/external_runtime_polybench10_wrap_10seeds_backend_o3_repeat1_adaptive5_20260510/o3/polybench/correlation/460/universal/runs/run_001/stderr.txt,
external_runtime_polybench10_wrap_10seeds_backend_o3_repeat1_adaptive5_20260510,o3,o3,polybench,correlation,461,20260423_211628_575222_feature_lite_seed461,universal,rfunipass,1,ok,5.563325,5.573911854065955,27.520920000000004,False,/root/exp/RFunipassLab/external_datasets/build/runtime_matched/external_runtime_polybench10_wrap_10seeds_backend_o3_repeat1_adaptive5_20260510/o3/polybench/correlation/461/universal/a.out,/root/exp/RFunipassLab/external_datasets/build/runtime_matched/external_runtime_polybench10_wrap_10seeds_backend_o3_repeat1_adaptive5_20260510/o3/polybench/correlation/461/universal/universal_c3b20e7655ed.ll,/root/exp/RFunipassLab/external_datasets/build/runtime_matched/external_runtime_polybench10_wrap_10seeds_backend_o3_repeat1_adaptive5_20260510/o3/polybench/correlation/461/universal/runs/run_001/stdout.txt,/root/exp/RFunipassLab/external_datasets/build/runtime_matched/external_runtime_polybench10_wrap_10seeds_backend_o3_repeat1_adaptive5_20260510/o3/polybench/correlation/461/universal/runs/run_001/stderr.txt,
external_runtime_polybench10_wrap_10seeds_backend_o3_repeat1_adaptive5_20260510,o3,o3,polybench,correlation,462,20260423_214113_355045_feature_lite_seed462,universal,rfunipass,1,ok,5.801018,5.824710892047733,27.520920000000004,False,/root/exp/RFunipassLab/external_datasets/build/runtime_matched/external_runtime_polybench10_wrap_10seeds_backend_o3_repeat1_adaptive5_20260510/o3/polybench/correlation/462/universal/a.out,/root/exp/RFunipassLab/external_datasets/build/runtime_matched/external_runtime_polybench10_wrap_10seeds_backend_o3_repeat1_adaptive5_20260510/o3/polybench/correlation/462/universal/universal_4da41e9006a8.ll,/root/exp/RFunipassLab/external_datasets/build/runtime_matched/external_runtime_polybench10_wrap_10seeds_backend_o3_repeat1_adaptive5_20260510/o3/polybench/correlation/462/universal/runs/run_001/stdout.txt,/root/exp/RFunipassLab/external_datasets/build/runtime_matched/external_runtime_polybench10_wrap_10seeds_backend_o3_repeat1_adaptive5_20260510/o3/polybench/correlation/462/universal/runs/run_001/stderr.txt,
external_runtime_polybench10_wrap_10seeds_backend_o3_repeat1_adaptive5_20260510,o3,o3,polybench,correlation,463,20260423_221353_240005_feature_lite_seed463,universal,rfunipass,1,failed,,,27.520920000000004,True,/root/exp/RFunipassLab/external_datasets/build/runtime_matched/external_runtime_polybench10_wrap_10seeds_backend_o3_repeat1_adaptive5_20260510/o3/polybench/correlation/463/universal/a.out,/root/exp/RFunipassLab/external_datasets/build/runtime_matched/external_runtime_polybench10_wrap_10seeds_backend_o3_repeat1_adaptive5_20260510/o3/polybench/correlation/463/universal/universal_3c6e71c0df8d.ll,/root/exp/RFunipassLab/external_datasets/build/runtime_matched/external_runtime_polybench10_wrap_10seeds_backend_o3_repeat1_adaptive5_20260510/o3/polybench/correlation/463/universal/runs/run_001/stdout.txt,/root/exp/RFunipassLab/external_datasets/build/runtime_matched/external_runtime_polybench10_wrap_10seeds_backend_o3_repeat1_adaptive5_20260510/o3/polybench/correlation/463/universal/runs/run_001/stderr.txt,runtime timeout after 27.520920000000004s
external_runtime_polybench10_wrap_10seeds_backend_o3_repeat1_adaptive5_20260510,o3,o3,polybench,correlation,464,20260423_230444_536999_feature_lite_seed464,universal,rfunipass,1,ok,5.429835,5.4492413671687245,27.520920000000004,False,/root/exp/RFunipassLab/external_datasets/build/runtime_matched/external_runtime_polybench10_wrap_10seeds_backend_o3_repeat1_adaptive5_20260510/o3/polybench/correlation/464/universal/a.out,/root/exp/RFunipassLab/external_datasets/build/runtime_matched/external_runtime_polybench10_wrap_10seeds_backend_o3_repeat1_adaptive5_20260510/o3/polybench/correlation/464/universal/universal_58aea292ea66.ll,/root/exp/RFunipassLab/external_datasets/build/runtime_matched/external_runtime_polybench10_wrap_10seeds_backend_o3_repeat1_adaptive5_20260510/o3/polybench/correlation/464/universal/runs/run_001/stdout.txt,/root/exp/RFunipassLab/external_datasets/build/runtime_matched/external_runtime_polybench10_wrap_10seeds_backend_o3_repeat1_adaptive5_20260510/o3/polybench/correlation/464/universal/runs/run_001/stderr.txt,
external_runtime_polybench10_wrap_10seeds_backend_o3_repeat1_adaptive5_20260510,o3,o3,polybench,correlation,465,20260423_231957_016941_feature_lite_seed465,universal,rfunipass,1,ok,5.388151,5.4008769150823355,27.520920000000004,False,/root/exp/RFunipassLab/external_datasets/build/runtime_matched/external_runtime_polybench10_wrap_10seeds_backend_o3_repeat1_adaptive5_20260510/o3/polybench/correlation/465/universal/a.out,/root/exp/RFunipassLab/external_datasets/build/runtime_matched/external_runtime_polybench10_wrap_10seeds_backend_o3_repeat1_adaptive5_20260510/o3/polybench/correlation/465/universal/universal_e2fa59514181.ll,/root/exp/RFunipassLab/external_datasets/build/runtime_matched/external_runtime_polybench10_wrap_10seeds_backend_o3_repeat1_adaptive5_20260510/o3/polybench/correlation/465/universal/runs/run_001/stdout.txt,/root/exp/RFunipassLab/external_datasets/build/runtime_matched/external_runtime_polybench10_wrap_10seeds_backend_o3_repeat1_adaptive5_20260510/o3/polybench/correlation/465/universal/runs/run_001/stderr.txt,
external_runtime_polybench10_wrap_10seeds_backend_o3_repeat1_adaptive5_20260510,o3,o3,polybench,nussinov,,,none,baseline,1,ok,9.149958,9.19840145809576,300.0,False,/root/exp/RFunipassLab/external_datasets/build/runtime_matched/external_runtime_polybench10_wrap_10seeds_backend_o3_repeat1_adaptive5_20260510/o3/polybench/nussinov/baseline/none/a.out,/root/exp/RFunipassLab/external_datasets/build/runtime_matched/external_runtime_polybench10_wrap_10seeds_backend_o3_repeat1_adaptive5_20260510/o3/polybench/nussinov/baseline/none/none_71f8e7976e4c.ll,/root/exp/RFunipassLab/external_datasets/build/runtime_matched/external_runtime_polybench10_wrap_10seeds_backend_o3_repeat1_adaptive5_20260510/o3/polybench/nussinov/baseline/none/runs/run_001/stdout.txt,/root/exp/RFunipassLab/external_datasets/build/runtime_matched/external_runtime_polybench10_wrap_10seeds_backend_o3_repeat1_adaptive5_20260510/o3/polybench/nussinov/baseline/none/runs/run_001/stderr.txt,
external_runtime_polybench10_wrap_10seeds_backend_o3_repeat1_adaptive5_20260510,o3,o3,polybench,nussinov,,,o3,baseline,1,ok,3.236877,3.254887925926596,300.0,False,/root/exp/RFunipassLab/external_datasets/build/runtime_matched/external_runtime_polybench10_wrap_10seeds_backend_o3_repeat1_adaptive5_20260510/o3/polybench/nussinov/baseline/o3/a.out,/root/exp/RFunipassLab/external_datasets/build/runtime_matched/external_runtime_polybench10_wrap_10seeds_backend_o3_repeat1_adaptive5_20260510/o3/polybench/nussinov/baseline/o3/o3_41db216f1b51.ll,/root/exp/RFunipassLab/external_datasets/build/runtime_matched/external_runtime_polybench10_wrap_10seeds_backend_o3_repeat1_adaptive5_20260510/o3/polybench/nussinov/baseline/o3/runs/run_001/stdout.txt,/root/exp/RFunipassLab/external_datasets/build/runtime_matched/external_runtime_polybench10_wrap_10seeds_backend_o3_repeat1_adaptive5_20260510/o3/polybench/nussinov/baseline/o3/runs/run_001/stderr.txt,
external_runtime_polybench10_wrap_10seeds_backend_o3_repeat1_adaptive5_20260510,o3,o3,polybench,nussinov,456,20260423_181846_349217_feature_lite_seed456,universal,rfunipass,1,ok,3.612365,3.639106384012848,16.184385,False,/root/exp/RFunipassLab/external_datasets/build/runtime_matched/external_runtime_polybench10_wrap_10seeds_backend_o3_repeat1_adaptive5_20260510/o3/polybench/nussinov/456/universal/a.out,/root/exp/RFunipassLab/external_datasets/build/runtime_matched/external_runtime_polybench10_wrap_10seeds_backend_o3_repeat1_adaptive5_20260510/o3/polybench/nussinov/456/universal/universal_1dd8ea870347.ll,/root/exp/RFunipassLab/external_datasets/build/runtime_matched/external_runtime_polybench10_wrap_10seeds_backend_o3_repeat1_adaptive5_20260510/o3/polybench/nussinov/456/universal/runs/run_001/stdout.txt,/root/exp/RFunipassLab/external_datasets/build/runtime_matched/external_runtime_polybench10_wrap_10seeds_backend_o3_repeat1_adaptive5_20260510/o3/polybench/nussinov/456/universal/runs/run_001/stderr.txt,
external_runtime_polybench10_wrap_10seeds_backend_o3_repeat1_adaptive5_20260510,o3,o3,polybench,nussinov,457,20260423_184811_146360_feature_lite_seed457,universal,rfunipass,1,ok,3.40053,3.4175034859217703,16.184385,False,/root/exp/RFunipassLab/external_datasets/build/runtime_matched/external_runtime_polybench10_wrap_10seeds_backend_o3_repeat1_adaptive5_20260510/o3/polybench/nussinov/457/universal/a.out,/root/exp/RFunipassLab/external_datasets/build/runtime_matched/external_runtime_polybench10_wrap_10seeds_backend_o3_repeat1_adaptive5_20260510/o3/polybench/nussinov/457/universal/universal_468197d7c679.ll,/root/exp/RFunipassLab/external_datasets/build/runtime_matched/external_runtime_polybench10_wrap_10seeds_backend_o3_repeat1_adaptive5_20260510/o3/polybench/nussinov/457/universal/runs/run_001/stdout.txt,/root/exp/RFunipassLab/external_datasets/build/runtime_matched/external_runtime_polybench10_wrap_10seeds_backend_o3_repeat1_adaptive5_20260510/o3/polybench/nussinov/457/universal/runs/run_001/stderr.txt,
external_runtime_polybench10_wrap_10seeds_backend_o3_repeat1_adaptive5_20260510,o3,o3,polybench,nussinov,458,20260423_193326_468019_feature_lite_seed458,universal,rfunipass,1,ok,3.429958,3.457260379102081,16.184385,False,/root/exp/RFunipassLab/external_datasets/build/runtime_matched/external_runtime_polybench10_wrap_10seeds_backend_o3_repeat1_adaptive5_20260510/o3/polybench/nussinov/458/universal/a.out,/root/exp/RFunipassLab/external_datasets/build/runtime_matched/external_runtime_polybench10_wrap_10seeds_backend_o3_repeat1_adaptive5_20260510/o3/polybench/nussinov/458/universal/universal_bac1dd97c06b.ll,/root/exp/RFunipassLab/external_datasets/build/runtime_matched/external_runtime_polybench10_wrap_10seeds_backend_o3_repeat1_adaptive5_20260510/o3/polybench/nussinov/458/universal/runs/run_001/stdout.txt,/root/exp/RFunipassLab/external_datasets/build/runtime_matched/external_runtime_polybench10_wrap_10seeds_backend_o3_repeat1_adaptive5_20260510/o3/polybench/nussinov/458/universal/runs/run_001/stderr.txt,
external_runtime_polybench10_wrap_10seeds_backend_o3_repeat1_adaptive5_20260510,o3,o3,polybench,nussinov,459,20260423_203402_518521_feature_lite_seed459,universal,rfunipass,1,ok,3.492979,3.5176072570029646,16.184385,False,/root/exp/RFunipassLab/external_datasets/build/runtime_matched/external_runtime_polybench10_wrap_10seeds_backend_o3_repeat1_adaptive5_20260510/o3/polybench/nussinov/459/universal/a.out,/root/exp/RFunipassLab/external_datasets/build/runtime_matched/external_runtime_polybench10_wrap_10seeds_backend_o3_repeat1_adaptive5_20260510/o3/polybench/nussinov/459/universal/universal_6d5271a22f91.ll,/root/exp/RFunipassLab/external_datasets/build/runtime_matched/external_runtime_polybench10_wrap_10seeds_backend_o3_repeat1_adaptive5_20260510/o3/polybench/nussinov/459/universal/runs/run_001/stdout.txt,/root/exp/RFunipassLab/external_datasets/build/runtime_matched/external_runtime_polybench10_wrap_10seeds_backend_o3_repeat1_adaptive5_20260510/o3/polybench/nussinov/459/universal/runs/run_001/stderr.txt,
external_runtime_polybench10_wrap_10seeds_backend_o3_repeat1_adaptive5_20260510,o3,o3,polybench,nussinov,460,20260423_205014_703926_feature_lite_seed460,universal,rfunipass,1,ok,3.395117,3.4215819239616394,16.184385,False,/root/exp/RFunipassLab/external_datasets/build/runtime_matched/external_runtime_polybench10_wrap_10seeds_backend_o3_repeat1_adaptive5_20260510/o3/polybench/nussinov/460/universal/a.out,/root/exp/RFunipassLab/external_datasets/build/runtime_matched/external_runtime_polybench10_wrap_10seeds_backend_o3_repeat1_adaptive5_20260510/o3/polybench/nussinov/460/universal/universal_aa7d5985738b.ll,/root/exp/RFunipassLab/external_datasets/build/runtime_matched/external_runtime_polybench10_wrap_10seeds_backend_o3_repeat1_adaptive5_20260510/o3/polybench/nussinov/460/universal/runs/run_001/stdout.txt,/root/exp/RFunipassLab/external_datasets/build/runtime_matched/external_runtime_polybench10_wrap_10seeds_backend_o3_repeat1_adaptive5_20260510/o3/polybench/nussinov/460/universal/runs/run_001/stderr.txt,
external_runtime_polybench10_wrap_10seeds_backend_o3_repeat1_adaptive5_20260510,o3,o3,polybench,nussinov,461,20260423_211628_575222_feature_lite_seed461,universal,rfunipass,1,ok,3.384292,3.401956486981362,16.184385,False,/root/exp/RFunipassLab/external_datasets/build/runtime_matched/external_runtime_polybench10_wrap_10seeds_backend_o3_repeat1_adaptive5_20260510/o3/polybench/nussinov/461/universal/a.out,/root/exp/RFunipassLab/external_datasets/build/runtime_matched/external_runtime_polybench10_wrap_10seeds_backend_o3_repeat1_adaptive5_20260510/o3/polybench/nussinov/461/universal/universal_c3b20e7655ed.ll,/root/exp/RFunipassLab/external_datasets/build/runtime_matched/external_runtime_polybench10_wrap_10seeds_backend_o3_repeat1_adaptive5_20260510/o3/polybench/nussinov/461/universal/runs/run_001/stdout.txt,/root/exp/RFunipassLab/external_datasets/build/runtime_matched/external_runtime_polybench10_wrap_10seeds_backend_o3_repeat1_adaptive5_20260510/o3/polybench/nussinov/461/universal/runs/run_001/stderr.txt,
external_runtime_polybench10_wrap_10seeds_backend_o3_repeat1_adaptive5_20260510,o3,o3,polybench,nussinov,462,20260423_214113_355045_feature_lite_seed462,universal,rfunipass,1,ok,3.251497,3.276169793913141,16.184385,False,/root/exp/RFunipassLab/external_datasets/build/runtime_matched/external_runtime_polybench10_wrap_10seeds_backend_o3_repeat1_adaptive5_20260510/o3/polybench/nussinov/462/universal/a.out,/root/exp/RFunipassLab/external_datasets/build/runtime_matched/external_runtime_polybench10_wrap_10seeds_backend_o3_repeat1_adaptive5_20260510/o3/polybench/nussinov/462/universal/universal_4da41e9006a8.ll,/root/exp/RFunipassLab/external_datasets/build/runtime_matched/external_runtime_polybench10_wrap_10seeds_backend_o3_repeat1_adaptive5_20260510/o3/polybench/nussinov/462/universal/runs/run_001/stdout.txt,/root/exp/RFunipassLab/external_datasets/build/runtime_matched/external_runtime_polybench10_wrap_10seeds_backend_o3_repeat1_adaptive5_20260510/o3/polybench/nussinov/462/universal/runs/run_001/stderr.txt,
external_runtime_polybench10_wrap_10seeds_backend_o3_repeat1_adaptive5_20260510,o3,o3,polybench,nussinov,463,20260423_221353_240005_feature_lite_seed463,universal,rfunipass,1,ok,3.481121,3.507531892042607,16.184385,False,/root/exp/RFunipassLab/external_datasets/build/runtime_matched/external_runtime_polybench10_wrap_10seeds_backend_o3_repeat1_adaptive5_20260510/o3/polybench/nussinov/463/universal/a.out,/root/exp/RFunipassLab/external_datasets/build/runtime_matched/external_runtime_polybench10_wrap_10seeds_backend_o3_repeat1_adaptive5_20260510/o3/polybench/nussinov/463/universal/universal_3c6e71c0df8d.ll,/root/exp/RFunipassLab/external_datasets/build/runtime_matched/external_runtime_polybench10_wrap_10seeds_backend_o3_repeat1_adaptive5_20260510/o3/polybench/nussinov/463/universal/runs/run_001/stdout.txt,/root/exp/RFunipassLab/external_datasets/build/runtime_matched/external_runtime_polybench10_wrap_10seeds_backend_o3_repeat1_adaptive5_20260510/o3/polybench/nussinov/463/universal/runs/run_001/stderr.txt,
external_runtime_polybench10_wrap_10seeds_backend_o3_repeat1_adaptive5_20260510,o3,o3,polybench,nussinov,464,20260423_230444_536999_feature_lite_seed464,universal,rfunipass,1,ok,3.442804,3.4666544410865754,16.184385,False,/root/exp/RFunipassLab/external_datasets/build/runtime_matched/external_runtime_polybench10_wrap_10seeds_backend_o3_repeat1_adaptive5_20260510/o3/polybench/nussinov/464/universal/a.out,/root/exp/RFunipassLab/external_datasets/build/runtime_matched/external_runtime_polybench10_wrap_10seeds_backend_o3_repeat1_adaptive5_20260510/o3/polybench/nussinov/464/universal/universal_58aea292ea66.ll,/root/exp/RFunipassLab/external_datasets/build/runtime_matched/external_runtime_polybench10_wrap_10seeds_backend_o3_repeat1_adaptive5_20260510/o3/polybench/nussinov/464/universal/runs/run_001/stdout.txt,/root/exp/RFunipassLab/external_datasets/build/runtime_matched/external_runtime_polybench10_wrap_10seeds_backend_o3_repeat1_adaptive5_20260510/o3/polybench/nussinov/464/universal/runs/run_001/stderr.txt,
external_runtime_polybench10_wrap_10seeds_backend_o3_repeat1_adaptive5_20260510,o3,o3,polybench,nussinov,465,20260423_231957_016941_feature_lite_seed465,universal,rfunipass,1,ok,3.455229,3.470622072927654,16.184385,False,/root/exp/RFunipassLab/external_datasets/build/runtime_matched/external_runtime_polybench10_wrap_10seeds_backend_o3_repeat1_adaptive5_20260510/o3/polybench/nussinov/465/universal/a.out,/root/exp/RFunipassLab/external_datasets/build/runtime_matched/external_runtime_polybench10_wrap_10seeds_backend_o3_repeat1_adaptive5_20260510/o3/polybench/nussinov/465/universal/universal_e2fa59514181.ll,/root/exp/RFunipassLab/external_datasets/build/runtime_matched/external_runtime_polybench10_wrap_10seeds_backend_o3_repeat1_adaptive5_20260510/o3/polybench/nussinov/465/universal/runs/run_001/stdout.txt,/root/exp/RFunipassLab/external_datasets/build/runtime_matched/external_runtime_polybench10_wrap_10seeds_backend_o3_repeat1_adaptive5_20260510/o3/polybench/nussinov/465/universal/runs/run_001/stderr.txt,
external_runtime_polybench10_wrap_10seeds_backend_o3_repeat1_adaptive5_20260510,o3,o3,polybench,symm,,,none,baseline,1,ok,3.136742,3.17568342294544,300.0,False,/root/exp/RFunipassLab/external_datasets/build/runtime_matched/external_runtime_polybench10_wrap_10seeds_backend_o3_repeat1_adaptive5_20260510/o3/polybench/symm/baseline/none/a.out,/root/exp/RFunipassLab/external_datasets/build/runtime_matched/external_runtime_polybench10_wrap_10seeds_backend_o3_repeat1_adaptive5_20260510/o3/polybench/symm/baseline/none/none_71f8e7976e4c.ll,/root/exp/RFunipassLab/external_datasets/build/runtime_matched/external_runtime_polybench10_wrap_10seeds_backend_o3_repeat1_adaptive5_20260510/o3/polybench/symm/baseline/none/runs/run_001/stdout.txt,/root/exp/RFunipassLab/external_datasets/build/runtime_matched/external_runtime_polybench10_wrap_10seeds_backend_o3_repeat1_adaptive5_20260510/o3/polybench/symm/baseline/none/runs/run_001/stderr.txt,
external_runtime_polybench10_wrap_10seeds_backend_o3_repeat1_adaptive5_20260510,o3,o3,polybench,symm,,,o3,baseline,1,ok,1.984681,2.002768178936094,300.0,False,/root/exp/RFunipassLab/external_datasets/build/runtime_matched/external_runtime_polybench10_wrap_10seeds_backend_o3_repeat1_adaptive5_20260510/o3/polybench/symm/baseline/o3/a.out,/root/exp/RFunipassLab/external_datasets/build/runtime_matched/external_runtime_polybench10_wrap_10seeds_backend_o3_repeat1_adaptive5_20260510/o3/polybench/symm/baseline/o3/o3_41db216f1b51.ll,/root/exp/RFunipassLab/external_datasets/build/runtime_matched/external_runtime_polybench10_wrap_10seeds_backend_o3_repeat1_adaptive5_20260510/o3/polybench/symm/baseline/o3/runs/run_001/stdout.txt,/root/exp/RFunipassLab/external_datasets/build/runtime_matched/external_runtime_polybench10_wrap_10seeds_backend_o3_repeat1_adaptive5_20260510/o3/polybench/symm/baseline/o3/runs/run_001/stderr.txt,
external_runtime_polybench10_wrap_10seeds_backend_o3_repeat1_adaptive5_20260510,o3,o3,polybench,symm,456,20260423_181846_349217_feature_lite_seed456,universal,rfunipass,1,failed,,,9.923404999999999,False,/root/exp/RFunipassLab/external_datasets/build/runtime_matched/external_runtime_polybench10_wrap_10seeds_backend_o3_repeat1_adaptive5_20260510/o3/polybench/symm/456/universal/a.out,/root/exp/RFunipassLab/external_datasets/build/runtime_matched/external_runtime_polybench10_wrap_10seeds_backend_o3_repeat1_adaptive5_20260510/o3/polybench/symm/456/universal/universal_1dd8ea870347.ll,/root/exp/RFunipassLab/external_datasets/build/runtime_matched/external_runtime_polybench10_wrap_10seeds_backend_o3_repeat1_adaptive5_20260510/o3/polybench/symm/456/universal/runs/run_001/stdout.txt,/root/exp/RFunipassLab/external_datasets/build/runtime_matched/external_runtime_polybench10_wrap_10seeds_backend_o3_repeat1_adaptive5_20260510/o3/polybench/symm/456/universal/runs/run_001/stderr.txt,binary exited with returncode=-11
external_runtime_polybench10_wrap_10seeds_backend_o3_repeat1_adaptive5_20260510,o3,o3,polybench,symm,457,20260423_184811_146360_feature_lite_seed457,universal,rfunipass,1,failed,,,9.923404999999999,False,/root/exp/RFunipassLab/external_datasets/build/runtime_matched/external_runtime_polybench10_wrap_10seeds_backend_o3_repeat1_adaptive5_20260510/o3/polybench/symm/457/universal/a.out,/root/exp/RFunipassLab/external_datasets/build/runtime_matched/external_runtime_polybench10_wrap_10seeds_backend_o3_repeat1_adaptive5_20260510/o3/polybench/symm/457/universal/universal_468197d7c679.ll,/root/exp/RFunipassLab/external_datasets/build/runtime_matched/external_runtime_polybench10_wrap_10seeds_backend_o3_repeat1_adaptive5_20260510/o3/polybench/symm/457/universal/runs/run_001/stdout.txt,/root/exp/RFunipassLab/external_datasets/build/runtime_matched/external_runtime_polybench10_wrap_10seeds_backend_o3_repeat1_adaptive5_20260510/o3/polybench/symm/457/universal/runs/run_001/stderr.txt,binary exited with returncode=-11
external_runtime_polybench10_wrap_10seeds_backend_o3_repeat1_adaptive5_20260510,o3,o3,polybench,symm,458,20260423_193326_468019_feature_lite_seed458,universal,rfunipass,1,failed,,,9.923404999999999,False,/root/exp/RFunipassLab/external_datasets/build/runtime_matched/external_runtime_polybench10_wrap_10seeds_backend_o3_repeat1_adaptive5_20260510/o3/polybench/symm/458/universal/a.out,/root/exp/RFunipassLab/external_datasets/build/runtime_matched/external_runtime_polybench10_wrap_10seeds_backend_o3_repeat1_adaptive5_20260510/o3/polybench/symm/458/universal/universal_bac1dd97c06b.ll,/root/exp/RFunipassLab/external_datasets/build/runtime_matched/external_runtime_polybench10_wrap_10seeds_backend_o3_repeat1_adaptive5_20260510/o3/polybench/symm/458/universal/runs/run_001/stdout.txt,/root/exp/RFunipassLab/external_datasets/build/runtime_matched/external_runtime_polybench10_wrap_10seeds_backend_o3_repeat1_adaptive5_20260510/o3/polybench/symm/458/universal/runs/run_001/stderr.txt,binary exited with returncode=-11
external_runtime_polybench10_wrap_10seeds_backend_o3_repeat1_adaptive5_20260510,o3,o3,polybench,symm,459,20260423_203402_518521_feature_lite_seed459,universal,rfunipass,1,failed,,,9.923404999999999,False,/root/exp/RFunipassLab/external_datasets/build/runtime_matched/external_runtime_polybench10_wrap_10seeds_backend_o3_repeat1_adaptive5_20260510/o3/polybench/symm/459/universal/a.out,/root/exp/RFunipassLab/external_datasets/build/runtime_matched/external_runtime_polybench10_wrap_10seeds_backend_o3_repeat1_adaptive5_20260510/o3/polybench/symm/459/universal/universal_6d5271a22f91.ll,/root/exp/RFunipassLab/external_datasets/build/runtime_matched/external_runtime_polybench10_wrap_10seeds_backend_o3_repeat1_adaptive5_20260510/o3/polybench/symm/459/universal/runs/run_001/stdout.txt,/root/exp/RFunipassLab/external_datasets/build/runtime_matched/external_runtime_polybench10_wrap_10seeds_backend_o3_repeat1_adaptive5_20260510/o3/polybench/symm/459/universal/runs/run_001/stderr.txt,binary exited with returncode=-11
external_runtime_polybench10_wrap_10seeds_backend_o3_repeat1_adaptive5_20260510,o3,o3,polybench,symm,460,20260423_205014_703926_feature_lite_seed460,universal,rfunipass,1,failed,,,9.923404999999999,False,/root/exp/RFunipassLab/external_datasets/build/runtime_matched/external_runtime_polybench10_wrap_10seeds_backend_o3_repeat1_adaptive5_20260510/o3/polybench/symm/460/universal/a.out,/root/exp/RFunipassLab/external_datasets/build/runtime_matched/external_runtime_polybench10_wrap_10seeds_backend_o3_repeat1_adaptive5_20260510/o3/polybench/symm/460/universal/universal_aa7d5985738b.ll,/root/exp/RFunipassLab/external_datasets/build/runtime_matched/external_runtime_polybench10_wrap_10seeds_backend_o3_repeat1_adaptive5_20260510/o3/polybench/symm/460/universal/runs/run_001/stdout.txt,/root/exp/RFunipassLab/external_datasets/build/runtime_matched/external_runtime_polybench10_wrap_10seeds_backend_o3_repeat1_adaptive5_20260510/o3/polybench/symm/460/universal/runs/run_001/stderr.txt,binary exited with returncode=-11
external_runtime_polybench10_wrap_10seeds_backend_o3_repeat1_adaptive5_20260510,o3,o3,polybench,symm,461,20260423_211628_575222_feature_lite_seed461,universal,rfunipass,1,failed,,,9.923404999999999,False,/root/exp/RFunipassLab/external_datasets/build/runtime_matched/external_runtime_polybench10_wrap_10seeds_backend_o3_repeat1_adaptive5_20260510/o3/polybench/symm/461/universal/a.out,/root/exp/RFunipassLab/external_datasets/build/runtime_matched/external_runtime_polybench10_wrap_10seeds_backend_o3_repeat1_adaptive5_20260510/o3/polybench/symm/461/universal/universal_c3b20e7655ed.ll,/root/exp/RFunipassLab/external_datasets/build/runtime_matched/external_runtime_polybench10_wrap_10seeds_backend_o3_repeat1_adaptive5_20260510/o3/polybench/symm/461/universal/runs/run_001/stdout.txt,/root/exp/RFunipassLab/external_datasets/build/runtime_matched/external_runtime_polybench10_wrap_10seeds_backend_o3_repeat1_adaptive5_20260510/o3/polybench/symm/461/universal/runs/run_001/stderr.txt,binary exited with returncode=-11
external_runtime_polybench10_wrap_10seeds_backend_o3_repeat1_adaptive5_20260510,o3,o3,polybench,symm,462,20260423_214113_355045_feature_lite_seed462,universal,rfunipass,1,failed,,,9.923404999999999,False,/root/exp/RFunipassLab/external_datasets/build/runtime_matched/external_runtime_polybench10_wrap_10seeds_backend_o3_repeat1_adaptive5_20260510/o3/polybench/symm/462/universal/a.out,/root/exp/RFunipassLab/external_datasets/build/runtime_matched/external_runtime_polybench10_wrap_10seeds_backend_o3_repeat1_adaptive5_20260510/o3/polybench/symm/462/universal/universal_4da41e9006a8.ll,/root/exp/RFunipassLab/external_datasets/build/runtime_matched/external_runtime_polybench10_wrap_10seeds_backend_o3_repeat1_adaptive5_20260510/o3/polybench/symm/462/universal/runs/run_001/stdout.txt,/root/exp/RFunipassLab/external_datasets/build/runtime_matched/external_runtime_polybench10_wrap_10seeds_backend_o3_repeat1_adaptive5_20260510/o3/polybench/symm/462/universal/runs/run_001/stderr.txt,binary exited with returncode=-11
external_runtime_polybench10_wrap_10seeds_backend_o3_repeat1_adaptive5_20260510,o3,o3,polybench,symm,463,20260423_221353_240005_feature_lite_seed463,universal,rfunipass,1,failed,,,9.923404999999999,True,/root/exp/RFunipassLab/external_datasets/build/runtime_matched/external_runtime_polybench10_wrap_10seeds_backend_o3_repeat1_adaptive5_20260510/o3/polybench/symm/463/universal/a.out,/root/exp/RFunipassLab/external_datasets/build/runtime_matched/external_runtime_polybench10_wrap_10seeds_backend_o3_repeat1_adaptive5_20260510/o3/polybench/symm/463/universal/universal_3c6e71c0df8d.ll,/root/exp/RFunipassLab/external_datasets/build/runtime_matched/external_runtime_polybench10_wrap_10seeds_backend_o3_repeat1_adaptive5_20260510/o3/polybench/symm/463/universal/runs/run_001/stdout.txt,/root/exp/RFunipassLab/external_datasets/build/runtime_matched/external_runtime_polybench10_wrap_10seeds_backend_o3_repeat1_adaptive5_20260510/o3/polybench/symm/463/universal/runs/run_001/stderr.txt,runtime timeout after 9.923404999999999s
external_runtime_polybench10_wrap_10seeds_backend_o3_repeat1_adaptive5_20260510,o3,o3,polybench,symm,464,20260423_230444_536999_feature_lite_seed464,universal,rfunipass,1,failed,,,9.923404999999999,False,/root/exp/RFunipassLab/external_datasets/build/runtime_matched/external_runtime_polybench10_wrap_10seeds_backend_o3_repeat1_adaptive5_20260510/o3/polybench/symm/464/universal/a.out,/root/exp/RFunipassLab/external_datasets/build/runtime_matched/external_runtime_polybench10_wrap_10seeds_backend_o3_repeat1_adaptive5_20260510/o3/polybench/symm/464/universal/universal_58aea292ea66.ll,/root/exp/RFunipassLab/external_datasets/build/runtime_matched/external_runtime_polybench10_wrap_10seeds_backend_o3_repeat1_adaptive5_20260510/o3/polybench/symm/464/universal/runs/run_001/stdout.txt,/root/exp/RFunipassLab/external_datasets/build/runtime_matched/external_runtime_polybench10_wrap_10seeds_backend_o3_repeat1_adaptive5_20260510/o3/polybench/symm/464/universal/runs/run_001/stderr.txt,binary exited with returncode=-11
external_runtime_polybench10_wrap_10seeds_backend_o3_repeat1_adaptive5_20260510,o3,o3,polybench,symm,465,20260423_231957_016941_feature_lite_seed465,universal,rfunipass,1,failed,,,9.923404999999999,False,/root/exp/RFunipassLab/external_datasets/build/runtime_matched/external_runtime_polybench10_wrap_10seeds_backend_o3_repeat1_adaptive5_20260510/o3/polybench/symm/465/universal/a.out,/root/exp/RFunipassLab/external_datasets/build/runtime_matched/external_runtime_polybench10_wrap_10seeds_backend_o3_repeat1_adaptive5_20260510/o3/polybench/symm/465/universal/universal_e2fa59514181.ll,/root/exp/RFunipassLab/external_datasets/build/runtime_matched/external_runtime_polybench10_wrap_10seeds_backend_o3_repeat1_adaptive5_20260510/o3/polybench/symm/465/universal/runs/run_001/stdout.txt,/root/exp/RFunipassLab/external_datasets/build/runtime_matched/external_runtime_polybench10_wrap_10seeds_backend_o3_repeat1_adaptive5_20260510/o3/polybench/symm/465/universal/runs/run_001/stderr.txt,binary exited with returncode=-11
external_runtime_polybench10_wrap_10seeds_backend_o3_repeat1_adaptive5_20260510,o3,o3,polybench,heat-3d,,,none,baseline,1,ok,5.396519,5.438786707120016,300.0,False,/root/exp/RFunipassLab/external_datasets/build/runtime_matched/external_runtime_polybench10_wrap_10seeds_backend_o3_repeat1_adaptive5_20260510/o3/polybench/heat-3d/baseline/none/a.out,/root/exp/RFunipassLab/external_datasets/build/runtime_matched/external_runtime_polybench10_wrap_10seeds_backend_o3_repeat1_adaptive5_20260510/o3/polybench/heat-3d/baseline/none/none_71f8e7976e4c.ll,/root/exp/RFunipassLab/external_datasets/build/runtime_matched/external_runtime_polybench10_wrap_10seeds_backend_o3_repeat1_adaptive5_20260510/o3/polybench/heat-3d/baseline/none/runs/run_001/stdout.txt,/root/exp/RFunipassLab/external_datasets/build/runtime_matched/external_runtime_polybench10_wrap_10seeds_backend_o3_repeat1_adaptive5_20260510/o3/polybench/heat-3d/baseline/none/runs/run_001/stderr.txt,
external_runtime_polybench10_wrap_10seeds_backend_o3_repeat1_adaptive5_20260510,o3,o3,polybench,heat-3d,,,o3,baseline,1,ok,2.074525,2.0924452499020845,300.0,False,/root/exp/RFunipassLab/external_datasets/build/runtime_matched/external_runtime_polybench10_wrap_10seeds_backend_o3_repeat1_adaptive5_20260510/o3/polybench/heat-3d/baseline/o3/a.out,/root/exp/RFunipassLab/external_datasets/build/runtime_matched/external_runtime_polybench10_wrap_10seeds_backend_o3_repeat1_adaptive5_20260510/o3/polybench/heat-3d/baseline/o3/o3_41db216f1b51.ll,/root/exp/RFunipassLab/external_datasets/build/runtime_matched/external_runtime_polybench10_wrap_10seeds_backend_o3_repeat1_adaptive5_20260510/o3/polybench/heat-3d/baseline/o3/runs/run_001/stdout.txt,/root/exp/RFunipassLab/external_datasets/build/runtime_matched/external_runtime_polybench10_wrap_10seeds_backend_o3_repeat1_adaptive5_20260510/o3/polybench/heat-3d/baseline/o3/runs/run_001/stderr.txt,
external_runtime_polybench10_wrap_10seeds_backend_o3_repeat1_adaptive5_20260510,o3,o3,polybench,heat-3d,456,20260423_181846_349217_feature_lite_seed456,universal,rfunipass,1,failed,,,10.372625,True,/root/exp/RFunipassLab/external_datasets/build/runtime_matched/external_runtime_polybench10_wrap_10seeds_backend_o3_repeat1_adaptive5_20260510/o3/polybench/heat-3d/456/universal/a.out,/root/exp/RFunipassLab/external_datasets/build/runtime_matched/external_runtime_polybench10_wrap_10seeds_backend_o3_repeat1_adaptive5_20260510/o3/polybench/heat-3d/456/universal/universal_1dd8ea870347.ll,/root/exp/RFunipassLab/external_datasets/build/runtime_matched/external_runtime_polybench10_wrap_10seeds_backend_o3_repeat1_adaptive5_20260510/o3/polybench/heat-3d/456/universal/runs/run_001/stdout.txt,/root/exp/RFunipassLab/external_datasets/build/runtime_matched/external_runtime_polybench10_wrap_10seeds_backend_o3_repeat1_adaptive5_20260510/o3/polybench/heat-3d/456/universal/runs/run_001/stderr.txt,runtime timeout after 10.372625s
external_runtime_polybench10_wrap_10seeds_backend_o3_repeat1_adaptive5_20260510,o3,o3,polybench,heat-3d,457,20260423_184811_146360_feature_lite_seed457,universal,rfunipass,1,failed,,,10.372625,True,/root/exp/RFunipassLab/external_datasets/build/runtime_matched/external_runtime_polybench10_wrap_10seeds_backend_o3_repeat1_adaptive5_20260510/o3/polybench/heat-3d/457/universal/a.out,/root/exp/RFunipassLab/external_datasets/build/runtime_matched/external_runtime_polybench10_wrap_10seeds_backend_o3_repeat1_adaptive5_20260510/o3/polybench/heat-3d/457/universal/universal_468197d7c679.ll,/root/exp/RFunipassLab/external_datasets/build/runtime_matched/external_runtime_polybench10_wrap_10seeds_backend_o3_repeat1_adaptive5_20260510/o3/polybench/heat-3d/457/universal/runs/run_001/stdout.txt,/root/exp/RFunipassLab/external_datasets/build/runtime_matched/external_runtime_polybench10_wrap_10seeds_backend_o3_repeat1_adaptive5_20260510/o3/polybench/heat-3d/457/universal/runs/run_001/stderr.txt,runtime timeout after 10.372625s
external_runtime_polybench10_wrap_10seeds_backend_o3_repeat1_adaptive5_20260510,o3,o3,polybench,heat-3d,458,20260423_193326_468019_feature_lite_seed458,universal,rfunipass,1,failed,,,10.372625,False,/root/exp/RFunipassLab/external_datasets/build/runtime_matched/external_runtime_polybench10_wrap_10seeds_backend_o3_repeat1_adaptive5_20260510/o3/polybench/heat-3d/458/universal/a.out,/root/exp/RFunipassLab/external_datasets/build/runtime_matched/external_runtime_polybench10_wrap_10seeds_backend_o3_repeat1_adaptive5_20260510/o3/polybench/heat-3d/458/universal/universal_bac1dd97c06b.ll,/root/exp/RFunipassLab/external_datasets/build/runtime_matched/external_runtime_polybench10_wrap_10seeds_backend_o3_repeat1_adaptive5_20260510/o3/polybench/heat-3d/458/universal/runs/run_001/stdout.txt,/root/exp/RFunipassLab/external_datasets/build/runtime_matched/external_runtime_polybench10_wrap_10seeds_backend_o3_repeat1_adaptive5_20260510/o3/polybench/heat-3d/458/universal/runs/run_001/stderr.txt,binary exited with returncode=-11
external_runtime_polybench10_wrap_10seeds_backend_o3_repeat1_adaptive5_20260510,o3,o3,polybench,heat-3d,459,20260423_203402_518521_feature_lite_seed459,universal,rfunipass,1,failed,,,10.372625,False,/root/exp/RFunipassLab/external_datasets/build/runtime_matched/external_runtime_polybench10_wrap_10seeds_backend_o3_repeat1_adaptive5_20260510/o3/polybench/heat-3d/459/universal/a.out,/root/exp/RFunipassLab/external_datasets/build/runtime_matched/external_runtime_polybench10_wrap_10seeds_backend_o3_repeat1_adaptive5_20260510/o3/polybench/heat-3d/459/universal/universal_6d5271a22f91.ll,/root/exp/RFunipassLab/external_datasets/build/runtime_matched/external_runtime_polybench10_wrap_10seeds_backend_o3_repeat1_adaptive5_20260510/o3/polybench/heat-3d/459/universal/runs/run_001/stdout.txt,/root/exp/RFunipassLab/external_datasets/build/runtime_matched/external_runtime_polybench10_wrap_10seeds_backend_o3_repeat1_adaptive5_20260510/o3/polybench/heat-3d/459/universal/runs/run_001/stderr.txt,binary exited with returncode=-11
external_runtime_polybench10_wrap_10seeds_backend_o3_repeat1_adaptive5_20260510,o3,o3,polybench,heat-3d,460,20260423_205014_703926_feature_lite_seed460,universal,rfunipass,1,failed,,,10.372625,False,/root/exp/RFunipassLab/external_datasets/build/runtime_matched/external_runtime_polybench10_wrap_10seeds_backend_o3_repeat1_adaptive5_20260510/o3/polybench/heat-3d/460/universal/a.out,/root/exp/RFunipassLab/external_datasets/build/runtime_matched/external_runtime_polybench10_wrap_10seeds_backend_o3_repeat1_adaptive5_20260510/o3/polybench/heat-3d/460/universal/universal_aa7d5985738b.ll,/root/exp/RFunipassLab/external_datasets/build/runtime_matched/external_runtime_polybench10_wrap_10seeds_backend_o3_repeat1_adaptive5_20260510/o3/polybench/heat-3d/460/universal/runs/run_001/stdout.txt,/root/exp/RFunipassLab/external_datasets/build/runtime_matched/external_runtime_polybench10_wrap_10seeds_backend_o3_repeat1_adaptive5_20260510/o3/polybench/heat-3d/460/universal/runs/run_001/stderr.txt,binary exited with returncode=-11
external_runtime_polybench10_wrap_10seeds_backend_o3_repeat1_adaptive5_20260510,o3,o3,polybench,heat-3d,461,20260423_211628_575222_feature_lite_seed461,universal,rfunipass,1,ok,3.253252,3.2708736900240183,10.372625,False,/root/exp/RFunipassLab/external_datasets/build/runtime_matched/external_runtime_polybench10_wrap_10seeds_backend_o3_repeat1_adaptive5_20260510/o3/polybench/heat-3d/461/universal/a.out,/root/exp/RFunipassLab/external_datasets/build/runtime_matched/external_runtime_polybench10_wrap_10seeds_backend_o3_repeat1_adaptive5_20260510/o3/polybench/heat-3d/461/universal/universal_c3b20e7655ed.ll,/root/exp/RFunipassLab/external_datasets/build/runtime_matched/external_runtime_polybench10_wrap_10seeds_backend_o3_repeat1_adaptive5_20260510/o3/polybench/heat-3d/461/universal/runs/run_001/stdout.txt,/root/exp/RFunipassLab/external_datasets/build/runtime_matched/external_runtime_polybench10_wrap_10seeds_backend_o3_repeat1_adaptive5_20260510/o3/polybench/heat-3d/461/universal/runs/run_001/stderr.txt,
external_runtime_polybench10_wrap_10seeds_backend_o3_repeat1_adaptive5_20260510,o3,o3,polybench,heat-3d,462,20260423_214113_355045_feature_lite_seed462,universal,rfunipass,1,failed,,,10.372625,True,/root/exp/RFunipassLab/external_datasets/build/runtime_matched/external_runtime_polybench10_wrap_10seeds_backend_o3_repeat1_adaptive5_20260510/o3/polybench/heat-3d/462/universal/a.out,/root/exp/RFunipassLab/external_datasets/build/runtime_matched/external_runtime_polybench10_wrap_10seeds_backend_o3_repeat1_adaptive5_20260510/o3/polybench/heat-3d/462/universal/universal_4da41e9006a8.ll,/root/exp/RFunipassLab/external_datasets/build/runtime_matched/external_runtime_polybench10_wrap_10seeds_backend_o3_repeat1_adaptive5_20260510/o3/polybench/heat-3d/462/universal/runs/run_001/stdout.txt,/root/exp/RFunipassLab/external_datasets/build/runtime_matched/external_runtime_polybench10_wrap_10seeds_backend_o3_repeat1_adaptive5_20260510/o3/polybench/heat-3d/462/universal/runs/run_001/stderr.txt,runtime timeout after 10.372625s
external_runtime_polybench10_wrap_10seeds_backend_o3_repeat1_adaptive5_20260510,o3,o3,polybench,heat-3d,463,20260423_221353_240005_feature_lite_seed463,universal,rfunipass,1,failed,,,10.372625,True,/root/exp/RFunipassLab/external_datasets/build/runtime_matched/external_runtime_polybench10_wrap_10seeds_backend_o3_repeat1_adaptive5_20260510/o3/polybench/heat-3d/463/universal/a.out,/root/exp/RFunipassLab/external_datasets/build/runtime_matched/external_runtime_polybench10_wrap_10seeds_backend_o3_repeat1_adaptive5_20260510/o3/polybench/heat-3d/463/universal/universal_3c6e71c0df8d.ll,/root/exp/RFunipassLab/external_datasets/build/runtime_matched/external_runtime_polybench10_wrap_10seeds_backend_o3_repeat1_adaptive5_20260510/o3/polybench/heat-3d/463/universal/runs/run_001/stdout.txt,/root/exp/RFunipassLab/external_datasets/build/runtime_matched/external_runtime_polybench10_wrap_10seeds_backend_o3_repeat1_adaptive5_20260510/o3/polybench/heat-3d/463/universal/runs/run_001/stderr.txt,runtime timeout after 10.372625s
external_runtime_polybench10_wrap_10seeds_backend_o3_repeat1_adaptive5_20260510,o3,o3,polybench,heat-3d,464,20260423_230444_536999_feature_lite_seed464,universal,rfunipass,1,failed,,,10.372625,True,/root/exp/RFunipassLab/external_datasets/build/runtime_matched/external_runtime_polybench10_wrap_10seeds_backend_o3_repeat1_adaptive5_20260510/o3/polybench/heat-3d/464/universal/a.out,/root/exp/RFunipassLab/external_datasets/build/runtime_matched/external_runtime_polybench10_wrap_10seeds_backend_o3_repeat1_adaptive5_20260510/o3/polybench/heat-3d/464/universal/universal_58aea292ea66.ll,/root/exp/RFunipassLab/external_datasets/build/runtime_matched/external_runtime_polybench10_wrap_10seeds_backend_o3_repeat1_adaptive5_20260510/o3/polybench/heat-3d/464/universal/runs/run_001/stdout.txt,/root/exp/RFunipassLab/external_datasets/build/runtime_matched/external_runtime_polybench10_wrap_10seeds_backend_o3_repeat1_adaptive5_20260510/o3/polybench/heat-3d/464/universal/runs/run_001/stderr.txt,runtime timeout after 10.372625s
external_runtime_polybench10_wrap_10seeds_backend_o3_repeat1_adaptive5_20260510,o3,o3,polybench,heat-3d,465,20260423_231957_016941_feature_lite_seed465,universal,rfunipass,1,ok,1778381592.547463,3.236276153009385,10.372625,False,/root/exp/RFunipassLab/external_datasets/build/runtime_matched/external_runtime_polybench10_wrap_10seeds_backend_o3_repeat1_adaptive5_20260510/o3/polybench/heat-3d/465/universal/a.out,/root/exp/RFunipassLab/external_datasets/build/runtime_matched/external_runtime_polybench10_wrap_10seeds_backend_o3_repeat1_adaptive5_20260510/o3/polybench/heat-3d/465/universal/universal_e2fa59514181.ll,/root/exp/RFunipassLab/external_datasets/build/runtime_matched/external_runtime_polybench10_wrap_10seeds_backend_o3_repeat1_adaptive5_20260510/o3/polybench/heat-3d/465/universal/runs/run_001/stdout.txt,/root/exp/RFunipassLab/external_datasets/build/runtime_matched/external_runtime_polybench10_wrap_10seeds_backend_o3_repeat1_adaptive5_20260510/o3/polybench/heat-3d/465/universal/runs/run_001/stderr.txt,
external_runtime_polybench10_wrap_10seeds_backend_o3_repeat1_adaptive5_20260510,o3,o3,polybench,covariance,,,none,baseline,1,ok,4.421603,4.454511400079355,300.0,False,/root/exp/RFunipassLab/external_datasets/build/runtime_matched/external_runtime_polybench10_wrap_10seeds_backend_o3_repeat1_adaptive5_20260510/o3/polybench/covariance/baseline/none/a.out,/root/exp/RFunipassLab/external_datasets/build/runtime_matched/external_runtime_polybench10_wrap_10seeds_backend_o3_repeat1_adaptive5_20260510/o3/polybench/covariance/baseline/none/none_71f8e7976e4c.ll,/root/exp/RFunipassLab/external_datasets/build/runtime_matched/external_runtime_polybench10_wrap_10seeds_backend_o3_repeat1_adaptive5_20260510/o3/polybench/covariance/baseline/none/runs/run_001/stdout.txt,/root/exp/RFunipassLab/external_datasets/build/runtime_matched/external_runtime_polybench10_wrap_10seeds_backend_o3_repeat1_adaptive5_20260510/o3/polybench/covariance/baseline/none/runs/run_001/stderr.txt,
external_runtime_polybench10_wrap_10seeds_backend_o3_repeat1_adaptive5_20260510,o3,o3,polybench,covariance,,,o3,baseline,1,ok,5.42674,5.4356321091763675,300.0,False,/root/exp/RFunipassLab/external_datasets/build/runtime_matched/external_runtime_polybench10_wrap_10seeds_backend_o3_repeat1_adaptive5_20260510/o3/polybench/covariance/baseline/o3/a.out,/root/exp/RFunipassLab/external_datasets/build/runtime_matched/external_runtime_polybench10_wrap_10seeds_backend_o3_repeat1_adaptive5_20260510/o3/polybench/covariance/baseline/o3/o3_41db216f1b51.ll,/root/exp/RFunipassLab/external_datasets/build/runtime_matched/external_runtime_polybench10_wrap_10seeds_backend_o3_repeat1_adaptive5_20260510/o3/polybench/covariance/baseline/o3/runs/run_001/stdout.txt,/root/exp/RFunipassLab/external_datasets/build/runtime_matched/external_runtime_polybench10_wrap_10seeds_backend_o3_repeat1_adaptive5_20260510/o3/polybench/covariance/baseline/o3/runs/run_001/stderr.txt,
external_runtime_polybench10_wrap_10seeds_backend_o3_repeat1_adaptive5_20260510,o3,o3,polybench,covariance,456,20260423_181846_349217_feature_lite_seed456,universal,rfunipass,1,ok,5.709034,5.7288158379960805,27.133699999999997,False,/root/exp/RFunipassLab/external_datasets/build/runtime_matched/external_runtime_polybench10_wrap_10seeds_backend_o3_repeat1_adaptive5_20260510/o3/polybench/covariance/456/universal/a.out,/root/exp/RFunipassLab/external_datasets/build/runtime_matched/external_runtime_polybench10_wrap_10seeds_backend_o3_repeat1_adaptive5_20260510/o3/polybench/covariance/456/universal/universal_1dd8ea870347.ll,/root/exp/RFunipassLab/external_datasets/build/runtime_matched/external_runtime_polybench10_wrap_10seeds_backend_o3_repeat1_adaptive5_20260510/o3/polybench/covariance/456/universal/runs/run_001/stdout.txt,/root/exp/RFunipassLab/external_datasets/build/runtime_matched/external_runtime_polybench10_wrap_10seeds_backend_o3_repeat1_adaptive5_20260510/o3/polybench/covariance/456/universal/runs/run_001/stderr.txt,
external_runtime_polybench10_wrap_10seeds_backend_o3_repeat1_adaptive5_20260510,o3,o3,polybench,covariance,457,20260423_184811_146360_feature_lite_seed457,universal,rfunipass,1,failed,,,27.133699999999997,True,/root/exp/RFunipassLab/external_datasets/build/runtime_matched/external_runtime_polybench10_wrap_10seeds_backend_o3_repeat1_adaptive5_20260510/o3/polybench/covariance/457/universal/a.out,/root/exp/RFunipassLab/external_datasets/build/runtime_matched/external_runtime_polybench10_wrap_10seeds_backend_o3_repeat1_adaptive5_20260510/o3/polybench/covariance/457/universal/universal_468197d7c679.ll,/root/exp/RFunipassLab/external_datasets/build/runtime_matched/external_runtime_polybench10_wrap_10seeds_backend_o3_repeat1_adaptive5_20260510/o3/polybench/covariance/457/universal/runs/run_001/stdout.txt,/root/exp/RFunipassLab/external_datasets/build/runtime_matched/external_runtime_polybench10_wrap_10seeds_backend_o3_repeat1_adaptive5_20260510/o3/polybench/covariance/457/universal/runs/run_001/stderr.txt,runtime timeout after 27.133699999999997s
external_runtime_polybench10_wrap_10seeds_backend_o3_repeat1_adaptive5_20260510,o3,o3,polybench,covariance,458,20260423_193326_468019_feature_lite_seed458,universal,rfunipass,1,failed,,,27.133699999999997,True,/root/exp/RFunipassLab/external_datasets/build/runtime_matched/external_runtime_polybench10_wrap_10seeds_backend_o3_repeat1_adaptive5_20260510/o3/polybench/covariance/458/universal/a.out,/root/exp/RFunipassLab/external_datasets/build/runtime_matched/external_runtime_polybench10_wrap_10seeds_backend_o3_repeat1_adaptive5_20260510/o3/polybench/covariance/458/universal/universal_bac1dd97c06b.ll,/root/exp/RFunipassLab/external_datasets/build/runtime_matched/external_runtime_polybench10_wrap_10seeds_backend_o3_repeat1_adaptive5_20260510/o3/polybench/covariance/458/universal/runs/run_001/stdout.txt,/root/exp/RFunipassLab/external_datasets/build/runtime_matched/external_runtime_polybench10_wrap_10seeds_backend_o3_repeat1_adaptive5_20260510/o3/polybench/covariance/458/universal/runs/run_001/stderr.txt,runtime timeout after 27.133699999999997s
external_runtime_polybench10_wrap_10seeds_backend_o3_repeat1_adaptive5_20260510,o3,o3,polybench,covariance,459,20260423_203402_518521_feature_lite_seed459,universal,rfunipass,1,ok,5.77802,5.799596494995058,27.133699999999997,False,/root/exp/RFunipassLab/external_datasets/build/runtime_matched/external_runtime_polybench10_wrap_10seeds_backend_o3_repeat1_adaptive5_20260510/o3/polybench/covariance/459/universal/a.out,/root/exp/RFunipassLab/external_datasets/build/runtime_matched/external_runtime_polybench10_wrap_10seeds_backend_o3_repeat1_adaptive5_20260510/o3/polybench/covariance/459/universal/universal_6d5271a22f91.ll,/root/exp/RFunipassLab/external_datasets/build/runtime_matched/external_runtime_polybench10_wrap_10seeds_backend_o3_repeat1_adaptive5_20260510/o3/polybench/covariance/459/universal/runs/run_001/stdout.txt,/root/exp/RFunipassLab/external_datasets/build/runtime_matched/external_runtime_polybench10_wrap_10seeds_backend_o3_repeat1_adaptive5_20260510/o3/polybench/covariance/459/universal/runs/run_001/stderr.txt,
external_runtime_polybench10_wrap_10seeds_backend_o3_repeat1_adaptive5_20260510,o3,o3,polybench,covariance,460,20260423_205014_703926_feature_lite_seed460,universal,rfunipass,1,failed,,,27.133699999999997,False,/root/exp/RFunipassLab/external_datasets/build/runtime_matched/external_runtime_polybench10_wrap_10seeds_backend_o3_repeat1_adaptive5_20260510/o3/polybench/covariance/460/universal/a.out,/root/exp/RFunipassLab/external_datasets/build/runtime_matched/external_runtime_polybench10_wrap_10seeds_backend_o3_repeat1_adaptive5_20260510/o3/polybench/covariance/460/universal/universal_aa7d5985738b.ll,/root/exp/RFunipassLab/external_datasets/build/runtime_matched/external_runtime_polybench10_wrap_10seeds_backend_o3_repeat1_adaptive5_20260510/o3/polybench/covariance/460/universal/runs/run_001/stdout.txt,/root/exp/RFunipassLab/external_datasets/build/runtime_matched/external_runtime_polybench10_wrap_10seeds_backend_o3_repeat1_adaptive5_20260510/o3/polybench/covariance/460/universal/runs/run_001/stderr.txt,binary exited with returncode=-11
external_runtime_polybench10_wrap_10seeds_backend_o3_repeat1_adaptive5_20260510,o3,o3,polybench,covariance,461,20260423_211628_575222_feature_lite_seed461,universal,rfunipass,1,ok,5.709261,5.719956980086863,27.133699999999997,False,/root/exp/RFunipassLab/external_datasets/build/runtime_matched/external_runtime_polybench10_wrap_10seeds_backend_o3_repeat1_adaptive5_20260510/o3/polybench/covariance/461/universal/a.out,/root/exp/RFunipassLab/external_datasets/build/runtime_matched/external_runtime_polybench10_wrap_10seeds_backend_o3_repeat1_adaptive5_20260510/o3/polybench/covariance/461/universal/universal_c3b20e7655ed.ll,/root/exp/RFunipassLab/external_datasets/build/runtime_matched/external_runtime_polybench10_wrap_10seeds_backend_o3_repeat1_adaptive5_20260510/o3/polybench/covariance/461/universal/runs/run_001/stdout.txt,/root/exp/RFunipassLab/external_datasets/build/runtime_matched/external_runtime_polybench10_wrap_10seeds_backend_o3_repeat1_adaptive5_20260510/o3/polybench/covariance/461/universal/runs/run_001/stderr.txt,
external_runtime_polybench10_wrap_10seeds_backend_o3_repeat1_adaptive5_20260510,o3,o3,polybench,covariance,462,20260423_214113_355045_feature_lite_seed462,universal,rfunipass,1,failed,,,27.133699999999997,False,/root/exp/RFunipassLab/external_datasets/build/runtime_matched/external_runtime_polybench10_wrap_10seeds_backend_o3_repeat1_adaptive5_20260510/o3/polybench/covariance/462/universal/a.out,/root/exp/RFunipassLab/external_datasets/build/runtime_matched/external_runtime_polybench10_wrap_10seeds_backend_o3_repeat1_adaptive5_20260510/o3/polybench/covariance/462/universal/universal_4da41e9006a8.ll,/root/exp/RFunipassLab/external_datasets/build/runtime_matched/external_runtime_polybench10_wrap_10seeds_backend_o3_repeat1_adaptive5_20260510/o3/polybench/covariance/462/universal/runs/run_001/stdout.txt,/root/exp/RFunipassLab/external_datasets/build/runtime_matched/external_runtime_polybench10_wrap_10seeds_backend_o3_repeat1_adaptive5_20260510/o3/polybench/covariance/462/universal/runs/run_001/stderr.txt,binary exited with returncode=-11
external_runtime_polybench10_wrap_10seeds_backend_o3_repeat1_adaptive5_20260510,o3,o3,polybench,covariance,463,20260423_221353_240005_feature_lite_seed463,universal,rfunipass,1,failed,,,27.133699999999997,True,/root/exp/RFunipassLab/external_datasets/build/runtime_matched/external_runtime_polybench10_wrap_10seeds_backend_o3_repeat1_adaptive5_20260510/o3/polybench/covariance/463/universal/a.out,/root/exp/RFunipassLab/external_datasets/build/runtime_matched/external_runtime_polybench10_wrap_10seeds_backend_o3_repeat1_adaptive5_20260510/o3/polybench/covariance/463/universal/universal_3c6e71c0df8d.ll,/root/exp/RFunipassLab/external_datasets/build/runtime_matched/external_runtime_polybench10_wrap_10seeds_backend_o3_repeat1_adaptive5_20260510/o3/polybench/covariance/463/universal/runs/run_001/stdout.txt,/root/exp/RFunipassLab/external_datasets/build/runtime_matched/external_runtime_polybench10_wrap_10seeds_backend_o3_repeat1_adaptive5_20260510/o3/polybench/covariance/463/universal/runs/run_001/stderr.txt,runtime timeout after 27.133699999999997s
external_runtime_polybench10_wrap_10seeds_backend_o3_repeat1_adaptive5_20260510,o3,o3,polybench,covariance,464,20260423_230444_536999_feature_lite_seed464,universal,rfunipass,1,ok,5.397623,5.417276210151613,27.133699999999997,False,/root/exp/RFunipassLab/external_datasets/build/runtime_matched/external_runtime_polybench10_wrap_10seeds_backend_o3_repeat1_adaptive5_20260510/o3/polybench/covariance/464/universal/a.out,/root/exp/RFunipassLab/external_datasets/build/runtime_matched/external_runtime_polybench10_wrap_10seeds_backend_o3_repeat1_adaptive5_20260510/o3/polybench/covariance/464/universal/universal_58aea292ea66.ll,/root/exp/RFunipassLab/external_datasets/build/runtime_matched/external_runtime_polybench10_wrap_10seeds_backend_o3_repeat1_adaptive5_20260510/o3/polybench/covariance/464/universal/runs/run_001/stdout.txt,/root/exp/RFunipassLab/external_datasets/build/runtime_matched/external_runtime_polybench10_wrap_10seeds_backend_o3_repeat1_adaptive5_20260510/o3/polybench/covariance/464/universal/runs/run_001/stderr.txt,
external_runtime_polybench10_wrap_10seeds_backend_o3_repeat1_adaptive5_20260510,o3,o3,polybench,covariance,465,20260423_231957_016941_feature_lite_seed465,universal,rfunipass,1,failed,,,27.133699999999997,True,/root/exp/RFunipassLab/external_datasets/build/runtime_matched/external_runtime_polybench10_wrap_10seeds_backend_o3_repeat1_adaptive5_20260510/o3/polybench/covariance/465/universal/a.out,/root/exp/RFunipassLab/external_datasets/build/runtime_matched/external_runtime_polybench10_wrap_10seeds_backend_o3_repeat1_adaptive5_20260510/o3/polybench/covariance/465/universal/universal_e2fa59514181.ll,/root/exp/RFunipassLab/external_datasets/build/runtime_matched/external_runtime_polybench10_wrap_10seeds_backend_o3_repeat1_adaptive5_20260510/o3/polybench/covariance/465/universal/runs/run_001/stdout.txt,/root/exp/RFunipassLab/external_datasets/build/runtime_matched/external_runtime_polybench10_wrap_10seeds_backend_o3_repeat1_adaptive5_20260510/o3/polybench/covariance/465/universal/runs/run_001/stderr.txt,runtime timeout after 27.133699999999997s
