tag,backend_profile,matched_baseline,suite,benchmark,seed,run_id,pipeline_label,pipeline_kind,repeat_index,status,polybench_seconds,wall_seconds,timeout_used,censored,binary_path,optimized_ir_path,stdout_path,stderr_path,error
external_runtime_polybench_full_wrap_10seeds_backend_oz_repeat1_adaptive5_20260509,oz,oz,polybench_full,correlation,,,none,baseline,1,ok,4.532434,4.563304980052635,300.0,False,/root/exp/RFunipassLab/external_datasets/build/runtime_matched/external_runtime_polybench_full_wrap_10seeds_backend_oz_repeat1_adaptive5_20260509/oz/polybench_full/correlation/baseline/none/a.out,/root/exp/RFunipassLab/external_datasets/build/runtime_matched/external_runtime_polybench_full_wrap_10seeds_backend_oz_repeat1_adaptive5_20260509/oz/polybench_full/correlation/baseline/none/none_71f8e7976e4c.ll,/root/exp/RFunipassLab/external_datasets/build/runtime_matched/external_runtime_polybench_full_wrap_10seeds_backend_oz_repeat1_adaptive5_20260509/oz/polybench_full/correlation/baseline/none/runs/run_001/stdout.txt,/root/exp/RFunipassLab/external_datasets/build/runtime_matched/external_runtime_polybench_full_wrap_10seeds_backend_oz_repeat1_adaptive5_20260509/oz/polybench_full/correlation/baseline/none/runs/run_001/stderr.txt,
external_runtime_polybench_full_wrap_10seeds_backend_oz_repeat1_adaptive5_20260509,oz,oz,polybench_full,correlation,,,oz,baseline,1,ok,5.378142,5.392478936119005,300.0,False,/root/exp/RFunipassLab/external_datasets/build/runtime_matched/external_runtime_polybench_full_wrap_10seeds_backend_oz_repeat1_adaptive5_20260509/oz/polybench_full/correlation/baseline/oz/a.out,/root/exp/RFunipassLab/external_datasets/build/runtime_matched/external_runtime_polybench_full_wrap_10seeds_backend_oz_repeat1_adaptive5_20260509/oz/polybench_full/correlation/baseline/oz/oz_d135b696b0fd.ll,/root/exp/RFunipassLab/external_datasets/build/runtime_matched/external_runtime_polybench_full_wrap_10seeds_backend_oz_repeat1_adaptive5_20260509/oz/polybench_full/correlation/baseline/oz/runs/run_001/stdout.txt,/root/exp/RFunipassLab/external_datasets/build/runtime_matched/external_runtime_polybench_full_wrap_10seeds_backend_oz_repeat1_adaptive5_20260509/oz/polybench_full/correlation/baseline/oz/runs/run_001/stderr.txt,
external_runtime_polybench_full_wrap_10seeds_backend_oz_repeat1_adaptive5_20260509,oz,oz,polybench_full,correlation,456,20260423_181846_349217_feature_lite_seed456,universal,rfunipass,1,ok,5.493778,5.516990935895592,26.890710000000002,False,/root/exp/RFunipassLab/external_datasets/build/runtime_matched/external_runtime_polybench_full_wrap_10seeds_backend_oz_repeat1_adaptive5_20260509/oz/polybench_full/correlation/456/universal/a.out,/root/exp/RFunipassLab/external_datasets/build/runtime_matched/external_runtime_polybench_full_wrap_10seeds_backend_oz_repeat1_adaptive5_20260509/oz/polybench_full/correlation/456/universal/universal_1dd8ea870347.ll,/root/exp/RFunipassLab/external_datasets/build/runtime_matched/external_runtime_polybench_full_wrap_10seeds_backend_oz_repeat1_adaptive5_20260509/oz/polybench_full/correlation/456/universal/runs/run_001/stdout.txt,/root/exp/RFunipassLab/external_datasets/build/runtime_matched/external_runtime_polybench_full_wrap_10seeds_backend_oz_repeat1_adaptive5_20260509/oz/polybench_full/correlation/456/universal/runs/run_001/stderr.txt,
external_runtime_polybench_full_wrap_10seeds_backend_oz_repeat1_adaptive5_20260509,oz,oz,polybench_full,correlation,457,20260423_184811_146360_feature_lite_seed457,universal,rfunipass,1,ok,5.550737,5.562054199865088,26.890710000000002,False,/root/exp/RFunipassLab/external_datasets/build/runtime_matched/external_runtime_polybench_full_wrap_10seeds_backend_oz_repeat1_adaptive5_20260509/oz/polybench_full/correlation/457/universal/a.out,/root/exp/RFunipassLab/external_datasets/build/runtime_matched/external_runtime_polybench_full_wrap_10seeds_backend_oz_repeat1_adaptive5_20260509/oz/polybench_full/correlation/457/universal/universal_468197d7c679.ll,/root/exp/RFunipassLab/external_datasets/build/runtime_matched/external_runtime_polybench_full_wrap_10seeds_backend_oz_repeat1_adaptive5_20260509/oz/polybench_full/correlation/457/universal/runs/run_001/stdout.txt,/root/exp/RFunipassLab/external_datasets/build/runtime_matched/external_runtime_polybench_full_wrap_10seeds_backend_oz_repeat1_adaptive5_20260509/oz/polybench_full/correlation/457/universal/runs/run_001/stderr.txt,
external_runtime_polybench_full_wrap_10seeds_backend_oz_repeat1_adaptive5_20260509,oz,oz,polybench_full,correlation,458,20260423_193326_468019_feature_lite_seed458,universal,rfunipass,1,ok,5.792136,5.811787416227162,26.890710000000002,False,/root/exp/RFunipassLab/external_datasets/build/runtime_matched/external_runtime_polybench_full_wrap_10seeds_backend_oz_repeat1_adaptive5_20260509/oz/polybench_full/correlation/458/universal/a.out,/root/exp/RFunipassLab/external_datasets/build/runtime_matched/external_runtime_polybench_full_wrap_10seeds_backend_oz_repeat1_adaptive5_20260509/oz/polybench_full/correlation/458/universal/universal_bac1dd97c06b.ll,/root/exp/RFunipassLab/external_datasets/build/runtime_matched/external_runtime_polybench_full_wrap_10seeds_backend_oz_repeat1_adaptive5_20260509/oz/polybench_full/correlation/458/universal/runs/run_001/stdout.txt,/root/exp/RFunipassLab/external_datasets/build/runtime_matched/external_runtime_polybench_full_wrap_10seeds_backend_oz_repeat1_adaptive5_20260509/oz/polybench_full/correlation/458/universal/runs/run_001/stderr.txt,
external_runtime_polybench_full_wrap_10seeds_backend_oz_repeat1_adaptive5_20260509,oz,oz,polybench_full,correlation,459,20260423_203402_518521_feature_lite_seed459,universal,rfunipass,1,ok,5.800651,5.82463702885434,26.890710000000002,False,/root/exp/RFunipassLab/external_datasets/build/runtime_matched/external_runtime_polybench_full_wrap_10seeds_backend_oz_repeat1_adaptive5_20260509/oz/polybench_full/correlation/459/universal/a.out,/root/exp/RFunipassLab/external_datasets/build/runtime_matched/external_runtime_polybench_full_wrap_10seeds_backend_oz_repeat1_adaptive5_20260509/oz/polybench_full/correlation/459/universal/universal_6d5271a22f91.ll,/root/exp/RFunipassLab/external_datasets/build/runtime_matched/external_runtime_polybench_full_wrap_10seeds_backend_oz_repeat1_adaptive5_20260509/oz/polybench_full/correlation/459/universal/runs/run_001/stdout.txt,/root/exp/RFunipassLab/external_datasets/build/runtime_matched/external_runtime_polybench_full_wrap_10seeds_backend_oz_repeat1_adaptive5_20260509/oz/polybench_full/correlation/459/universal/runs/run_001/stderr.txt,
external_runtime_polybench_full_wrap_10seeds_backend_oz_repeat1_adaptive5_20260509,oz,oz,polybench_full,correlation,460,20260423_205014_703926_feature_lite_seed460,universal,rfunipass,1,ok,5.778352,5.799004539847374,26.890710000000002,False,/root/exp/RFunipassLab/external_datasets/build/runtime_matched/external_runtime_polybench_full_wrap_10seeds_backend_oz_repeat1_adaptive5_20260509/oz/polybench_full/correlation/460/universal/a.out,/root/exp/RFunipassLab/external_datasets/build/runtime_matched/external_runtime_polybench_full_wrap_10seeds_backend_oz_repeat1_adaptive5_20260509/oz/polybench_full/correlation/460/universal/universal_aa7d5985738b.ll,/root/exp/RFunipassLab/external_datasets/build/runtime_matched/external_runtime_polybench_full_wrap_10seeds_backend_oz_repeat1_adaptive5_20260509/oz/polybench_full/correlation/460/universal/runs/run_001/stdout.txt,/root/exp/RFunipassLab/external_datasets/build/runtime_matched/external_runtime_polybench_full_wrap_10seeds_backend_oz_repeat1_adaptive5_20260509/oz/polybench_full/correlation/460/universal/runs/run_001/stderr.txt,
external_runtime_polybench_full_wrap_10seeds_backend_oz_repeat1_adaptive5_20260509,oz,oz,polybench_full,correlation,461,20260423_211628_575222_feature_lite_seed461,universal,rfunipass,1,ok,5.785444,5.796575526939705,26.890710000000002,False,/root/exp/RFunipassLab/external_datasets/build/runtime_matched/external_runtime_polybench_full_wrap_10seeds_backend_oz_repeat1_adaptive5_20260509/oz/polybench_full/correlation/461/universal/a.out,/root/exp/RFunipassLab/external_datasets/build/runtime_matched/external_runtime_polybench_full_wrap_10seeds_backend_oz_repeat1_adaptive5_20260509/oz/polybench_full/correlation/461/universal/universal_c3b20e7655ed.ll,/root/exp/RFunipassLab/external_datasets/build/runtime_matched/external_runtime_polybench_full_wrap_10seeds_backend_oz_repeat1_adaptive5_20260509/oz/polybench_full/correlation/461/universal/runs/run_001/stdout.txt,/root/exp/RFunipassLab/external_datasets/build/runtime_matched/external_runtime_polybench_full_wrap_10seeds_backend_oz_repeat1_adaptive5_20260509/oz/polybench_full/correlation/461/universal/runs/run_001/stderr.txt,
external_runtime_polybench_full_wrap_10seeds_backend_oz_repeat1_adaptive5_20260509,oz,oz,polybench_full,correlation,462,20260423_214113_355045_feature_lite_seed462,universal,rfunipass,1,ok,5.788271,5.810335182119161,26.890710000000002,False,/root/exp/RFunipassLab/external_datasets/build/runtime_matched/external_runtime_polybench_full_wrap_10seeds_backend_oz_repeat1_adaptive5_20260509/oz/polybench_full/correlation/462/universal/a.out,/root/exp/RFunipassLab/external_datasets/build/runtime_matched/external_runtime_polybench_full_wrap_10seeds_backend_oz_repeat1_adaptive5_20260509/oz/polybench_full/correlation/462/universal/universal_4da41e9006a8.ll,/root/exp/RFunipassLab/external_datasets/build/runtime_matched/external_runtime_polybench_full_wrap_10seeds_backend_oz_repeat1_adaptive5_20260509/oz/polybench_full/correlation/462/universal/runs/run_001/stdout.txt,/root/exp/RFunipassLab/external_datasets/build/runtime_matched/external_runtime_polybench_full_wrap_10seeds_backend_oz_repeat1_adaptive5_20260509/oz/polybench_full/correlation/462/universal/runs/run_001/stderr.txt,
external_runtime_polybench_full_wrap_10seeds_backend_oz_repeat1_adaptive5_20260509,oz,oz,polybench_full,correlation,463,20260423_221353_240005_feature_lite_seed463,universal,rfunipass,1,failed,,,26.890710000000002,True,/root/exp/RFunipassLab/external_datasets/build/runtime_matched/external_runtime_polybench_full_wrap_10seeds_backend_oz_repeat1_adaptive5_20260509/oz/polybench_full/correlation/463/universal/a.out,/root/exp/RFunipassLab/external_datasets/build/runtime_matched/external_runtime_polybench_full_wrap_10seeds_backend_oz_repeat1_adaptive5_20260509/oz/polybench_full/correlation/463/universal/universal_3c6e71c0df8d.ll,/root/exp/RFunipassLab/external_datasets/build/runtime_matched/external_runtime_polybench_full_wrap_10seeds_backend_oz_repeat1_adaptive5_20260509/oz/polybench_full/correlation/463/universal/runs/run_001/stdout.txt,/root/exp/RFunipassLab/external_datasets/build/runtime_matched/external_runtime_polybench_full_wrap_10seeds_backend_oz_repeat1_adaptive5_20260509/oz/polybench_full/correlation/463/universal/runs/run_001/stderr.txt,runtime timeout after 26.890710000000002s
external_runtime_polybench_full_wrap_10seeds_backend_oz_repeat1_adaptive5_20260509,oz,oz,polybench_full,correlation,464,20260423_230444_536999_feature_lite_seed464,universal,rfunipass,1,ok,5.421459,5.444647863972932,26.890710000000002,False,/root/exp/RFunipassLab/external_datasets/build/runtime_matched/external_runtime_polybench_full_wrap_10seeds_backend_oz_repeat1_adaptive5_20260509/oz/polybench_full/correlation/464/universal/a.out,/root/exp/RFunipassLab/external_datasets/build/runtime_matched/external_runtime_polybench_full_wrap_10seeds_backend_oz_repeat1_adaptive5_20260509/oz/polybench_full/correlation/464/universal/universal_58aea292ea66.ll,/root/exp/RFunipassLab/external_datasets/build/runtime_matched/external_runtime_polybench_full_wrap_10seeds_backend_oz_repeat1_adaptive5_20260509/oz/polybench_full/correlation/464/universal/runs/run_001/stdout.txt,/root/exp/RFunipassLab/external_datasets/build/runtime_matched/external_runtime_polybench_full_wrap_10seeds_backend_oz_repeat1_adaptive5_20260509/oz/polybench_full/correlation/464/universal/runs/run_001/stderr.txt,
external_runtime_polybench_full_wrap_10seeds_backend_oz_repeat1_adaptive5_20260509,oz,oz,polybench_full,correlation,465,20260423_231957_016941_feature_lite_seed465,universal,rfunipass,1,ok,5.781918,5.795384731143713,26.890710000000002,False,/root/exp/RFunipassLab/external_datasets/build/runtime_matched/external_runtime_polybench_full_wrap_10seeds_backend_oz_repeat1_adaptive5_20260509/oz/polybench_full/correlation/465/universal/a.out,/root/exp/RFunipassLab/external_datasets/build/runtime_matched/external_runtime_polybench_full_wrap_10seeds_backend_oz_repeat1_adaptive5_20260509/oz/polybench_full/correlation/465/universal/universal_e2fa59514181.ll,/root/exp/RFunipassLab/external_datasets/build/runtime_matched/external_runtime_polybench_full_wrap_10seeds_backend_oz_repeat1_adaptive5_20260509/oz/polybench_full/correlation/465/universal/runs/run_001/stdout.txt,/root/exp/RFunipassLab/external_datasets/build/runtime_matched/external_runtime_polybench_full_wrap_10seeds_backend_oz_repeat1_adaptive5_20260509/oz/polybench_full/correlation/465/universal/runs/run_001/stderr.txt,
external_runtime_polybench_full_wrap_10seeds_backend_oz_repeat1_adaptive5_20260509,oz,oz,polybench_full,covariance,,,none,baseline,1,ok,4.516368,4.550129973096773,300.0,False,/root/exp/RFunipassLab/external_datasets/build/runtime_matched/external_runtime_polybench_full_wrap_10seeds_backend_oz_repeat1_adaptive5_20260509/oz/polybench_full/covariance/baseline/none/a.out,/root/exp/RFunipassLab/external_datasets/build/runtime_matched/external_runtime_polybench_full_wrap_10seeds_backend_oz_repeat1_adaptive5_20260509/oz/polybench_full/covariance/baseline/none/none_71f8e7976e4c.ll,/root/exp/RFunipassLab/external_datasets/build/runtime_matched/external_runtime_polybench_full_wrap_10seeds_backend_oz_repeat1_adaptive5_20260509/oz/polybench_full/covariance/baseline/none/runs/run_001/stdout.txt,/root/exp/RFunipassLab/external_datasets/build/runtime_matched/external_runtime_polybench_full_wrap_10seeds_backend_oz_repeat1_adaptive5_20260509/oz/polybench_full/covariance/baseline/none/runs/run_001/stderr.txt,
external_runtime_polybench_full_wrap_10seeds_backend_oz_repeat1_adaptive5_20260509,oz,oz,polybench_full,covariance,,,oz,baseline,1,ok,5.456742,5.468177770962939,300.0,False,/root/exp/RFunipassLab/external_datasets/build/runtime_matched/external_runtime_polybench_full_wrap_10seeds_backend_oz_repeat1_adaptive5_20260509/oz/polybench_full/covariance/baseline/oz/a.out,/root/exp/RFunipassLab/external_datasets/build/runtime_matched/external_runtime_polybench_full_wrap_10seeds_backend_oz_repeat1_adaptive5_20260509/oz/polybench_full/covariance/baseline/oz/oz_d135b696b0fd.ll,/root/exp/RFunipassLab/external_datasets/build/runtime_matched/external_runtime_polybench_full_wrap_10seeds_backend_oz_repeat1_adaptive5_20260509/oz/polybench_full/covariance/baseline/oz/runs/run_001/stdout.txt,/root/exp/RFunipassLab/external_datasets/build/runtime_matched/external_runtime_polybench_full_wrap_10seeds_backend_oz_repeat1_adaptive5_20260509/oz/polybench_full/covariance/baseline/oz/runs/run_001/stderr.txt,
external_runtime_polybench_full_wrap_10seeds_backend_oz_repeat1_adaptive5_20260509,oz,oz,polybench_full,covariance,456,20260423_181846_349217_feature_lite_seed456,universal,rfunipass,1,ok,5.616153,5.635710120899603,27.28371,False,/root/exp/RFunipassLab/external_datasets/build/runtime_matched/external_runtime_polybench_full_wrap_10seeds_backend_oz_repeat1_adaptive5_20260509/oz/polybench_full/covariance/456/universal/a.out,/root/exp/RFunipassLab/external_datasets/build/runtime_matched/external_runtime_polybench_full_wrap_10seeds_backend_oz_repeat1_adaptive5_20260509/oz/polybench_full/covariance/456/universal/universal_1dd8ea870347.ll,/root/exp/RFunipassLab/external_datasets/build/runtime_matched/external_runtime_polybench_full_wrap_10seeds_backend_oz_repeat1_adaptive5_20260509/oz/polybench_full/covariance/456/universal/runs/run_001/stdout.txt,/root/exp/RFunipassLab/external_datasets/build/runtime_matched/external_runtime_polybench_full_wrap_10seeds_backend_oz_repeat1_adaptive5_20260509/oz/polybench_full/covariance/456/universal/runs/run_001/stderr.txt,
external_runtime_polybench_full_wrap_10seeds_backend_oz_repeat1_adaptive5_20260509,oz,oz,polybench_full,covariance,457,20260423_184811_146360_feature_lite_seed457,universal,rfunipass,1,failed,,,27.28371,True,/root/exp/RFunipassLab/external_datasets/build/runtime_matched/external_runtime_polybench_full_wrap_10seeds_backend_oz_repeat1_adaptive5_20260509/oz/polybench_full/covariance/457/universal/a.out,/root/exp/RFunipassLab/external_datasets/build/runtime_matched/external_runtime_polybench_full_wrap_10seeds_backend_oz_repeat1_adaptive5_20260509/oz/polybench_full/covariance/457/universal/universal_468197d7c679.ll,/root/exp/RFunipassLab/external_datasets/build/runtime_matched/external_runtime_polybench_full_wrap_10seeds_backend_oz_repeat1_adaptive5_20260509/oz/polybench_full/covariance/457/universal/runs/run_001/stdout.txt,/root/exp/RFunipassLab/external_datasets/build/runtime_matched/external_runtime_polybench_full_wrap_10seeds_backend_oz_repeat1_adaptive5_20260509/oz/polybench_full/covariance/457/universal/runs/run_001/stderr.txt,runtime timeout after 27.28371s
external_runtime_polybench_full_wrap_10seeds_backend_oz_repeat1_adaptive5_20260509,oz,oz,polybench_full,covariance,458,20260423_193326_468019_feature_lite_seed458,universal,rfunipass,1,failed,,,27.28371,True,/root/exp/RFunipassLab/external_datasets/build/runtime_matched/external_runtime_polybench_full_wrap_10seeds_backend_oz_repeat1_adaptive5_20260509/oz/polybench_full/covariance/458/universal/a.out,/root/exp/RFunipassLab/external_datasets/build/runtime_matched/external_runtime_polybench_full_wrap_10seeds_backend_oz_repeat1_adaptive5_20260509/oz/polybench_full/covariance/458/universal/universal_bac1dd97c06b.ll,/root/exp/RFunipassLab/external_datasets/build/runtime_matched/external_runtime_polybench_full_wrap_10seeds_backend_oz_repeat1_adaptive5_20260509/oz/polybench_full/covariance/458/universal/runs/run_001/stdout.txt,/root/exp/RFunipassLab/external_datasets/build/runtime_matched/external_runtime_polybench_full_wrap_10seeds_backend_oz_repeat1_adaptive5_20260509/oz/polybench_full/covariance/458/universal/runs/run_001/stderr.txt,runtime timeout after 27.28371s
external_runtime_polybench_full_wrap_10seeds_backend_oz_repeat1_adaptive5_20260509,oz,oz,polybench_full,covariance,459,20260423_203402_518521_feature_lite_seed459,universal,rfunipass,1,ok,5.789351,5.812725652940571,27.28371,False,/root/exp/RFunipassLab/external_datasets/build/runtime_matched/external_runtime_polybench_full_wrap_10seeds_backend_oz_repeat1_adaptive5_20260509/oz/polybench_full/covariance/459/universal/a.out,/root/exp/RFunipassLab/external_datasets/build/runtime_matched/external_runtime_polybench_full_wrap_10seeds_backend_oz_repeat1_adaptive5_20260509/oz/polybench_full/covariance/459/universal/universal_6d5271a22f91.ll,/root/exp/RFunipassLab/external_datasets/build/runtime_matched/external_runtime_polybench_full_wrap_10seeds_backend_oz_repeat1_adaptive5_20260509/oz/polybench_full/covariance/459/universal/runs/run_001/stdout.txt,/root/exp/RFunipassLab/external_datasets/build/runtime_matched/external_runtime_polybench_full_wrap_10seeds_backend_oz_repeat1_adaptive5_20260509/oz/polybench_full/covariance/459/universal/runs/run_001/stderr.txt,
external_runtime_polybench_full_wrap_10seeds_backend_oz_repeat1_adaptive5_20260509,oz,oz,polybench_full,covariance,460,20260423_205014_703926_feature_lite_seed460,universal,rfunipass,1,failed,,,27.28371,False,/root/exp/RFunipassLab/external_datasets/build/runtime_matched/external_runtime_polybench_full_wrap_10seeds_backend_oz_repeat1_adaptive5_20260509/oz/polybench_full/covariance/460/universal/a.out,/root/exp/RFunipassLab/external_datasets/build/runtime_matched/external_runtime_polybench_full_wrap_10seeds_backend_oz_repeat1_adaptive5_20260509/oz/polybench_full/covariance/460/universal/universal_aa7d5985738b.ll,/root/exp/RFunipassLab/external_datasets/build/runtime_matched/external_runtime_polybench_full_wrap_10seeds_backend_oz_repeat1_adaptive5_20260509/oz/polybench_full/covariance/460/universal/runs/run_001/stdout.txt,/root/exp/RFunipassLab/external_datasets/build/runtime_matched/external_runtime_polybench_full_wrap_10seeds_backend_oz_repeat1_adaptive5_20260509/oz/polybench_full/covariance/460/universal/runs/run_001/stderr.txt,binary exited with returncode=-11
external_runtime_polybench_full_wrap_10seeds_backend_oz_repeat1_adaptive5_20260509,oz,oz,polybench_full,covariance,461,20260423_211628_575222_feature_lite_seed461,universal,rfunipass,1,ok,5.808472,5.821984087117016,27.28371,False,/root/exp/RFunipassLab/external_datasets/build/runtime_matched/external_runtime_polybench_full_wrap_10seeds_backend_oz_repeat1_adaptive5_20260509/oz/polybench_full/covariance/461/universal/a.out,/root/exp/RFunipassLab/external_datasets/build/runtime_matched/external_runtime_polybench_full_wrap_10seeds_backend_oz_repeat1_adaptive5_20260509/oz/polybench_full/covariance/461/universal/universal_c3b20e7655ed.ll,/root/exp/RFunipassLab/external_datasets/build/runtime_matched/external_runtime_polybench_full_wrap_10seeds_backend_oz_repeat1_adaptive5_20260509/oz/polybench_full/covariance/461/universal/runs/run_001/stdout.txt,/root/exp/RFunipassLab/external_datasets/build/runtime_matched/external_runtime_polybench_full_wrap_10seeds_backend_oz_repeat1_adaptive5_20260509/oz/polybench_full/covariance/461/universal/runs/run_001/stderr.txt,
external_runtime_polybench_full_wrap_10seeds_backend_oz_repeat1_adaptive5_20260509,oz,oz,polybench_full,covariance,462,20260423_214113_355045_feature_lite_seed462,universal,rfunipass,1,failed,,,27.28371,False,/root/exp/RFunipassLab/external_datasets/build/runtime_matched/external_runtime_polybench_full_wrap_10seeds_backend_oz_repeat1_adaptive5_20260509/oz/polybench_full/covariance/462/universal/a.out,/root/exp/RFunipassLab/external_datasets/build/runtime_matched/external_runtime_polybench_full_wrap_10seeds_backend_oz_repeat1_adaptive5_20260509/oz/polybench_full/covariance/462/universal/universal_4da41e9006a8.ll,/root/exp/RFunipassLab/external_datasets/build/runtime_matched/external_runtime_polybench_full_wrap_10seeds_backend_oz_repeat1_adaptive5_20260509/oz/polybench_full/covariance/462/universal/runs/run_001/stdout.txt,/root/exp/RFunipassLab/external_datasets/build/runtime_matched/external_runtime_polybench_full_wrap_10seeds_backend_oz_repeat1_adaptive5_20260509/oz/polybench_full/covariance/462/universal/runs/run_001/stderr.txt,binary exited with returncode=-11
external_runtime_polybench_full_wrap_10seeds_backend_oz_repeat1_adaptive5_20260509,oz,oz,polybench_full,covariance,463,20260423_221353_240005_feature_lite_seed463,universal,rfunipass,1,failed,,,27.28371,True,/root/exp/RFunipassLab/external_datasets/build/runtime_matched/external_runtime_polybench_full_wrap_10seeds_backend_oz_repeat1_adaptive5_20260509/oz/polybench_full/covariance/463/universal/a.out,/root/exp/RFunipassLab/external_datasets/build/runtime_matched/external_runtime_polybench_full_wrap_10seeds_backend_oz_repeat1_adaptive5_20260509/oz/polybench_full/covariance/463/universal/universal_3c6e71c0df8d.ll,/root/exp/RFunipassLab/external_datasets/build/runtime_matched/external_runtime_polybench_full_wrap_10seeds_backend_oz_repeat1_adaptive5_20260509/oz/polybench_full/covariance/463/universal/runs/run_001/stdout.txt,/root/exp/RFunipassLab/external_datasets/build/runtime_matched/external_runtime_polybench_full_wrap_10seeds_backend_oz_repeat1_adaptive5_20260509/oz/polybench_full/covariance/463/universal/runs/run_001/stderr.txt,runtime timeout after 27.28371s
external_runtime_polybench_full_wrap_10seeds_backend_oz_repeat1_adaptive5_20260509,oz,oz,polybench_full,covariance,464,20260423_230444_536999_feature_lite_seed464,universal,rfunipass,1,ok,5.530009,5.550523587036878,27.28371,False,/root/exp/RFunipassLab/external_datasets/build/runtime_matched/external_runtime_polybench_full_wrap_10seeds_backend_oz_repeat1_adaptive5_20260509/oz/polybench_full/covariance/464/universal/a.out,/root/exp/RFunipassLab/external_datasets/build/runtime_matched/external_runtime_polybench_full_wrap_10seeds_backend_oz_repeat1_adaptive5_20260509/oz/polybench_full/covariance/464/universal/universal_58aea292ea66.ll,/root/exp/RFunipassLab/external_datasets/build/runtime_matched/external_runtime_polybench_full_wrap_10seeds_backend_oz_repeat1_adaptive5_20260509/oz/polybench_full/covariance/464/universal/runs/run_001/stdout.txt,/root/exp/RFunipassLab/external_datasets/build/runtime_matched/external_runtime_polybench_full_wrap_10seeds_backend_oz_repeat1_adaptive5_20260509/oz/polybench_full/covariance/464/universal/runs/run_001/stderr.txt,
external_runtime_polybench_full_wrap_10seeds_backend_oz_repeat1_adaptive5_20260509,oz,oz,polybench_full,covariance,465,20260423_231957_016941_feature_lite_seed465,universal,rfunipass,1,failed,,,27.28371,True,/root/exp/RFunipassLab/external_datasets/build/runtime_matched/external_runtime_polybench_full_wrap_10seeds_backend_oz_repeat1_adaptive5_20260509/oz/polybench_full/covariance/465/universal/a.out,/root/exp/RFunipassLab/external_datasets/build/runtime_matched/external_runtime_polybench_full_wrap_10seeds_backend_oz_repeat1_adaptive5_20260509/oz/polybench_full/covariance/465/universal/universal_e2fa59514181.ll,/root/exp/RFunipassLab/external_datasets/build/runtime_matched/external_runtime_polybench_full_wrap_10seeds_backend_oz_repeat1_adaptive5_20260509/oz/polybench_full/covariance/465/universal/runs/run_001/stdout.txt,/root/exp/RFunipassLab/external_datasets/build/runtime_matched/external_runtime_polybench_full_wrap_10seeds_backend_oz_repeat1_adaptive5_20260509/oz/polybench_full/covariance/465/universal/runs/run_001/stderr.txt,runtime timeout after 27.28371s
external_runtime_polybench_full_wrap_10seeds_backend_oz_repeat1_adaptive5_20260509,oz,oz,polybench_full,2mm,,,none,baseline,1,ok,5.72128,5.771978254895657,300.0,False,/root/exp/RFunipassLab/external_datasets/build/runtime_matched/external_runtime_polybench_full_wrap_10seeds_backend_oz_repeat1_adaptive5_20260509/oz/polybench_full/2mm/baseline/none/a.out,/root/exp/RFunipassLab/external_datasets/build/runtime_matched/external_runtime_polybench_full_wrap_10seeds_backend_oz_repeat1_adaptive5_20260509/oz/polybench_full/2mm/baseline/none/none_71f8e7976e4c.ll,/root/exp/RFunipassLab/external_datasets/build/runtime_matched/external_runtime_polybench_full_wrap_10seeds_backend_oz_repeat1_adaptive5_20260509/oz/polybench_full/2mm/baseline/none/runs/run_001/stdout.txt,/root/exp/RFunipassLab/external_datasets/build/runtime_matched/external_runtime_polybench_full_wrap_10seeds_backend_oz_repeat1_adaptive5_20260509/oz/polybench_full/2mm/baseline/none/runs/run_001/stderr.txt,
external_runtime_polybench_full_wrap_10seeds_backend_oz_repeat1_adaptive5_20260509,oz,oz,polybench_full,2mm,,,oz,baseline,1,ok,2.326776,2.3499646631535143,300.0,False,/root/exp/RFunipassLab/external_datasets/build/runtime_matched/external_runtime_polybench_full_wrap_10seeds_backend_oz_repeat1_adaptive5_20260509/oz/polybench_full/2mm/baseline/oz/a.out,/root/exp/RFunipassLab/external_datasets/build/runtime_matched/external_runtime_polybench_full_wrap_10seeds_backend_oz_repeat1_adaptive5_20260509/oz/polybench_full/2mm/baseline/oz/oz_d135b696b0fd.ll,/root/exp/RFunipassLab/external_datasets/build/runtime_matched/external_runtime_polybench_full_wrap_10seeds_backend_oz_repeat1_adaptive5_20260509/oz/polybench_full/2mm/baseline/oz/runs/run_001/stdout.txt,/root/exp/RFunipassLab/external_datasets/build/runtime_matched/external_runtime_polybench_full_wrap_10seeds_backend_oz_repeat1_adaptive5_20260509/oz/polybench_full/2mm/baseline/oz/runs/run_001/stderr.txt,
external_runtime_polybench_full_wrap_10seeds_backend_oz_repeat1_adaptive5_20260509,oz,oz,polybench_full,2mm,456,20260423_181846_349217_feature_lite_seed456,universal,rfunipass,1,failed,,,11.633880000000001,True,/root/exp/RFunipassLab/external_datasets/build/runtime_matched/external_runtime_polybench_full_wrap_10seeds_backend_oz_repeat1_adaptive5_20260509/oz/polybench_full/2mm/456/universal/a.out,/root/exp/RFunipassLab/external_datasets/build/runtime_matched/external_runtime_polybench_full_wrap_10seeds_backend_oz_repeat1_adaptive5_20260509/oz/polybench_full/2mm/456/universal/universal_1dd8ea870347.ll,/root/exp/RFunipassLab/external_datasets/build/runtime_matched/external_runtime_polybench_full_wrap_10seeds_backend_oz_repeat1_adaptive5_20260509/oz/polybench_full/2mm/456/universal/runs/run_001/stdout.txt,/root/exp/RFunipassLab/external_datasets/build/runtime_matched/external_runtime_polybench_full_wrap_10seeds_backend_oz_repeat1_adaptive5_20260509/oz/polybench_full/2mm/456/universal/runs/run_001/stderr.txt,runtime timeout after 11.633880000000001s
external_runtime_polybench_full_wrap_10seeds_backend_oz_repeat1_adaptive5_20260509,oz,oz,polybench_full,2mm,457,20260423_184811_146360_feature_lite_seed457,universal,rfunipass,1,failed,,,11.633880000000001,True,/root/exp/RFunipassLab/external_datasets/build/runtime_matched/external_runtime_polybench_full_wrap_10seeds_backend_oz_repeat1_adaptive5_20260509/oz/polybench_full/2mm/457/universal/a.out,/root/exp/RFunipassLab/external_datasets/build/runtime_matched/external_runtime_polybench_full_wrap_10seeds_backend_oz_repeat1_adaptive5_20260509/oz/polybench_full/2mm/457/universal/universal_468197d7c679.ll,/root/exp/RFunipassLab/external_datasets/build/runtime_matched/external_runtime_polybench_full_wrap_10seeds_backend_oz_repeat1_adaptive5_20260509/oz/polybench_full/2mm/457/universal/runs/run_001/stdout.txt,/root/exp/RFunipassLab/external_datasets/build/runtime_matched/external_runtime_polybench_full_wrap_10seeds_backend_oz_repeat1_adaptive5_20260509/oz/polybench_full/2mm/457/universal/runs/run_001/stderr.txt,runtime timeout after 11.633880000000001s
external_runtime_polybench_full_wrap_10seeds_backend_oz_repeat1_adaptive5_20260509,oz,oz,polybench_full,2mm,458,20260423_193326_468019_feature_lite_seed458,universal,rfunipass,1,failed,,,11.633880000000001,True,/root/exp/RFunipassLab/external_datasets/build/runtime_matched/external_runtime_polybench_full_wrap_10seeds_backend_oz_repeat1_adaptive5_20260509/oz/polybench_full/2mm/458/universal/a.out,/root/exp/RFunipassLab/external_datasets/build/runtime_matched/external_runtime_polybench_full_wrap_10seeds_backend_oz_repeat1_adaptive5_20260509/oz/polybench_full/2mm/458/universal/universal_bac1dd97c06b.ll,/root/exp/RFunipassLab/external_datasets/build/runtime_matched/external_runtime_polybench_full_wrap_10seeds_backend_oz_repeat1_adaptive5_20260509/oz/polybench_full/2mm/458/universal/runs/run_001/stdout.txt,/root/exp/RFunipassLab/external_datasets/build/runtime_matched/external_runtime_polybench_full_wrap_10seeds_backend_oz_repeat1_adaptive5_20260509/oz/polybench_full/2mm/458/universal/runs/run_001/stderr.txt,runtime timeout after 11.633880000000001s
external_runtime_polybench_full_wrap_10seeds_backend_oz_repeat1_adaptive5_20260509,oz,oz,polybench_full,2mm,459,20260423_203402_518521_feature_lite_seed459,universal,rfunipass,1,ok,2.317571,2.3509913778398186,11.633880000000001,False,/root/exp/RFunipassLab/external_datasets/build/runtime_matched/external_runtime_polybench_full_wrap_10seeds_backend_oz_repeat1_adaptive5_20260509/oz/polybench_full/2mm/459/universal/a.out,/root/exp/RFunipassLab/external_datasets/build/runtime_matched/external_runtime_polybench_full_wrap_10seeds_backend_oz_repeat1_adaptive5_20260509/oz/polybench_full/2mm/459/universal/universal_6d5271a22f91.ll,/root/exp/RFunipassLab/external_datasets/build/runtime_matched/external_runtime_polybench_full_wrap_10seeds_backend_oz_repeat1_adaptive5_20260509/oz/polybench_full/2mm/459/universal/runs/run_001/stdout.txt,/root/exp/RFunipassLab/external_datasets/build/runtime_matched/external_runtime_polybench_full_wrap_10seeds_backend_oz_repeat1_adaptive5_20260509/oz/polybench_full/2mm/459/universal/runs/run_001/stderr.txt,
external_runtime_polybench_full_wrap_10seeds_backend_oz_repeat1_adaptive5_20260509,oz,oz,polybench_full,2mm,460,20260423_205014_703926_feature_lite_seed460,universal,rfunipass,1,failed,,,11.633880000000001,True,/root/exp/RFunipassLab/external_datasets/build/runtime_matched/external_runtime_polybench_full_wrap_10seeds_backend_oz_repeat1_adaptive5_20260509/oz/polybench_full/2mm/460/universal/a.out,/root/exp/RFunipassLab/external_datasets/build/runtime_matched/external_runtime_polybench_full_wrap_10seeds_backend_oz_repeat1_adaptive5_20260509/oz/polybench_full/2mm/460/universal/universal_aa7d5985738b.ll,/root/exp/RFunipassLab/external_datasets/build/runtime_matched/external_runtime_polybench_full_wrap_10seeds_backend_oz_repeat1_adaptive5_20260509/oz/polybench_full/2mm/460/universal/runs/run_001/stdout.txt,/root/exp/RFunipassLab/external_datasets/build/runtime_matched/external_runtime_polybench_full_wrap_10seeds_backend_oz_repeat1_adaptive5_20260509/oz/polybench_full/2mm/460/universal/runs/run_001/stderr.txt,runtime timeout after 11.633880000000001s
external_runtime_polybench_full_wrap_10seeds_backend_oz_repeat1_adaptive5_20260509,oz,oz,polybench_full,2mm,461,20260423_211628_575222_feature_lite_seed461,universal,rfunipass,1,ok,2.35457,2.3814544880297035,11.633880000000001,False,/root/exp/RFunipassLab/external_datasets/build/runtime_matched/external_runtime_polybench_full_wrap_10seeds_backend_oz_repeat1_adaptive5_20260509/oz/polybench_full/2mm/461/universal/a.out,/root/exp/RFunipassLab/external_datasets/build/runtime_matched/external_runtime_polybench_full_wrap_10seeds_backend_oz_repeat1_adaptive5_20260509/oz/polybench_full/2mm/461/universal/universal_c3b20e7655ed.ll,/root/exp/RFunipassLab/external_datasets/build/runtime_matched/external_runtime_polybench_full_wrap_10seeds_backend_oz_repeat1_adaptive5_20260509/oz/polybench_full/2mm/461/universal/runs/run_001/stdout.txt,/root/exp/RFunipassLab/external_datasets/build/runtime_matched/external_runtime_polybench_full_wrap_10seeds_backend_oz_repeat1_adaptive5_20260509/oz/polybench_full/2mm/461/universal/runs/run_001/stderr.txt,
external_runtime_polybench_full_wrap_10seeds_backend_oz_repeat1_adaptive5_20260509,oz,oz,polybench_full,2mm,462,20260423_214113_355045_feature_lite_seed462,universal,rfunipass,1,failed,,,11.633880000000001,True,/root/exp/RFunipassLab/external_datasets/build/runtime_matched/external_runtime_polybench_full_wrap_10seeds_backend_oz_repeat1_adaptive5_20260509/oz/polybench_full/2mm/462/universal/a.out,/root/exp/RFunipassLab/external_datasets/build/runtime_matched/external_runtime_polybench_full_wrap_10seeds_backend_oz_repeat1_adaptive5_20260509/oz/polybench_full/2mm/462/universal/universal_4da41e9006a8.ll,/root/exp/RFunipassLab/external_datasets/build/runtime_matched/external_runtime_polybench_full_wrap_10seeds_backend_oz_repeat1_adaptive5_20260509/oz/polybench_full/2mm/462/universal/runs/run_001/stdout.txt,/root/exp/RFunipassLab/external_datasets/build/runtime_matched/external_runtime_polybench_full_wrap_10seeds_backend_oz_repeat1_adaptive5_20260509/oz/polybench_full/2mm/462/universal/runs/run_001/stderr.txt,runtime timeout after 11.633880000000001s
external_runtime_polybench_full_wrap_10seeds_backend_oz_repeat1_adaptive5_20260509,oz,oz,polybench_full,2mm,463,20260423_221353_240005_feature_lite_seed463,universal,rfunipass,1,failed,,,11.633880000000001,True,/root/exp/RFunipassLab/external_datasets/build/runtime_matched/external_runtime_polybench_full_wrap_10seeds_backend_oz_repeat1_adaptive5_20260509/oz/polybench_full/2mm/463/universal/a.out,/root/exp/RFunipassLab/external_datasets/build/runtime_matched/external_runtime_polybench_full_wrap_10seeds_backend_oz_repeat1_adaptive5_20260509/oz/polybench_full/2mm/463/universal/universal_3c6e71c0df8d.ll,/root/exp/RFunipassLab/external_datasets/build/runtime_matched/external_runtime_polybench_full_wrap_10seeds_backend_oz_repeat1_adaptive5_20260509/oz/polybench_full/2mm/463/universal/runs/run_001/stdout.txt,/root/exp/RFunipassLab/external_datasets/build/runtime_matched/external_runtime_polybench_full_wrap_10seeds_backend_oz_repeat1_adaptive5_20260509/oz/polybench_full/2mm/463/universal/runs/run_001/stderr.txt,runtime timeout after 11.633880000000001s
external_runtime_polybench_full_wrap_10seeds_backend_oz_repeat1_adaptive5_20260509,oz,oz,polybench_full,2mm,464,20260423_230444_536999_feature_lite_seed464,universal,rfunipass,1,failed,,,11.633880000000001,True,/root/exp/RFunipassLab/external_datasets/build/runtime_matched/external_runtime_polybench_full_wrap_10seeds_backend_oz_repeat1_adaptive5_20260509/oz/polybench_full/2mm/464/universal/a.out,/root/exp/RFunipassLab/external_datasets/build/runtime_matched/external_runtime_polybench_full_wrap_10seeds_backend_oz_repeat1_adaptive5_20260509/oz/polybench_full/2mm/464/universal/universal_58aea292ea66.ll,/root/exp/RFunipassLab/external_datasets/build/runtime_matched/external_runtime_polybench_full_wrap_10seeds_backend_oz_repeat1_adaptive5_20260509/oz/polybench_full/2mm/464/universal/runs/run_001/stdout.txt,/root/exp/RFunipassLab/external_datasets/build/runtime_matched/external_runtime_polybench_full_wrap_10seeds_backend_oz_repeat1_adaptive5_20260509/oz/polybench_full/2mm/464/universal/runs/run_001/stderr.txt,runtime timeout after 11.633880000000001s
external_runtime_polybench_full_wrap_10seeds_backend_oz_repeat1_adaptive5_20260509,oz,oz,polybench_full,2mm,465,20260423_231957_016941_feature_lite_seed465,universal,rfunipass,1,ok,1778322978.283536,2.3449245099909604,11.633880000000001,False,/root/exp/RFunipassLab/external_datasets/build/runtime_matched/external_runtime_polybench_full_wrap_10seeds_backend_oz_repeat1_adaptive5_20260509/oz/polybench_full/2mm/465/universal/a.out,/root/exp/RFunipassLab/external_datasets/build/runtime_matched/external_runtime_polybench_full_wrap_10seeds_backend_oz_repeat1_adaptive5_20260509/oz/polybench_full/2mm/465/universal/universal_e2fa59514181.ll,/root/exp/RFunipassLab/external_datasets/build/runtime_matched/external_runtime_polybench_full_wrap_10seeds_backend_oz_repeat1_adaptive5_20260509/oz/polybench_full/2mm/465/universal/runs/run_001/stdout.txt,/root/exp/RFunipassLab/external_datasets/build/runtime_matched/external_runtime_polybench_full_wrap_10seeds_backend_oz_repeat1_adaptive5_20260509/oz/polybench_full/2mm/465/universal/runs/run_001/stderr.txt,
external_runtime_polybench_full_wrap_10seeds_backend_oz_repeat1_adaptive5_20260509,oz,oz,polybench_full,3mm,,,none,baseline,1,ok,9.129119,9.18261694489047,300.0,False,/root/exp/RFunipassLab/external_datasets/build/runtime_matched/external_runtime_polybench_full_wrap_10seeds_backend_oz_repeat1_adaptive5_20260509/oz/polybench_full/3mm/baseline/none/a.out,/root/exp/RFunipassLab/external_datasets/build/runtime_matched/external_runtime_polybench_full_wrap_10seeds_backend_oz_repeat1_adaptive5_20260509/oz/polybench_full/3mm/baseline/none/none_71f8e7976e4c.ll,/root/exp/RFunipassLab/external_datasets/build/runtime_matched/external_runtime_polybench_full_wrap_10seeds_backend_oz_repeat1_adaptive5_20260509/oz/polybench_full/3mm/baseline/none/runs/run_001/stdout.txt,/root/exp/RFunipassLab/external_datasets/build/runtime_matched/external_runtime_polybench_full_wrap_10seeds_backend_oz_repeat1_adaptive5_20260509/oz/polybench_full/3mm/baseline/none/runs/run_001/stderr.txt,
external_runtime_polybench_full_wrap_10seeds_backend_oz_repeat1_adaptive5_20260509,oz,oz,polybench_full,3mm,,,oz,baseline,1,ok,3.055797,3.0842415168881416,300.0,False,/root/exp/RFunipassLab/external_datasets/build/runtime_matched/external_runtime_polybench_full_wrap_10seeds_backend_oz_repeat1_adaptive5_20260509/oz/polybench_full/3mm/baseline/oz/a.out,/root/exp/RFunipassLab/external_datasets/build/runtime_matched/external_runtime_polybench_full_wrap_10seeds_backend_oz_repeat1_adaptive5_20260509/oz/polybench_full/3mm/baseline/oz/oz_d135b696b0fd.ll,/root/exp/RFunipassLab/external_datasets/build/runtime_matched/external_runtime_polybench_full_wrap_10seeds_backend_oz_repeat1_adaptive5_20260509/oz/polybench_full/3mm/baseline/oz/runs/run_001/stdout.txt,/root/exp/RFunipassLab/external_datasets/build/runtime_matched/external_runtime_polybench_full_wrap_10seeds_backend_oz_repeat1_adaptive5_20260509/oz/polybench_full/3mm/baseline/oz/runs/run_001/stderr.txt,
external_runtime_polybench_full_wrap_10seeds_backend_oz_repeat1_adaptive5_20260509,oz,oz,polybench_full,3mm,456,20260423_181846_349217_feature_lite_seed456,universal,rfunipass,1,failed,,,15.278985,True,/root/exp/RFunipassLab/external_datasets/build/runtime_matched/external_runtime_polybench_full_wrap_10seeds_backend_oz_repeat1_adaptive5_20260509/oz/polybench_full/3mm/456/universal/a.out,/root/exp/RFunipassLab/external_datasets/build/runtime_matched/external_runtime_polybench_full_wrap_10seeds_backend_oz_repeat1_adaptive5_20260509/oz/polybench_full/3mm/456/universal/universal_1dd8ea870347.ll,/root/exp/RFunipassLab/external_datasets/build/runtime_matched/external_runtime_polybench_full_wrap_10seeds_backend_oz_repeat1_adaptive5_20260509/oz/polybench_full/3mm/456/universal/runs/run_001/stdout.txt,/root/exp/RFunipassLab/external_datasets/build/runtime_matched/external_runtime_polybench_full_wrap_10seeds_backend_oz_repeat1_adaptive5_20260509/oz/polybench_full/3mm/456/universal/runs/run_001/stderr.txt,runtime timeout after 15.278985s
external_runtime_polybench_full_wrap_10seeds_backend_oz_repeat1_adaptive5_20260509,oz,oz,polybench_full,3mm,457,20260423_184811_146360_feature_lite_seed457,universal,rfunipass,1,failed,,,15.278985,True,/root/exp/RFunipassLab/external_datasets/build/runtime_matched/external_runtime_polybench_full_wrap_10seeds_backend_oz_repeat1_adaptive5_20260509/oz/polybench_full/3mm/457/universal/a.out,/root/exp/RFunipassLab/external_datasets/build/runtime_matched/external_runtime_polybench_full_wrap_10seeds_backend_oz_repeat1_adaptive5_20260509/oz/polybench_full/3mm/457/universal/universal_468197d7c679.ll,/root/exp/RFunipassLab/external_datasets/build/runtime_matched/external_runtime_polybench_full_wrap_10seeds_backend_oz_repeat1_adaptive5_20260509/oz/polybench_full/3mm/457/universal/runs/run_001/stdout.txt,/root/exp/RFunipassLab/external_datasets/build/runtime_matched/external_runtime_polybench_full_wrap_10seeds_backend_oz_repeat1_adaptive5_20260509/oz/polybench_full/3mm/457/universal/runs/run_001/stderr.txt,runtime timeout after 15.278985s
external_runtime_polybench_full_wrap_10seeds_backend_oz_repeat1_adaptive5_20260509,oz,oz,polybench_full,3mm,458,20260423_193326_468019_feature_lite_seed458,universal,rfunipass,1,failed,,,15.278985,True,/root/exp/RFunipassLab/external_datasets/build/runtime_matched/external_runtime_polybench_full_wrap_10seeds_backend_oz_repeat1_adaptive5_20260509/oz/polybench_full/3mm/458/universal/a.out,/root/exp/RFunipassLab/external_datasets/build/runtime_matched/external_runtime_polybench_full_wrap_10seeds_backend_oz_repeat1_adaptive5_20260509/oz/polybench_full/3mm/458/universal/universal_bac1dd97c06b.ll,/root/exp/RFunipassLab/external_datasets/build/runtime_matched/external_runtime_polybench_full_wrap_10seeds_backend_oz_repeat1_adaptive5_20260509/oz/polybench_full/3mm/458/universal/runs/run_001/stdout.txt,/root/exp/RFunipassLab/external_datasets/build/runtime_matched/external_runtime_polybench_full_wrap_10seeds_backend_oz_repeat1_adaptive5_20260509/oz/polybench_full/3mm/458/universal/runs/run_001/stderr.txt,runtime timeout after 15.278985s
external_runtime_polybench_full_wrap_10seeds_backend_oz_repeat1_adaptive5_20260509,oz,oz,polybench_full,3mm,459,20260423_203402_518521_feature_lite_seed459,universal,rfunipass,1,ok,3.08816,3.1250865198671818,15.278985,False,/root/exp/RFunipassLab/external_datasets/build/runtime_matched/external_runtime_polybench_full_wrap_10seeds_backend_oz_repeat1_adaptive5_20260509/oz/polybench_full/3mm/459/universal/a.out,/root/exp/RFunipassLab/external_datasets/build/runtime_matched/external_runtime_polybench_full_wrap_10seeds_backend_oz_repeat1_adaptive5_20260509/oz/polybench_full/3mm/459/universal/universal_6d5271a22f91.ll,/root/exp/RFunipassLab/external_datasets/build/runtime_matched/external_runtime_polybench_full_wrap_10seeds_backend_oz_repeat1_adaptive5_20260509/oz/polybench_full/3mm/459/universal/runs/run_001/stdout.txt,/root/exp/RFunipassLab/external_datasets/build/runtime_matched/external_runtime_polybench_full_wrap_10seeds_backend_oz_repeat1_adaptive5_20260509/oz/polybench_full/3mm/459/universal/runs/run_001/stderr.txt,
external_runtime_polybench_full_wrap_10seeds_backend_oz_repeat1_adaptive5_20260509,oz,oz,polybench_full,3mm,460,20260423_205014_703926_feature_lite_seed460,universal,rfunipass,1,failed,,,15.278985,True,/root/exp/RFunipassLab/external_datasets/build/runtime_matched/external_runtime_polybench_full_wrap_10seeds_backend_oz_repeat1_adaptive5_20260509/oz/polybench_full/3mm/460/universal/a.out,/root/exp/RFunipassLab/external_datasets/build/runtime_matched/external_runtime_polybench_full_wrap_10seeds_backend_oz_repeat1_adaptive5_20260509/oz/polybench_full/3mm/460/universal/universal_aa7d5985738b.ll,/root/exp/RFunipassLab/external_datasets/build/runtime_matched/external_runtime_polybench_full_wrap_10seeds_backend_oz_repeat1_adaptive5_20260509/oz/polybench_full/3mm/460/universal/runs/run_001/stdout.txt,/root/exp/RFunipassLab/external_datasets/build/runtime_matched/external_runtime_polybench_full_wrap_10seeds_backend_oz_repeat1_adaptive5_20260509/oz/polybench_full/3mm/460/universal/runs/run_001/stderr.txt,runtime timeout after 15.278985s
external_runtime_polybench_full_wrap_10seeds_backend_oz_repeat1_adaptive5_20260509,oz,oz,polybench_full,3mm,461,20260423_211628_575222_feature_lite_seed461,universal,rfunipass,1,ok,3.149058,3.1782092361245304,15.278985,False,/root/exp/RFunipassLab/external_datasets/build/runtime_matched/external_runtime_polybench_full_wrap_10seeds_backend_oz_repeat1_adaptive5_20260509/oz/polybench_full/3mm/461/universal/a.out,/root/exp/RFunipassLab/external_datasets/build/runtime_matched/external_runtime_polybench_full_wrap_10seeds_backend_oz_repeat1_adaptive5_20260509/oz/polybench_full/3mm/461/universal/universal_c3b20e7655ed.ll,/root/exp/RFunipassLab/external_datasets/build/runtime_matched/external_runtime_polybench_full_wrap_10seeds_backend_oz_repeat1_adaptive5_20260509/oz/polybench_full/3mm/461/universal/runs/run_001/stdout.txt,/root/exp/RFunipassLab/external_datasets/build/runtime_matched/external_runtime_polybench_full_wrap_10seeds_backend_oz_repeat1_adaptive5_20260509/oz/polybench_full/3mm/461/universal/runs/run_001/stderr.txt,
external_runtime_polybench_full_wrap_10seeds_backend_oz_repeat1_adaptive5_20260509,oz,oz,polybench_full,3mm,462,20260423_214113_355045_feature_lite_seed462,universal,rfunipass,1,failed,,,15.278985,True,/root/exp/RFunipassLab/external_datasets/build/runtime_matched/external_runtime_polybench_full_wrap_10seeds_backend_oz_repeat1_adaptive5_20260509/oz/polybench_full/3mm/462/universal/a.out,/root/exp/RFunipassLab/external_datasets/build/runtime_matched/external_runtime_polybench_full_wrap_10seeds_backend_oz_repeat1_adaptive5_20260509/oz/polybench_full/3mm/462/universal/universal_4da41e9006a8.ll,/root/exp/RFunipassLab/external_datasets/build/runtime_matched/external_runtime_polybench_full_wrap_10seeds_backend_oz_repeat1_adaptive5_20260509/oz/polybench_full/3mm/462/universal/runs/run_001/stdout.txt,/root/exp/RFunipassLab/external_datasets/build/runtime_matched/external_runtime_polybench_full_wrap_10seeds_backend_oz_repeat1_adaptive5_20260509/oz/polybench_full/3mm/462/universal/runs/run_001/stderr.txt,runtime timeout after 15.278985s
external_runtime_polybench_full_wrap_10seeds_backend_oz_repeat1_adaptive5_20260509,oz,oz,polybench_full,3mm,463,20260423_221353_240005_feature_lite_seed463,universal,rfunipass,1,failed,,,15.278985,True,/root/exp/RFunipassLab/external_datasets/build/runtime_matched/external_runtime_polybench_full_wrap_10seeds_backend_oz_repeat1_adaptive5_20260509/oz/polybench_full/3mm/463/universal/a.out,/root/exp/RFunipassLab/external_datasets/build/runtime_matched/external_runtime_polybench_full_wrap_10seeds_backend_oz_repeat1_adaptive5_20260509/oz/polybench_full/3mm/463/universal/universal_3c6e71c0df8d.ll,/root/exp/RFunipassLab/external_datasets/build/runtime_matched/external_runtime_polybench_full_wrap_10seeds_backend_oz_repeat1_adaptive5_20260509/oz/polybench_full/3mm/463/universal/runs/run_001/stdout.txt,/root/exp/RFunipassLab/external_datasets/build/runtime_matched/external_runtime_polybench_full_wrap_10seeds_backend_oz_repeat1_adaptive5_20260509/oz/polybench_full/3mm/463/universal/runs/run_001/stderr.txt,runtime timeout after 15.278985s
external_runtime_polybench_full_wrap_10seeds_backend_oz_repeat1_adaptive5_20260509,oz,oz,polybench_full,3mm,464,20260423_230444_536999_feature_lite_seed464,universal,rfunipass,1,failed,,,15.278985,True,/root/exp/RFunipassLab/external_datasets/build/runtime_matched/external_runtime_polybench_full_wrap_10seeds_backend_oz_repeat1_adaptive5_20260509/oz/polybench_full/3mm/464/universal/a.out,/root/exp/RFunipassLab/external_datasets/build/runtime_matched/external_runtime_polybench_full_wrap_10seeds_backend_oz_repeat1_adaptive5_20260509/oz/polybench_full/3mm/464/universal/universal_58aea292ea66.ll,/root/exp/RFunipassLab/external_datasets/build/runtime_matched/external_runtime_polybench_full_wrap_10seeds_backend_oz_repeat1_adaptive5_20260509/oz/polybench_full/3mm/464/universal/runs/run_001/stdout.txt,/root/exp/RFunipassLab/external_datasets/build/runtime_matched/external_runtime_polybench_full_wrap_10seeds_backend_oz_repeat1_adaptive5_20260509/oz/polybench_full/3mm/464/universal/runs/run_001/stderr.txt,runtime timeout after 15.278985s
external_runtime_polybench_full_wrap_10seeds_backend_oz_repeat1_adaptive5_20260509,oz,oz,polybench_full,3mm,465,20260423_231957_016941_feature_lite_seed465,universal,rfunipass,1,ok,1778323127.978935,3.0702986030373722,15.278985,False,/root/exp/RFunipassLab/external_datasets/build/runtime_matched/external_runtime_polybench_full_wrap_10seeds_backend_oz_repeat1_adaptive5_20260509/oz/polybench_full/3mm/465/universal/a.out,/root/exp/RFunipassLab/external_datasets/build/runtime_matched/external_runtime_polybench_full_wrap_10seeds_backend_oz_repeat1_adaptive5_20260509/oz/polybench_full/3mm/465/universal/universal_e2fa59514181.ll,/root/exp/RFunipassLab/external_datasets/build/runtime_matched/external_runtime_polybench_full_wrap_10seeds_backend_oz_repeat1_adaptive5_20260509/oz/polybench_full/3mm/465/universal/runs/run_001/stdout.txt,/root/exp/RFunipassLab/external_datasets/build/runtime_matched/external_runtime_polybench_full_wrap_10seeds_backend_oz_repeat1_adaptive5_20260509/oz/polybench_full/3mm/465/universal/runs/run_001/stderr.txt,
external_runtime_polybench_full_wrap_10seeds_backend_oz_repeat1_adaptive5_20260509,oz,oz,polybench_full,atax,,,none,baseline,1,ok,0.021566,0.06953631294891238,300.0,False,/root/exp/RFunipassLab/external_datasets/build/runtime_matched/external_runtime_polybench_full_wrap_10seeds_backend_oz_repeat1_adaptive5_20260509/oz/polybench_full/atax/baseline/none/a.out,/root/exp/RFunipassLab/external_datasets/build/runtime_matched/external_runtime_polybench_full_wrap_10seeds_backend_oz_repeat1_adaptive5_20260509/oz/polybench_full/atax/baseline/none/none_71f8e7976e4c.ll,/root/exp/RFunipassLab/external_datasets/build/runtime_matched/external_runtime_polybench_full_wrap_10seeds_backend_oz_repeat1_adaptive5_20260509/oz/polybench_full/atax/baseline/none/runs/run_001/stdout.txt,/root/exp/RFunipassLab/external_datasets/build/runtime_matched/external_runtime_polybench_full_wrap_10seeds_backend_oz_repeat1_adaptive5_20260509/oz/polybench_full/atax/baseline/none/runs/run_001/stderr.txt,
external_runtime_polybench_full_wrap_10seeds_backend_oz_repeat1_adaptive5_20260509,oz,oz,polybench_full,atax,,,oz,baseline,1,ok,0.012463,0.040536286076530814,300.0,False,/root/exp/RFunipassLab/external_datasets/build/runtime_matched/external_runtime_polybench_full_wrap_10seeds_backend_oz_repeat1_adaptive5_20260509/oz/polybench_full/atax/baseline/oz/a.out,/root/exp/RFunipassLab/external_datasets/build/runtime_matched/external_runtime_polybench_full_wrap_10seeds_backend_oz_repeat1_adaptive5_20260509/oz/polybench_full/atax/baseline/oz/oz_d135b696b0fd.ll,/root/exp/RFunipassLab/external_datasets/build/runtime_matched/external_runtime_polybench_full_wrap_10seeds_backend_oz_repeat1_adaptive5_20260509/oz/polybench_full/atax/baseline/oz/runs/run_001/stdout.txt,/root/exp/RFunipassLab/external_datasets/build/runtime_matched/external_runtime_polybench_full_wrap_10seeds_backend_oz_repeat1_adaptive5_20260509/oz/polybench_full/atax/baseline/oz/runs/run_001/stderr.txt,
external_runtime_polybench_full_wrap_10seeds_backend_oz_repeat1_adaptive5_20260509,oz,oz,polybench_full,atax,456,20260423_181846_349217_feature_lite_seed456,universal,rfunipass,1,failed,,,5.0,True,/root/exp/RFunipassLab/external_datasets/build/runtime_matched/external_runtime_polybench_full_wrap_10seeds_backend_oz_repeat1_adaptive5_20260509/oz/polybench_full/atax/456/universal/a.out,/root/exp/RFunipassLab/external_datasets/build/runtime_matched/external_runtime_polybench_full_wrap_10seeds_backend_oz_repeat1_adaptive5_20260509/oz/polybench_full/atax/456/universal/universal_1dd8ea870347.ll,/root/exp/RFunipassLab/external_datasets/build/runtime_matched/external_runtime_polybench_full_wrap_10seeds_backend_oz_repeat1_adaptive5_20260509/oz/polybench_full/atax/456/universal/runs/run_001/stdout.txt,/root/exp/RFunipassLab/external_datasets/build/runtime_matched/external_runtime_polybench_full_wrap_10seeds_backend_oz_repeat1_adaptive5_20260509/oz/polybench_full/atax/456/universal/runs/run_001/stderr.txt,runtime timeout after 5.0s
external_runtime_polybench_full_wrap_10seeds_backend_oz_repeat1_adaptive5_20260509,oz,oz,polybench_full,atax,457,20260423_184811_146360_feature_lite_seed457,universal,rfunipass,1,failed,,,5.0,True,/root/exp/RFunipassLab/external_datasets/build/runtime_matched/external_runtime_polybench_full_wrap_10seeds_backend_oz_repeat1_adaptive5_20260509/oz/polybench_full/atax/457/universal/a.out,/root/exp/RFunipassLab/external_datasets/build/runtime_matched/external_runtime_polybench_full_wrap_10seeds_backend_oz_repeat1_adaptive5_20260509/oz/polybench_full/atax/457/universal/universal_468197d7c679.ll,/root/exp/RFunipassLab/external_datasets/build/runtime_matched/external_runtime_polybench_full_wrap_10seeds_backend_oz_repeat1_adaptive5_20260509/oz/polybench_full/atax/457/universal/runs/run_001/stdout.txt,/root/exp/RFunipassLab/external_datasets/build/runtime_matched/external_runtime_polybench_full_wrap_10seeds_backend_oz_repeat1_adaptive5_20260509/oz/polybench_full/atax/457/universal/runs/run_001/stderr.txt,runtime timeout after 5.0s
external_runtime_polybench_full_wrap_10seeds_backend_oz_repeat1_adaptive5_20260509,oz,oz,polybench_full,atax,458,20260423_193326_468019_feature_lite_seed458,universal,rfunipass,1,failed,,,5.0,True,/root/exp/RFunipassLab/external_datasets/build/runtime_matched/external_runtime_polybench_full_wrap_10seeds_backend_oz_repeat1_adaptive5_20260509/oz/polybench_full/atax/458/universal/a.out,/root/exp/RFunipassLab/external_datasets/build/runtime_matched/external_runtime_polybench_full_wrap_10seeds_backend_oz_repeat1_adaptive5_20260509/oz/polybench_full/atax/458/universal/universal_bac1dd97c06b.ll,/root/exp/RFunipassLab/external_datasets/build/runtime_matched/external_runtime_polybench_full_wrap_10seeds_backend_oz_repeat1_adaptive5_20260509/oz/polybench_full/atax/458/universal/runs/run_001/stdout.txt,/root/exp/RFunipassLab/external_datasets/build/runtime_matched/external_runtime_polybench_full_wrap_10seeds_backend_oz_repeat1_adaptive5_20260509/oz/polybench_full/atax/458/universal/runs/run_001/stderr.txt,runtime timeout after 5.0s
external_runtime_polybench_full_wrap_10seeds_backend_oz_repeat1_adaptive5_20260509,oz,oz,polybench_full,atax,459,20260423_203402_518521_feature_lite_seed459,universal,rfunipass,1,ok,0.011145,0.046168316854164004,5.0,False,/root/exp/RFunipassLab/external_datasets/build/runtime_matched/external_runtime_polybench_full_wrap_10seeds_backend_oz_repeat1_adaptive5_20260509/oz/polybench_full/atax/459/universal/a.out,/root/exp/RFunipassLab/external_datasets/build/runtime_matched/external_runtime_polybench_full_wrap_10seeds_backend_oz_repeat1_adaptive5_20260509/oz/polybench_full/atax/459/universal/universal_6d5271a22f91.ll,/root/exp/RFunipassLab/external_datasets/build/runtime_matched/external_runtime_polybench_full_wrap_10seeds_backend_oz_repeat1_adaptive5_20260509/oz/polybench_full/atax/459/universal/runs/run_001/stdout.txt,/root/exp/RFunipassLab/external_datasets/build/runtime_matched/external_runtime_polybench_full_wrap_10seeds_backend_oz_repeat1_adaptive5_20260509/oz/polybench_full/atax/459/universal/runs/run_001/stderr.txt,
external_runtime_polybench_full_wrap_10seeds_backend_oz_repeat1_adaptive5_20260509,oz,oz,polybench_full,atax,460,20260423_205014_703926_feature_lite_seed460,universal,rfunipass,1,failed,,,5.0,False,/root/exp/RFunipassLab/external_datasets/build/runtime_matched/external_runtime_polybench_full_wrap_10seeds_backend_oz_repeat1_adaptive5_20260509/oz/polybench_full/atax/460/universal/a.out,/root/exp/RFunipassLab/external_datasets/build/runtime_matched/external_runtime_polybench_full_wrap_10seeds_backend_oz_repeat1_adaptive5_20260509/oz/polybench_full/atax/460/universal/universal_aa7d5985738b.ll,/root/exp/RFunipassLab/external_datasets/build/runtime_matched/external_runtime_polybench_full_wrap_10seeds_backend_oz_repeat1_adaptive5_20260509/oz/polybench_full/atax/460/universal/runs/run_001/stdout.txt,/root/exp/RFunipassLab/external_datasets/build/runtime_matched/external_runtime_polybench_full_wrap_10seeds_backend_oz_repeat1_adaptive5_20260509/oz/polybench_full/atax/460/universal/runs/run_001/stderr.txt,binary exited with returncode=-11
external_runtime_polybench_full_wrap_10seeds_backend_oz_repeat1_adaptive5_20260509,oz,oz,polybench_full,atax,461,20260423_211628_575222_feature_lite_seed461,universal,rfunipass,1,ok,0.010376,0.03753980319015682,5.0,False,/root/exp/RFunipassLab/external_datasets/build/runtime_matched/external_runtime_polybench_full_wrap_10seeds_backend_oz_repeat1_adaptive5_20260509/oz/polybench_full/atax/461/universal/a.out,/root/exp/RFunipassLab/external_datasets/build/runtime_matched/external_runtime_polybench_full_wrap_10seeds_backend_oz_repeat1_adaptive5_20260509/oz/polybench_full/atax/461/universal/universal_c3b20e7655ed.ll,/root/exp/RFunipassLab/external_datasets/build/runtime_matched/external_runtime_polybench_full_wrap_10seeds_backend_oz_repeat1_adaptive5_20260509/oz/polybench_full/atax/461/universal/runs/run_001/stdout.txt,/root/exp/RFunipassLab/external_datasets/build/runtime_matched/external_runtime_polybench_full_wrap_10seeds_backend_oz_repeat1_adaptive5_20260509/oz/polybench_full/atax/461/universal/runs/run_001/stderr.txt,
external_runtime_polybench_full_wrap_10seeds_backend_oz_repeat1_adaptive5_20260509,oz,oz,polybench_full,atax,462,20260423_214113_355045_feature_lite_seed462,universal,rfunipass,1,failed,,,5.0,True,/root/exp/RFunipassLab/external_datasets/build/runtime_matched/external_runtime_polybench_full_wrap_10seeds_backend_oz_repeat1_adaptive5_20260509/oz/polybench_full/atax/462/universal/a.out,/root/exp/RFunipassLab/external_datasets/build/runtime_matched/external_runtime_polybench_full_wrap_10seeds_backend_oz_repeat1_adaptive5_20260509/oz/polybench_full/atax/462/universal/universal_4da41e9006a8.ll,/root/exp/RFunipassLab/external_datasets/build/runtime_matched/external_runtime_polybench_full_wrap_10seeds_backend_oz_repeat1_adaptive5_20260509/oz/polybench_full/atax/462/universal/runs/run_001/stdout.txt,/root/exp/RFunipassLab/external_datasets/build/runtime_matched/external_runtime_polybench_full_wrap_10seeds_backend_oz_repeat1_adaptive5_20260509/oz/polybench_full/atax/462/universal/runs/run_001/stderr.txt,runtime timeout after 5.0s
external_runtime_polybench_full_wrap_10seeds_backend_oz_repeat1_adaptive5_20260509,oz,oz,polybench_full,atax,463,20260423_221353_240005_feature_lite_seed463,universal,rfunipass,1,failed,,,5.0,True,/root/exp/RFunipassLab/external_datasets/build/runtime_matched/external_runtime_polybench_full_wrap_10seeds_backend_oz_repeat1_adaptive5_20260509/oz/polybench_full/atax/463/universal/a.out,/root/exp/RFunipassLab/external_datasets/build/runtime_matched/external_runtime_polybench_full_wrap_10seeds_backend_oz_repeat1_adaptive5_20260509/oz/polybench_full/atax/463/universal/universal_3c6e71c0df8d.ll,/root/exp/RFunipassLab/external_datasets/build/runtime_matched/external_runtime_polybench_full_wrap_10seeds_backend_oz_repeat1_adaptive5_20260509/oz/polybench_full/atax/463/universal/runs/run_001/stdout.txt,/root/exp/RFunipassLab/external_datasets/build/runtime_matched/external_runtime_polybench_full_wrap_10seeds_backend_oz_repeat1_adaptive5_20260509/oz/polybench_full/atax/463/universal/runs/run_001/stderr.txt,runtime timeout after 5.0s
external_runtime_polybench_full_wrap_10seeds_backend_oz_repeat1_adaptive5_20260509,oz,oz,polybench_full,atax,464,20260423_230444_536999_feature_lite_seed464,universal,rfunipass,1,failed,,,5.0,True,/root/exp/RFunipassLab/external_datasets/build/runtime_matched/external_runtime_polybench_full_wrap_10seeds_backend_oz_repeat1_adaptive5_20260509/oz/polybench_full/atax/464/universal/a.out,/root/exp/RFunipassLab/external_datasets/build/runtime_matched/external_runtime_polybench_full_wrap_10seeds_backend_oz_repeat1_adaptive5_20260509/oz/polybench_full/atax/464/universal/universal_58aea292ea66.ll,/root/exp/RFunipassLab/external_datasets/build/runtime_matched/external_runtime_polybench_full_wrap_10seeds_backend_oz_repeat1_adaptive5_20260509/oz/polybench_full/atax/464/universal/runs/run_001/stdout.txt,/root/exp/RFunipassLab/external_datasets/build/runtime_matched/external_runtime_polybench_full_wrap_10seeds_backend_oz_repeat1_adaptive5_20260509/oz/polybench_full/atax/464/universal/runs/run_001/stderr.txt,runtime timeout after 5.0s
external_runtime_polybench_full_wrap_10seeds_backend_oz_repeat1_adaptive5_20260509,oz,oz,polybench_full,atax,465,20260423_231957_016941_feature_lite_seed465,universal,rfunipass,1,ok,1778323169.493219,0.03818971710279584,5.0,False,/root/exp/RFunipassLab/external_datasets/build/runtime_matched/external_runtime_polybench_full_wrap_10seeds_backend_oz_repeat1_adaptive5_20260509/oz/polybench_full/atax/465/universal/a.out,/root/exp/RFunipassLab/external_datasets/build/runtime_matched/external_runtime_polybench_full_wrap_10seeds_backend_oz_repeat1_adaptive5_20260509/oz/polybench_full/atax/465/universal/universal_e2fa59514181.ll,/root/exp/RFunipassLab/external_datasets/build/runtime_matched/external_runtime_polybench_full_wrap_10seeds_backend_oz_repeat1_adaptive5_20260509/oz/polybench_full/atax/465/universal/runs/run_001/stdout.txt,/root/exp/RFunipassLab/external_datasets/build/runtime_matched/external_runtime_polybench_full_wrap_10seeds_backend_oz_repeat1_adaptive5_20260509/oz/polybench_full/atax/465/universal/runs/run_001/stderr.txt,
external_runtime_polybench_full_wrap_10seeds_backend_oz_repeat1_adaptive5_20260509,oz,oz,polybench_full,bicg,,,none,baseline,1,ok,0.016194,0.06695216684602201,300.0,False,/root/exp/RFunipassLab/external_datasets/build/runtime_matched/external_runtime_polybench_full_wrap_10seeds_backend_oz_repeat1_adaptive5_20260509/oz/polybench_full/bicg/baseline/none/a.out,/root/exp/RFunipassLab/external_datasets/build/runtime_matched/external_runtime_polybench_full_wrap_10seeds_backend_oz_repeat1_adaptive5_20260509/oz/polybench_full/bicg/baseline/none/none_71f8e7976e4c.ll,/root/exp/RFunipassLab/external_datasets/build/runtime_matched/external_runtime_polybench_full_wrap_10seeds_backend_oz_repeat1_adaptive5_20260509/oz/polybench_full/bicg/baseline/none/runs/run_001/stdout.txt,/root/exp/RFunipassLab/external_datasets/build/runtime_matched/external_runtime_polybench_full_wrap_10seeds_backend_oz_repeat1_adaptive5_20260509/oz/polybench_full/bicg/baseline/none/runs/run_001/stderr.txt,
external_runtime_polybench_full_wrap_10seeds_backend_oz_repeat1_adaptive5_20260509,oz,oz,polybench_full,bicg,,,oz,baseline,1,ok,0.014389,0.04125008196569979,300.0,False,/root/exp/RFunipassLab/external_datasets/build/runtime_matched/external_runtime_polybench_full_wrap_10seeds_backend_oz_repeat1_adaptive5_20260509/oz/polybench_full/bicg/baseline/oz/a.out,/root/exp/RFunipassLab/external_datasets/build/runtime_matched/external_runtime_polybench_full_wrap_10seeds_backend_oz_repeat1_adaptive5_20260509/oz/polybench_full/bicg/baseline/oz/oz_d135b696b0fd.ll,/root/exp/RFunipassLab/external_datasets/build/runtime_matched/external_runtime_polybench_full_wrap_10seeds_backend_oz_repeat1_adaptive5_20260509/oz/polybench_full/bicg/baseline/oz/runs/run_001/stdout.txt,/root/exp/RFunipassLab/external_datasets/build/runtime_matched/external_runtime_polybench_full_wrap_10seeds_backend_oz_repeat1_adaptive5_20260509/oz/polybench_full/bicg/baseline/oz/runs/run_001/stderr.txt,
external_runtime_polybench_full_wrap_10seeds_backend_oz_repeat1_adaptive5_20260509,oz,oz,polybench_full,bicg,456,20260423_181846_349217_feature_lite_seed456,universal,rfunipass,1,failed,,,5.0,False,/root/exp/RFunipassLab/external_datasets/build/runtime_matched/external_runtime_polybench_full_wrap_10seeds_backend_oz_repeat1_adaptive5_20260509/oz/polybench_full/bicg/456/universal/a.out,/root/exp/RFunipassLab/external_datasets/build/runtime_matched/external_runtime_polybench_full_wrap_10seeds_backend_oz_repeat1_adaptive5_20260509/oz/polybench_full/bicg/456/universal/universal_1dd8ea870347.ll,/root/exp/RFunipassLab/external_datasets/build/runtime_matched/external_runtime_polybench_full_wrap_10seeds_backend_oz_repeat1_adaptive5_20260509/oz/polybench_full/bicg/456/universal/runs/run_001/stdout.txt,/root/exp/RFunipassLab/external_datasets/build/runtime_matched/external_runtime_polybench_full_wrap_10seeds_backend_oz_repeat1_adaptive5_20260509/oz/polybench_full/bicg/456/universal/runs/run_001/stderr.txt,binary exited with returncode=-11
external_runtime_polybench_full_wrap_10seeds_backend_oz_repeat1_adaptive5_20260509,oz,oz,polybench_full,bicg,457,20260423_184811_146360_feature_lite_seed457,universal,rfunipass,1,failed,,,5.0,False,/root/exp/RFunipassLab/external_datasets/build/runtime_matched/external_runtime_polybench_full_wrap_10seeds_backend_oz_repeat1_adaptive5_20260509/oz/polybench_full/bicg/457/universal/a.out,/root/exp/RFunipassLab/external_datasets/build/runtime_matched/external_runtime_polybench_full_wrap_10seeds_backend_oz_repeat1_adaptive5_20260509/oz/polybench_full/bicg/457/universal/universal_468197d7c679.ll,/root/exp/RFunipassLab/external_datasets/build/runtime_matched/external_runtime_polybench_full_wrap_10seeds_backend_oz_repeat1_adaptive5_20260509/oz/polybench_full/bicg/457/universal/runs/run_001/stdout.txt,/root/exp/RFunipassLab/external_datasets/build/runtime_matched/external_runtime_polybench_full_wrap_10seeds_backend_oz_repeat1_adaptive5_20260509/oz/polybench_full/bicg/457/universal/runs/run_001/stderr.txt,binary exited with returncode=-11
external_runtime_polybench_full_wrap_10seeds_backend_oz_repeat1_adaptive5_20260509,oz,oz,polybench_full,bicg,458,20260423_193326_468019_feature_lite_seed458,universal,rfunipass,1,failed,,,5.0,False,/root/exp/RFunipassLab/external_datasets/build/runtime_matched/external_runtime_polybench_full_wrap_10seeds_backend_oz_repeat1_adaptive5_20260509/oz/polybench_full/bicg/458/universal/a.out,/root/exp/RFunipassLab/external_datasets/build/runtime_matched/external_runtime_polybench_full_wrap_10seeds_backend_oz_repeat1_adaptive5_20260509/oz/polybench_full/bicg/458/universal/universal_bac1dd97c06b.ll,/root/exp/RFunipassLab/external_datasets/build/runtime_matched/external_runtime_polybench_full_wrap_10seeds_backend_oz_repeat1_adaptive5_20260509/oz/polybench_full/bicg/458/universal/runs/run_001/stdout.txt,/root/exp/RFunipassLab/external_datasets/build/runtime_matched/external_runtime_polybench_full_wrap_10seeds_backend_oz_repeat1_adaptive5_20260509/oz/polybench_full/bicg/458/universal/runs/run_001/stderr.txt,binary exited with returncode=-11
external_runtime_polybench_full_wrap_10seeds_backend_oz_repeat1_adaptive5_20260509,oz,oz,polybench_full,bicg,459,20260423_203402_518521_feature_lite_seed459,universal,rfunipass,1,failed,,,5.0,False,/root/exp/RFunipassLab/external_datasets/build/runtime_matched/external_runtime_polybench_full_wrap_10seeds_backend_oz_repeat1_adaptive5_20260509/oz/polybench_full/bicg/459/universal/a.out,/root/exp/RFunipassLab/external_datasets/build/runtime_matched/external_runtime_polybench_full_wrap_10seeds_backend_oz_repeat1_adaptive5_20260509/oz/polybench_full/bicg/459/universal/universal_6d5271a22f91.ll,/root/exp/RFunipassLab/external_datasets/build/runtime_matched/external_runtime_polybench_full_wrap_10seeds_backend_oz_repeat1_adaptive5_20260509/oz/polybench_full/bicg/459/universal/runs/run_001/stdout.txt,/root/exp/RFunipassLab/external_datasets/build/runtime_matched/external_runtime_polybench_full_wrap_10seeds_backend_oz_repeat1_adaptive5_20260509/oz/polybench_full/bicg/459/universal/runs/run_001/stderr.txt,binary exited with returncode=-11
external_runtime_polybench_full_wrap_10seeds_backend_oz_repeat1_adaptive5_20260509,oz,oz,polybench_full,bicg,460,20260423_205014_703926_feature_lite_seed460,universal,rfunipass,1,failed,,,5.0,False,/root/exp/RFunipassLab/external_datasets/build/runtime_matched/external_runtime_polybench_full_wrap_10seeds_backend_oz_repeat1_adaptive5_20260509/oz/polybench_full/bicg/460/universal/a.out,/root/exp/RFunipassLab/external_datasets/build/runtime_matched/external_runtime_polybench_full_wrap_10seeds_backend_oz_repeat1_adaptive5_20260509/oz/polybench_full/bicg/460/universal/universal_aa7d5985738b.ll,/root/exp/RFunipassLab/external_datasets/build/runtime_matched/external_runtime_polybench_full_wrap_10seeds_backend_oz_repeat1_adaptive5_20260509/oz/polybench_full/bicg/460/universal/runs/run_001/stdout.txt,/root/exp/RFunipassLab/external_datasets/build/runtime_matched/external_runtime_polybench_full_wrap_10seeds_backend_oz_repeat1_adaptive5_20260509/oz/polybench_full/bicg/460/universal/runs/run_001/stderr.txt,binary exited with returncode=-11
external_runtime_polybench_full_wrap_10seeds_backend_oz_repeat1_adaptive5_20260509,oz,oz,polybench_full,bicg,461,20260423_211628_575222_feature_lite_seed461,universal,rfunipass,1,ok,0.010503,0.035281100077554584,5.0,False,/root/exp/RFunipassLab/external_datasets/build/runtime_matched/external_runtime_polybench_full_wrap_10seeds_backend_oz_repeat1_adaptive5_20260509/oz/polybench_full/bicg/461/universal/a.out,/root/exp/RFunipassLab/external_datasets/build/runtime_matched/external_runtime_polybench_full_wrap_10seeds_backend_oz_repeat1_adaptive5_20260509/oz/polybench_full/bicg/461/universal/universal_c3b20e7655ed.ll,/root/exp/RFunipassLab/external_datasets/build/runtime_matched/external_runtime_polybench_full_wrap_10seeds_backend_oz_repeat1_adaptive5_20260509/oz/polybench_full/bicg/461/universal/runs/run_001/stdout.txt,/root/exp/RFunipassLab/external_datasets/build/runtime_matched/external_runtime_polybench_full_wrap_10seeds_backend_oz_repeat1_adaptive5_20260509/oz/polybench_full/bicg/461/universal/runs/run_001/stderr.txt,
external_runtime_polybench_full_wrap_10seeds_backend_oz_repeat1_adaptive5_20260509,oz,oz,polybench_full,bicg,462,20260423_214113_355045_feature_lite_seed462,universal,rfunipass,1,failed,,,5.0,False,/root/exp/RFunipassLab/external_datasets/build/runtime_matched/external_runtime_polybench_full_wrap_10seeds_backend_oz_repeat1_adaptive5_20260509/oz/polybench_full/bicg/462/universal/a.out,/root/exp/RFunipassLab/external_datasets/build/runtime_matched/external_runtime_polybench_full_wrap_10seeds_backend_oz_repeat1_adaptive5_20260509/oz/polybench_full/bicg/462/universal/universal_4da41e9006a8.ll,/root/exp/RFunipassLab/external_datasets/build/runtime_matched/external_runtime_polybench_full_wrap_10seeds_backend_oz_repeat1_adaptive5_20260509/oz/polybench_full/bicg/462/universal/runs/run_001/stdout.txt,/root/exp/RFunipassLab/external_datasets/build/runtime_matched/external_runtime_polybench_full_wrap_10seeds_backend_oz_repeat1_adaptive5_20260509/oz/polybench_full/bicg/462/universal/runs/run_001/stderr.txt,binary exited with returncode=-11
external_runtime_polybench_full_wrap_10seeds_backend_oz_repeat1_adaptive5_20260509,oz,oz,polybench_full,bicg,463,20260423_221353_240005_feature_lite_seed463,universal,rfunipass,1,failed,,,5.0,True,/root/exp/RFunipassLab/external_datasets/build/runtime_matched/external_runtime_polybench_full_wrap_10seeds_backend_oz_repeat1_adaptive5_20260509/oz/polybench_full/bicg/463/universal/a.out,/root/exp/RFunipassLab/external_datasets/build/runtime_matched/external_runtime_polybench_full_wrap_10seeds_backend_oz_repeat1_adaptive5_20260509/oz/polybench_full/bicg/463/universal/universal_3c6e71c0df8d.ll,/root/exp/RFunipassLab/external_datasets/build/runtime_matched/external_runtime_polybench_full_wrap_10seeds_backend_oz_repeat1_adaptive5_20260509/oz/polybench_full/bicg/463/universal/runs/run_001/stdout.txt,/root/exp/RFunipassLab/external_datasets/build/runtime_matched/external_runtime_polybench_full_wrap_10seeds_backend_oz_repeat1_adaptive5_20260509/oz/polybench_full/bicg/463/universal/runs/run_001/stderr.txt,runtime timeout after 5.0s
external_runtime_polybench_full_wrap_10seeds_backend_oz_repeat1_adaptive5_20260509,oz,oz,polybench_full,bicg,464,20260423_230444_536999_feature_lite_seed464,universal,rfunipass,1,failed,,,5.0,False,/root/exp/RFunipassLab/external_datasets/build/runtime_matched/external_runtime_polybench_full_wrap_10seeds_backend_oz_repeat1_adaptive5_20260509/oz/polybench_full/bicg/464/universal/a.out,/root/exp/RFunipassLab/external_datasets/build/runtime_matched/external_runtime_polybench_full_wrap_10seeds_backend_oz_repeat1_adaptive5_20260509/oz/polybench_full/bicg/464/universal/universal_58aea292ea66.ll,/root/exp/RFunipassLab/external_datasets/build/runtime_matched/external_runtime_polybench_full_wrap_10seeds_backend_oz_repeat1_adaptive5_20260509/oz/polybench_full/bicg/464/universal/runs/run_001/stdout.txt,/root/exp/RFunipassLab/external_datasets/build/runtime_matched/external_runtime_polybench_full_wrap_10seeds_backend_oz_repeat1_adaptive5_20260509/oz/polybench_full/bicg/464/universal/runs/run_001/stderr.txt,binary exited with returncode=-11
external_runtime_polybench_full_wrap_10seeds_backend_oz_repeat1_adaptive5_20260509,oz,oz,polybench_full,bicg,465,20260423_231957_016941_feature_lite_seed465,universal,rfunipass,1,failed,,,5.0,False,/root/exp/RFunipassLab/external_datasets/build/runtime_matched/external_runtime_polybench_full_wrap_10seeds_backend_oz_repeat1_adaptive5_20260509/oz/polybench_full/bicg/465/universal/a.out,/root/exp/RFunipassLab/external_datasets/build/runtime_matched/external_runtime_polybench_full_wrap_10seeds_backend_oz_repeat1_adaptive5_20260509/oz/polybench_full/bicg/465/universal/universal_e2fa59514181.ll,/root/exp/RFunipassLab/external_datasets/build/runtime_matched/external_runtime_polybench_full_wrap_10seeds_backend_oz_repeat1_adaptive5_20260509/oz/polybench_full/bicg/465/universal/runs/run_001/stdout.txt,/root/exp/RFunipassLab/external_datasets/build/runtime_matched/external_runtime_polybench_full_wrap_10seeds_backend_oz_repeat1_adaptive5_20260509/oz/polybench_full/bicg/465/universal/runs/run_001/stderr.txt,binary exited with returncode=-11
external_runtime_polybench_full_wrap_10seeds_backend_oz_repeat1_adaptive5_20260509,oz,oz,polybench_full,doitgen,,,none,baseline,1,ok,1.70058,1.748902722960338,300.0,False,/root/exp/RFunipassLab/external_datasets/build/runtime_matched/external_runtime_polybench_full_wrap_10seeds_backend_oz_repeat1_adaptive5_20260509/oz/polybench_full/doitgen/baseline/none/a.out,/root/exp/RFunipassLab/external_datasets/build/runtime_matched/external_runtime_polybench_full_wrap_10seeds_backend_oz_repeat1_adaptive5_20260509/oz/polybench_full/doitgen/baseline/none/none_71f8e7976e4c.ll,/root/exp/RFunipassLab/external_datasets/build/runtime_matched/external_runtime_polybench_full_wrap_10seeds_backend_oz_repeat1_adaptive5_20260509/oz/polybench_full/doitgen/baseline/none/runs/run_001/stdout.txt,/root/exp/RFunipassLab/external_datasets/build/runtime_matched/external_runtime_polybench_full_wrap_10seeds_backend_oz_repeat1_adaptive5_20260509/oz/polybench_full/doitgen/baseline/none/runs/run_001/stderr.txt,
external_runtime_polybench_full_wrap_10seeds_backend_oz_repeat1_adaptive5_20260509,oz,oz,polybench_full,doitgen,,,oz,baseline,1,ok,0.380699,0.40387848298996687,300.0,False,/root/exp/RFunipassLab/external_datasets/build/runtime_matched/external_runtime_polybench_full_wrap_10seeds_backend_oz_repeat1_adaptive5_20260509/oz/polybench_full/doitgen/baseline/oz/a.out,/root/exp/RFunipassLab/external_datasets/build/runtime_matched/external_runtime_polybench_full_wrap_10seeds_backend_oz_repeat1_adaptive5_20260509/oz/polybench_full/doitgen/baseline/oz/oz_d135b696b0fd.ll,/root/exp/RFunipassLab/external_datasets/build/runtime_matched/external_runtime_polybench_full_wrap_10seeds_backend_oz_repeat1_adaptive5_20260509/oz/polybench_full/doitgen/baseline/oz/runs/run_001/stdout.txt,/root/exp/RFunipassLab/external_datasets/build/runtime_matched/external_runtime_polybench_full_wrap_10seeds_backend_oz_repeat1_adaptive5_20260509/oz/polybench_full/doitgen/baseline/oz/runs/run_001/stderr.txt,
external_runtime_polybench_full_wrap_10seeds_backend_oz_repeat1_adaptive5_20260509,oz,oz,polybench_full,doitgen,456,20260423_181846_349217_feature_lite_seed456,universal,rfunipass,1,failed,,,5.0,True,/root/exp/RFunipassLab/external_datasets/build/runtime_matched/external_runtime_polybench_full_wrap_10seeds_backend_oz_repeat1_adaptive5_20260509/oz/polybench_full/doitgen/456/universal/a.out,/root/exp/RFunipassLab/external_datasets/build/runtime_matched/external_runtime_polybench_full_wrap_10seeds_backend_oz_repeat1_adaptive5_20260509/oz/polybench_full/doitgen/456/universal/universal_1dd8ea870347.ll,/root/exp/RFunipassLab/external_datasets/build/runtime_matched/external_runtime_polybench_full_wrap_10seeds_backend_oz_repeat1_adaptive5_20260509/oz/polybench_full/doitgen/456/universal/runs/run_001/stdout.txt,/root/exp/RFunipassLab/external_datasets/build/runtime_matched/external_runtime_polybench_full_wrap_10seeds_backend_oz_repeat1_adaptive5_20260509/oz/polybench_full/doitgen/456/universal/runs/run_001/stderr.txt,runtime timeout after 5.0s
external_runtime_polybench_full_wrap_10seeds_backend_oz_repeat1_adaptive5_20260509,oz,oz,polybench_full,doitgen,457,20260423_184811_146360_feature_lite_seed457,universal,rfunipass,1,failed,,,5.0,True,/root/exp/RFunipassLab/external_datasets/build/runtime_matched/external_runtime_polybench_full_wrap_10seeds_backend_oz_repeat1_adaptive5_20260509/oz/polybench_full/doitgen/457/universal/a.out,/root/exp/RFunipassLab/external_datasets/build/runtime_matched/external_runtime_polybench_full_wrap_10seeds_backend_oz_repeat1_adaptive5_20260509/oz/polybench_full/doitgen/457/universal/universal_468197d7c679.ll,/root/exp/RFunipassLab/external_datasets/build/runtime_matched/external_runtime_polybench_full_wrap_10seeds_backend_oz_repeat1_adaptive5_20260509/oz/polybench_full/doitgen/457/universal/runs/run_001/stdout.txt,/root/exp/RFunipassLab/external_datasets/build/runtime_matched/external_runtime_polybench_full_wrap_10seeds_backend_oz_repeat1_adaptive5_20260509/oz/polybench_full/doitgen/457/universal/runs/run_001/stderr.txt,runtime timeout after 5.0s
external_runtime_polybench_full_wrap_10seeds_backend_oz_repeat1_adaptive5_20260509,oz,oz,polybench_full,doitgen,458,20260423_193326_468019_feature_lite_seed458,universal,rfunipass,1,failed,,,5.0,True,/root/exp/RFunipassLab/external_datasets/build/runtime_matched/external_runtime_polybench_full_wrap_10seeds_backend_oz_repeat1_adaptive5_20260509/oz/polybench_full/doitgen/458/universal/a.out,/root/exp/RFunipassLab/external_datasets/build/runtime_matched/external_runtime_polybench_full_wrap_10seeds_backend_oz_repeat1_adaptive5_20260509/oz/polybench_full/doitgen/458/universal/universal_bac1dd97c06b.ll,/root/exp/RFunipassLab/external_datasets/build/runtime_matched/external_runtime_polybench_full_wrap_10seeds_backend_oz_repeat1_adaptive5_20260509/oz/polybench_full/doitgen/458/universal/runs/run_001/stdout.txt,/root/exp/RFunipassLab/external_datasets/build/runtime_matched/external_runtime_polybench_full_wrap_10seeds_backend_oz_repeat1_adaptive5_20260509/oz/polybench_full/doitgen/458/universal/runs/run_001/stderr.txt,runtime timeout after 5.0s
external_runtime_polybench_full_wrap_10seeds_backend_oz_repeat1_adaptive5_20260509,oz,oz,polybench_full,doitgen,459,20260423_203402_518521_feature_lite_seed459,universal,rfunipass,1,ok,0.346687,0.38001880003139377,5.0,False,/root/exp/RFunipassLab/external_datasets/build/runtime_matched/external_runtime_polybench_full_wrap_10seeds_backend_oz_repeat1_adaptive5_20260509/oz/polybench_full/doitgen/459/universal/a.out,/root/exp/RFunipassLab/external_datasets/build/runtime_matched/external_runtime_polybench_full_wrap_10seeds_backend_oz_repeat1_adaptive5_20260509/oz/polybench_full/doitgen/459/universal/universal_6d5271a22f91.ll,/root/exp/RFunipassLab/external_datasets/build/runtime_matched/external_runtime_polybench_full_wrap_10seeds_backend_oz_repeat1_adaptive5_20260509/oz/polybench_full/doitgen/459/universal/runs/run_001/stdout.txt,/root/exp/RFunipassLab/external_datasets/build/runtime_matched/external_runtime_polybench_full_wrap_10seeds_backend_oz_repeat1_adaptive5_20260509/oz/polybench_full/doitgen/459/universal/runs/run_001/stderr.txt,
external_runtime_polybench_full_wrap_10seeds_backend_oz_repeat1_adaptive5_20260509,oz,oz,polybench_full,doitgen,460,20260423_205014_703926_feature_lite_seed460,universal,rfunipass,1,failed,,,5.0,False,/root/exp/RFunipassLab/external_datasets/build/runtime_matched/external_runtime_polybench_full_wrap_10seeds_backend_oz_repeat1_adaptive5_20260509/oz/polybench_full/doitgen/460/universal/a.out,/root/exp/RFunipassLab/external_datasets/build/runtime_matched/external_runtime_polybench_full_wrap_10seeds_backend_oz_repeat1_adaptive5_20260509/oz/polybench_full/doitgen/460/universal/universal_aa7d5985738b.ll,/root/exp/RFunipassLab/external_datasets/build/runtime_matched/external_runtime_polybench_full_wrap_10seeds_backend_oz_repeat1_adaptive5_20260509/oz/polybench_full/doitgen/460/universal/runs/run_001/stdout.txt,/root/exp/RFunipassLab/external_datasets/build/runtime_matched/external_runtime_polybench_full_wrap_10seeds_backend_oz_repeat1_adaptive5_20260509/oz/polybench_full/doitgen/460/universal/runs/run_001/stderr.txt,binary exited with returncode=-11
external_runtime_polybench_full_wrap_10seeds_backend_oz_repeat1_adaptive5_20260509,oz,oz,polybench_full,doitgen,461,20260423_211628_575222_feature_lite_seed461,universal,rfunipass,1,ok,0.341742,0.3650815358851105,5.0,False,/root/exp/RFunipassLab/external_datasets/build/runtime_matched/external_runtime_polybench_full_wrap_10seeds_backend_oz_repeat1_adaptive5_20260509/oz/polybench_full/doitgen/461/universal/a.out,/root/exp/RFunipassLab/external_datasets/build/runtime_matched/external_runtime_polybench_full_wrap_10seeds_backend_oz_repeat1_adaptive5_20260509/oz/polybench_full/doitgen/461/universal/universal_c3b20e7655ed.ll,/root/exp/RFunipassLab/external_datasets/build/runtime_matched/external_runtime_polybench_full_wrap_10seeds_backend_oz_repeat1_adaptive5_20260509/oz/polybench_full/doitgen/461/universal/runs/run_001/stdout.txt,/root/exp/RFunipassLab/external_datasets/build/runtime_matched/external_runtime_polybench_full_wrap_10seeds_backend_oz_repeat1_adaptive5_20260509/oz/polybench_full/doitgen/461/universal/runs/run_001/stderr.txt,
external_runtime_polybench_full_wrap_10seeds_backend_oz_repeat1_adaptive5_20260509,oz,oz,polybench_full,doitgen,462,20260423_214113_355045_feature_lite_seed462,universal,rfunipass,1,failed,,,5.0,True,/root/exp/RFunipassLab/external_datasets/build/runtime_matched/external_runtime_polybench_full_wrap_10seeds_backend_oz_repeat1_adaptive5_20260509/oz/polybench_full/doitgen/462/universal/a.out,/root/exp/RFunipassLab/external_datasets/build/runtime_matched/external_runtime_polybench_full_wrap_10seeds_backend_oz_repeat1_adaptive5_20260509/oz/polybench_full/doitgen/462/universal/universal_4da41e9006a8.ll,/root/exp/RFunipassLab/external_datasets/build/runtime_matched/external_runtime_polybench_full_wrap_10seeds_backend_oz_repeat1_adaptive5_20260509/oz/polybench_full/doitgen/462/universal/runs/run_001/stdout.txt,/root/exp/RFunipassLab/external_datasets/build/runtime_matched/external_runtime_polybench_full_wrap_10seeds_backend_oz_repeat1_adaptive5_20260509/oz/polybench_full/doitgen/462/universal/runs/run_001/stderr.txt,runtime timeout after 5.0s
external_runtime_polybench_full_wrap_10seeds_backend_oz_repeat1_adaptive5_20260509,oz,oz,polybench_full,doitgen,463,20260423_221353_240005_feature_lite_seed463,universal,rfunipass,1,failed,,,5.0,True,/root/exp/RFunipassLab/external_datasets/build/runtime_matched/external_runtime_polybench_full_wrap_10seeds_backend_oz_repeat1_adaptive5_20260509/oz/polybench_full/doitgen/463/universal/a.out,/root/exp/RFunipassLab/external_datasets/build/runtime_matched/external_runtime_polybench_full_wrap_10seeds_backend_oz_repeat1_adaptive5_20260509/oz/polybench_full/doitgen/463/universal/universal_3c6e71c0df8d.ll,/root/exp/RFunipassLab/external_datasets/build/runtime_matched/external_runtime_polybench_full_wrap_10seeds_backend_oz_repeat1_adaptive5_20260509/oz/polybench_full/doitgen/463/universal/runs/run_001/stdout.txt,/root/exp/RFunipassLab/external_datasets/build/runtime_matched/external_runtime_polybench_full_wrap_10seeds_backend_oz_repeat1_adaptive5_20260509/oz/polybench_full/doitgen/463/universal/runs/run_001/stderr.txt,runtime timeout after 5.0s
external_runtime_polybench_full_wrap_10seeds_backend_oz_repeat1_adaptive5_20260509,oz,oz,polybench_full,doitgen,464,20260423_230444_536999_feature_lite_seed464,universal,rfunipass,1,failed,,,5.0,True,/root/exp/RFunipassLab/external_datasets/build/runtime_matched/external_runtime_polybench_full_wrap_10seeds_backend_oz_repeat1_adaptive5_20260509/oz/polybench_full/doitgen/464/universal/a.out,/root/exp/RFunipassLab/external_datasets/build/runtime_matched/external_runtime_polybench_full_wrap_10seeds_backend_oz_repeat1_adaptive5_20260509/oz/polybench_full/doitgen/464/universal/universal_58aea292ea66.ll,/root/exp/RFunipassLab/external_datasets/build/runtime_matched/external_runtime_polybench_full_wrap_10seeds_backend_oz_repeat1_adaptive5_20260509/oz/polybench_full/doitgen/464/universal/runs/run_001/stdout.txt,/root/exp/RFunipassLab/external_datasets/build/runtime_matched/external_runtime_polybench_full_wrap_10seeds_backend_oz_repeat1_adaptive5_20260509/oz/polybench_full/doitgen/464/universal/runs/run_001/stderr.txt,runtime timeout after 5.0s
external_runtime_polybench_full_wrap_10seeds_backend_oz_repeat1_adaptive5_20260509,oz,oz,polybench_full,doitgen,465,20260423_231957_016941_feature_lite_seed465,universal,rfunipass,1,ok,1778323232.918985,0.38224079506471753,5.0,False,/root/exp/RFunipassLab/external_datasets/build/runtime_matched/external_runtime_polybench_full_wrap_10seeds_backend_oz_repeat1_adaptive5_20260509/oz/polybench_full/doitgen/465/universal/a.out,/root/exp/RFunipassLab/external_datasets/build/runtime_matched/external_runtime_polybench_full_wrap_10seeds_backend_oz_repeat1_adaptive5_20260509/oz/polybench_full/doitgen/465/universal/universal_e2fa59514181.ll,/root/exp/RFunipassLab/external_datasets/build/runtime_matched/external_runtime_polybench_full_wrap_10seeds_backend_oz_repeat1_adaptive5_20260509/oz/polybench_full/doitgen/465/universal/runs/run_001/stdout.txt,/root/exp/RFunipassLab/external_datasets/build/runtime_matched/external_runtime_polybench_full_wrap_10seeds_backend_oz_repeat1_adaptive5_20260509/oz/polybench_full/doitgen/465/universal/runs/run_001/stderr.txt,
external_runtime_polybench_full_wrap_10seeds_backend_oz_repeat1_adaptive5_20260509,oz,oz,polybench_full,mvt,,,none,baseline,1,ok,0.03739,0.08467748994007707,300.0,False,/root/exp/RFunipassLab/external_datasets/build/runtime_matched/external_runtime_polybench_full_wrap_10seeds_backend_oz_repeat1_adaptive5_20260509/oz/polybench_full/mvt/baseline/none/a.out,/root/exp/RFunipassLab/external_datasets/build/runtime_matched/external_runtime_polybench_full_wrap_10seeds_backend_oz_repeat1_adaptive5_20260509/oz/polybench_full/mvt/baseline/none/none_71f8e7976e4c.ll,/root/exp/RFunipassLab/external_datasets/build/runtime_matched/external_runtime_polybench_full_wrap_10seeds_backend_oz_repeat1_adaptive5_20260509/oz/polybench_full/mvt/baseline/none/runs/run_001/stdout.txt,/root/exp/RFunipassLab/external_datasets/build/runtime_matched/external_runtime_polybench_full_wrap_10seeds_backend_oz_repeat1_adaptive5_20260509/oz/polybench_full/mvt/baseline/none/runs/run_001/stderr.txt,
external_runtime_polybench_full_wrap_10seeds_backend_oz_repeat1_adaptive5_20260509,oz,oz,polybench_full,mvt,,,oz,baseline,1,ok,0.028835,0.05610790103673935,300.0,False,/root/exp/RFunipassLab/external_datasets/build/runtime_matched/external_runtime_polybench_full_wrap_10seeds_backend_oz_repeat1_adaptive5_20260509/oz/polybench_full/mvt/baseline/oz/a.out,/root/exp/RFunipassLab/external_datasets/build/runtime_matched/external_runtime_polybench_full_wrap_10seeds_backend_oz_repeat1_adaptive5_20260509/oz/polybench_full/mvt/baseline/oz/oz_d135b696b0fd.ll,/root/exp/RFunipassLab/external_datasets/build/runtime_matched/external_runtime_polybench_full_wrap_10seeds_backend_oz_repeat1_adaptive5_20260509/oz/polybench_full/mvt/baseline/oz/runs/run_001/stdout.txt,/root/exp/RFunipassLab/external_datasets/build/runtime_matched/external_runtime_polybench_full_wrap_10seeds_backend_oz_repeat1_adaptive5_20260509/oz/polybench_full/mvt/baseline/oz/runs/run_001/stderr.txt,
external_runtime_polybench_full_wrap_10seeds_backend_oz_repeat1_adaptive5_20260509,oz,oz,polybench_full,mvt,456,20260423_181846_349217_feature_lite_seed456,universal,rfunipass,1,failed,,,5.0,False,/root/exp/RFunipassLab/external_datasets/build/runtime_matched/external_runtime_polybench_full_wrap_10seeds_backend_oz_repeat1_adaptive5_20260509/oz/polybench_full/mvt/456/universal/a.out,/root/exp/RFunipassLab/external_datasets/build/runtime_matched/external_runtime_polybench_full_wrap_10seeds_backend_oz_repeat1_adaptive5_20260509/oz/polybench_full/mvt/456/universal/universal_1dd8ea870347.ll,/root/exp/RFunipassLab/external_datasets/build/runtime_matched/external_runtime_polybench_full_wrap_10seeds_backend_oz_repeat1_adaptive5_20260509/oz/polybench_full/mvt/456/universal/runs/run_001/stdout.txt,/root/exp/RFunipassLab/external_datasets/build/runtime_matched/external_runtime_polybench_full_wrap_10seeds_backend_oz_repeat1_adaptive5_20260509/oz/polybench_full/mvt/456/universal/runs/run_001/stderr.txt,binary exited with returncode=-11
external_runtime_polybench_full_wrap_10seeds_backend_oz_repeat1_adaptive5_20260509,oz,oz,polybench_full,mvt,457,20260423_184811_146360_feature_lite_seed457,universal,rfunipass,1,failed,,,5.0,False,/root/exp/RFunipassLab/external_datasets/build/runtime_matched/external_runtime_polybench_full_wrap_10seeds_backend_oz_repeat1_adaptive5_20260509/oz/polybench_full/mvt/457/universal/a.out,/root/exp/RFunipassLab/external_datasets/build/runtime_matched/external_runtime_polybench_full_wrap_10seeds_backend_oz_repeat1_adaptive5_20260509/oz/polybench_full/mvt/457/universal/universal_468197d7c679.ll,/root/exp/RFunipassLab/external_datasets/build/runtime_matched/external_runtime_polybench_full_wrap_10seeds_backend_oz_repeat1_adaptive5_20260509/oz/polybench_full/mvt/457/universal/runs/run_001/stdout.txt,/root/exp/RFunipassLab/external_datasets/build/runtime_matched/external_runtime_polybench_full_wrap_10seeds_backend_oz_repeat1_adaptive5_20260509/oz/polybench_full/mvt/457/universal/runs/run_001/stderr.txt,binary exited with returncode=-11
external_runtime_polybench_full_wrap_10seeds_backend_oz_repeat1_adaptive5_20260509,oz,oz,polybench_full,mvt,458,20260423_193326_468019_feature_lite_seed458,universal,rfunipass,1,failed,,,5.0,False,/root/exp/RFunipassLab/external_datasets/build/runtime_matched/external_runtime_polybench_full_wrap_10seeds_backend_oz_repeat1_adaptive5_20260509/oz/polybench_full/mvt/458/universal/a.out,/root/exp/RFunipassLab/external_datasets/build/runtime_matched/external_runtime_polybench_full_wrap_10seeds_backend_oz_repeat1_adaptive5_20260509/oz/polybench_full/mvt/458/universal/universal_bac1dd97c06b.ll,/root/exp/RFunipassLab/external_datasets/build/runtime_matched/external_runtime_polybench_full_wrap_10seeds_backend_oz_repeat1_adaptive5_20260509/oz/polybench_full/mvt/458/universal/runs/run_001/stdout.txt,/root/exp/RFunipassLab/external_datasets/build/runtime_matched/external_runtime_polybench_full_wrap_10seeds_backend_oz_repeat1_adaptive5_20260509/oz/polybench_full/mvt/458/universal/runs/run_001/stderr.txt,binary exited with returncode=-11
external_runtime_polybench_full_wrap_10seeds_backend_oz_repeat1_adaptive5_20260509,oz,oz,polybench_full,mvt,459,20260423_203402_518521_feature_lite_seed459,universal,rfunipass,1,failed,,,5.0,False,/root/exp/RFunipassLab/external_datasets/build/runtime_matched/external_runtime_polybench_full_wrap_10seeds_backend_oz_repeat1_adaptive5_20260509/oz/polybench_full/mvt/459/universal/a.out,/root/exp/RFunipassLab/external_datasets/build/runtime_matched/external_runtime_polybench_full_wrap_10seeds_backend_oz_repeat1_adaptive5_20260509/oz/polybench_full/mvt/459/universal/universal_6d5271a22f91.ll,/root/exp/RFunipassLab/external_datasets/build/runtime_matched/external_runtime_polybench_full_wrap_10seeds_backend_oz_repeat1_adaptive5_20260509/oz/polybench_full/mvt/459/universal/runs/run_001/stdout.txt,/root/exp/RFunipassLab/external_datasets/build/runtime_matched/external_runtime_polybench_full_wrap_10seeds_backend_oz_repeat1_adaptive5_20260509/oz/polybench_full/mvt/459/universal/runs/run_001/stderr.txt,binary exited with returncode=-11
external_runtime_polybench_full_wrap_10seeds_backend_oz_repeat1_adaptive5_20260509,oz,oz,polybench_full,mvt,460,20260423_205014_703926_feature_lite_seed460,universal,rfunipass,1,failed,,,5.0,False,/root/exp/RFunipassLab/external_datasets/build/runtime_matched/external_runtime_polybench_full_wrap_10seeds_backend_oz_repeat1_adaptive5_20260509/oz/polybench_full/mvt/460/universal/a.out,/root/exp/RFunipassLab/external_datasets/build/runtime_matched/external_runtime_polybench_full_wrap_10seeds_backend_oz_repeat1_adaptive5_20260509/oz/polybench_full/mvt/460/universal/universal_aa7d5985738b.ll,/root/exp/RFunipassLab/external_datasets/build/runtime_matched/external_runtime_polybench_full_wrap_10seeds_backend_oz_repeat1_adaptive5_20260509/oz/polybench_full/mvt/460/universal/runs/run_001/stdout.txt,/root/exp/RFunipassLab/external_datasets/build/runtime_matched/external_runtime_polybench_full_wrap_10seeds_backend_oz_repeat1_adaptive5_20260509/oz/polybench_full/mvt/460/universal/runs/run_001/stderr.txt,binary exited with returncode=-11
external_runtime_polybench_full_wrap_10seeds_backend_oz_repeat1_adaptive5_20260509,oz,oz,polybench_full,mvt,461,20260423_211628_575222_feature_lite_seed461,universal,rfunipass,1,failed,,,5.0,False,/root/exp/RFunipassLab/external_datasets/build/runtime_matched/external_runtime_polybench_full_wrap_10seeds_backend_oz_repeat1_adaptive5_20260509/oz/polybench_full/mvt/461/universal/a.out,/root/exp/RFunipassLab/external_datasets/build/runtime_matched/external_runtime_polybench_full_wrap_10seeds_backend_oz_repeat1_adaptive5_20260509/oz/polybench_full/mvt/461/universal/universal_c3b20e7655ed.ll,/root/exp/RFunipassLab/external_datasets/build/runtime_matched/external_runtime_polybench_full_wrap_10seeds_backend_oz_repeat1_adaptive5_20260509/oz/polybench_full/mvt/461/universal/runs/run_001/stdout.txt,/root/exp/RFunipassLab/external_datasets/build/runtime_matched/external_runtime_polybench_full_wrap_10seeds_backend_oz_repeat1_adaptive5_20260509/oz/polybench_full/mvt/461/universal/runs/run_001/stderr.txt,binary exited with returncode=-11
external_runtime_polybench_full_wrap_10seeds_backend_oz_repeat1_adaptive5_20260509,oz,oz,polybench_full,mvt,462,20260423_214113_355045_feature_lite_seed462,universal,rfunipass,1,failed,,,5.0,False,/root/exp/RFunipassLab/external_datasets/build/runtime_matched/external_runtime_polybench_full_wrap_10seeds_backend_oz_repeat1_adaptive5_20260509/oz/polybench_full/mvt/462/universal/a.out,/root/exp/RFunipassLab/external_datasets/build/runtime_matched/external_runtime_polybench_full_wrap_10seeds_backend_oz_repeat1_adaptive5_20260509/oz/polybench_full/mvt/462/universal/universal_4da41e9006a8.ll,/root/exp/RFunipassLab/external_datasets/build/runtime_matched/external_runtime_polybench_full_wrap_10seeds_backend_oz_repeat1_adaptive5_20260509/oz/polybench_full/mvt/462/universal/runs/run_001/stdout.txt,/root/exp/RFunipassLab/external_datasets/build/runtime_matched/external_runtime_polybench_full_wrap_10seeds_backend_oz_repeat1_adaptive5_20260509/oz/polybench_full/mvt/462/universal/runs/run_001/stderr.txt,binary exited with returncode=-11
external_runtime_polybench_full_wrap_10seeds_backend_oz_repeat1_adaptive5_20260509,oz,oz,polybench_full,mvt,463,20260423_221353_240005_feature_lite_seed463,universal,rfunipass,1,failed,,,5.0,True,/root/exp/RFunipassLab/external_datasets/build/runtime_matched/external_runtime_polybench_full_wrap_10seeds_backend_oz_repeat1_adaptive5_20260509/oz/polybench_full/mvt/463/universal/a.out,/root/exp/RFunipassLab/external_datasets/build/runtime_matched/external_runtime_polybench_full_wrap_10seeds_backend_oz_repeat1_adaptive5_20260509/oz/polybench_full/mvt/463/universal/universal_3c6e71c0df8d.ll,/root/exp/RFunipassLab/external_datasets/build/runtime_matched/external_runtime_polybench_full_wrap_10seeds_backend_oz_repeat1_adaptive5_20260509/oz/polybench_full/mvt/463/universal/runs/run_001/stdout.txt,/root/exp/RFunipassLab/external_datasets/build/runtime_matched/external_runtime_polybench_full_wrap_10seeds_backend_oz_repeat1_adaptive5_20260509/oz/polybench_full/mvt/463/universal/runs/run_001/stderr.txt,runtime timeout after 5.0s
external_runtime_polybench_full_wrap_10seeds_backend_oz_repeat1_adaptive5_20260509,oz,oz,polybench_full,mvt,464,20260423_230444_536999_feature_lite_seed464,universal,rfunipass,1,failed,,,5.0,False,/root/exp/RFunipassLab/external_datasets/build/runtime_matched/external_runtime_polybench_full_wrap_10seeds_backend_oz_repeat1_adaptive5_20260509/oz/polybench_full/mvt/464/universal/a.out,/root/exp/RFunipassLab/external_datasets/build/runtime_matched/external_runtime_polybench_full_wrap_10seeds_backend_oz_repeat1_adaptive5_20260509/oz/polybench_full/mvt/464/universal/universal_58aea292ea66.ll,/root/exp/RFunipassLab/external_datasets/build/runtime_matched/external_runtime_polybench_full_wrap_10seeds_backend_oz_repeat1_adaptive5_20260509/oz/polybench_full/mvt/464/universal/runs/run_001/stdout.txt,/root/exp/RFunipassLab/external_datasets/build/runtime_matched/external_runtime_polybench_full_wrap_10seeds_backend_oz_repeat1_adaptive5_20260509/oz/polybench_full/mvt/464/universal/runs/run_001/stderr.txt,binary exited with returncode=-11
external_runtime_polybench_full_wrap_10seeds_backend_oz_repeat1_adaptive5_20260509,oz,oz,polybench_full,mvt,465,20260423_231957_016941_feature_lite_seed465,universal,rfunipass,1,failed,,,5.0,False,/root/exp/RFunipassLab/external_datasets/build/runtime_matched/external_runtime_polybench_full_wrap_10seeds_backend_oz_repeat1_adaptive5_20260509/oz/polybench_full/mvt/465/universal/a.out,/root/exp/RFunipassLab/external_datasets/build/runtime_matched/external_runtime_polybench_full_wrap_10seeds_backend_oz_repeat1_adaptive5_20260509/oz/polybench_full/mvt/465/universal/universal_e2fa59514181.ll,/root/exp/RFunipassLab/external_datasets/build/runtime_matched/external_runtime_polybench_full_wrap_10seeds_backend_oz_repeat1_adaptive5_20260509/oz/polybench_full/mvt/465/universal/runs/run_001/stdout.txt,/root/exp/RFunipassLab/external_datasets/build/runtime_matched/external_runtime_polybench_full_wrap_10seeds_backend_oz_repeat1_adaptive5_20260509/oz/polybench_full/mvt/465/universal/runs/run_001/stderr.txt,binary exited with returncode=-11
external_runtime_polybench_full_wrap_10seeds_backend_oz_repeat1_adaptive5_20260509,oz,oz,polybench_full,gemm,,,none,baseline,1,ok,3.284064,3.331711553968489,300.0,False,/root/exp/RFunipassLab/external_datasets/build/runtime_matched/external_runtime_polybench_full_wrap_10seeds_backend_oz_repeat1_adaptive5_20260509/oz/polybench_full/gemm/baseline/none/a.out,/root/exp/RFunipassLab/external_datasets/build/runtime_matched/external_runtime_polybench_full_wrap_10seeds_backend_oz_repeat1_adaptive5_20260509/oz/polybench_full/gemm/baseline/none/none_71f8e7976e4c.ll,/root/exp/RFunipassLab/external_datasets/build/runtime_matched/external_runtime_polybench_full_wrap_10seeds_backend_oz_repeat1_adaptive5_20260509/oz/polybench_full/gemm/baseline/none/runs/run_001/stdout.txt,/root/exp/RFunipassLab/external_datasets/build/runtime_matched/external_runtime_polybench_full_wrap_10seeds_backend_oz_repeat1_adaptive5_20260509/oz/polybench_full/gemm/baseline/none/runs/run_001/stderr.txt,
external_runtime_polybench_full_wrap_10seeds_backend_oz_repeat1_adaptive5_20260509,oz,oz,polybench_full,gemm,,,oz,baseline,1,ok,1.206008,1.2314454200677574,300.0,False,/root/exp/RFunipassLab/external_datasets/build/runtime_matched/external_runtime_polybench_full_wrap_10seeds_backend_oz_repeat1_adaptive5_20260509/oz/polybench_full/gemm/baseline/oz/a.out,/root/exp/RFunipassLab/external_datasets/build/runtime_matched/external_runtime_polybench_full_wrap_10seeds_backend_oz_repeat1_adaptive5_20260509/oz/polybench_full/gemm/baseline/oz/oz_d135b696b0fd.ll,/root/exp/RFunipassLab/external_datasets/build/runtime_matched/external_runtime_polybench_full_wrap_10seeds_backend_oz_repeat1_adaptive5_20260509/oz/polybench_full/gemm/baseline/oz/runs/run_001/stdout.txt,/root/exp/RFunipassLab/external_datasets/build/runtime_matched/external_runtime_polybench_full_wrap_10seeds_backend_oz_repeat1_adaptive5_20260509/oz/polybench_full/gemm/baseline/oz/runs/run_001/stderr.txt,
external_runtime_polybench_full_wrap_10seeds_backend_oz_repeat1_adaptive5_20260509,oz,oz,polybench_full,gemm,456,20260423_181846_349217_feature_lite_seed456,universal,rfunipass,1,failed,,,6.03004,True,/root/exp/RFunipassLab/external_datasets/build/runtime_matched/external_runtime_polybench_full_wrap_10seeds_backend_oz_repeat1_adaptive5_20260509/oz/polybench_full/gemm/456/universal/a.out,/root/exp/RFunipassLab/external_datasets/build/runtime_matched/external_runtime_polybench_full_wrap_10seeds_backend_oz_repeat1_adaptive5_20260509/oz/polybench_full/gemm/456/universal/universal_1dd8ea870347.ll,/root/exp/RFunipassLab/external_datasets/build/runtime_matched/external_runtime_polybench_full_wrap_10seeds_backend_oz_repeat1_adaptive5_20260509/oz/polybench_full/gemm/456/universal/runs/run_001/stdout.txt,/root/exp/RFunipassLab/external_datasets/build/runtime_matched/external_runtime_polybench_full_wrap_10seeds_backend_oz_repeat1_adaptive5_20260509/oz/polybench_full/gemm/456/universal/runs/run_001/stderr.txt,runtime timeout after 6.03004s
external_runtime_polybench_full_wrap_10seeds_backend_oz_repeat1_adaptive5_20260509,oz,oz,polybench_full,gemm,457,20260423_184811_146360_feature_lite_seed457,universal,rfunipass,1,failed,,,6.03004,True,/root/exp/RFunipassLab/external_datasets/build/runtime_matched/external_runtime_polybench_full_wrap_10seeds_backend_oz_repeat1_adaptive5_20260509/oz/polybench_full/gemm/457/universal/a.out,/root/exp/RFunipassLab/external_datasets/build/runtime_matched/external_runtime_polybench_full_wrap_10seeds_backend_oz_repeat1_adaptive5_20260509/oz/polybench_full/gemm/457/universal/universal_468197d7c679.ll,/root/exp/RFunipassLab/external_datasets/build/runtime_matched/external_runtime_polybench_full_wrap_10seeds_backend_oz_repeat1_adaptive5_20260509/oz/polybench_full/gemm/457/universal/runs/run_001/stdout.txt,/root/exp/RFunipassLab/external_datasets/build/runtime_matched/external_runtime_polybench_full_wrap_10seeds_backend_oz_repeat1_adaptive5_20260509/oz/polybench_full/gemm/457/universal/runs/run_001/stderr.txt,runtime timeout after 6.03004s
external_runtime_polybench_full_wrap_10seeds_backend_oz_repeat1_adaptive5_20260509,oz,oz,polybench_full,gemm,458,20260423_193326_468019_feature_lite_seed458,universal,rfunipass,1,failed,,,6.03004,True,/root/exp/RFunipassLab/external_datasets/build/runtime_matched/external_runtime_polybench_full_wrap_10seeds_backend_oz_repeat1_adaptive5_20260509/oz/polybench_full/gemm/458/universal/a.out,/root/exp/RFunipassLab/external_datasets/build/runtime_matched/external_runtime_polybench_full_wrap_10seeds_backend_oz_repeat1_adaptive5_20260509/oz/polybench_full/gemm/458/universal/universal_bac1dd97c06b.ll,/root/exp/RFunipassLab/external_datasets/build/runtime_matched/external_runtime_polybench_full_wrap_10seeds_backend_oz_repeat1_adaptive5_20260509/oz/polybench_full/gemm/458/universal/runs/run_001/stdout.txt,/root/exp/RFunipassLab/external_datasets/build/runtime_matched/external_runtime_polybench_full_wrap_10seeds_backend_oz_repeat1_adaptive5_20260509/oz/polybench_full/gemm/458/universal/runs/run_001/stderr.txt,runtime timeout after 6.03004s
external_runtime_polybench_full_wrap_10seeds_backend_oz_repeat1_adaptive5_20260509,oz,oz,polybench_full,gemm,459,20260423_203402_518521_feature_lite_seed459,universal,rfunipass,1,ok,0.903426,0.9388560559600592,6.03004,False,/root/exp/RFunipassLab/external_datasets/build/runtime_matched/external_runtime_polybench_full_wrap_10seeds_backend_oz_repeat1_adaptive5_20260509/oz/polybench_full/gemm/459/universal/a.out,/root/exp/RFunipassLab/external_datasets/build/runtime_matched/external_runtime_polybench_full_wrap_10seeds_backend_oz_repeat1_adaptive5_20260509/oz/polybench_full/gemm/459/universal/universal_6d5271a22f91.ll,/root/exp/RFunipassLab/external_datasets/build/runtime_matched/external_runtime_polybench_full_wrap_10seeds_backend_oz_repeat1_adaptive5_20260509/oz/polybench_full/gemm/459/universal/runs/run_001/stdout.txt,/root/exp/RFunipassLab/external_datasets/build/runtime_matched/external_runtime_polybench_full_wrap_10seeds_backend_oz_repeat1_adaptive5_20260509/oz/polybench_full/gemm/459/universal/runs/run_001/stderr.txt,
external_runtime_polybench_full_wrap_10seeds_backend_oz_repeat1_adaptive5_20260509,oz,oz,polybench_full,gemm,460,20260423_205014_703926_feature_lite_seed460,universal,rfunipass,1,failed,,,6.03004,False,/root/exp/RFunipassLab/external_datasets/build/runtime_matched/external_runtime_polybench_full_wrap_10seeds_backend_oz_repeat1_adaptive5_20260509/oz/polybench_full/gemm/460/universal/a.out,/root/exp/RFunipassLab/external_datasets/build/runtime_matched/external_runtime_polybench_full_wrap_10seeds_backend_oz_repeat1_adaptive5_20260509/oz/polybench_full/gemm/460/universal/universal_aa7d5985738b.ll,/root/exp/RFunipassLab/external_datasets/build/runtime_matched/external_runtime_polybench_full_wrap_10seeds_backend_oz_repeat1_adaptive5_20260509/oz/polybench_full/gemm/460/universal/runs/run_001/stdout.txt,/root/exp/RFunipassLab/external_datasets/build/runtime_matched/external_runtime_polybench_full_wrap_10seeds_backend_oz_repeat1_adaptive5_20260509/oz/polybench_full/gemm/460/universal/runs/run_001/stderr.txt,binary exited with returncode=-11
external_runtime_polybench_full_wrap_10seeds_backend_oz_repeat1_adaptive5_20260509,oz,oz,polybench_full,gemm,461,20260423_211628_575222_feature_lite_seed461,universal,rfunipass,1,ok,0.988508,1.0131869211327285,6.03004,False,/root/exp/RFunipassLab/external_datasets/build/runtime_matched/external_runtime_polybench_full_wrap_10seeds_backend_oz_repeat1_adaptive5_20260509/oz/polybench_full/gemm/461/universal/a.out,/root/exp/RFunipassLab/external_datasets/build/runtime_matched/external_runtime_polybench_full_wrap_10seeds_backend_oz_repeat1_adaptive5_20260509/oz/polybench_full/gemm/461/universal/universal_c3b20e7655ed.ll,/root/exp/RFunipassLab/external_datasets/build/runtime_matched/external_runtime_polybench_full_wrap_10seeds_backend_oz_repeat1_adaptive5_20260509/oz/polybench_full/gemm/461/universal/runs/run_001/stdout.txt,/root/exp/RFunipassLab/external_datasets/build/runtime_matched/external_runtime_polybench_full_wrap_10seeds_backend_oz_repeat1_adaptive5_20260509/oz/polybench_full/gemm/461/universal/runs/run_001/stderr.txt,
external_runtime_polybench_full_wrap_10seeds_backend_oz_repeat1_adaptive5_20260509,oz,oz,polybench_full,gemm,462,20260423_214113_355045_feature_lite_seed462,universal,rfunipass,1,failed,,,6.03004,True,/root/exp/RFunipassLab/external_datasets/build/runtime_matched/external_runtime_polybench_full_wrap_10seeds_backend_oz_repeat1_adaptive5_20260509/oz/polybench_full/gemm/462/universal/a.out,/root/exp/RFunipassLab/external_datasets/build/runtime_matched/external_runtime_polybench_full_wrap_10seeds_backend_oz_repeat1_adaptive5_20260509/oz/polybench_full/gemm/462/universal/universal_4da41e9006a8.ll,/root/exp/RFunipassLab/external_datasets/build/runtime_matched/external_runtime_polybench_full_wrap_10seeds_backend_oz_repeat1_adaptive5_20260509/oz/polybench_full/gemm/462/universal/runs/run_001/stdout.txt,/root/exp/RFunipassLab/external_datasets/build/runtime_matched/external_runtime_polybench_full_wrap_10seeds_backend_oz_repeat1_adaptive5_20260509/oz/polybench_full/gemm/462/universal/runs/run_001/stderr.txt,runtime timeout after 6.03004s
external_runtime_polybench_full_wrap_10seeds_backend_oz_repeat1_adaptive5_20260509,oz,oz,polybench_full,gemm,463,20260423_221353_240005_feature_lite_seed463,universal,rfunipass,1,failed,,,6.03004,True,/root/exp/RFunipassLab/external_datasets/build/runtime_matched/external_runtime_polybench_full_wrap_10seeds_backend_oz_repeat1_adaptive5_20260509/oz/polybench_full/gemm/463/universal/a.out,/root/exp/RFunipassLab/external_datasets/build/runtime_matched/external_runtime_polybench_full_wrap_10seeds_backend_oz_repeat1_adaptive5_20260509/oz/polybench_full/gemm/463/universal/universal_3c6e71c0df8d.ll,/root/exp/RFunipassLab/external_datasets/build/runtime_matched/external_runtime_polybench_full_wrap_10seeds_backend_oz_repeat1_adaptive5_20260509/oz/polybench_full/gemm/463/universal/runs/run_001/stdout.txt,/root/exp/RFunipassLab/external_datasets/build/runtime_matched/external_runtime_polybench_full_wrap_10seeds_backend_oz_repeat1_adaptive5_20260509/oz/polybench_full/gemm/463/universal/runs/run_001/stderr.txt,runtime timeout after 6.03004s
external_runtime_polybench_full_wrap_10seeds_backend_oz_repeat1_adaptive5_20260509,oz,oz,polybench_full,gemm,464,20260423_230444_536999_feature_lite_seed464,universal,rfunipass,1,failed,,,6.03004,True,/root/exp/RFunipassLab/external_datasets/build/runtime_matched/external_runtime_polybench_full_wrap_10seeds_backend_oz_repeat1_adaptive5_20260509/oz/polybench_full/gemm/464/universal/a.out,/root/exp/RFunipassLab/external_datasets/build/runtime_matched/external_runtime_polybench_full_wrap_10seeds_backend_oz_repeat1_adaptive5_20260509/oz/polybench_full/gemm/464/universal/universal_58aea292ea66.ll,/root/exp/RFunipassLab/external_datasets/build/runtime_matched/external_runtime_polybench_full_wrap_10seeds_backend_oz_repeat1_adaptive5_20260509/oz/polybench_full/gemm/464/universal/runs/run_001/stdout.txt,/root/exp/RFunipassLab/external_datasets/build/runtime_matched/external_runtime_polybench_full_wrap_10seeds_backend_oz_repeat1_adaptive5_20260509/oz/polybench_full/gemm/464/universal/runs/run_001/stderr.txt,runtime timeout after 6.03004s
external_runtime_polybench_full_wrap_10seeds_backend_oz_repeat1_adaptive5_20260509,oz,oz,polybench_full,gemm,465,20260423_231957_016941_feature_lite_seed465,universal,rfunipass,1,ok,1778323307.242708,0.9274403548333794,6.03004,False,/root/exp/RFunipassLab/external_datasets/build/runtime_matched/external_runtime_polybench_full_wrap_10seeds_backend_oz_repeat1_adaptive5_20260509/oz/polybench_full/gemm/465/universal/a.out,/root/exp/RFunipassLab/external_datasets/build/runtime_matched/external_runtime_polybench_full_wrap_10seeds_backend_oz_repeat1_adaptive5_20260509/oz/polybench_full/gemm/465/universal/universal_e2fa59514181.ll,/root/exp/RFunipassLab/external_datasets/build/runtime_matched/external_runtime_polybench_full_wrap_10seeds_backend_oz_repeat1_adaptive5_20260509/oz/polybench_full/gemm/465/universal/runs/run_001/stdout.txt,/root/exp/RFunipassLab/external_datasets/build/runtime_matched/external_runtime_polybench_full_wrap_10seeds_backend_oz_repeat1_adaptive5_20260509/oz/polybench_full/gemm/465/universal/runs/run_001/stderr.txt,
external_runtime_polybench_full_wrap_10seeds_backend_oz_repeat1_adaptive5_20260509,oz,oz,polybench_full,gemver,,,none,baseline,1,ok,0.044716,0.09581570792943239,300.0,False,/root/exp/RFunipassLab/external_datasets/build/runtime_matched/external_runtime_polybench_full_wrap_10seeds_backend_oz_repeat1_adaptive5_20260509/oz/polybench_full/gemver/baseline/none/a.out,/root/exp/RFunipassLab/external_datasets/build/runtime_matched/external_runtime_polybench_full_wrap_10seeds_backend_oz_repeat1_adaptive5_20260509/oz/polybench_full/gemver/baseline/none/none_71f8e7976e4c.ll,/root/exp/RFunipassLab/external_datasets/build/runtime_matched/external_runtime_polybench_full_wrap_10seeds_backend_oz_repeat1_adaptive5_20260509/oz/polybench_full/gemver/baseline/none/runs/run_001/stdout.txt,/root/exp/RFunipassLab/external_datasets/build/runtime_matched/external_runtime_polybench_full_wrap_10seeds_backend_oz_repeat1_adaptive5_20260509/oz/polybench_full/gemver/baseline/none/runs/run_001/stderr.txt,
external_runtime_polybench_full_wrap_10seeds_backend_oz_repeat1_adaptive5_20260509,oz,oz,polybench_full,gemver,,,oz,baseline,1,ok,0.027535,0.05264138709753752,300.0,False,/root/exp/RFunipassLab/external_datasets/build/runtime_matched/external_runtime_polybench_full_wrap_10seeds_backend_oz_repeat1_adaptive5_20260509/oz/polybench_full/gemver/baseline/oz/a.out,/root/exp/RFunipassLab/external_datasets/build/runtime_matched/external_runtime_polybench_full_wrap_10seeds_backend_oz_repeat1_adaptive5_20260509/oz/polybench_full/gemver/baseline/oz/oz_d135b696b0fd.ll,/root/exp/RFunipassLab/external_datasets/build/runtime_matched/external_runtime_polybench_full_wrap_10seeds_backend_oz_repeat1_adaptive5_20260509/oz/polybench_full/gemver/baseline/oz/runs/run_001/stdout.txt,/root/exp/RFunipassLab/external_datasets/build/runtime_matched/external_runtime_polybench_full_wrap_10seeds_backend_oz_repeat1_adaptive5_20260509/oz/polybench_full/gemver/baseline/oz/runs/run_001/stderr.txt,
external_runtime_polybench_full_wrap_10seeds_backend_oz_repeat1_adaptive5_20260509,oz,oz,polybench_full,gemver,456,20260423_181846_349217_feature_lite_seed456,universal,rfunipass,1,failed,,,5.0,True,/root/exp/RFunipassLab/external_datasets/build/runtime_matched/external_runtime_polybench_full_wrap_10seeds_backend_oz_repeat1_adaptive5_20260509/oz/polybench_full/gemver/456/universal/a.out,/root/exp/RFunipassLab/external_datasets/build/runtime_matched/external_runtime_polybench_full_wrap_10seeds_backend_oz_repeat1_adaptive5_20260509/oz/polybench_full/gemver/456/universal/universal_1dd8ea870347.ll,/root/exp/RFunipassLab/external_datasets/build/runtime_matched/external_runtime_polybench_full_wrap_10seeds_backend_oz_repeat1_adaptive5_20260509/oz/polybench_full/gemver/456/universal/runs/run_001/stdout.txt,/root/exp/RFunipassLab/external_datasets/build/runtime_matched/external_runtime_polybench_full_wrap_10seeds_backend_oz_repeat1_adaptive5_20260509/oz/polybench_full/gemver/456/universal/runs/run_001/stderr.txt,runtime timeout after 5.0s
external_runtime_polybench_full_wrap_10seeds_backend_oz_repeat1_adaptive5_20260509,oz,oz,polybench_full,gemver,457,20260423_184811_146360_feature_lite_seed457,universal,rfunipass,1,failed,,,5.0,True,/root/exp/RFunipassLab/external_datasets/build/runtime_matched/external_runtime_polybench_full_wrap_10seeds_backend_oz_repeat1_adaptive5_20260509/oz/polybench_full/gemver/457/universal/a.out,/root/exp/RFunipassLab/external_datasets/build/runtime_matched/external_runtime_polybench_full_wrap_10seeds_backend_oz_repeat1_adaptive5_20260509/oz/polybench_full/gemver/457/universal/universal_468197d7c679.ll,/root/exp/RFunipassLab/external_datasets/build/runtime_matched/external_runtime_polybench_full_wrap_10seeds_backend_oz_repeat1_adaptive5_20260509/oz/polybench_full/gemver/457/universal/runs/run_001/stdout.txt,/root/exp/RFunipassLab/external_datasets/build/runtime_matched/external_runtime_polybench_full_wrap_10seeds_backend_oz_repeat1_adaptive5_20260509/oz/polybench_full/gemver/457/universal/runs/run_001/stderr.txt,runtime timeout after 5.0s
external_runtime_polybench_full_wrap_10seeds_backend_oz_repeat1_adaptive5_20260509,oz,oz,polybench_full,gemver,458,20260423_193326_468019_feature_lite_seed458,universal,rfunipass,1,failed,,,5.0,True,/root/exp/RFunipassLab/external_datasets/build/runtime_matched/external_runtime_polybench_full_wrap_10seeds_backend_oz_repeat1_adaptive5_20260509/oz/polybench_full/gemver/458/universal/a.out,/root/exp/RFunipassLab/external_datasets/build/runtime_matched/external_runtime_polybench_full_wrap_10seeds_backend_oz_repeat1_adaptive5_20260509/oz/polybench_full/gemver/458/universal/universal_bac1dd97c06b.ll,/root/exp/RFunipassLab/external_datasets/build/runtime_matched/external_runtime_polybench_full_wrap_10seeds_backend_oz_repeat1_adaptive5_20260509/oz/polybench_full/gemver/458/universal/runs/run_001/stdout.txt,/root/exp/RFunipassLab/external_datasets/build/runtime_matched/external_runtime_polybench_full_wrap_10seeds_backend_oz_repeat1_adaptive5_20260509/oz/polybench_full/gemver/458/universal/runs/run_001/stderr.txt,runtime timeout after 5.0s
external_runtime_polybench_full_wrap_10seeds_backend_oz_repeat1_adaptive5_20260509,oz,oz,polybench_full,gemver,459,20260423_203402_518521_feature_lite_seed459,universal,rfunipass,1,ok,0.029158,0.06731009809300303,5.0,False,/root/exp/RFunipassLab/external_datasets/build/runtime_matched/external_runtime_polybench_full_wrap_10seeds_backend_oz_repeat1_adaptive5_20260509/oz/polybench_full/gemver/459/universal/a.out,/root/exp/RFunipassLab/external_datasets/build/runtime_matched/external_runtime_polybench_full_wrap_10seeds_backend_oz_repeat1_adaptive5_20260509/oz/polybench_full/gemver/459/universal/universal_6d5271a22f91.ll,/root/exp/RFunipassLab/external_datasets/build/runtime_matched/external_runtime_polybench_full_wrap_10seeds_backend_oz_repeat1_adaptive5_20260509/oz/polybench_full/gemver/459/universal/runs/run_001/stdout.txt,/root/exp/RFunipassLab/external_datasets/build/runtime_matched/external_runtime_polybench_full_wrap_10seeds_backend_oz_repeat1_adaptive5_20260509/oz/polybench_full/gemver/459/universal/runs/run_001/stderr.txt,
external_runtime_polybench_full_wrap_10seeds_backend_oz_repeat1_adaptive5_20260509,oz,oz,polybench_full,gemver,460,20260423_205014_703926_feature_lite_seed460,universal,rfunipass,1,failed,,,5.0,False,/root/exp/RFunipassLab/external_datasets/build/runtime_matched/external_runtime_polybench_full_wrap_10seeds_backend_oz_repeat1_adaptive5_20260509/oz/polybench_full/gemver/460/universal/a.out,/root/exp/RFunipassLab/external_datasets/build/runtime_matched/external_runtime_polybench_full_wrap_10seeds_backend_oz_repeat1_adaptive5_20260509/oz/polybench_full/gemver/460/universal/universal_aa7d5985738b.ll,/root/exp/RFunipassLab/external_datasets/build/runtime_matched/external_runtime_polybench_full_wrap_10seeds_backend_oz_repeat1_adaptive5_20260509/oz/polybench_full/gemver/460/universal/runs/run_001/stdout.txt,/root/exp/RFunipassLab/external_datasets/build/runtime_matched/external_runtime_polybench_full_wrap_10seeds_backend_oz_repeat1_adaptive5_20260509/oz/polybench_full/gemver/460/universal/runs/run_001/stderr.txt,binary exited with returncode=-11
external_runtime_polybench_full_wrap_10seeds_backend_oz_repeat1_adaptive5_20260509,oz,oz,polybench_full,gemver,461,20260423_211628_575222_feature_lite_seed461,universal,rfunipass,1,ok,0.0292,0.05584562895819545,5.0,False,/root/exp/RFunipassLab/external_datasets/build/runtime_matched/external_runtime_polybench_full_wrap_10seeds_backend_oz_repeat1_adaptive5_20260509/oz/polybench_full/gemver/461/universal/a.out,/root/exp/RFunipassLab/external_datasets/build/runtime_matched/external_runtime_polybench_full_wrap_10seeds_backend_oz_repeat1_adaptive5_20260509/oz/polybench_full/gemver/461/universal/universal_c3b20e7655ed.ll,/root/exp/RFunipassLab/external_datasets/build/runtime_matched/external_runtime_polybench_full_wrap_10seeds_backend_oz_repeat1_adaptive5_20260509/oz/polybench_full/gemver/461/universal/runs/run_001/stdout.txt,/root/exp/RFunipassLab/external_datasets/build/runtime_matched/external_runtime_polybench_full_wrap_10seeds_backend_oz_repeat1_adaptive5_20260509/oz/polybench_full/gemver/461/universal/runs/run_001/stderr.txt,
external_runtime_polybench_full_wrap_10seeds_backend_oz_repeat1_adaptive5_20260509,oz,oz,polybench_full,gemver,462,20260423_214113_355045_feature_lite_seed462,universal,rfunipass,1,failed,,,5.0,True,/root/exp/RFunipassLab/external_datasets/build/runtime_matched/external_runtime_polybench_full_wrap_10seeds_backend_oz_repeat1_adaptive5_20260509/oz/polybench_full/gemver/462/universal/a.out,/root/exp/RFunipassLab/external_datasets/build/runtime_matched/external_runtime_polybench_full_wrap_10seeds_backend_oz_repeat1_adaptive5_20260509/oz/polybench_full/gemver/462/universal/universal_4da41e9006a8.ll,/root/exp/RFunipassLab/external_datasets/build/runtime_matched/external_runtime_polybench_full_wrap_10seeds_backend_oz_repeat1_adaptive5_20260509/oz/polybench_full/gemver/462/universal/runs/run_001/stdout.txt,/root/exp/RFunipassLab/external_datasets/build/runtime_matched/external_runtime_polybench_full_wrap_10seeds_backend_oz_repeat1_adaptive5_20260509/oz/polybench_full/gemver/462/universal/runs/run_001/stderr.txt,runtime timeout after 5.0s
external_runtime_polybench_full_wrap_10seeds_backend_oz_repeat1_adaptive5_20260509,oz,oz,polybench_full,gemver,463,20260423_221353_240005_feature_lite_seed463,universal,rfunipass,1,failed,,,5.0,True,/root/exp/RFunipassLab/external_datasets/build/runtime_matched/external_runtime_polybench_full_wrap_10seeds_backend_oz_repeat1_adaptive5_20260509/oz/polybench_full/gemver/463/universal/a.out,/root/exp/RFunipassLab/external_datasets/build/runtime_matched/external_runtime_polybench_full_wrap_10seeds_backend_oz_repeat1_adaptive5_20260509/oz/polybench_full/gemver/463/universal/universal_3c6e71c0df8d.ll,/root/exp/RFunipassLab/external_datasets/build/runtime_matched/external_runtime_polybench_full_wrap_10seeds_backend_oz_repeat1_adaptive5_20260509/oz/polybench_full/gemver/463/universal/runs/run_001/stdout.txt,/root/exp/RFunipassLab/external_datasets/build/runtime_matched/external_runtime_polybench_full_wrap_10seeds_backend_oz_repeat1_adaptive5_20260509/oz/polybench_full/gemver/463/universal/runs/run_001/stderr.txt,runtime timeout after 5.0s
external_runtime_polybench_full_wrap_10seeds_backend_oz_repeat1_adaptive5_20260509,oz,oz,polybench_full,gemver,464,20260423_230444_536999_feature_lite_seed464,universal,rfunipass,1,failed,,,5.0,True,/root/exp/RFunipassLab/external_datasets/build/runtime_matched/external_runtime_polybench_full_wrap_10seeds_backend_oz_repeat1_adaptive5_20260509/oz/polybench_full/gemver/464/universal/a.out,/root/exp/RFunipassLab/external_datasets/build/runtime_matched/external_runtime_polybench_full_wrap_10seeds_backend_oz_repeat1_adaptive5_20260509/oz/polybench_full/gemver/464/universal/universal_58aea292ea66.ll,/root/exp/RFunipassLab/external_datasets/build/runtime_matched/external_runtime_polybench_full_wrap_10seeds_backend_oz_repeat1_adaptive5_20260509/oz/polybench_full/gemver/464/universal/runs/run_001/stdout.txt,/root/exp/RFunipassLab/external_datasets/build/runtime_matched/external_runtime_polybench_full_wrap_10seeds_backend_oz_repeat1_adaptive5_20260509/oz/polybench_full/gemver/464/universal/runs/run_001/stderr.txt,runtime timeout after 5.0s
external_runtime_polybench_full_wrap_10seeds_backend_oz_repeat1_adaptive5_20260509,oz,oz,polybench_full,gemver,465,20260423_231957_016941_feature_lite_seed465,universal,rfunipass,1,ok,1778323356.200945,0.058850477915257215,5.0,False,/root/exp/RFunipassLab/external_datasets/build/runtime_matched/external_runtime_polybench_full_wrap_10seeds_backend_oz_repeat1_adaptive5_20260509/oz/polybench_full/gemver/465/universal/a.out,/root/exp/RFunipassLab/external_datasets/build/runtime_matched/external_runtime_polybench_full_wrap_10seeds_backend_oz_repeat1_adaptive5_20260509/oz/polybench_full/gemver/465/universal/universal_e2fa59514181.ll,/root/exp/RFunipassLab/external_datasets/build/runtime_matched/external_runtime_polybench_full_wrap_10seeds_backend_oz_repeat1_adaptive5_20260509/oz/polybench_full/gemver/465/universal/runs/run_001/stdout.txt,/root/exp/RFunipassLab/external_datasets/build/runtime_matched/external_runtime_polybench_full_wrap_10seeds_backend_oz_repeat1_adaptive5_20260509/oz/polybench_full/gemver/465/universal/runs/run_001/stderr.txt,
external_runtime_polybench_full_wrap_10seeds_backend_oz_repeat1_adaptive5_20260509,oz,oz,polybench_full,gesummv,,,none,baseline,1,ok,0.007517,0.0530828139744699,300.0,False,/root/exp/RFunipassLab/external_datasets/build/runtime_matched/external_runtime_polybench_full_wrap_10seeds_backend_oz_repeat1_adaptive5_20260509/oz/polybench_full/gesummv/baseline/none/a.out,/root/exp/RFunipassLab/external_datasets/build/runtime_matched/external_runtime_polybench_full_wrap_10seeds_backend_oz_repeat1_adaptive5_20260509/oz/polybench_full/gesummv/baseline/none/none_71f8e7976e4c.ll,/root/exp/RFunipassLab/external_datasets/build/runtime_matched/external_runtime_polybench_full_wrap_10seeds_backend_oz_repeat1_adaptive5_20260509/oz/polybench_full/gesummv/baseline/none/runs/run_001/stdout.txt,/root/exp/RFunipassLab/external_datasets/build/runtime_matched/external_runtime_polybench_full_wrap_10seeds_backend_oz_repeat1_adaptive5_20260509/oz/polybench_full/gesummv/baseline/none/runs/run_001/stderr.txt,
external_runtime_polybench_full_wrap_10seeds_backend_oz_repeat1_adaptive5_20260509,oz,oz,polybench_full,gesummv,,,oz,baseline,1,ok,0.006977,0.031130959978327155,300.0,False,/root/exp/RFunipassLab/external_datasets/build/runtime_matched/external_runtime_polybench_full_wrap_10seeds_backend_oz_repeat1_adaptive5_20260509/oz/polybench_full/gesummv/baseline/oz/a.out,/root/exp/RFunipassLab/external_datasets/build/runtime_matched/external_runtime_polybench_full_wrap_10seeds_backend_oz_repeat1_adaptive5_20260509/oz/polybench_full/gesummv/baseline/oz/oz_d135b696b0fd.ll,/root/exp/RFunipassLab/external_datasets/build/runtime_matched/external_runtime_polybench_full_wrap_10seeds_backend_oz_repeat1_adaptive5_20260509/oz/polybench_full/gesummv/baseline/oz/runs/run_001/stdout.txt,/root/exp/RFunipassLab/external_datasets/build/runtime_matched/external_runtime_polybench_full_wrap_10seeds_backend_oz_repeat1_adaptive5_20260509/oz/polybench_full/gesummv/baseline/oz/runs/run_001/stderr.txt,
external_runtime_polybench_full_wrap_10seeds_backend_oz_repeat1_adaptive5_20260509,oz,oz,polybench_full,gesummv,456,20260423_181846_349217_feature_lite_seed456,universal,rfunipass,1,failed,,,5.0,True,/root/exp/RFunipassLab/external_datasets/build/runtime_matched/external_runtime_polybench_full_wrap_10seeds_backend_oz_repeat1_adaptive5_20260509/oz/polybench_full/gesummv/456/universal/a.out,/root/exp/RFunipassLab/external_datasets/build/runtime_matched/external_runtime_polybench_full_wrap_10seeds_backend_oz_repeat1_adaptive5_20260509/oz/polybench_full/gesummv/456/universal/universal_1dd8ea870347.ll,/root/exp/RFunipassLab/external_datasets/build/runtime_matched/external_runtime_polybench_full_wrap_10seeds_backend_oz_repeat1_adaptive5_20260509/oz/polybench_full/gesummv/456/universal/runs/run_001/stdout.txt,/root/exp/RFunipassLab/external_datasets/build/runtime_matched/external_runtime_polybench_full_wrap_10seeds_backend_oz_repeat1_adaptive5_20260509/oz/polybench_full/gesummv/456/universal/runs/run_001/stderr.txt,runtime timeout after 5.0s
external_runtime_polybench_full_wrap_10seeds_backend_oz_repeat1_adaptive5_20260509,oz,oz,polybench_full,gesummv,457,20260423_184811_146360_feature_lite_seed457,universal,rfunipass,1,failed,,,5.0,True,/root/exp/RFunipassLab/external_datasets/build/runtime_matched/external_runtime_polybench_full_wrap_10seeds_backend_oz_repeat1_adaptive5_20260509/oz/polybench_full/gesummv/457/universal/a.out,/root/exp/RFunipassLab/external_datasets/build/runtime_matched/external_runtime_polybench_full_wrap_10seeds_backend_oz_repeat1_adaptive5_20260509/oz/polybench_full/gesummv/457/universal/universal_468197d7c679.ll,/root/exp/RFunipassLab/external_datasets/build/runtime_matched/external_runtime_polybench_full_wrap_10seeds_backend_oz_repeat1_adaptive5_20260509/oz/polybench_full/gesummv/457/universal/runs/run_001/stdout.txt,/root/exp/RFunipassLab/external_datasets/build/runtime_matched/external_runtime_polybench_full_wrap_10seeds_backend_oz_repeat1_adaptive5_20260509/oz/polybench_full/gesummv/457/universal/runs/run_001/stderr.txt,runtime timeout after 5.0s
external_runtime_polybench_full_wrap_10seeds_backend_oz_repeat1_adaptive5_20260509,oz,oz,polybench_full,gesummv,458,20260423_193326_468019_feature_lite_seed458,universal,rfunipass,1,failed,,,5.0,True,/root/exp/RFunipassLab/external_datasets/build/runtime_matched/external_runtime_polybench_full_wrap_10seeds_backend_oz_repeat1_adaptive5_20260509/oz/polybench_full/gesummv/458/universal/a.out,/root/exp/RFunipassLab/external_datasets/build/runtime_matched/external_runtime_polybench_full_wrap_10seeds_backend_oz_repeat1_adaptive5_20260509/oz/polybench_full/gesummv/458/universal/universal_bac1dd97c06b.ll,/root/exp/RFunipassLab/external_datasets/build/runtime_matched/external_runtime_polybench_full_wrap_10seeds_backend_oz_repeat1_adaptive5_20260509/oz/polybench_full/gesummv/458/universal/runs/run_001/stdout.txt,/root/exp/RFunipassLab/external_datasets/build/runtime_matched/external_runtime_polybench_full_wrap_10seeds_backend_oz_repeat1_adaptive5_20260509/oz/polybench_full/gesummv/458/universal/runs/run_001/stderr.txt,runtime timeout after 5.0s
external_runtime_polybench_full_wrap_10seeds_backend_oz_repeat1_adaptive5_20260509,oz,oz,polybench_full,gesummv,459,20260423_203402_518521_feature_lite_seed459,universal,rfunipass,1,failed,,,5.0,True,/root/exp/RFunipassLab/external_datasets/build/runtime_matched/external_runtime_polybench_full_wrap_10seeds_backend_oz_repeat1_adaptive5_20260509/oz/polybench_full/gesummv/459/universal/a.out,/root/exp/RFunipassLab/external_datasets/build/runtime_matched/external_runtime_polybench_full_wrap_10seeds_backend_oz_repeat1_adaptive5_20260509/oz/polybench_full/gesummv/459/universal/universal_6d5271a22f91.ll,/root/exp/RFunipassLab/external_datasets/build/runtime_matched/external_runtime_polybench_full_wrap_10seeds_backend_oz_repeat1_adaptive5_20260509/oz/polybench_full/gesummv/459/universal/runs/run_001/stdout.txt,/root/exp/RFunipassLab/external_datasets/build/runtime_matched/external_runtime_polybench_full_wrap_10seeds_backend_oz_repeat1_adaptive5_20260509/oz/polybench_full/gesummv/459/universal/runs/run_001/stderr.txt,runtime timeout after 5.0s
external_runtime_polybench_full_wrap_10seeds_backend_oz_repeat1_adaptive5_20260509,oz,oz,polybench_full,gesummv,460,20260423_205014_703926_feature_lite_seed460,universal,rfunipass,1,failed,,,5.0,True,/root/exp/RFunipassLab/external_datasets/build/runtime_matched/external_runtime_polybench_full_wrap_10seeds_backend_oz_repeat1_adaptive5_20260509/oz/polybench_full/gesummv/460/universal/a.out,/root/exp/RFunipassLab/external_datasets/build/runtime_matched/external_runtime_polybench_full_wrap_10seeds_backend_oz_repeat1_adaptive5_20260509/oz/polybench_full/gesummv/460/universal/universal_aa7d5985738b.ll,/root/exp/RFunipassLab/external_datasets/build/runtime_matched/external_runtime_polybench_full_wrap_10seeds_backend_oz_repeat1_adaptive5_20260509/oz/polybench_full/gesummv/460/universal/runs/run_001/stdout.txt,/root/exp/RFunipassLab/external_datasets/build/runtime_matched/external_runtime_polybench_full_wrap_10seeds_backend_oz_repeat1_adaptive5_20260509/oz/polybench_full/gesummv/460/universal/runs/run_001/stderr.txt,runtime timeout after 5.0s
external_runtime_polybench_full_wrap_10seeds_backend_oz_repeat1_adaptive5_20260509,oz,oz,polybench_full,gesummv,461,20260423_211628_575222_feature_lite_seed461,universal,rfunipass,1,failed,,,5.0,False,/root/exp/RFunipassLab/external_datasets/build/runtime_matched/external_runtime_polybench_full_wrap_10seeds_backend_oz_repeat1_adaptive5_20260509/oz/polybench_full/gesummv/461/universal/a.out,/root/exp/RFunipassLab/external_datasets/build/runtime_matched/external_runtime_polybench_full_wrap_10seeds_backend_oz_repeat1_adaptive5_20260509/oz/polybench_full/gesummv/461/universal/universal_c3b20e7655ed.ll,/root/exp/RFunipassLab/external_datasets/build/runtime_matched/external_runtime_polybench_full_wrap_10seeds_backend_oz_repeat1_adaptive5_20260509/oz/polybench_full/gesummv/461/universal/runs/run_001/stdout.txt,/root/exp/RFunipassLab/external_datasets/build/runtime_matched/external_runtime_polybench_full_wrap_10seeds_backend_oz_repeat1_adaptive5_20260509/oz/polybench_full/gesummv/461/universal/runs/run_001/stderr.txt,binary exited with returncode=-11
external_runtime_polybench_full_wrap_10seeds_backend_oz_repeat1_adaptive5_20260509,oz,oz,polybench_full,gesummv,462,20260423_214113_355045_feature_lite_seed462,universal,rfunipass,1,failed,,,5.0,True,/root/exp/RFunipassLab/external_datasets/build/runtime_matched/external_runtime_polybench_full_wrap_10seeds_backend_oz_repeat1_adaptive5_20260509/oz/polybench_full/gesummv/462/universal/a.out,/root/exp/RFunipassLab/external_datasets/build/runtime_matched/external_runtime_polybench_full_wrap_10seeds_backend_oz_repeat1_adaptive5_20260509/oz/polybench_full/gesummv/462/universal/universal_4da41e9006a8.ll,/root/exp/RFunipassLab/external_datasets/build/runtime_matched/external_runtime_polybench_full_wrap_10seeds_backend_oz_repeat1_adaptive5_20260509/oz/polybench_full/gesummv/462/universal/runs/run_001/stdout.txt,/root/exp/RFunipassLab/external_datasets/build/runtime_matched/external_runtime_polybench_full_wrap_10seeds_backend_oz_repeat1_adaptive5_20260509/oz/polybench_full/gesummv/462/universal/runs/run_001/stderr.txt,runtime timeout after 5.0s
external_runtime_polybench_full_wrap_10seeds_backend_oz_repeat1_adaptive5_20260509,oz,oz,polybench_full,gesummv,463,20260423_221353_240005_feature_lite_seed463,universal,rfunipass,1,failed,,,5.0,True,/root/exp/RFunipassLab/external_datasets/build/runtime_matched/external_runtime_polybench_full_wrap_10seeds_backend_oz_repeat1_adaptive5_20260509/oz/polybench_full/gesummv/463/universal/a.out,/root/exp/RFunipassLab/external_datasets/build/runtime_matched/external_runtime_polybench_full_wrap_10seeds_backend_oz_repeat1_adaptive5_20260509/oz/polybench_full/gesummv/463/universal/universal_3c6e71c0df8d.ll,/root/exp/RFunipassLab/external_datasets/build/runtime_matched/external_runtime_polybench_full_wrap_10seeds_backend_oz_repeat1_adaptive5_20260509/oz/polybench_full/gesummv/463/universal/runs/run_001/stdout.txt,/root/exp/RFunipassLab/external_datasets/build/runtime_matched/external_runtime_polybench_full_wrap_10seeds_backend_oz_repeat1_adaptive5_20260509/oz/polybench_full/gesummv/463/universal/runs/run_001/stderr.txt,runtime timeout after 5.0s
external_runtime_polybench_full_wrap_10seeds_backend_oz_repeat1_adaptive5_20260509,oz,oz,polybench_full,gesummv,464,20260423_230444_536999_feature_lite_seed464,universal,rfunipass,1,failed,,,5.0,True,/root/exp/RFunipassLab/external_datasets/build/runtime_matched/external_runtime_polybench_full_wrap_10seeds_backend_oz_repeat1_adaptive5_20260509/oz/polybench_full/gesummv/464/universal/a.out,/root/exp/RFunipassLab/external_datasets/build/runtime_matched/external_runtime_polybench_full_wrap_10seeds_backend_oz_repeat1_adaptive5_20260509/oz/polybench_full/gesummv/464/universal/universal_58aea292ea66.ll,/root/exp/RFunipassLab/external_datasets/build/runtime_matched/external_runtime_polybench_full_wrap_10seeds_backend_oz_repeat1_adaptive5_20260509/oz/polybench_full/gesummv/464/universal/runs/run_001/stdout.txt,/root/exp/RFunipassLab/external_datasets/build/runtime_matched/external_runtime_polybench_full_wrap_10seeds_backend_oz_repeat1_adaptive5_20260509/oz/polybench_full/gesummv/464/universal/runs/run_001/stderr.txt,runtime timeout after 5.0s
external_runtime_polybench_full_wrap_10seeds_backend_oz_repeat1_adaptive5_20260509,oz,oz,polybench_full,gesummv,465,20260423_231957_016941_feature_lite_seed465,universal,rfunipass,1,failed,,,5.0,True,/root/exp/RFunipassLab/external_datasets/build/runtime_matched/external_runtime_polybench_full_wrap_10seeds_backend_oz_repeat1_adaptive5_20260509/oz/polybench_full/gesummv/465/universal/a.out,/root/exp/RFunipassLab/external_datasets/build/runtime_matched/external_runtime_polybench_full_wrap_10seeds_backend_oz_repeat1_adaptive5_20260509/oz/polybench_full/gesummv/465/universal/universal_e2fa59514181.ll,/root/exp/RFunipassLab/external_datasets/build/runtime_matched/external_runtime_polybench_full_wrap_10seeds_backend_oz_repeat1_adaptive5_20260509/oz/polybench_full/gesummv/465/universal/runs/run_001/stdout.txt,/root/exp/RFunipassLab/external_datasets/build/runtime_matched/external_runtime_polybench_full_wrap_10seeds_backend_oz_repeat1_adaptive5_20260509/oz/polybench_full/gesummv/465/universal/runs/run_001/stderr.txt,runtime timeout after 5.0s
external_runtime_polybench_full_wrap_10seeds_backend_oz_repeat1_adaptive5_20260509,oz,oz,polybench_full,symm,,,none,baseline,1,ok,3.180761,3.2246249271556735,300.0,False,/root/exp/RFunipassLab/external_datasets/build/runtime_matched/external_runtime_polybench_full_wrap_10seeds_backend_oz_repeat1_adaptive5_20260509/oz/polybench_full/symm/baseline/none/a.out,/root/exp/RFunipassLab/external_datasets/build/runtime_matched/external_runtime_polybench_full_wrap_10seeds_backend_oz_repeat1_adaptive5_20260509/oz/polybench_full/symm/baseline/none/none_71f8e7976e4c.ll,/root/exp/RFunipassLab/external_datasets/build/runtime_matched/external_runtime_polybench_full_wrap_10seeds_backend_oz_repeat1_adaptive5_20260509/oz/polybench_full/symm/baseline/none/runs/run_001/stdout.txt,/root/exp/RFunipassLab/external_datasets/build/runtime_matched/external_runtime_polybench_full_wrap_10seeds_backend_oz_repeat1_adaptive5_20260509/oz/polybench_full/symm/baseline/none/runs/run_001/stderr.txt,
external_runtime_polybench_full_wrap_10seeds_backend_oz_repeat1_adaptive5_20260509,oz,oz,polybench_full,symm,,,oz,baseline,1,ok,1.900799,1.9249857279937714,300.0,False,/root/exp/RFunipassLab/external_datasets/build/runtime_matched/external_runtime_polybench_full_wrap_10seeds_backend_oz_repeat1_adaptive5_20260509/oz/polybench_full/symm/baseline/oz/a.out,/root/exp/RFunipassLab/external_datasets/build/runtime_matched/external_runtime_polybench_full_wrap_10seeds_backend_oz_repeat1_adaptive5_20260509/oz/polybench_full/symm/baseline/oz/oz_d135b696b0fd.ll,/root/exp/RFunipassLab/external_datasets/build/runtime_matched/external_runtime_polybench_full_wrap_10seeds_backend_oz_repeat1_adaptive5_20260509/oz/polybench_full/symm/baseline/oz/runs/run_001/stdout.txt,/root/exp/RFunipassLab/external_datasets/build/runtime_matched/external_runtime_polybench_full_wrap_10seeds_backend_oz_repeat1_adaptive5_20260509/oz/polybench_full/symm/baseline/oz/runs/run_001/stderr.txt,
external_runtime_polybench_full_wrap_10seeds_backend_oz_repeat1_adaptive5_20260509,oz,oz,polybench_full,symm,456,20260423_181846_349217_feature_lite_seed456,universal,rfunipass,1,failed,,,9.503995,False,/root/exp/RFunipassLab/external_datasets/build/runtime_matched/external_runtime_polybench_full_wrap_10seeds_backend_oz_repeat1_adaptive5_20260509/oz/polybench_full/symm/456/universal/a.out,/root/exp/RFunipassLab/external_datasets/build/runtime_matched/external_runtime_polybench_full_wrap_10seeds_backend_oz_repeat1_adaptive5_20260509/oz/polybench_full/symm/456/universal/universal_1dd8ea870347.ll,/root/exp/RFunipassLab/external_datasets/build/runtime_matched/external_runtime_polybench_full_wrap_10seeds_backend_oz_repeat1_adaptive5_20260509/oz/polybench_full/symm/456/universal/runs/run_001/stdout.txt,/root/exp/RFunipassLab/external_datasets/build/runtime_matched/external_runtime_polybench_full_wrap_10seeds_backend_oz_repeat1_adaptive5_20260509/oz/polybench_full/symm/456/universal/runs/run_001/stderr.txt,binary exited with returncode=-11
external_runtime_polybench_full_wrap_10seeds_backend_oz_repeat1_adaptive5_20260509,oz,oz,polybench_full,symm,457,20260423_184811_146360_feature_lite_seed457,universal,rfunipass,1,failed,,,9.503995,False,/root/exp/RFunipassLab/external_datasets/build/runtime_matched/external_runtime_polybench_full_wrap_10seeds_backend_oz_repeat1_adaptive5_20260509/oz/polybench_full/symm/457/universal/a.out,/root/exp/RFunipassLab/external_datasets/build/runtime_matched/external_runtime_polybench_full_wrap_10seeds_backend_oz_repeat1_adaptive5_20260509/oz/polybench_full/symm/457/universal/universal_468197d7c679.ll,/root/exp/RFunipassLab/external_datasets/build/runtime_matched/external_runtime_polybench_full_wrap_10seeds_backend_oz_repeat1_adaptive5_20260509/oz/polybench_full/symm/457/universal/runs/run_001/stdout.txt,/root/exp/RFunipassLab/external_datasets/build/runtime_matched/external_runtime_polybench_full_wrap_10seeds_backend_oz_repeat1_adaptive5_20260509/oz/polybench_full/symm/457/universal/runs/run_001/stderr.txt,binary exited with returncode=-11
external_runtime_polybench_full_wrap_10seeds_backend_oz_repeat1_adaptive5_20260509,oz,oz,polybench_full,symm,458,20260423_193326_468019_feature_lite_seed458,universal,rfunipass,1,failed,,,9.503995,False,/root/exp/RFunipassLab/external_datasets/build/runtime_matched/external_runtime_polybench_full_wrap_10seeds_backend_oz_repeat1_adaptive5_20260509/oz/polybench_full/symm/458/universal/a.out,/root/exp/RFunipassLab/external_datasets/build/runtime_matched/external_runtime_polybench_full_wrap_10seeds_backend_oz_repeat1_adaptive5_20260509/oz/polybench_full/symm/458/universal/universal_bac1dd97c06b.ll,/root/exp/RFunipassLab/external_datasets/build/runtime_matched/external_runtime_polybench_full_wrap_10seeds_backend_oz_repeat1_adaptive5_20260509/oz/polybench_full/symm/458/universal/runs/run_001/stdout.txt,/root/exp/RFunipassLab/external_datasets/build/runtime_matched/external_runtime_polybench_full_wrap_10seeds_backend_oz_repeat1_adaptive5_20260509/oz/polybench_full/symm/458/universal/runs/run_001/stderr.txt,binary exited with returncode=-11
external_runtime_polybench_full_wrap_10seeds_backend_oz_repeat1_adaptive5_20260509,oz,oz,polybench_full,symm,459,20260423_203402_518521_feature_lite_seed459,universal,rfunipass,1,failed,,,9.503995,False,/root/exp/RFunipassLab/external_datasets/build/runtime_matched/external_runtime_polybench_full_wrap_10seeds_backend_oz_repeat1_adaptive5_20260509/oz/polybench_full/symm/459/universal/a.out,/root/exp/RFunipassLab/external_datasets/build/runtime_matched/external_runtime_polybench_full_wrap_10seeds_backend_oz_repeat1_adaptive5_20260509/oz/polybench_full/symm/459/universal/universal_6d5271a22f91.ll,/root/exp/RFunipassLab/external_datasets/build/runtime_matched/external_runtime_polybench_full_wrap_10seeds_backend_oz_repeat1_adaptive5_20260509/oz/polybench_full/symm/459/universal/runs/run_001/stdout.txt,/root/exp/RFunipassLab/external_datasets/build/runtime_matched/external_runtime_polybench_full_wrap_10seeds_backend_oz_repeat1_adaptive5_20260509/oz/polybench_full/symm/459/universal/runs/run_001/stderr.txt,binary exited with returncode=-11
external_runtime_polybench_full_wrap_10seeds_backend_oz_repeat1_adaptive5_20260509,oz,oz,polybench_full,symm,460,20260423_205014_703926_feature_lite_seed460,universal,rfunipass,1,failed,,,9.503995,False,/root/exp/RFunipassLab/external_datasets/build/runtime_matched/external_runtime_polybench_full_wrap_10seeds_backend_oz_repeat1_adaptive5_20260509/oz/polybench_full/symm/460/universal/a.out,/root/exp/RFunipassLab/external_datasets/build/runtime_matched/external_runtime_polybench_full_wrap_10seeds_backend_oz_repeat1_adaptive5_20260509/oz/polybench_full/symm/460/universal/universal_aa7d5985738b.ll,/root/exp/RFunipassLab/external_datasets/build/runtime_matched/external_runtime_polybench_full_wrap_10seeds_backend_oz_repeat1_adaptive5_20260509/oz/polybench_full/symm/460/universal/runs/run_001/stdout.txt,/root/exp/RFunipassLab/external_datasets/build/runtime_matched/external_runtime_polybench_full_wrap_10seeds_backend_oz_repeat1_adaptive5_20260509/oz/polybench_full/symm/460/universal/runs/run_001/stderr.txt,binary exited with returncode=-11
external_runtime_polybench_full_wrap_10seeds_backend_oz_repeat1_adaptive5_20260509,oz,oz,polybench_full,symm,461,20260423_211628_575222_feature_lite_seed461,universal,rfunipass,1,failed,,,9.503995,False,/root/exp/RFunipassLab/external_datasets/build/runtime_matched/external_runtime_polybench_full_wrap_10seeds_backend_oz_repeat1_adaptive5_20260509/oz/polybench_full/symm/461/universal/a.out,/root/exp/RFunipassLab/external_datasets/build/runtime_matched/external_runtime_polybench_full_wrap_10seeds_backend_oz_repeat1_adaptive5_20260509/oz/polybench_full/symm/461/universal/universal_c3b20e7655ed.ll,/root/exp/RFunipassLab/external_datasets/build/runtime_matched/external_runtime_polybench_full_wrap_10seeds_backend_oz_repeat1_adaptive5_20260509/oz/polybench_full/symm/461/universal/runs/run_001/stdout.txt,/root/exp/RFunipassLab/external_datasets/build/runtime_matched/external_runtime_polybench_full_wrap_10seeds_backend_oz_repeat1_adaptive5_20260509/oz/polybench_full/symm/461/universal/runs/run_001/stderr.txt,binary exited with returncode=-11
external_runtime_polybench_full_wrap_10seeds_backend_oz_repeat1_adaptive5_20260509,oz,oz,polybench_full,symm,462,20260423_214113_355045_feature_lite_seed462,universal,rfunipass,1,failed,,,9.503995,False,/root/exp/RFunipassLab/external_datasets/build/runtime_matched/external_runtime_polybench_full_wrap_10seeds_backend_oz_repeat1_adaptive5_20260509/oz/polybench_full/symm/462/universal/a.out,/root/exp/RFunipassLab/external_datasets/build/runtime_matched/external_runtime_polybench_full_wrap_10seeds_backend_oz_repeat1_adaptive5_20260509/oz/polybench_full/symm/462/universal/universal_4da41e9006a8.ll,/root/exp/RFunipassLab/external_datasets/build/runtime_matched/external_runtime_polybench_full_wrap_10seeds_backend_oz_repeat1_adaptive5_20260509/oz/polybench_full/symm/462/universal/runs/run_001/stdout.txt,/root/exp/RFunipassLab/external_datasets/build/runtime_matched/external_runtime_polybench_full_wrap_10seeds_backend_oz_repeat1_adaptive5_20260509/oz/polybench_full/symm/462/universal/runs/run_001/stderr.txt,binary exited with returncode=-11
external_runtime_polybench_full_wrap_10seeds_backend_oz_repeat1_adaptive5_20260509,oz,oz,polybench_full,symm,463,20260423_221353_240005_feature_lite_seed463,universal,rfunipass,1,failed,,,9.503995,True,/root/exp/RFunipassLab/external_datasets/build/runtime_matched/external_runtime_polybench_full_wrap_10seeds_backend_oz_repeat1_adaptive5_20260509/oz/polybench_full/symm/463/universal/a.out,/root/exp/RFunipassLab/external_datasets/build/runtime_matched/external_runtime_polybench_full_wrap_10seeds_backend_oz_repeat1_adaptive5_20260509/oz/polybench_full/symm/463/universal/universal_3c6e71c0df8d.ll,/root/exp/RFunipassLab/external_datasets/build/runtime_matched/external_runtime_polybench_full_wrap_10seeds_backend_oz_repeat1_adaptive5_20260509/oz/polybench_full/symm/463/universal/runs/run_001/stdout.txt,/root/exp/RFunipassLab/external_datasets/build/runtime_matched/external_runtime_polybench_full_wrap_10seeds_backend_oz_repeat1_adaptive5_20260509/oz/polybench_full/symm/463/universal/runs/run_001/stderr.txt,runtime timeout after 9.503995s
external_runtime_polybench_full_wrap_10seeds_backend_oz_repeat1_adaptive5_20260509,oz,oz,polybench_full,symm,464,20260423_230444_536999_feature_lite_seed464,universal,rfunipass,1,failed,,,9.503995,False,/root/exp/RFunipassLab/external_datasets/build/runtime_matched/external_runtime_polybench_full_wrap_10seeds_backend_oz_repeat1_adaptive5_20260509/oz/polybench_full/symm/464/universal/a.out,/root/exp/RFunipassLab/external_datasets/build/runtime_matched/external_runtime_polybench_full_wrap_10seeds_backend_oz_repeat1_adaptive5_20260509/oz/polybench_full/symm/464/universal/universal_58aea292ea66.ll,/root/exp/RFunipassLab/external_datasets/build/runtime_matched/external_runtime_polybench_full_wrap_10seeds_backend_oz_repeat1_adaptive5_20260509/oz/polybench_full/symm/464/universal/runs/run_001/stdout.txt,/root/exp/RFunipassLab/external_datasets/build/runtime_matched/external_runtime_polybench_full_wrap_10seeds_backend_oz_repeat1_adaptive5_20260509/oz/polybench_full/symm/464/universal/runs/run_001/stderr.txt,binary exited with returncode=-11
external_runtime_polybench_full_wrap_10seeds_backend_oz_repeat1_adaptive5_20260509,oz,oz,polybench_full,symm,465,20260423_231957_016941_feature_lite_seed465,universal,rfunipass,1,failed,,,9.503995,False,/root/exp/RFunipassLab/external_datasets/build/runtime_matched/external_runtime_polybench_full_wrap_10seeds_backend_oz_repeat1_adaptive5_20260509/oz/polybench_full/symm/465/universal/a.out,/root/exp/RFunipassLab/external_datasets/build/runtime_matched/external_runtime_polybench_full_wrap_10seeds_backend_oz_repeat1_adaptive5_20260509/oz/polybench_full/symm/465/universal/universal_e2fa59514181.ll,/root/exp/RFunipassLab/external_datasets/build/runtime_matched/external_runtime_polybench_full_wrap_10seeds_backend_oz_repeat1_adaptive5_20260509/oz/polybench_full/symm/465/universal/runs/run_001/stdout.txt,/root/exp/RFunipassLab/external_datasets/build/runtime_matched/external_runtime_polybench_full_wrap_10seeds_backend_oz_repeat1_adaptive5_20260509/oz/polybench_full/symm/465/universal/runs/run_001/stderr.txt,binary exited with returncode=-11
external_runtime_polybench_full_wrap_10seeds_backend_oz_repeat1_adaptive5_20260509,oz,oz,polybench_full,syr2k,,,none,baseline,1,ok,3.3055,3.350974984932691,300.0,False,/root/exp/RFunipassLab/external_datasets/build/runtime_matched/external_runtime_polybench_full_wrap_10seeds_backend_oz_repeat1_adaptive5_20260509/oz/polybench_full/syr2k/baseline/none/a.out,/root/exp/RFunipassLab/external_datasets/build/runtime_matched/external_runtime_polybench_full_wrap_10seeds_backend_oz_repeat1_adaptive5_20260509/oz/polybench_full/syr2k/baseline/none/none_71f8e7976e4c.ll,/root/exp/RFunipassLab/external_datasets/build/runtime_matched/external_runtime_polybench_full_wrap_10seeds_backend_oz_repeat1_adaptive5_20260509/oz/polybench_full/syr2k/baseline/none/runs/run_001/stdout.txt,/root/exp/RFunipassLab/external_datasets/build/runtime_matched/external_runtime_polybench_full_wrap_10seeds_backend_oz_repeat1_adaptive5_20260509/oz/polybench_full/syr2k/baseline/none/runs/run_001/stderr.txt,
external_runtime_polybench_full_wrap_10seeds_backend_oz_repeat1_adaptive5_20260509,oz,oz,polybench_full,syr2k,,,oz,baseline,1,ok,2.938131,2.960706527112052,300.0,False,/root/exp/RFunipassLab/external_datasets/build/runtime_matched/external_runtime_polybench_full_wrap_10seeds_backend_oz_repeat1_adaptive5_20260509/oz/polybench_full/syr2k/baseline/oz/a.out,/root/exp/RFunipassLab/external_datasets/build/runtime_matched/external_runtime_polybench_full_wrap_10seeds_backend_oz_repeat1_adaptive5_20260509/oz/polybench_full/syr2k/baseline/oz/oz_d135b696b0fd.ll,/root/exp/RFunipassLab/external_datasets/build/runtime_matched/external_runtime_polybench_full_wrap_10seeds_backend_oz_repeat1_adaptive5_20260509/oz/polybench_full/syr2k/baseline/oz/runs/run_001/stdout.txt,/root/exp/RFunipassLab/external_datasets/build/runtime_matched/external_runtime_polybench_full_wrap_10seeds_backend_oz_repeat1_adaptive5_20260509/oz/polybench_full/syr2k/baseline/oz/runs/run_001/stderr.txt,
external_runtime_polybench_full_wrap_10seeds_backend_oz_repeat1_adaptive5_20260509,oz,oz,polybench_full,syr2k,456,20260423_181846_349217_feature_lite_seed456,universal,rfunipass,1,failed,,,14.690655,True,/root/exp/RFunipassLab/external_datasets/build/runtime_matched/external_runtime_polybench_full_wrap_10seeds_backend_oz_repeat1_adaptive5_20260509/oz/polybench_full/syr2k/456/universal/a.out,/root/exp/RFunipassLab/external_datasets/build/runtime_matched/external_runtime_polybench_full_wrap_10seeds_backend_oz_repeat1_adaptive5_20260509/oz/polybench_full/syr2k/456/universal/universal_1dd8ea870347.ll,/root/exp/RFunipassLab/external_datasets/build/runtime_matched/external_runtime_polybench_full_wrap_10seeds_backend_oz_repeat1_adaptive5_20260509/oz/polybench_full/syr2k/456/universal/runs/run_001/stdout.txt,/root/exp/RFunipassLab/external_datasets/build/runtime_matched/external_runtime_polybench_full_wrap_10seeds_backend_oz_repeat1_adaptive5_20260509/oz/polybench_full/syr2k/456/universal/runs/run_001/stderr.txt,runtime timeout after 14.690655s
external_runtime_polybench_full_wrap_10seeds_backend_oz_repeat1_adaptive5_20260509,oz,oz,polybench_full,syr2k,457,20260423_184811_146360_feature_lite_seed457,universal,rfunipass,1,failed,,,14.690655,True,/root/exp/RFunipassLab/external_datasets/build/runtime_matched/external_runtime_polybench_full_wrap_10seeds_backend_oz_repeat1_adaptive5_20260509/oz/polybench_full/syr2k/457/universal/a.out,/root/exp/RFunipassLab/external_datasets/build/runtime_matched/external_runtime_polybench_full_wrap_10seeds_backend_oz_repeat1_adaptive5_20260509/oz/polybench_full/syr2k/457/universal/universal_468197d7c679.ll,/root/exp/RFunipassLab/external_datasets/build/runtime_matched/external_runtime_polybench_full_wrap_10seeds_backend_oz_repeat1_adaptive5_20260509/oz/polybench_full/syr2k/457/universal/runs/run_001/stdout.txt,/root/exp/RFunipassLab/external_datasets/build/runtime_matched/external_runtime_polybench_full_wrap_10seeds_backend_oz_repeat1_adaptive5_20260509/oz/polybench_full/syr2k/457/universal/runs/run_001/stderr.txt,runtime timeout after 14.690655s
external_runtime_polybench_full_wrap_10seeds_backend_oz_repeat1_adaptive5_20260509,oz,oz,polybench_full,syr2k,458,20260423_193326_468019_feature_lite_seed458,universal,rfunipass,1,failed,,,14.690655,True,/root/exp/RFunipassLab/external_datasets/build/runtime_matched/external_runtime_polybench_full_wrap_10seeds_backend_oz_repeat1_adaptive5_20260509/oz/polybench_full/syr2k/458/universal/a.out,/root/exp/RFunipassLab/external_datasets/build/runtime_matched/external_runtime_polybench_full_wrap_10seeds_backend_oz_repeat1_adaptive5_20260509/oz/polybench_full/syr2k/458/universal/universal_bac1dd97c06b.ll,/root/exp/RFunipassLab/external_datasets/build/runtime_matched/external_runtime_polybench_full_wrap_10seeds_backend_oz_repeat1_adaptive5_20260509/oz/polybench_full/syr2k/458/universal/runs/run_001/stdout.txt,/root/exp/RFunipassLab/external_datasets/build/runtime_matched/external_runtime_polybench_full_wrap_10seeds_backend_oz_repeat1_adaptive5_20260509/oz/polybench_full/syr2k/458/universal/runs/run_001/stderr.txt,runtime timeout after 14.690655s
external_runtime_polybench_full_wrap_10seeds_backend_oz_repeat1_adaptive5_20260509,oz,oz,polybench_full,syr2k,459,20260423_203402_518521_feature_lite_seed459,universal,rfunipass,1,failed,,,14.690655,False,/root/exp/RFunipassLab/external_datasets/build/runtime_matched/external_runtime_polybench_full_wrap_10seeds_backend_oz_repeat1_adaptive5_20260509/oz/polybench_full/syr2k/459/universal/a.out,/root/exp/RFunipassLab/external_datasets/build/runtime_matched/external_runtime_polybench_full_wrap_10seeds_backend_oz_repeat1_adaptive5_20260509/oz/polybench_full/syr2k/459/universal/universal_6d5271a22f91.ll,/root/exp/RFunipassLab/external_datasets/build/runtime_matched/external_runtime_polybench_full_wrap_10seeds_backend_oz_repeat1_adaptive5_20260509/oz/polybench_full/syr2k/459/universal/runs/run_001/stdout.txt,/root/exp/RFunipassLab/external_datasets/build/runtime_matched/external_runtime_polybench_full_wrap_10seeds_backend_oz_repeat1_adaptive5_20260509/oz/polybench_full/syr2k/459/universal/runs/run_001/stderr.txt,binary exited with returncode=-11
external_runtime_polybench_full_wrap_10seeds_backend_oz_repeat1_adaptive5_20260509,oz,oz,polybench_full,syr2k,460,20260423_205014_703926_feature_lite_seed460,universal,rfunipass,1,failed,,,14.690655,False,/root/exp/RFunipassLab/external_datasets/build/runtime_matched/external_runtime_polybench_full_wrap_10seeds_backend_oz_repeat1_adaptive5_20260509/oz/polybench_full/syr2k/460/universal/a.out,/root/exp/RFunipassLab/external_datasets/build/runtime_matched/external_runtime_polybench_full_wrap_10seeds_backend_oz_repeat1_adaptive5_20260509/oz/polybench_full/syr2k/460/universal/universal_aa7d5985738b.ll,/root/exp/RFunipassLab/external_datasets/build/runtime_matched/external_runtime_polybench_full_wrap_10seeds_backend_oz_repeat1_adaptive5_20260509/oz/polybench_full/syr2k/460/universal/runs/run_001/stdout.txt,/root/exp/RFunipassLab/external_datasets/build/runtime_matched/external_runtime_polybench_full_wrap_10seeds_backend_oz_repeat1_adaptive5_20260509/oz/polybench_full/syr2k/460/universal/runs/run_001/stderr.txt,binary exited with returncode=-11
external_runtime_polybench_full_wrap_10seeds_backend_oz_repeat1_adaptive5_20260509,oz,oz,polybench_full,syr2k,461,20260423_211628_575222_feature_lite_seed461,universal,rfunipass,1,ok,2.552432,2.578932706033811,14.690655,False,/root/exp/RFunipassLab/external_datasets/build/runtime_matched/external_runtime_polybench_full_wrap_10seeds_backend_oz_repeat1_adaptive5_20260509/oz/polybench_full/syr2k/461/universal/a.out,/root/exp/RFunipassLab/external_datasets/build/runtime_matched/external_runtime_polybench_full_wrap_10seeds_backend_oz_repeat1_adaptive5_20260509/oz/polybench_full/syr2k/461/universal/universal_c3b20e7655ed.ll,/root/exp/RFunipassLab/external_datasets/build/runtime_matched/external_runtime_polybench_full_wrap_10seeds_backend_oz_repeat1_adaptive5_20260509/oz/polybench_full/syr2k/461/universal/runs/run_001/stdout.txt,/root/exp/RFunipassLab/external_datasets/build/runtime_matched/external_runtime_polybench_full_wrap_10seeds_backend_oz_repeat1_adaptive5_20260509/oz/polybench_full/syr2k/461/universal/runs/run_001/stderr.txt,
external_runtime_polybench_full_wrap_10seeds_backend_oz_repeat1_adaptive5_20260509,oz,oz,polybench_full,syr2k,462,20260423_214113_355045_feature_lite_seed462,universal,rfunipass,1,failed,,,14.690655,False,/root/exp/RFunipassLab/external_datasets/build/runtime_matched/external_runtime_polybench_full_wrap_10seeds_backend_oz_repeat1_adaptive5_20260509/oz/polybench_full/syr2k/462/universal/a.out,/root/exp/RFunipassLab/external_datasets/build/runtime_matched/external_runtime_polybench_full_wrap_10seeds_backend_oz_repeat1_adaptive5_20260509/oz/polybench_full/syr2k/462/universal/universal_4da41e9006a8.ll,/root/exp/RFunipassLab/external_datasets/build/runtime_matched/external_runtime_polybench_full_wrap_10seeds_backend_oz_repeat1_adaptive5_20260509/oz/polybench_full/syr2k/462/universal/runs/run_001/stdout.txt,/root/exp/RFunipassLab/external_datasets/build/runtime_matched/external_runtime_polybench_full_wrap_10seeds_backend_oz_repeat1_adaptive5_20260509/oz/polybench_full/syr2k/462/universal/runs/run_001/stderr.txt,binary exited with returncode=-11
external_runtime_polybench_full_wrap_10seeds_backend_oz_repeat1_adaptive5_20260509,oz,oz,polybench_full,syr2k,463,20260423_221353_240005_feature_lite_seed463,universal,rfunipass,1,failed,,,14.690655,True,/root/exp/RFunipassLab/external_datasets/build/runtime_matched/external_runtime_polybench_full_wrap_10seeds_backend_oz_repeat1_adaptive5_20260509/oz/polybench_full/syr2k/463/universal/a.out,/root/exp/RFunipassLab/external_datasets/build/runtime_matched/external_runtime_polybench_full_wrap_10seeds_backend_oz_repeat1_adaptive5_20260509/oz/polybench_full/syr2k/463/universal/universal_3c6e71c0df8d.ll,/root/exp/RFunipassLab/external_datasets/build/runtime_matched/external_runtime_polybench_full_wrap_10seeds_backend_oz_repeat1_adaptive5_20260509/oz/polybench_full/syr2k/463/universal/runs/run_001/stdout.txt,/root/exp/RFunipassLab/external_datasets/build/runtime_matched/external_runtime_polybench_full_wrap_10seeds_backend_oz_repeat1_adaptive5_20260509/oz/polybench_full/syr2k/463/universal/runs/run_001/stderr.txt,runtime timeout after 14.690655s
external_runtime_polybench_full_wrap_10seeds_backend_oz_repeat1_adaptive5_20260509,oz,oz,polybench_full,syr2k,464,20260423_230444_536999_feature_lite_seed464,universal,rfunipass,1,failed,,,14.690655,True,/root/exp/RFunipassLab/external_datasets/build/runtime_matched/external_runtime_polybench_full_wrap_10seeds_backend_oz_repeat1_adaptive5_20260509/oz/polybench_full/syr2k/464/universal/a.out,/root/exp/RFunipassLab/external_datasets/build/runtime_matched/external_runtime_polybench_full_wrap_10seeds_backend_oz_repeat1_adaptive5_20260509/oz/polybench_full/syr2k/464/universal/universal_58aea292ea66.ll,/root/exp/RFunipassLab/external_datasets/build/runtime_matched/external_runtime_polybench_full_wrap_10seeds_backend_oz_repeat1_adaptive5_20260509/oz/polybench_full/syr2k/464/universal/runs/run_001/stdout.txt,/root/exp/RFunipassLab/external_datasets/build/runtime_matched/external_runtime_polybench_full_wrap_10seeds_backend_oz_repeat1_adaptive5_20260509/oz/polybench_full/syr2k/464/universal/runs/run_001/stderr.txt,runtime timeout after 14.690655s
external_runtime_polybench_full_wrap_10seeds_backend_oz_repeat1_adaptive5_20260509,oz,oz,polybench_full,syr2k,465,20260423_231957_016941_feature_lite_seed465,universal,rfunipass,1,failed,,,14.690655,False,/root/exp/RFunipassLab/external_datasets/build/runtime_matched/external_runtime_polybench_full_wrap_10seeds_backend_oz_repeat1_adaptive5_20260509/oz/polybench_full/syr2k/465/universal/a.out,/root/exp/RFunipassLab/external_datasets/build/runtime_matched/external_runtime_polybench_full_wrap_10seeds_backend_oz_repeat1_adaptive5_20260509/oz/polybench_full/syr2k/465/universal/universal_e2fa59514181.ll,/root/exp/RFunipassLab/external_datasets/build/runtime_matched/external_runtime_polybench_full_wrap_10seeds_backend_oz_repeat1_adaptive5_20260509/oz/polybench_full/syr2k/465/universal/runs/run_001/stdout.txt,/root/exp/RFunipassLab/external_datasets/build/runtime_matched/external_runtime_polybench_full_wrap_10seeds_backend_oz_repeat1_adaptive5_20260509/oz/polybench_full/syr2k/465/universal/runs/run_001/stderr.txt,binary exited with returncode=-11
external_runtime_polybench_full_wrap_10seeds_backend_oz_repeat1_adaptive5_20260509,oz,oz,polybench_full,syrk,,,none,baseline,1,ok,1.9344,1.9730057551059872,300.0,False,/root/exp/RFunipassLab/external_datasets/build/runtime_matched/external_runtime_polybench_full_wrap_10seeds_backend_oz_repeat1_adaptive5_20260509/oz/polybench_full/syrk/baseline/none/a.out,/root/exp/RFunipassLab/external_datasets/build/runtime_matched/external_runtime_polybench_full_wrap_10seeds_backend_oz_repeat1_adaptive5_20260509/oz/polybench_full/syrk/baseline/none/none_71f8e7976e4c.ll,/root/exp/RFunipassLab/external_datasets/build/runtime_matched/external_runtime_polybench_full_wrap_10seeds_backend_oz_repeat1_adaptive5_20260509/oz/polybench_full/syrk/baseline/none/runs/run_001/stdout.txt,/root/exp/RFunipassLab/external_datasets/build/runtime_matched/external_runtime_polybench_full_wrap_10seeds_backend_oz_repeat1_adaptive5_20260509/oz/polybench_full/syrk/baseline/none/runs/run_001/stderr.txt,
external_runtime_polybench_full_wrap_10seeds_backend_oz_repeat1_adaptive5_20260509,oz,oz,polybench_full,syrk,,,oz,baseline,1,ok,1.016517,1.0364514798857272,300.0,False,/root/exp/RFunipassLab/external_datasets/build/runtime_matched/external_runtime_polybench_full_wrap_10seeds_backend_oz_repeat1_adaptive5_20260509/oz/polybench_full/syrk/baseline/oz/a.out,/root/exp/RFunipassLab/external_datasets/build/runtime_matched/external_runtime_polybench_full_wrap_10seeds_backend_oz_repeat1_adaptive5_20260509/oz/polybench_full/syrk/baseline/oz/oz_d135b696b0fd.ll,/root/exp/RFunipassLab/external_datasets/build/runtime_matched/external_runtime_polybench_full_wrap_10seeds_backend_oz_repeat1_adaptive5_20260509/oz/polybench_full/syrk/baseline/oz/runs/run_001/stdout.txt,/root/exp/RFunipassLab/external_datasets/build/runtime_matched/external_runtime_polybench_full_wrap_10seeds_backend_oz_repeat1_adaptive5_20260509/oz/polybench_full/syrk/baseline/oz/runs/run_001/stderr.txt,
external_runtime_polybench_full_wrap_10seeds_backend_oz_repeat1_adaptive5_20260509,oz,oz,polybench_full,syrk,456,20260423_181846_349217_feature_lite_seed456,universal,rfunipass,1,failed,,,5.082585,True,/root/exp/RFunipassLab/external_datasets/build/runtime_matched/external_runtime_polybench_full_wrap_10seeds_backend_oz_repeat1_adaptive5_20260509/oz/polybench_full/syrk/456/universal/a.out,/root/exp/RFunipassLab/external_datasets/build/runtime_matched/external_runtime_polybench_full_wrap_10seeds_backend_oz_repeat1_adaptive5_20260509/oz/polybench_full/syrk/456/universal/universal_1dd8ea870347.ll,/root/exp/RFunipassLab/external_datasets/build/runtime_matched/external_runtime_polybench_full_wrap_10seeds_backend_oz_repeat1_adaptive5_20260509/oz/polybench_full/syrk/456/universal/runs/run_001/stdout.txt,/root/exp/RFunipassLab/external_datasets/build/runtime_matched/external_runtime_polybench_full_wrap_10seeds_backend_oz_repeat1_adaptive5_20260509/oz/polybench_full/syrk/456/universal/runs/run_001/stderr.txt,runtime timeout after 5.082585s
external_runtime_polybench_full_wrap_10seeds_backend_oz_repeat1_adaptive5_20260509,oz,oz,polybench_full,syrk,457,20260423_184811_146360_feature_lite_seed457,universal,rfunipass,1,failed,,,5.082585,True,/root/exp/RFunipassLab/external_datasets/build/runtime_matched/external_runtime_polybench_full_wrap_10seeds_backend_oz_repeat1_adaptive5_20260509/oz/polybench_full/syrk/457/universal/a.out,/root/exp/RFunipassLab/external_datasets/build/runtime_matched/external_runtime_polybench_full_wrap_10seeds_backend_oz_repeat1_adaptive5_20260509/oz/polybench_full/syrk/457/universal/universal_468197d7c679.ll,/root/exp/RFunipassLab/external_datasets/build/runtime_matched/external_runtime_polybench_full_wrap_10seeds_backend_oz_repeat1_adaptive5_20260509/oz/polybench_full/syrk/457/universal/runs/run_001/stdout.txt,/root/exp/RFunipassLab/external_datasets/build/runtime_matched/external_runtime_polybench_full_wrap_10seeds_backend_oz_repeat1_adaptive5_20260509/oz/polybench_full/syrk/457/universal/runs/run_001/stderr.txt,runtime timeout after 5.082585s
external_runtime_polybench_full_wrap_10seeds_backend_oz_repeat1_adaptive5_20260509,oz,oz,polybench_full,syrk,458,20260423_193326_468019_feature_lite_seed458,universal,rfunipass,1,failed,,,5.082585,True,/root/exp/RFunipassLab/external_datasets/build/runtime_matched/external_runtime_polybench_full_wrap_10seeds_backend_oz_repeat1_adaptive5_20260509/oz/polybench_full/syrk/458/universal/a.out,/root/exp/RFunipassLab/external_datasets/build/runtime_matched/external_runtime_polybench_full_wrap_10seeds_backend_oz_repeat1_adaptive5_20260509/oz/polybench_full/syrk/458/universal/universal_bac1dd97c06b.ll,/root/exp/RFunipassLab/external_datasets/build/runtime_matched/external_runtime_polybench_full_wrap_10seeds_backend_oz_repeat1_adaptive5_20260509/oz/polybench_full/syrk/458/universal/runs/run_001/stdout.txt,/root/exp/RFunipassLab/external_datasets/build/runtime_matched/external_runtime_polybench_full_wrap_10seeds_backend_oz_repeat1_adaptive5_20260509/oz/polybench_full/syrk/458/universal/runs/run_001/stderr.txt,runtime timeout after 5.082585s
external_runtime_polybench_full_wrap_10seeds_backend_oz_repeat1_adaptive5_20260509,oz,oz,polybench_full,syrk,459,20260423_203402_518521_feature_lite_seed459,universal,rfunipass,1,failed,,,5.082585,False,/root/exp/RFunipassLab/external_datasets/build/runtime_matched/external_runtime_polybench_full_wrap_10seeds_backend_oz_repeat1_adaptive5_20260509/oz/polybench_full/syrk/459/universal/a.out,/root/exp/RFunipassLab/external_datasets/build/runtime_matched/external_runtime_polybench_full_wrap_10seeds_backend_oz_repeat1_adaptive5_20260509/oz/polybench_full/syrk/459/universal/universal_6d5271a22f91.ll,/root/exp/RFunipassLab/external_datasets/build/runtime_matched/external_runtime_polybench_full_wrap_10seeds_backend_oz_repeat1_adaptive5_20260509/oz/polybench_full/syrk/459/universal/runs/run_001/stdout.txt,/root/exp/RFunipassLab/external_datasets/build/runtime_matched/external_runtime_polybench_full_wrap_10seeds_backend_oz_repeat1_adaptive5_20260509/oz/polybench_full/syrk/459/universal/runs/run_001/stderr.txt,binary exited with returncode=-11
external_runtime_polybench_full_wrap_10seeds_backend_oz_repeat1_adaptive5_20260509,oz,oz,polybench_full,syrk,460,20260423_205014_703926_feature_lite_seed460,universal,rfunipass,1,failed,,,5.082585,False,/root/exp/RFunipassLab/external_datasets/build/runtime_matched/external_runtime_polybench_full_wrap_10seeds_backend_oz_repeat1_adaptive5_20260509/oz/polybench_full/syrk/460/universal/a.out,/root/exp/RFunipassLab/external_datasets/build/runtime_matched/external_runtime_polybench_full_wrap_10seeds_backend_oz_repeat1_adaptive5_20260509/oz/polybench_full/syrk/460/universal/universal_aa7d5985738b.ll,/root/exp/RFunipassLab/external_datasets/build/runtime_matched/external_runtime_polybench_full_wrap_10seeds_backend_oz_repeat1_adaptive5_20260509/oz/polybench_full/syrk/460/universal/runs/run_001/stdout.txt,/root/exp/RFunipassLab/external_datasets/build/runtime_matched/external_runtime_polybench_full_wrap_10seeds_backend_oz_repeat1_adaptive5_20260509/oz/polybench_full/syrk/460/universal/runs/run_001/stderr.txt,binary exited with returncode=-11
external_runtime_polybench_full_wrap_10seeds_backend_oz_repeat1_adaptive5_20260509,oz,oz,polybench_full,syrk,461,20260423_211628_575222_feature_lite_seed461,universal,rfunipass,1,ok,0.798514,0.8142369070556015,5.082585,False,/root/exp/RFunipassLab/external_datasets/build/runtime_matched/external_runtime_polybench_full_wrap_10seeds_backend_oz_repeat1_adaptive5_20260509/oz/polybench_full/syrk/461/universal/a.out,/root/exp/RFunipassLab/external_datasets/build/runtime_matched/external_runtime_polybench_full_wrap_10seeds_backend_oz_repeat1_adaptive5_20260509/oz/polybench_full/syrk/461/universal/universal_c3b20e7655ed.ll,/root/exp/RFunipassLab/external_datasets/build/runtime_matched/external_runtime_polybench_full_wrap_10seeds_backend_oz_repeat1_adaptive5_20260509/oz/polybench_full/syrk/461/universal/runs/run_001/stdout.txt,/root/exp/RFunipassLab/external_datasets/build/runtime_matched/external_runtime_polybench_full_wrap_10seeds_backend_oz_repeat1_adaptive5_20260509/oz/polybench_full/syrk/461/universal/runs/run_001/stderr.txt,
external_runtime_polybench_full_wrap_10seeds_backend_oz_repeat1_adaptive5_20260509,oz,oz,polybench_full,syrk,462,20260423_214113_355045_feature_lite_seed462,universal,rfunipass,1,failed,,,5.082585,False,/root/exp/RFunipassLab/external_datasets/build/runtime_matched/external_runtime_polybench_full_wrap_10seeds_backend_oz_repeat1_adaptive5_20260509/oz/polybench_full/syrk/462/universal/a.out,/root/exp/RFunipassLab/external_datasets/build/runtime_matched/external_runtime_polybench_full_wrap_10seeds_backend_oz_repeat1_adaptive5_20260509/oz/polybench_full/syrk/462/universal/universal_4da41e9006a8.ll,/root/exp/RFunipassLab/external_datasets/build/runtime_matched/external_runtime_polybench_full_wrap_10seeds_backend_oz_repeat1_adaptive5_20260509/oz/polybench_full/syrk/462/universal/runs/run_001/stdout.txt,/root/exp/RFunipassLab/external_datasets/build/runtime_matched/external_runtime_polybench_full_wrap_10seeds_backend_oz_repeat1_adaptive5_20260509/oz/polybench_full/syrk/462/universal/runs/run_001/stderr.txt,binary exited with returncode=-11
external_runtime_polybench_full_wrap_10seeds_backend_oz_repeat1_adaptive5_20260509,oz,oz,polybench_full,syrk,463,20260423_221353_240005_feature_lite_seed463,universal,rfunipass,1,failed,,,5.082585,True,/root/exp/RFunipassLab/external_datasets/build/runtime_matched/external_runtime_polybench_full_wrap_10seeds_backend_oz_repeat1_adaptive5_20260509/oz/polybench_full/syrk/463/universal/a.out,/root/exp/RFunipassLab/external_datasets/build/runtime_matched/external_runtime_polybench_full_wrap_10seeds_backend_oz_repeat1_adaptive5_20260509/oz/polybench_full/syrk/463/universal/universal_3c6e71c0df8d.ll,/root/exp/RFunipassLab/external_datasets/build/runtime_matched/external_runtime_polybench_full_wrap_10seeds_backend_oz_repeat1_adaptive5_20260509/oz/polybench_full/syrk/463/universal/runs/run_001/stdout.txt,/root/exp/RFunipassLab/external_datasets/build/runtime_matched/external_runtime_polybench_full_wrap_10seeds_backend_oz_repeat1_adaptive5_20260509/oz/polybench_full/syrk/463/universal/runs/run_001/stderr.txt,runtime timeout after 5.082585s
external_runtime_polybench_full_wrap_10seeds_backend_oz_repeat1_adaptive5_20260509,oz,oz,polybench_full,syrk,464,20260423_230444_536999_feature_lite_seed464,universal,rfunipass,1,failed,,,5.082585,True,/root/exp/RFunipassLab/external_datasets/build/runtime_matched/external_runtime_polybench_full_wrap_10seeds_backend_oz_repeat1_adaptive5_20260509/oz/polybench_full/syrk/464/universal/a.out,/root/exp/RFunipassLab/external_datasets/build/runtime_matched/external_runtime_polybench_full_wrap_10seeds_backend_oz_repeat1_adaptive5_20260509/oz/polybench_full/syrk/464/universal/universal_58aea292ea66.ll,/root/exp/RFunipassLab/external_datasets/build/runtime_matched/external_runtime_polybench_full_wrap_10seeds_backend_oz_repeat1_adaptive5_20260509/oz/polybench_full/syrk/464/universal/runs/run_001/stdout.txt,/root/exp/RFunipassLab/external_datasets/build/runtime_matched/external_runtime_polybench_full_wrap_10seeds_backend_oz_repeat1_adaptive5_20260509/oz/polybench_full/syrk/464/universal/runs/run_001/stderr.txt,runtime timeout after 5.082585s
external_runtime_polybench_full_wrap_10seeds_backend_oz_repeat1_adaptive5_20260509,oz,oz,polybench_full,syrk,465,20260423_231957_016941_feature_lite_seed465,universal,rfunipass,1,failed,,,5.082585,False,/root/exp/RFunipassLab/external_datasets/build/runtime_matched/external_runtime_polybench_full_wrap_10seeds_backend_oz_repeat1_adaptive5_20260509/oz/polybench_full/syrk/465/universal/a.out,/root/exp/RFunipassLab/external_datasets/build/runtime_matched/external_runtime_polybench_full_wrap_10seeds_backend_oz_repeat1_adaptive5_20260509/oz/polybench_full/syrk/465/universal/universal_e2fa59514181.ll,/root/exp/RFunipassLab/external_datasets/build/runtime_matched/external_runtime_polybench_full_wrap_10seeds_backend_oz_repeat1_adaptive5_20260509/oz/polybench_full/syrk/465/universal/runs/run_001/stdout.txt,/root/exp/RFunipassLab/external_datasets/build/runtime_matched/external_runtime_polybench_full_wrap_10seeds_backend_oz_repeat1_adaptive5_20260509/oz/polybench_full/syrk/465/universal/runs/run_001/stderr.txt,binary exited with returncode=-11
external_runtime_polybench_full_wrap_10seeds_backend_oz_repeat1_adaptive5_20260509,oz,oz,polybench_full,trmm,,,none,baseline,1,ok,2.17819,2.2112252230290323,300.0,False,/root/exp/RFunipassLab/external_datasets/build/runtime_matched/external_runtime_polybench_full_wrap_10seeds_backend_oz_repeat1_adaptive5_20260509/oz/polybench_full/trmm/baseline/none/a.out,/root/exp/RFunipassLab/external_datasets/build/runtime_matched/external_runtime_polybench_full_wrap_10seeds_backend_oz_repeat1_adaptive5_20260509/oz/polybench_full/trmm/baseline/none/none_71f8e7976e4c.ll,/root/exp/RFunipassLab/external_datasets/build/runtime_matched/external_runtime_polybench_full_wrap_10seeds_backend_oz_repeat1_adaptive5_20260509/oz/polybench_full/trmm/baseline/none/runs/run_001/stdout.txt,/root/exp/RFunipassLab/external_datasets/build/runtime_matched/external_runtime_polybench_full_wrap_10seeds_backend_oz_repeat1_adaptive5_20260509/oz/polybench_full/trmm/baseline/none/runs/run_001/stderr.txt,
external_runtime_polybench_full_wrap_10seeds_backend_oz_repeat1_adaptive5_20260509,oz,oz,polybench_full,trmm,,,oz,baseline,1,ok,2.108846,2.120352206984535,300.0,False,/root/exp/RFunipassLab/external_datasets/build/runtime_matched/external_runtime_polybench_full_wrap_10seeds_backend_oz_repeat1_adaptive5_20260509/oz/polybench_full/trmm/baseline/oz/a.out,/root/exp/RFunipassLab/external_datasets/build/runtime_matched/external_runtime_polybench_full_wrap_10seeds_backend_oz_repeat1_adaptive5_20260509/oz/polybench_full/trmm/baseline/oz/oz_d135b696b0fd.ll,/root/exp/RFunipassLab/external_datasets/build/runtime_matched/external_runtime_polybench_full_wrap_10seeds_backend_oz_repeat1_adaptive5_20260509/oz/polybench_full/trmm/baseline/oz/runs/run_001/stdout.txt,/root/exp/RFunipassLab/external_datasets/build/runtime_matched/external_runtime_polybench_full_wrap_10seeds_backend_oz_repeat1_adaptive5_20260509/oz/polybench_full/trmm/baseline/oz/runs/run_001/stderr.txt,
external_runtime_polybench_full_wrap_10seeds_backend_oz_repeat1_adaptive5_20260509,oz,oz,polybench_full,trmm,456,20260423_181846_349217_feature_lite_seed456,universal,rfunipass,1,ok,2.09572,2.1161560190375894,10.54423,False,/root/exp/RFunipassLab/external_datasets/build/runtime_matched/external_runtime_polybench_full_wrap_10seeds_backend_oz_repeat1_adaptive5_20260509/oz/polybench_full/trmm/456/universal/a.out,/root/exp/RFunipassLab/external_datasets/build/runtime_matched/external_runtime_polybench_full_wrap_10seeds_backend_oz_repeat1_adaptive5_20260509/oz/polybench_full/trmm/456/universal/universal_1dd8ea870347.ll,/root/exp/RFunipassLab/external_datasets/build/runtime_matched/external_runtime_polybench_full_wrap_10seeds_backend_oz_repeat1_adaptive5_20260509/oz/polybench_full/trmm/456/universal/runs/run_001/stdout.txt,/root/exp/RFunipassLab/external_datasets/build/runtime_matched/external_runtime_polybench_full_wrap_10seeds_backend_oz_repeat1_adaptive5_20260509/oz/polybench_full/trmm/456/universal/runs/run_001/stderr.txt,
external_runtime_polybench_full_wrap_10seeds_backend_oz_repeat1_adaptive5_20260509,oz,oz,polybench_full,trmm,457,20260423_184811_146360_feature_lite_seed457,universal,rfunipass,1,failed,,,10.54423,True,/root/exp/RFunipassLab/external_datasets/build/runtime_matched/external_runtime_polybench_full_wrap_10seeds_backend_oz_repeat1_adaptive5_20260509/oz/polybench_full/trmm/457/universal/a.out,/root/exp/RFunipassLab/external_datasets/build/runtime_matched/external_runtime_polybench_full_wrap_10seeds_backend_oz_repeat1_adaptive5_20260509/oz/polybench_full/trmm/457/universal/universal_468197d7c679.ll,/root/exp/RFunipassLab/external_datasets/build/runtime_matched/external_runtime_polybench_full_wrap_10seeds_backend_oz_repeat1_adaptive5_20260509/oz/polybench_full/trmm/457/universal/runs/run_001/stdout.txt,/root/exp/RFunipassLab/external_datasets/build/runtime_matched/external_runtime_polybench_full_wrap_10seeds_backend_oz_repeat1_adaptive5_20260509/oz/polybench_full/trmm/457/universal/runs/run_001/stderr.txt,runtime timeout after 10.54423s
external_runtime_polybench_full_wrap_10seeds_backend_oz_repeat1_adaptive5_20260509,oz,oz,polybench_full,trmm,458,20260423_193326_468019_feature_lite_seed458,universal,rfunipass,1,failed,,,10.54423,False,/root/exp/RFunipassLab/external_datasets/build/runtime_matched/external_runtime_polybench_full_wrap_10seeds_backend_oz_repeat1_adaptive5_20260509/oz/polybench_full/trmm/458/universal/a.out,/root/exp/RFunipassLab/external_datasets/build/runtime_matched/external_runtime_polybench_full_wrap_10seeds_backend_oz_repeat1_adaptive5_20260509/oz/polybench_full/trmm/458/universal/universal_bac1dd97c06b.ll,/root/exp/RFunipassLab/external_datasets/build/runtime_matched/external_runtime_polybench_full_wrap_10seeds_backend_oz_repeat1_adaptive5_20260509/oz/polybench_full/trmm/458/universal/runs/run_001/stdout.txt,/root/exp/RFunipassLab/external_datasets/build/runtime_matched/external_runtime_polybench_full_wrap_10seeds_backend_oz_repeat1_adaptive5_20260509/oz/polybench_full/trmm/458/universal/runs/run_001/stderr.txt,binary exited with returncode=-11
external_runtime_polybench_full_wrap_10seeds_backend_oz_repeat1_adaptive5_20260509,oz,oz,polybench_full,trmm,459,20260423_203402_518521_feature_lite_seed459,universal,rfunipass,1,ok,2.097707,2.117741680936888,10.54423,False,/root/exp/RFunipassLab/external_datasets/build/runtime_matched/external_runtime_polybench_full_wrap_10seeds_backend_oz_repeat1_adaptive5_20260509/oz/polybench_full/trmm/459/universal/a.out,/root/exp/RFunipassLab/external_datasets/build/runtime_matched/external_runtime_polybench_full_wrap_10seeds_backend_oz_repeat1_adaptive5_20260509/oz/polybench_full/trmm/459/universal/universal_6d5271a22f91.ll,/root/exp/RFunipassLab/external_datasets/build/runtime_matched/external_runtime_polybench_full_wrap_10seeds_backend_oz_repeat1_adaptive5_20260509/oz/polybench_full/trmm/459/universal/runs/run_001/stdout.txt,/root/exp/RFunipassLab/external_datasets/build/runtime_matched/external_runtime_polybench_full_wrap_10seeds_backend_oz_repeat1_adaptive5_20260509/oz/polybench_full/trmm/459/universal/runs/run_001/stderr.txt,
external_runtime_polybench_full_wrap_10seeds_backend_oz_repeat1_adaptive5_20260509,oz,oz,polybench_full,trmm,460,20260423_205014_703926_feature_lite_seed460,universal,rfunipass,1,ok,2.12488,2.1445016351062804,10.54423,False,/root/exp/RFunipassLab/external_datasets/build/runtime_matched/external_runtime_polybench_full_wrap_10seeds_backend_oz_repeat1_adaptive5_20260509/oz/polybench_full/trmm/460/universal/a.out,/root/exp/RFunipassLab/external_datasets/build/runtime_matched/external_runtime_polybench_full_wrap_10seeds_backend_oz_repeat1_adaptive5_20260509/oz/polybench_full/trmm/460/universal/universal_aa7d5985738b.ll,/root/exp/RFunipassLab/external_datasets/build/runtime_matched/external_runtime_polybench_full_wrap_10seeds_backend_oz_repeat1_adaptive5_20260509/oz/polybench_full/trmm/460/universal/runs/run_001/stdout.txt,/root/exp/RFunipassLab/external_datasets/build/runtime_matched/external_runtime_polybench_full_wrap_10seeds_backend_oz_repeat1_adaptive5_20260509/oz/polybench_full/trmm/460/universal/runs/run_001/stderr.txt,
external_runtime_polybench_full_wrap_10seeds_backend_oz_repeat1_adaptive5_20260509,oz,oz,polybench_full,trmm,461,20260423_211628_575222_feature_lite_seed461,universal,rfunipass,1,ok,1.821548,1.8345674800220877,10.54423,False,/root/exp/RFunipassLab/external_datasets/build/runtime_matched/external_runtime_polybench_full_wrap_10seeds_backend_oz_repeat1_adaptive5_20260509/oz/polybench_full/trmm/461/universal/a.out,/root/exp/RFunipassLab/external_datasets/build/runtime_matched/external_runtime_polybench_full_wrap_10seeds_backend_oz_repeat1_adaptive5_20260509/oz/polybench_full/trmm/461/universal/universal_c3b20e7655ed.ll,/root/exp/RFunipassLab/external_datasets/build/runtime_matched/external_runtime_polybench_full_wrap_10seeds_backend_oz_repeat1_adaptive5_20260509/oz/polybench_full/trmm/461/universal/runs/run_001/stdout.txt,/root/exp/RFunipassLab/external_datasets/build/runtime_matched/external_runtime_polybench_full_wrap_10seeds_backend_oz_repeat1_adaptive5_20260509/oz/polybench_full/trmm/461/universal/runs/run_001/stderr.txt,
external_runtime_polybench_full_wrap_10seeds_backend_oz_repeat1_adaptive5_20260509,oz,oz,polybench_full,trmm,462,20260423_214113_355045_feature_lite_seed462,universal,rfunipass,1,failed,,,10.54423,False,/root/exp/RFunipassLab/external_datasets/build/runtime_matched/external_runtime_polybench_full_wrap_10seeds_backend_oz_repeat1_adaptive5_20260509/oz/polybench_full/trmm/462/universal/a.out,/root/exp/RFunipassLab/external_datasets/build/runtime_matched/external_runtime_polybench_full_wrap_10seeds_backend_oz_repeat1_adaptive5_20260509/oz/polybench_full/trmm/462/universal/universal_4da41e9006a8.ll,/root/exp/RFunipassLab/external_datasets/build/runtime_matched/external_runtime_polybench_full_wrap_10seeds_backend_oz_repeat1_adaptive5_20260509/oz/polybench_full/trmm/462/universal/runs/run_001/stdout.txt,/root/exp/RFunipassLab/external_datasets/build/runtime_matched/external_runtime_polybench_full_wrap_10seeds_backend_oz_repeat1_adaptive5_20260509/oz/polybench_full/trmm/462/universal/runs/run_001/stderr.txt,binary exited with returncode=-11
external_runtime_polybench_full_wrap_10seeds_backend_oz_repeat1_adaptive5_20260509,oz,oz,polybench_full,trmm,463,20260423_221353_240005_feature_lite_seed463,universal,rfunipass,1,failed,,,10.54423,True,/root/exp/RFunipassLab/external_datasets/build/runtime_matched/external_runtime_polybench_full_wrap_10seeds_backend_oz_repeat1_adaptive5_20260509/oz/polybench_full/trmm/463/universal/a.out,/root/exp/RFunipassLab/external_datasets/build/runtime_matched/external_runtime_polybench_full_wrap_10seeds_backend_oz_repeat1_adaptive5_20260509/oz/polybench_full/trmm/463/universal/universal_3c6e71c0df8d.ll,/root/exp/RFunipassLab/external_datasets/build/runtime_matched/external_runtime_polybench_full_wrap_10seeds_backend_oz_repeat1_adaptive5_20260509/oz/polybench_full/trmm/463/universal/runs/run_001/stdout.txt,/root/exp/RFunipassLab/external_datasets/build/runtime_matched/external_runtime_polybench_full_wrap_10seeds_backend_oz_repeat1_adaptive5_20260509/oz/polybench_full/trmm/463/universal/runs/run_001/stderr.txt,runtime timeout after 10.54423s
external_runtime_polybench_full_wrap_10seeds_backend_oz_repeat1_adaptive5_20260509,oz,oz,polybench_full,trmm,464,20260423_230444_536999_feature_lite_seed464,universal,rfunipass,1,ok,2.101907,2.1231897198595107,10.54423,False,/root/exp/RFunipassLab/external_datasets/build/runtime_matched/external_runtime_polybench_full_wrap_10seeds_backend_oz_repeat1_adaptive5_20260509/oz/polybench_full/trmm/464/universal/a.out,/root/exp/RFunipassLab/external_datasets/build/runtime_matched/external_runtime_polybench_full_wrap_10seeds_backend_oz_repeat1_adaptive5_20260509/oz/polybench_full/trmm/464/universal/universal_58aea292ea66.ll,/root/exp/RFunipassLab/external_datasets/build/runtime_matched/external_runtime_polybench_full_wrap_10seeds_backend_oz_repeat1_adaptive5_20260509/oz/polybench_full/trmm/464/universal/runs/run_001/stdout.txt,/root/exp/RFunipassLab/external_datasets/build/runtime_matched/external_runtime_polybench_full_wrap_10seeds_backend_oz_repeat1_adaptive5_20260509/oz/polybench_full/trmm/464/universal/runs/run_001/stderr.txt,
external_runtime_polybench_full_wrap_10seeds_backend_oz_repeat1_adaptive5_20260509,oz,oz,polybench_full,trmm,465,20260423_231957_016941_feature_lite_seed465,universal,rfunipass,1,failed,,,10.54423,False,/root/exp/RFunipassLab/external_datasets/build/runtime_matched/external_runtime_polybench_full_wrap_10seeds_backend_oz_repeat1_adaptive5_20260509/oz/polybench_full/trmm/465/universal/a.out,/root/exp/RFunipassLab/external_datasets/build/runtime_matched/external_runtime_polybench_full_wrap_10seeds_backend_oz_repeat1_adaptive5_20260509/oz/polybench_full/trmm/465/universal/universal_e2fa59514181.ll,/root/exp/RFunipassLab/external_datasets/build/runtime_matched/external_runtime_polybench_full_wrap_10seeds_backend_oz_repeat1_adaptive5_20260509/oz/polybench_full/trmm/465/universal/runs/run_001/stdout.txt,/root/exp/RFunipassLab/external_datasets/build/runtime_matched/external_runtime_polybench_full_wrap_10seeds_backend_oz_repeat1_adaptive5_20260509/oz/polybench_full/trmm/465/universal/runs/run_001/stderr.txt,binary exited with returncode=-11
external_runtime_polybench_full_wrap_10seeds_backend_oz_repeat1_adaptive5_20260509,oz,oz,polybench_full,cholesky,,,none,baseline,1,ok,4.175584,26.356787882978097,300.0,False,/root/exp/RFunipassLab/external_datasets/build/runtime_matched/external_runtime_polybench_full_wrap_10seeds_backend_oz_repeat1_adaptive5_20260509/oz/polybench_full/cholesky/baseline/none/a.out,/root/exp/RFunipassLab/external_datasets/build/runtime_matched/external_runtime_polybench_full_wrap_10seeds_backend_oz_repeat1_adaptive5_20260509/oz/polybench_full/cholesky/baseline/none/none_71f8e7976e4c.ll,/root/exp/RFunipassLab/external_datasets/build/runtime_matched/external_runtime_polybench_full_wrap_10seeds_backend_oz_repeat1_adaptive5_20260509/oz/polybench_full/cholesky/baseline/none/runs/run_001/stdout.txt,/root/exp/RFunipassLab/external_datasets/build/runtime_matched/external_runtime_polybench_full_wrap_10seeds_backend_oz_repeat1_adaptive5_20260509/oz/polybench_full/cholesky/baseline/none/runs/run_001/stderr.txt,
external_runtime_polybench_full_wrap_10seeds_backend_oz_repeat1_adaptive5_20260509,oz,oz,polybench_full,cholesky,,,oz,baseline,1,ok,4.119135,19.988768924959004,300.0,False,/root/exp/RFunipassLab/external_datasets/build/runtime_matched/external_runtime_polybench_full_wrap_10seeds_backend_oz_repeat1_adaptive5_20260509/oz/polybench_full/cholesky/baseline/oz/a.out,/root/exp/RFunipassLab/external_datasets/build/runtime_matched/external_runtime_polybench_full_wrap_10seeds_backend_oz_repeat1_adaptive5_20260509/oz/polybench_full/cholesky/baseline/oz/oz_d135b696b0fd.ll,/root/exp/RFunipassLab/external_datasets/build/runtime_matched/external_runtime_polybench_full_wrap_10seeds_backend_oz_repeat1_adaptive5_20260509/oz/polybench_full/cholesky/baseline/oz/runs/run_001/stdout.txt,/root/exp/RFunipassLab/external_datasets/build/runtime_matched/external_runtime_polybench_full_wrap_10seeds_backend_oz_repeat1_adaptive5_20260509/oz/polybench_full/cholesky/baseline/oz/runs/run_001/stderr.txt,
external_runtime_polybench_full_wrap_10seeds_backend_oz_repeat1_adaptive5_20260509,oz,oz,polybench_full,cholesky,456,20260423_181846_349217_feature_lite_seed456,universal,rfunipass,1,failed,,,20.595675,False,/root/exp/RFunipassLab/external_datasets/build/runtime_matched/external_runtime_polybench_full_wrap_10seeds_backend_oz_repeat1_adaptive5_20260509/oz/polybench_full/cholesky/456/universal/a.out,/root/exp/RFunipassLab/external_datasets/build/runtime_matched/external_runtime_polybench_full_wrap_10seeds_backend_oz_repeat1_adaptive5_20260509/oz/polybench_full/cholesky/456/universal/universal_1dd8ea870347.ll,/root/exp/RFunipassLab/external_datasets/build/runtime_matched/external_runtime_polybench_full_wrap_10seeds_backend_oz_repeat1_adaptive5_20260509/oz/polybench_full/cholesky/456/universal/runs/run_001/stdout.txt,/root/exp/RFunipassLab/external_datasets/build/runtime_matched/external_runtime_polybench_full_wrap_10seeds_backend_oz_repeat1_adaptive5_20260509/oz/polybench_full/cholesky/456/universal/runs/run_001/stderr.txt,binary exited with returncode=-11
external_runtime_polybench_full_wrap_10seeds_backend_oz_repeat1_adaptive5_20260509,oz,oz,polybench_full,cholesky,457,20260423_184811_146360_feature_lite_seed457,universal,rfunipass,1,failed,,,20.595675,True,/root/exp/RFunipassLab/external_datasets/build/runtime_matched/external_runtime_polybench_full_wrap_10seeds_backend_oz_repeat1_adaptive5_20260509/oz/polybench_full/cholesky/457/universal/a.out,/root/exp/RFunipassLab/external_datasets/build/runtime_matched/external_runtime_polybench_full_wrap_10seeds_backend_oz_repeat1_adaptive5_20260509/oz/polybench_full/cholesky/457/universal/universal_468197d7c679.ll,/root/exp/RFunipassLab/external_datasets/build/runtime_matched/external_runtime_polybench_full_wrap_10seeds_backend_oz_repeat1_adaptive5_20260509/oz/polybench_full/cholesky/457/universal/runs/run_001/stdout.txt,/root/exp/RFunipassLab/external_datasets/build/runtime_matched/external_runtime_polybench_full_wrap_10seeds_backend_oz_repeat1_adaptive5_20260509/oz/polybench_full/cholesky/457/universal/runs/run_001/stderr.txt,runtime timeout after 20.595675s
external_runtime_polybench_full_wrap_10seeds_backend_oz_repeat1_adaptive5_20260509,oz,oz,polybench_full,cholesky,458,20260423_193326_468019_feature_lite_seed458,universal,rfunipass,1,failed,,,20.595675,False,/root/exp/RFunipassLab/external_datasets/build/runtime_matched/external_runtime_polybench_full_wrap_10seeds_backend_oz_repeat1_adaptive5_20260509/oz/polybench_full/cholesky/458/universal/a.out,/root/exp/RFunipassLab/external_datasets/build/runtime_matched/external_runtime_polybench_full_wrap_10seeds_backend_oz_repeat1_adaptive5_20260509/oz/polybench_full/cholesky/458/universal/universal_bac1dd97c06b.ll,/root/exp/RFunipassLab/external_datasets/build/runtime_matched/external_runtime_polybench_full_wrap_10seeds_backend_oz_repeat1_adaptive5_20260509/oz/polybench_full/cholesky/458/universal/runs/run_001/stdout.txt,/root/exp/RFunipassLab/external_datasets/build/runtime_matched/external_runtime_polybench_full_wrap_10seeds_backend_oz_repeat1_adaptive5_20260509/oz/polybench_full/cholesky/458/universal/runs/run_001/stderr.txt,binary exited with returncode=-11
external_runtime_polybench_full_wrap_10seeds_backend_oz_repeat1_adaptive5_20260509,oz,oz,polybench_full,cholesky,459,20260423_203402_518521_feature_lite_seed459,universal,rfunipass,1,failed,,,20.595675,False,/root/exp/RFunipassLab/external_datasets/build/runtime_matched/external_runtime_polybench_full_wrap_10seeds_backend_oz_repeat1_adaptive5_20260509/oz/polybench_full/cholesky/459/universal/a.out,/root/exp/RFunipassLab/external_datasets/build/runtime_matched/external_runtime_polybench_full_wrap_10seeds_backend_oz_repeat1_adaptive5_20260509/oz/polybench_full/cholesky/459/universal/universal_6d5271a22f91.ll,/root/exp/RFunipassLab/external_datasets/build/runtime_matched/external_runtime_polybench_full_wrap_10seeds_backend_oz_repeat1_adaptive5_20260509/oz/polybench_full/cholesky/459/universal/runs/run_001/stdout.txt,/root/exp/RFunipassLab/external_datasets/build/runtime_matched/external_runtime_polybench_full_wrap_10seeds_backend_oz_repeat1_adaptive5_20260509/oz/polybench_full/cholesky/459/universal/runs/run_001/stderr.txt,binary exited with returncode=-11
external_runtime_polybench_full_wrap_10seeds_backend_oz_repeat1_adaptive5_20260509,oz,oz,polybench_full,cholesky,460,20260423_205014_703926_feature_lite_seed460,universal,rfunipass,1,failed,,,20.595675,False,/root/exp/RFunipassLab/external_datasets/build/runtime_matched/external_runtime_polybench_full_wrap_10seeds_backend_oz_repeat1_adaptive5_20260509/oz/polybench_full/cholesky/460/universal/a.out,/root/exp/RFunipassLab/external_datasets/build/runtime_matched/external_runtime_polybench_full_wrap_10seeds_backend_oz_repeat1_adaptive5_20260509/oz/polybench_full/cholesky/460/universal/universal_aa7d5985738b.ll,/root/exp/RFunipassLab/external_datasets/build/runtime_matched/external_runtime_polybench_full_wrap_10seeds_backend_oz_repeat1_adaptive5_20260509/oz/polybench_full/cholesky/460/universal/runs/run_001/stdout.txt,/root/exp/RFunipassLab/external_datasets/build/runtime_matched/external_runtime_polybench_full_wrap_10seeds_backend_oz_repeat1_adaptive5_20260509/oz/polybench_full/cholesky/460/universal/runs/run_001/stderr.txt,binary exited with returncode=-11
external_runtime_polybench_full_wrap_10seeds_backend_oz_repeat1_adaptive5_20260509,oz,oz,polybench_full,cholesky,461,20260423_211628_575222_feature_lite_seed461,universal,rfunipass,1,failed,,,20.595675,True,/root/exp/RFunipassLab/external_datasets/build/runtime_matched/external_runtime_polybench_full_wrap_10seeds_backend_oz_repeat1_adaptive5_20260509/oz/polybench_full/cholesky/461/universal/a.out,/root/exp/RFunipassLab/external_datasets/build/runtime_matched/external_runtime_polybench_full_wrap_10seeds_backend_oz_repeat1_adaptive5_20260509/oz/polybench_full/cholesky/461/universal/universal_c3b20e7655ed.ll,/root/exp/RFunipassLab/external_datasets/build/runtime_matched/external_runtime_polybench_full_wrap_10seeds_backend_oz_repeat1_adaptive5_20260509/oz/polybench_full/cholesky/461/universal/runs/run_001/stdout.txt,/root/exp/RFunipassLab/external_datasets/build/runtime_matched/external_runtime_polybench_full_wrap_10seeds_backend_oz_repeat1_adaptive5_20260509/oz/polybench_full/cholesky/461/universal/runs/run_001/stderr.txt,runtime timeout after 20.595675s
external_runtime_polybench_full_wrap_10seeds_backend_oz_repeat1_adaptive5_20260509,oz,oz,polybench_full,cholesky,462,20260423_214113_355045_feature_lite_seed462,universal,rfunipass,1,failed,,,20.595675,False,/root/exp/RFunipassLab/external_datasets/build/runtime_matched/external_runtime_polybench_full_wrap_10seeds_backend_oz_repeat1_adaptive5_20260509/oz/polybench_full/cholesky/462/universal/a.out,/root/exp/RFunipassLab/external_datasets/build/runtime_matched/external_runtime_polybench_full_wrap_10seeds_backend_oz_repeat1_adaptive5_20260509/oz/polybench_full/cholesky/462/universal/universal_4da41e9006a8.ll,/root/exp/RFunipassLab/external_datasets/build/runtime_matched/external_runtime_polybench_full_wrap_10seeds_backend_oz_repeat1_adaptive5_20260509/oz/polybench_full/cholesky/462/universal/runs/run_001/stdout.txt,/root/exp/RFunipassLab/external_datasets/build/runtime_matched/external_runtime_polybench_full_wrap_10seeds_backend_oz_repeat1_adaptive5_20260509/oz/polybench_full/cholesky/462/universal/runs/run_001/stderr.txt,binary exited with returncode=-11
external_runtime_polybench_full_wrap_10seeds_backend_oz_repeat1_adaptive5_20260509,oz,oz,polybench_full,cholesky,463,20260423_221353_240005_feature_lite_seed463,universal,rfunipass,1,failed,,,20.595675,True,/root/exp/RFunipassLab/external_datasets/build/runtime_matched/external_runtime_polybench_full_wrap_10seeds_backend_oz_repeat1_adaptive5_20260509/oz/polybench_full/cholesky/463/universal/a.out,/root/exp/RFunipassLab/external_datasets/build/runtime_matched/external_runtime_polybench_full_wrap_10seeds_backend_oz_repeat1_adaptive5_20260509/oz/polybench_full/cholesky/463/universal/universal_3c6e71c0df8d.ll,/root/exp/RFunipassLab/external_datasets/build/runtime_matched/external_runtime_polybench_full_wrap_10seeds_backend_oz_repeat1_adaptive5_20260509/oz/polybench_full/cholesky/463/universal/runs/run_001/stdout.txt,/root/exp/RFunipassLab/external_datasets/build/runtime_matched/external_runtime_polybench_full_wrap_10seeds_backend_oz_repeat1_adaptive5_20260509/oz/polybench_full/cholesky/463/universal/runs/run_001/stderr.txt,runtime timeout after 20.595675s
external_runtime_polybench_full_wrap_10seeds_backend_oz_repeat1_adaptive5_20260509,oz,oz,polybench_full,cholesky,464,20260423_230444_536999_feature_lite_seed464,universal,rfunipass,1,failed,,,20.595675,False,/root/exp/RFunipassLab/external_datasets/build/runtime_matched/external_runtime_polybench_full_wrap_10seeds_backend_oz_repeat1_adaptive5_20260509/oz/polybench_full/cholesky/464/universal/a.out,/root/exp/RFunipassLab/external_datasets/build/runtime_matched/external_runtime_polybench_full_wrap_10seeds_backend_oz_repeat1_adaptive5_20260509/oz/polybench_full/cholesky/464/universal/universal_58aea292ea66.ll,/root/exp/RFunipassLab/external_datasets/build/runtime_matched/external_runtime_polybench_full_wrap_10seeds_backend_oz_repeat1_adaptive5_20260509/oz/polybench_full/cholesky/464/universal/runs/run_001/stdout.txt,/root/exp/RFunipassLab/external_datasets/build/runtime_matched/external_runtime_polybench_full_wrap_10seeds_backend_oz_repeat1_adaptive5_20260509/oz/polybench_full/cholesky/464/universal/runs/run_001/stderr.txt,binary exited with returncode=-11
external_runtime_polybench_full_wrap_10seeds_backend_oz_repeat1_adaptive5_20260509,oz,oz,polybench_full,cholesky,465,20260423_231957_016941_feature_lite_seed465,universal,rfunipass,1,failed,,,20.595675,False,/root/exp/RFunipassLab/external_datasets/build/runtime_matched/external_runtime_polybench_full_wrap_10seeds_backend_oz_repeat1_adaptive5_20260509/oz/polybench_full/cholesky/465/universal/a.out,/root/exp/RFunipassLab/external_datasets/build/runtime_matched/external_runtime_polybench_full_wrap_10seeds_backend_oz_repeat1_adaptive5_20260509/oz/polybench_full/cholesky/465/universal/universal_e2fa59514181.ll,/root/exp/RFunipassLab/external_datasets/build/runtime_matched/external_runtime_polybench_full_wrap_10seeds_backend_oz_repeat1_adaptive5_20260509/oz/polybench_full/cholesky/465/universal/runs/run_001/stdout.txt,/root/exp/RFunipassLab/external_datasets/build/runtime_matched/external_runtime_polybench_full_wrap_10seeds_backend_oz_repeat1_adaptive5_20260509/oz/polybench_full/cholesky/465/universal/runs/run_001/stderr.txt,binary exited with returncode=-11
external_runtime_polybench_full_wrap_10seeds_backend_oz_repeat1_adaptive5_20260509,oz,oz,polybench_full,durbin,,,none,baseline,1,ok,0.0154,0.03502214280888438,300.0,False,/root/exp/RFunipassLab/external_datasets/build/runtime_matched/external_runtime_polybench_full_wrap_10seeds_backend_oz_repeat1_adaptive5_20260509/oz/polybench_full/durbin/baseline/none/a.out,/root/exp/RFunipassLab/external_datasets/build/runtime_matched/external_runtime_polybench_full_wrap_10seeds_backend_oz_repeat1_adaptive5_20260509/oz/polybench_full/durbin/baseline/none/none_71f8e7976e4c.ll,/root/exp/RFunipassLab/external_datasets/build/runtime_matched/external_runtime_polybench_full_wrap_10seeds_backend_oz_repeat1_adaptive5_20260509/oz/polybench_full/durbin/baseline/none/runs/run_001/stdout.txt,/root/exp/RFunipassLab/external_datasets/build/runtime_matched/external_runtime_polybench_full_wrap_10seeds_backend_oz_repeat1_adaptive5_20260509/oz/polybench_full/durbin/baseline/none/runs/run_001/stderr.txt,
external_runtime_polybench_full_wrap_10seeds_backend_oz_repeat1_adaptive5_20260509,oz,oz,polybench_full,durbin,,,oz,baseline,1,ok,0.00605,0.007898980053141713,300.0,False,/root/exp/RFunipassLab/external_datasets/build/runtime_matched/external_runtime_polybench_full_wrap_10seeds_backend_oz_repeat1_adaptive5_20260509/oz/polybench_full/durbin/baseline/oz/a.out,/root/exp/RFunipassLab/external_datasets/build/runtime_matched/external_runtime_polybench_full_wrap_10seeds_backend_oz_repeat1_adaptive5_20260509/oz/polybench_full/durbin/baseline/oz/oz_d135b696b0fd.ll,/root/exp/RFunipassLab/external_datasets/build/runtime_matched/external_runtime_polybench_full_wrap_10seeds_backend_oz_repeat1_adaptive5_20260509/oz/polybench_full/durbin/baseline/oz/runs/run_001/stdout.txt,/root/exp/RFunipassLab/external_datasets/build/runtime_matched/external_runtime_polybench_full_wrap_10seeds_backend_oz_repeat1_adaptive5_20260509/oz/polybench_full/durbin/baseline/oz/runs/run_001/stderr.txt,
external_runtime_polybench_full_wrap_10seeds_backend_oz_repeat1_adaptive5_20260509,oz,oz,polybench_full,durbin,456,20260423_181846_349217_feature_lite_seed456,universal,rfunipass,1,failed,,,5.0,True,/root/exp/RFunipassLab/external_datasets/build/runtime_matched/external_runtime_polybench_full_wrap_10seeds_backend_oz_repeat1_adaptive5_20260509/oz/polybench_full/durbin/456/universal/a.out,/root/exp/RFunipassLab/external_datasets/build/runtime_matched/external_runtime_polybench_full_wrap_10seeds_backend_oz_repeat1_adaptive5_20260509/oz/polybench_full/durbin/456/universal/universal_1dd8ea870347.ll,/root/exp/RFunipassLab/external_datasets/build/runtime_matched/external_runtime_polybench_full_wrap_10seeds_backend_oz_repeat1_adaptive5_20260509/oz/polybench_full/durbin/456/universal/runs/run_001/stdout.txt,/root/exp/RFunipassLab/external_datasets/build/runtime_matched/external_runtime_polybench_full_wrap_10seeds_backend_oz_repeat1_adaptive5_20260509/oz/polybench_full/durbin/456/universal/runs/run_001/stderr.txt,runtime timeout after 5.0s
external_runtime_polybench_full_wrap_10seeds_backend_oz_repeat1_adaptive5_20260509,oz,oz,polybench_full,durbin,457,20260423_184811_146360_feature_lite_seed457,universal,rfunipass,1,failed,,,5.0,True,/root/exp/RFunipassLab/external_datasets/build/runtime_matched/external_runtime_polybench_full_wrap_10seeds_backend_oz_repeat1_adaptive5_20260509/oz/polybench_full/durbin/457/universal/a.out,/root/exp/RFunipassLab/external_datasets/build/runtime_matched/external_runtime_polybench_full_wrap_10seeds_backend_oz_repeat1_adaptive5_20260509/oz/polybench_full/durbin/457/universal/universal_468197d7c679.ll,/root/exp/RFunipassLab/external_datasets/build/runtime_matched/external_runtime_polybench_full_wrap_10seeds_backend_oz_repeat1_adaptive5_20260509/oz/polybench_full/durbin/457/universal/runs/run_001/stdout.txt,/root/exp/RFunipassLab/external_datasets/build/runtime_matched/external_runtime_polybench_full_wrap_10seeds_backend_oz_repeat1_adaptive5_20260509/oz/polybench_full/durbin/457/universal/runs/run_001/stderr.txt,runtime timeout after 5.0s
external_runtime_polybench_full_wrap_10seeds_backend_oz_repeat1_adaptive5_20260509,oz,oz,polybench_full,durbin,458,20260423_193326_468019_feature_lite_seed458,universal,rfunipass,1,failed,,,5.0,True,/root/exp/RFunipassLab/external_datasets/build/runtime_matched/external_runtime_polybench_full_wrap_10seeds_backend_oz_repeat1_adaptive5_20260509/oz/polybench_full/durbin/458/universal/a.out,/root/exp/RFunipassLab/external_datasets/build/runtime_matched/external_runtime_polybench_full_wrap_10seeds_backend_oz_repeat1_adaptive5_20260509/oz/polybench_full/durbin/458/universal/universal_bac1dd97c06b.ll,/root/exp/RFunipassLab/external_datasets/build/runtime_matched/external_runtime_polybench_full_wrap_10seeds_backend_oz_repeat1_adaptive5_20260509/oz/polybench_full/durbin/458/universal/runs/run_001/stdout.txt,/root/exp/RFunipassLab/external_datasets/build/runtime_matched/external_runtime_polybench_full_wrap_10seeds_backend_oz_repeat1_adaptive5_20260509/oz/polybench_full/durbin/458/universal/runs/run_001/stderr.txt,runtime timeout after 5.0s
external_runtime_polybench_full_wrap_10seeds_backend_oz_repeat1_adaptive5_20260509,oz,oz,polybench_full,durbin,459,20260423_203402_518521_feature_lite_seed459,universal,rfunipass,1,failed,,,5.0,True,/root/exp/RFunipassLab/external_datasets/build/runtime_matched/external_runtime_polybench_full_wrap_10seeds_backend_oz_repeat1_adaptive5_20260509/oz/polybench_full/durbin/459/universal/a.out,/root/exp/RFunipassLab/external_datasets/build/runtime_matched/external_runtime_polybench_full_wrap_10seeds_backend_oz_repeat1_adaptive5_20260509/oz/polybench_full/durbin/459/universal/universal_6d5271a22f91.ll,/root/exp/RFunipassLab/external_datasets/build/runtime_matched/external_runtime_polybench_full_wrap_10seeds_backend_oz_repeat1_adaptive5_20260509/oz/polybench_full/durbin/459/universal/runs/run_001/stdout.txt,/root/exp/RFunipassLab/external_datasets/build/runtime_matched/external_runtime_polybench_full_wrap_10seeds_backend_oz_repeat1_adaptive5_20260509/oz/polybench_full/durbin/459/universal/runs/run_001/stderr.txt,runtime timeout after 5.0s
external_runtime_polybench_full_wrap_10seeds_backend_oz_repeat1_adaptive5_20260509,oz,oz,polybench_full,durbin,460,20260423_205014_703926_feature_lite_seed460,universal,rfunipass,1,failed,,,5.0,True,/root/exp/RFunipassLab/external_datasets/build/runtime_matched/external_runtime_polybench_full_wrap_10seeds_backend_oz_repeat1_adaptive5_20260509/oz/polybench_full/durbin/460/universal/a.out,/root/exp/RFunipassLab/external_datasets/build/runtime_matched/external_runtime_polybench_full_wrap_10seeds_backend_oz_repeat1_adaptive5_20260509/oz/polybench_full/durbin/460/universal/universal_aa7d5985738b.ll,/root/exp/RFunipassLab/external_datasets/build/runtime_matched/external_runtime_polybench_full_wrap_10seeds_backend_oz_repeat1_adaptive5_20260509/oz/polybench_full/durbin/460/universal/runs/run_001/stdout.txt,/root/exp/RFunipassLab/external_datasets/build/runtime_matched/external_runtime_polybench_full_wrap_10seeds_backend_oz_repeat1_adaptive5_20260509/oz/polybench_full/durbin/460/universal/runs/run_001/stderr.txt,runtime timeout after 5.0s
external_runtime_polybench_full_wrap_10seeds_backend_oz_repeat1_adaptive5_20260509,oz,oz,polybench_full,durbin,461,20260423_211628_575222_feature_lite_seed461,universal,rfunipass,1,failed,,,5.0,True,/root/exp/RFunipassLab/external_datasets/build/runtime_matched/external_runtime_polybench_full_wrap_10seeds_backend_oz_repeat1_adaptive5_20260509/oz/polybench_full/durbin/461/universal/a.out,/root/exp/RFunipassLab/external_datasets/build/runtime_matched/external_runtime_polybench_full_wrap_10seeds_backend_oz_repeat1_adaptive5_20260509/oz/polybench_full/durbin/461/universal/universal_c3b20e7655ed.ll,/root/exp/RFunipassLab/external_datasets/build/runtime_matched/external_runtime_polybench_full_wrap_10seeds_backend_oz_repeat1_adaptive5_20260509/oz/polybench_full/durbin/461/universal/runs/run_001/stdout.txt,/root/exp/RFunipassLab/external_datasets/build/runtime_matched/external_runtime_polybench_full_wrap_10seeds_backend_oz_repeat1_adaptive5_20260509/oz/polybench_full/durbin/461/universal/runs/run_001/stderr.txt,runtime timeout after 5.0s
external_runtime_polybench_full_wrap_10seeds_backend_oz_repeat1_adaptive5_20260509,oz,oz,polybench_full,durbin,462,20260423_214113_355045_feature_lite_seed462,universal,rfunipass,1,failed,,,5.0,True,/root/exp/RFunipassLab/external_datasets/build/runtime_matched/external_runtime_polybench_full_wrap_10seeds_backend_oz_repeat1_adaptive5_20260509/oz/polybench_full/durbin/462/universal/a.out,/root/exp/RFunipassLab/external_datasets/build/runtime_matched/external_runtime_polybench_full_wrap_10seeds_backend_oz_repeat1_adaptive5_20260509/oz/polybench_full/durbin/462/universal/universal_4da41e9006a8.ll,/root/exp/RFunipassLab/external_datasets/build/runtime_matched/external_runtime_polybench_full_wrap_10seeds_backend_oz_repeat1_adaptive5_20260509/oz/polybench_full/durbin/462/universal/runs/run_001/stdout.txt,/root/exp/RFunipassLab/external_datasets/build/runtime_matched/external_runtime_polybench_full_wrap_10seeds_backend_oz_repeat1_adaptive5_20260509/oz/polybench_full/durbin/462/universal/runs/run_001/stderr.txt,runtime timeout after 5.0s
external_runtime_polybench_full_wrap_10seeds_backend_oz_repeat1_adaptive5_20260509,oz,oz,polybench_full,durbin,463,20260423_221353_240005_feature_lite_seed463,universal,rfunipass,1,failed,,,5.0,False,/root/exp/RFunipassLab/external_datasets/build/runtime_matched/external_runtime_polybench_full_wrap_10seeds_backend_oz_repeat1_adaptive5_20260509/oz/polybench_full/durbin/463/universal/a.out,/root/exp/RFunipassLab/external_datasets/build/runtime_matched/external_runtime_polybench_full_wrap_10seeds_backend_oz_repeat1_adaptive5_20260509/oz/polybench_full/durbin/463/universal/universal_3c6e71c0df8d.ll,/root/exp/RFunipassLab/external_datasets/build/runtime_matched/external_runtime_polybench_full_wrap_10seeds_backend_oz_repeat1_adaptive5_20260509/oz/polybench_full/durbin/463/universal/runs/run_001/stdout.txt,/root/exp/RFunipassLab/external_datasets/build/runtime_matched/external_runtime_polybench_full_wrap_10seeds_backend_oz_repeat1_adaptive5_20260509/oz/polybench_full/durbin/463/universal/runs/run_001/stderr.txt,binary exited with returncode=-11
external_runtime_polybench_full_wrap_10seeds_backend_oz_repeat1_adaptive5_20260509,oz,oz,polybench_full,durbin,464,20260423_230444_536999_feature_lite_seed464,universal,rfunipass,1,ok,0.003401,0.013281302992254496,5.0,False,/root/exp/RFunipassLab/external_datasets/build/runtime_matched/external_runtime_polybench_full_wrap_10seeds_backend_oz_repeat1_adaptive5_20260509/oz/polybench_full/durbin/464/universal/a.out,/root/exp/RFunipassLab/external_datasets/build/runtime_matched/external_runtime_polybench_full_wrap_10seeds_backend_oz_repeat1_adaptive5_20260509/oz/polybench_full/durbin/464/universal/universal_58aea292ea66.ll,/root/exp/RFunipassLab/external_datasets/build/runtime_matched/external_runtime_polybench_full_wrap_10seeds_backend_oz_repeat1_adaptive5_20260509/oz/polybench_full/durbin/464/universal/runs/run_001/stdout.txt,/root/exp/RFunipassLab/external_datasets/build/runtime_matched/external_runtime_polybench_full_wrap_10seeds_backend_oz_repeat1_adaptive5_20260509/oz/polybench_full/durbin/464/universal/runs/run_001/stderr.txt,
external_runtime_polybench_full_wrap_10seeds_backend_oz_repeat1_adaptive5_20260509,oz,oz,polybench_full,durbin,465,20260423_231957_016941_feature_lite_seed465,universal,rfunipass,1,failed,,,5.0,True,/root/exp/RFunipassLab/external_datasets/build/runtime_matched/external_runtime_polybench_full_wrap_10seeds_backend_oz_repeat1_adaptive5_20260509/oz/polybench_full/durbin/465/universal/a.out,/root/exp/RFunipassLab/external_datasets/build/runtime_matched/external_runtime_polybench_full_wrap_10seeds_backend_oz_repeat1_adaptive5_20260509/oz/polybench_full/durbin/465/universal/universal_e2fa59514181.ll,/root/exp/RFunipassLab/external_datasets/build/runtime_matched/external_runtime_polybench_full_wrap_10seeds_backend_oz_repeat1_adaptive5_20260509/oz/polybench_full/durbin/465/universal/runs/run_001/stdout.txt,/root/exp/RFunipassLab/external_datasets/build/runtime_matched/external_runtime_polybench_full_wrap_10seeds_backend_oz_repeat1_adaptive5_20260509/oz/polybench_full/durbin/465/universal/runs/run_001/stderr.txt,runtime timeout after 5.0s
external_runtime_polybench_full_wrap_10seeds_backend_oz_repeat1_adaptive5_20260509,oz,oz,polybench_full,gramschmidt,,,none,baseline,1,ok,5.240602,5.282992125954479,300.0,False,/root/exp/RFunipassLab/external_datasets/build/runtime_matched/external_runtime_polybench_full_wrap_10seeds_backend_oz_repeat1_adaptive5_20260509/oz/polybench_full/gramschmidt/baseline/none/a.out,/root/exp/RFunipassLab/external_datasets/build/runtime_matched/external_runtime_polybench_full_wrap_10seeds_backend_oz_repeat1_adaptive5_20260509/oz/polybench_full/gramschmidt/baseline/none/none_71f8e7976e4c.ll,/root/exp/RFunipassLab/external_datasets/build/runtime_matched/external_runtime_polybench_full_wrap_10seeds_backend_oz_repeat1_adaptive5_20260509/oz/polybench_full/gramschmidt/baseline/none/runs/run_001/stdout.txt,/root/exp/RFunipassLab/external_datasets/build/runtime_matched/external_runtime_polybench_full_wrap_10seeds_backend_oz_repeat1_adaptive5_20260509/oz/polybench_full/gramschmidt/baseline/none/runs/run_001/stderr.txt,
external_runtime_polybench_full_wrap_10seeds_backend_oz_repeat1_adaptive5_20260509,oz,oz,polybench_full,gramschmidt,,,oz,baseline,1,ok,5.41627,5.437485412927344,300.0,False,/root/exp/RFunipassLab/external_datasets/build/runtime_matched/external_runtime_polybench_full_wrap_10seeds_backend_oz_repeat1_adaptive5_20260509/oz/polybench_full/gramschmidt/baseline/oz/a.out,/root/exp/RFunipassLab/external_datasets/build/runtime_matched/external_runtime_polybench_full_wrap_10seeds_backend_oz_repeat1_adaptive5_20260509/oz/polybench_full/gramschmidt/baseline/oz/oz_d135b696b0fd.ll,/root/exp/RFunipassLab/external_datasets/build/runtime_matched/external_runtime_polybench_full_wrap_10seeds_backend_oz_repeat1_adaptive5_20260509/oz/polybench_full/gramschmidt/baseline/oz/runs/run_001/stdout.txt,/root/exp/RFunipassLab/external_datasets/build/runtime_matched/external_runtime_polybench_full_wrap_10seeds_backend_oz_repeat1_adaptive5_20260509/oz/polybench_full/gramschmidt/baseline/oz/runs/run_001/stderr.txt,
external_runtime_polybench_full_wrap_10seeds_backend_oz_repeat1_adaptive5_20260509,oz,oz,polybench_full,gramschmidt,456,20260423_181846_349217_feature_lite_seed456,universal,rfunipass,1,ok,6.774058,6.80112000904046,27.08135,False,/root/exp/RFunipassLab/external_datasets/build/runtime_matched/external_runtime_polybench_full_wrap_10seeds_backend_oz_repeat1_adaptive5_20260509/oz/polybench_full/gramschmidt/456/universal/a.out,/root/exp/RFunipassLab/external_datasets/build/runtime_matched/external_runtime_polybench_full_wrap_10seeds_backend_oz_repeat1_adaptive5_20260509/oz/polybench_full/gramschmidt/456/universal/universal_1dd8ea870347.ll,/root/exp/RFunipassLab/external_datasets/build/runtime_matched/external_runtime_polybench_full_wrap_10seeds_backend_oz_repeat1_adaptive5_20260509/oz/polybench_full/gramschmidt/456/universal/runs/run_001/stdout.txt,/root/exp/RFunipassLab/external_datasets/build/runtime_matched/external_runtime_polybench_full_wrap_10seeds_backend_oz_repeat1_adaptive5_20260509/oz/polybench_full/gramschmidt/456/universal/runs/run_001/stderr.txt,
external_runtime_polybench_full_wrap_10seeds_backend_oz_repeat1_adaptive5_20260509,oz,oz,polybench_full,gramschmidt,457,20260423_184811_146360_feature_lite_seed457,universal,rfunipass,1,failed,,,27.08135,True,/root/exp/RFunipassLab/external_datasets/build/runtime_matched/external_runtime_polybench_full_wrap_10seeds_backend_oz_repeat1_adaptive5_20260509/oz/polybench_full/gramschmidt/457/universal/a.out,/root/exp/RFunipassLab/external_datasets/build/runtime_matched/external_runtime_polybench_full_wrap_10seeds_backend_oz_repeat1_adaptive5_20260509/oz/polybench_full/gramschmidt/457/universal/universal_468197d7c679.ll,/root/exp/RFunipassLab/external_datasets/build/runtime_matched/external_runtime_polybench_full_wrap_10seeds_backend_oz_repeat1_adaptive5_20260509/oz/polybench_full/gramschmidt/457/universal/runs/run_001/stdout.txt,/root/exp/RFunipassLab/external_datasets/build/runtime_matched/external_runtime_polybench_full_wrap_10seeds_backend_oz_repeat1_adaptive5_20260509/oz/polybench_full/gramschmidt/457/universal/runs/run_001/stderr.txt,runtime timeout after 27.08135s
external_runtime_polybench_full_wrap_10seeds_backend_oz_repeat1_adaptive5_20260509,oz,oz,polybench_full,gramschmidt,458,20260423_193326_468019_feature_lite_seed458,universal,rfunipass,1,ok,6.952284,6.981391933048144,27.08135,False,/root/exp/RFunipassLab/external_datasets/build/runtime_matched/external_runtime_polybench_full_wrap_10seeds_backend_oz_repeat1_adaptive5_20260509/oz/polybench_full/gramschmidt/458/universal/a.out,/root/exp/RFunipassLab/external_datasets/build/runtime_matched/external_runtime_polybench_full_wrap_10seeds_backend_oz_repeat1_adaptive5_20260509/oz/polybench_full/gramschmidt/458/universal/universal_bac1dd97c06b.ll,/root/exp/RFunipassLab/external_datasets/build/runtime_matched/external_runtime_polybench_full_wrap_10seeds_backend_oz_repeat1_adaptive5_20260509/oz/polybench_full/gramschmidt/458/universal/runs/run_001/stdout.txt,/root/exp/RFunipassLab/external_datasets/build/runtime_matched/external_runtime_polybench_full_wrap_10seeds_backend_oz_repeat1_adaptive5_20260509/oz/polybench_full/gramschmidt/458/universal/runs/run_001/stderr.txt,
external_runtime_polybench_full_wrap_10seeds_backend_oz_repeat1_adaptive5_20260509,oz,oz,polybench_full,gramschmidt,459,20260423_203402_518521_feature_lite_seed459,universal,rfunipass,1,ok,7.006423,7.0375868999399245,27.08135,False,/root/exp/RFunipassLab/external_datasets/build/runtime_matched/external_runtime_polybench_full_wrap_10seeds_backend_oz_repeat1_adaptive5_20260509/oz/polybench_full/gramschmidt/459/universal/a.out,/root/exp/RFunipassLab/external_datasets/build/runtime_matched/external_runtime_polybench_full_wrap_10seeds_backend_oz_repeat1_adaptive5_20260509/oz/polybench_full/gramschmidt/459/universal/universal_6d5271a22f91.ll,/root/exp/RFunipassLab/external_datasets/build/runtime_matched/external_runtime_polybench_full_wrap_10seeds_backend_oz_repeat1_adaptive5_20260509/oz/polybench_full/gramschmidt/459/universal/runs/run_001/stdout.txt,/root/exp/RFunipassLab/external_datasets/build/runtime_matched/external_runtime_polybench_full_wrap_10seeds_backend_oz_repeat1_adaptive5_20260509/oz/polybench_full/gramschmidt/459/universal/runs/run_001/stderr.txt,
external_runtime_polybench_full_wrap_10seeds_backend_oz_repeat1_adaptive5_20260509,oz,oz,polybench_full,gramschmidt,460,20260423_205014_703926_feature_lite_seed460,universal,rfunipass,1,ok,6.692076,6.719952292973176,27.08135,False,/root/exp/RFunipassLab/external_datasets/build/runtime_matched/external_runtime_polybench_full_wrap_10seeds_backend_oz_repeat1_adaptive5_20260509/oz/polybench_full/gramschmidt/460/universal/a.out,/root/exp/RFunipassLab/external_datasets/build/runtime_matched/external_runtime_polybench_full_wrap_10seeds_backend_oz_repeat1_adaptive5_20260509/oz/polybench_full/gramschmidt/460/universal/universal_aa7d5985738b.ll,/root/exp/RFunipassLab/external_datasets/build/runtime_matched/external_runtime_polybench_full_wrap_10seeds_backend_oz_repeat1_adaptive5_20260509/oz/polybench_full/gramschmidt/460/universal/runs/run_001/stdout.txt,/root/exp/RFunipassLab/external_datasets/build/runtime_matched/external_runtime_polybench_full_wrap_10seeds_backend_oz_repeat1_adaptive5_20260509/oz/polybench_full/gramschmidt/460/universal/runs/run_001/stderr.txt,
external_runtime_polybench_full_wrap_10seeds_backend_oz_repeat1_adaptive5_20260509,oz,oz,polybench_full,gramschmidt,461,20260423_211628_575222_feature_lite_seed461,universal,rfunipass,1,failed,,,27.08135,False,/root/exp/RFunipassLab/external_datasets/build/runtime_matched/external_runtime_polybench_full_wrap_10seeds_backend_oz_repeat1_adaptive5_20260509/oz/polybench_full/gramschmidt/461/universal/a.out,/root/exp/RFunipassLab/external_datasets/build/runtime_matched/external_runtime_polybench_full_wrap_10seeds_backend_oz_repeat1_adaptive5_20260509/oz/polybench_full/gramschmidt/461/universal/universal_c3b20e7655ed.ll,/root/exp/RFunipassLab/external_datasets/build/runtime_matched/external_runtime_polybench_full_wrap_10seeds_backend_oz_repeat1_adaptive5_20260509/oz/polybench_full/gramschmidt/461/universal/runs/run_001/stdout.txt,/root/exp/RFunipassLab/external_datasets/build/runtime_matched/external_runtime_polybench_full_wrap_10seeds_backend_oz_repeat1_adaptive5_20260509/oz/polybench_full/gramschmidt/461/universal/runs/run_001/stderr.txt,binary exited with returncode=-11
external_runtime_polybench_full_wrap_10seeds_backend_oz_repeat1_adaptive5_20260509,oz,oz,polybench_full,gramschmidt,462,20260423_214113_355045_feature_lite_seed462,universal,rfunipass,1,ok,6.651832,6.67902421602048,27.08135,False,/root/exp/RFunipassLab/external_datasets/build/runtime_matched/external_runtime_polybench_full_wrap_10seeds_backend_oz_repeat1_adaptive5_20260509/oz/polybench_full/gramschmidt/462/universal/a.out,/root/exp/RFunipassLab/external_datasets/build/runtime_matched/external_runtime_polybench_full_wrap_10seeds_backend_oz_repeat1_adaptive5_20260509/oz/polybench_full/gramschmidt/462/universal/universal_4da41e9006a8.ll,/root/exp/RFunipassLab/external_datasets/build/runtime_matched/external_runtime_polybench_full_wrap_10seeds_backend_oz_repeat1_adaptive5_20260509/oz/polybench_full/gramschmidt/462/universal/runs/run_001/stdout.txt,/root/exp/RFunipassLab/external_datasets/build/runtime_matched/external_runtime_polybench_full_wrap_10seeds_backend_oz_repeat1_adaptive5_20260509/oz/polybench_full/gramschmidt/462/universal/runs/run_001/stderr.txt,
external_runtime_polybench_full_wrap_10seeds_backend_oz_repeat1_adaptive5_20260509,oz,oz,polybench_full,gramschmidt,463,20260423_221353_240005_feature_lite_seed463,universal,rfunipass,1,failed,,,27.08135,True,/root/exp/RFunipassLab/external_datasets/build/runtime_matched/external_runtime_polybench_full_wrap_10seeds_backend_oz_repeat1_adaptive5_20260509/oz/polybench_full/gramschmidt/463/universal/a.out,/root/exp/RFunipassLab/external_datasets/build/runtime_matched/external_runtime_polybench_full_wrap_10seeds_backend_oz_repeat1_adaptive5_20260509/oz/polybench_full/gramschmidt/463/universal/universal_3c6e71c0df8d.ll,/root/exp/RFunipassLab/external_datasets/build/runtime_matched/external_runtime_polybench_full_wrap_10seeds_backend_oz_repeat1_adaptive5_20260509/oz/polybench_full/gramschmidt/463/universal/runs/run_001/stdout.txt,/root/exp/RFunipassLab/external_datasets/build/runtime_matched/external_runtime_polybench_full_wrap_10seeds_backend_oz_repeat1_adaptive5_20260509/oz/polybench_full/gramschmidt/463/universal/runs/run_001/stderr.txt,runtime timeout after 27.08135s
external_runtime_polybench_full_wrap_10seeds_backend_oz_repeat1_adaptive5_20260509,oz,oz,polybench_full,gramschmidt,464,20260423_230444_536999_feature_lite_seed464,universal,rfunipass,1,ok,6.902221,6.929888329003006,27.08135,False,/root/exp/RFunipassLab/external_datasets/build/runtime_matched/external_runtime_polybench_full_wrap_10seeds_backend_oz_repeat1_adaptive5_20260509/oz/polybench_full/gramschmidt/464/universal/a.out,/root/exp/RFunipassLab/external_datasets/build/runtime_matched/external_runtime_polybench_full_wrap_10seeds_backend_oz_repeat1_adaptive5_20260509/oz/polybench_full/gramschmidt/464/universal/universal_58aea292ea66.ll,/root/exp/RFunipassLab/external_datasets/build/runtime_matched/external_runtime_polybench_full_wrap_10seeds_backend_oz_repeat1_adaptive5_20260509/oz/polybench_full/gramschmidt/464/universal/runs/run_001/stdout.txt,/root/exp/RFunipassLab/external_datasets/build/runtime_matched/external_runtime_polybench_full_wrap_10seeds_backend_oz_repeat1_adaptive5_20260509/oz/polybench_full/gramschmidt/464/universal/runs/run_001/stderr.txt,
external_runtime_polybench_full_wrap_10seeds_backend_oz_repeat1_adaptive5_20260509,oz,oz,polybench_full,gramschmidt,465,20260423_231957_016941_feature_lite_seed465,universal,rfunipass,1,ok,6.715691,6.733820335008204,27.08135,False,/root/exp/RFunipassLab/external_datasets/build/runtime_matched/external_runtime_polybench_full_wrap_10seeds_backend_oz_repeat1_adaptive5_20260509/oz/polybench_full/gramschmidt/465/universal/a.out,/root/exp/RFunipassLab/external_datasets/build/runtime_matched/external_runtime_polybench_full_wrap_10seeds_backend_oz_repeat1_adaptive5_20260509/oz/polybench_full/gramschmidt/465/universal/universal_e2fa59514181.ll,/root/exp/RFunipassLab/external_datasets/build/runtime_matched/external_runtime_polybench_full_wrap_10seeds_backend_oz_repeat1_adaptive5_20260509/oz/polybench_full/gramschmidt/465/universal/runs/run_001/stdout.txt,/root/exp/RFunipassLab/external_datasets/build/runtime_matched/external_runtime_polybench_full_wrap_10seeds_backend_oz_repeat1_adaptive5_20260509/oz/polybench_full/gramschmidt/465/universal/runs/run_001/stderr.txt,
external_runtime_polybench_full_wrap_10seeds_backend_oz_repeat1_adaptive5_20260509,oz,oz,polybench_full,lu,,,none,baseline,1,ok,9.37608,31.452953797997907,300.0,False,/root/exp/RFunipassLab/external_datasets/build/runtime_matched/external_runtime_polybench_full_wrap_10seeds_backend_oz_repeat1_adaptive5_20260509/oz/polybench_full/lu/baseline/none/a.out,/root/exp/RFunipassLab/external_datasets/build/runtime_matched/external_runtime_polybench_full_wrap_10seeds_backend_oz_repeat1_adaptive5_20260509/oz/polybench_full/lu/baseline/none/none_71f8e7976e4c.ll,/root/exp/RFunipassLab/external_datasets/build/runtime_matched/external_runtime_polybench_full_wrap_10seeds_backend_oz_repeat1_adaptive5_20260509/oz/polybench_full/lu/baseline/none/runs/run_001/stdout.txt,/root/exp/RFunipassLab/external_datasets/build/runtime_matched/external_runtime_polybench_full_wrap_10seeds_backend_oz_repeat1_adaptive5_20260509/oz/polybench_full/lu/baseline/none/runs/run_001/stderr.txt,
external_runtime_polybench_full_wrap_10seeds_backend_oz_repeat1_adaptive5_20260509,oz,oz,polybench_full,lu,,,oz,baseline,1,ok,9.03499,23.724733112147078,300.0,False,/root/exp/RFunipassLab/external_datasets/build/runtime_matched/external_runtime_polybench_full_wrap_10seeds_backend_oz_repeat1_adaptive5_20260509/oz/polybench_full/lu/baseline/oz/a.out,/root/exp/RFunipassLab/external_datasets/build/runtime_matched/external_runtime_polybench_full_wrap_10seeds_backend_oz_repeat1_adaptive5_20260509/oz/polybench_full/lu/baseline/oz/oz_d135b696b0fd.ll,/root/exp/RFunipassLab/external_datasets/build/runtime_matched/external_runtime_polybench_full_wrap_10seeds_backend_oz_repeat1_adaptive5_20260509/oz/polybench_full/lu/baseline/oz/runs/run_001/stdout.txt,/root/exp/RFunipassLab/external_datasets/build/runtime_matched/external_runtime_polybench_full_wrap_10seeds_backend_oz_repeat1_adaptive5_20260509/oz/polybench_full/lu/baseline/oz/runs/run_001/stderr.txt,
external_runtime_polybench_full_wrap_10seeds_backend_oz_repeat1_adaptive5_20260509,oz,oz,polybench_full,lu,456,20260423_181846_349217_feature_lite_seed456,universal,rfunipass,1,failed,,,45.17495,False,/root/exp/RFunipassLab/external_datasets/build/runtime_matched/external_runtime_polybench_full_wrap_10seeds_backend_oz_repeat1_adaptive5_20260509/oz/polybench_full/lu/456/universal/a.out,/root/exp/RFunipassLab/external_datasets/build/runtime_matched/external_runtime_polybench_full_wrap_10seeds_backend_oz_repeat1_adaptive5_20260509/oz/polybench_full/lu/456/universal/universal_1dd8ea870347.ll,/root/exp/RFunipassLab/external_datasets/build/runtime_matched/external_runtime_polybench_full_wrap_10seeds_backend_oz_repeat1_adaptive5_20260509/oz/polybench_full/lu/456/universal/runs/run_001/stdout.txt,/root/exp/RFunipassLab/external_datasets/build/runtime_matched/external_runtime_polybench_full_wrap_10seeds_backend_oz_repeat1_adaptive5_20260509/oz/polybench_full/lu/456/universal/runs/run_001/stderr.txt,binary exited with returncode=-11
external_runtime_polybench_full_wrap_10seeds_backend_oz_repeat1_adaptive5_20260509,oz,oz,polybench_full,lu,457,20260423_184811_146360_feature_lite_seed457,universal,rfunipass,1,failed,,,45.17495,True,/root/exp/RFunipassLab/external_datasets/build/runtime_matched/external_runtime_polybench_full_wrap_10seeds_backend_oz_repeat1_adaptive5_20260509/oz/polybench_full/lu/457/universal/a.out,/root/exp/RFunipassLab/external_datasets/build/runtime_matched/external_runtime_polybench_full_wrap_10seeds_backend_oz_repeat1_adaptive5_20260509/oz/polybench_full/lu/457/universal/universal_468197d7c679.ll,/root/exp/RFunipassLab/external_datasets/build/runtime_matched/external_runtime_polybench_full_wrap_10seeds_backend_oz_repeat1_adaptive5_20260509/oz/polybench_full/lu/457/universal/runs/run_001/stdout.txt,/root/exp/RFunipassLab/external_datasets/build/runtime_matched/external_runtime_polybench_full_wrap_10seeds_backend_oz_repeat1_adaptive5_20260509/oz/polybench_full/lu/457/universal/runs/run_001/stderr.txt,runtime timeout after 45.17495s
external_runtime_polybench_full_wrap_10seeds_backend_oz_repeat1_adaptive5_20260509,oz,oz,polybench_full,lu,458,20260423_193326_468019_feature_lite_seed458,universal,rfunipass,1,failed,,,45.17495,False,/root/exp/RFunipassLab/external_datasets/build/runtime_matched/external_runtime_polybench_full_wrap_10seeds_backend_oz_repeat1_adaptive5_20260509/oz/polybench_full/lu/458/universal/a.out,/root/exp/RFunipassLab/external_datasets/build/runtime_matched/external_runtime_polybench_full_wrap_10seeds_backend_oz_repeat1_adaptive5_20260509/oz/polybench_full/lu/458/universal/universal_bac1dd97c06b.ll,/root/exp/RFunipassLab/external_datasets/build/runtime_matched/external_runtime_polybench_full_wrap_10seeds_backend_oz_repeat1_adaptive5_20260509/oz/polybench_full/lu/458/universal/runs/run_001/stdout.txt,/root/exp/RFunipassLab/external_datasets/build/runtime_matched/external_runtime_polybench_full_wrap_10seeds_backend_oz_repeat1_adaptive5_20260509/oz/polybench_full/lu/458/universal/runs/run_001/stderr.txt,binary exited with returncode=-11
external_runtime_polybench_full_wrap_10seeds_backend_oz_repeat1_adaptive5_20260509,oz,oz,polybench_full,lu,459,20260423_203402_518521_feature_lite_seed459,universal,rfunipass,1,failed,,,45.17495,False,/root/exp/RFunipassLab/external_datasets/build/runtime_matched/external_runtime_polybench_full_wrap_10seeds_backend_oz_repeat1_adaptive5_20260509/oz/polybench_full/lu/459/universal/a.out,/root/exp/RFunipassLab/external_datasets/build/runtime_matched/external_runtime_polybench_full_wrap_10seeds_backend_oz_repeat1_adaptive5_20260509/oz/polybench_full/lu/459/universal/universal_6d5271a22f91.ll,/root/exp/RFunipassLab/external_datasets/build/runtime_matched/external_runtime_polybench_full_wrap_10seeds_backend_oz_repeat1_adaptive5_20260509/oz/polybench_full/lu/459/universal/runs/run_001/stdout.txt,/root/exp/RFunipassLab/external_datasets/build/runtime_matched/external_runtime_polybench_full_wrap_10seeds_backend_oz_repeat1_adaptive5_20260509/oz/polybench_full/lu/459/universal/runs/run_001/stderr.txt,binary exited with returncode=-11
external_runtime_polybench_full_wrap_10seeds_backend_oz_repeat1_adaptive5_20260509,oz,oz,polybench_full,lu,460,20260423_205014_703926_feature_lite_seed460,universal,rfunipass,1,failed,,,45.17495,False,/root/exp/RFunipassLab/external_datasets/build/runtime_matched/external_runtime_polybench_full_wrap_10seeds_backend_oz_repeat1_adaptive5_20260509/oz/polybench_full/lu/460/universal/a.out,/root/exp/RFunipassLab/external_datasets/build/runtime_matched/external_runtime_polybench_full_wrap_10seeds_backend_oz_repeat1_adaptive5_20260509/oz/polybench_full/lu/460/universal/universal_aa7d5985738b.ll,/root/exp/RFunipassLab/external_datasets/build/runtime_matched/external_runtime_polybench_full_wrap_10seeds_backend_oz_repeat1_adaptive5_20260509/oz/polybench_full/lu/460/universal/runs/run_001/stdout.txt,/root/exp/RFunipassLab/external_datasets/build/runtime_matched/external_runtime_polybench_full_wrap_10seeds_backend_oz_repeat1_adaptive5_20260509/oz/polybench_full/lu/460/universal/runs/run_001/stderr.txt,binary exited with returncode=-11
external_runtime_polybench_full_wrap_10seeds_backend_oz_repeat1_adaptive5_20260509,oz,oz,polybench_full,lu,461,20260423_211628_575222_feature_lite_seed461,universal,rfunipass,1,ok,7.268957,29.20357411284931,45.17495,False,/root/exp/RFunipassLab/external_datasets/build/runtime_matched/external_runtime_polybench_full_wrap_10seeds_backend_oz_repeat1_adaptive5_20260509/oz/polybench_full/lu/461/universal/a.out,/root/exp/RFunipassLab/external_datasets/build/runtime_matched/external_runtime_polybench_full_wrap_10seeds_backend_oz_repeat1_adaptive5_20260509/oz/polybench_full/lu/461/universal/universal_c3b20e7655ed.ll,/root/exp/RFunipassLab/external_datasets/build/runtime_matched/external_runtime_polybench_full_wrap_10seeds_backend_oz_repeat1_adaptive5_20260509/oz/polybench_full/lu/461/universal/runs/run_001/stdout.txt,/root/exp/RFunipassLab/external_datasets/build/runtime_matched/external_runtime_polybench_full_wrap_10seeds_backend_oz_repeat1_adaptive5_20260509/oz/polybench_full/lu/461/universal/runs/run_001/stderr.txt,
external_runtime_polybench_full_wrap_10seeds_backend_oz_repeat1_adaptive5_20260509,oz,oz,polybench_full,lu,462,20260423_214113_355045_feature_lite_seed462,universal,rfunipass,1,failed,,,45.17495,False,/root/exp/RFunipassLab/external_datasets/build/runtime_matched/external_runtime_polybench_full_wrap_10seeds_backend_oz_repeat1_adaptive5_20260509/oz/polybench_full/lu/462/universal/a.out,/root/exp/RFunipassLab/external_datasets/build/runtime_matched/external_runtime_polybench_full_wrap_10seeds_backend_oz_repeat1_adaptive5_20260509/oz/polybench_full/lu/462/universal/universal_4da41e9006a8.ll,/root/exp/RFunipassLab/external_datasets/build/runtime_matched/external_runtime_polybench_full_wrap_10seeds_backend_oz_repeat1_adaptive5_20260509/oz/polybench_full/lu/462/universal/runs/run_001/stdout.txt,/root/exp/RFunipassLab/external_datasets/build/runtime_matched/external_runtime_polybench_full_wrap_10seeds_backend_oz_repeat1_adaptive5_20260509/oz/polybench_full/lu/462/universal/runs/run_001/stderr.txt,binary exited with returncode=-11
external_runtime_polybench_full_wrap_10seeds_backend_oz_repeat1_adaptive5_20260509,oz,oz,polybench_full,lu,463,20260423_221353_240005_feature_lite_seed463,universal,rfunipass,1,failed,,,45.17495,True,/root/exp/RFunipassLab/external_datasets/build/runtime_matched/external_runtime_polybench_full_wrap_10seeds_backend_oz_repeat1_adaptive5_20260509/oz/polybench_full/lu/463/universal/a.out,/root/exp/RFunipassLab/external_datasets/build/runtime_matched/external_runtime_polybench_full_wrap_10seeds_backend_oz_repeat1_adaptive5_20260509/oz/polybench_full/lu/463/universal/universal_3c6e71c0df8d.ll,/root/exp/RFunipassLab/external_datasets/build/runtime_matched/external_runtime_polybench_full_wrap_10seeds_backend_oz_repeat1_adaptive5_20260509/oz/polybench_full/lu/463/universal/runs/run_001/stdout.txt,/root/exp/RFunipassLab/external_datasets/build/runtime_matched/external_runtime_polybench_full_wrap_10seeds_backend_oz_repeat1_adaptive5_20260509/oz/polybench_full/lu/463/universal/runs/run_001/stderr.txt,runtime timeout after 45.17495s
external_runtime_polybench_full_wrap_10seeds_backend_oz_repeat1_adaptive5_20260509,oz,oz,polybench_full,lu,464,20260423_230444_536999_feature_lite_seed464,universal,rfunipass,1,failed,,,45.17495,False,/root/exp/RFunipassLab/external_datasets/build/runtime_matched/external_runtime_polybench_full_wrap_10seeds_backend_oz_repeat1_adaptive5_20260509/oz/polybench_full/lu/464/universal/a.out,/root/exp/RFunipassLab/external_datasets/build/runtime_matched/external_runtime_polybench_full_wrap_10seeds_backend_oz_repeat1_adaptive5_20260509/oz/polybench_full/lu/464/universal/universal_58aea292ea66.ll,/root/exp/RFunipassLab/external_datasets/build/runtime_matched/external_runtime_polybench_full_wrap_10seeds_backend_oz_repeat1_adaptive5_20260509/oz/polybench_full/lu/464/universal/runs/run_001/stdout.txt,/root/exp/RFunipassLab/external_datasets/build/runtime_matched/external_runtime_polybench_full_wrap_10seeds_backend_oz_repeat1_adaptive5_20260509/oz/polybench_full/lu/464/universal/runs/run_001/stderr.txt,binary exited with returncode=-11
external_runtime_polybench_full_wrap_10seeds_backend_oz_repeat1_adaptive5_20260509,oz,oz,polybench_full,lu,465,20260423_231957_016941_feature_lite_seed465,universal,rfunipass,1,failed,,,45.17495,False,/root/exp/RFunipassLab/external_datasets/build/runtime_matched/external_runtime_polybench_full_wrap_10seeds_backend_oz_repeat1_adaptive5_20260509/oz/polybench_full/lu/465/universal/a.out,/root/exp/RFunipassLab/external_datasets/build/runtime_matched/external_runtime_polybench_full_wrap_10seeds_backend_oz_repeat1_adaptive5_20260509/oz/polybench_full/lu/465/universal/universal_e2fa59514181.ll,/root/exp/RFunipassLab/external_datasets/build/runtime_matched/external_runtime_polybench_full_wrap_10seeds_backend_oz_repeat1_adaptive5_20260509/oz/polybench_full/lu/465/universal/runs/run_001/stdout.txt,/root/exp/RFunipassLab/external_datasets/build/runtime_matched/external_runtime_polybench_full_wrap_10seeds_backend_oz_repeat1_adaptive5_20260509/oz/polybench_full/lu/465/universal/runs/run_001/stderr.txt,binary exited with returncode=-11
external_runtime_polybench_full_wrap_10seeds_backend_oz_repeat1_adaptive5_20260509,oz,oz,polybench_full,ludcmp,,,none,baseline,1,ok,9.347497,31.158015927067026,300.0,False,/root/exp/RFunipassLab/external_datasets/build/runtime_matched/external_runtime_polybench_full_wrap_10seeds_backend_oz_repeat1_adaptive5_20260509/oz/polybench_full/ludcmp/baseline/none/a.out,/root/exp/RFunipassLab/external_datasets/build/runtime_matched/external_runtime_polybench_full_wrap_10seeds_backend_oz_repeat1_adaptive5_20260509/oz/polybench_full/ludcmp/baseline/none/none_71f8e7976e4c.ll,/root/exp/RFunipassLab/external_datasets/build/runtime_matched/external_runtime_polybench_full_wrap_10seeds_backend_oz_repeat1_adaptive5_20260509/oz/polybench_full/ludcmp/baseline/none/runs/run_001/stdout.txt,/root/exp/RFunipassLab/external_datasets/build/runtime_matched/external_runtime_polybench_full_wrap_10seeds_backend_oz_repeat1_adaptive5_20260509/oz/polybench_full/ludcmp/baseline/none/runs/run_001/stderr.txt,
external_runtime_polybench_full_wrap_10seeds_backend_oz_repeat1_adaptive5_20260509,oz,oz,polybench_full,ludcmp,,,oz,baseline,1,ok,4.369973,20.287269636057317,300.0,False,/root/exp/RFunipassLab/external_datasets/build/runtime_matched/external_runtime_polybench_full_wrap_10seeds_backend_oz_repeat1_adaptive5_20260509/oz/polybench_full/ludcmp/baseline/oz/a.out,/root/exp/RFunipassLab/external_datasets/build/runtime_matched/external_runtime_polybench_full_wrap_10seeds_backend_oz_repeat1_adaptive5_20260509/oz/polybench_full/ludcmp/baseline/oz/oz_d135b696b0fd.ll,/root/exp/RFunipassLab/external_datasets/build/runtime_matched/external_runtime_polybench_full_wrap_10seeds_backend_oz_repeat1_adaptive5_20260509/oz/polybench_full/ludcmp/baseline/oz/runs/run_001/stdout.txt,/root/exp/RFunipassLab/external_datasets/build/runtime_matched/external_runtime_polybench_full_wrap_10seeds_backend_oz_repeat1_adaptive5_20260509/oz/polybench_full/ludcmp/baseline/oz/runs/run_001/stderr.txt,
external_runtime_polybench_full_wrap_10seeds_backend_oz_repeat1_adaptive5_20260509,oz,oz,polybench_full,ludcmp,456,20260423_181846_349217_feature_lite_seed456,universal,rfunipass,1,ok,4.65109,20.328863848000765,21.849865,False,/root/exp/RFunipassLab/external_datasets/build/runtime_matched/external_runtime_polybench_full_wrap_10seeds_backend_oz_repeat1_adaptive5_20260509/oz/polybench_full/ludcmp/456/universal/a.out,/root/exp/RFunipassLab/external_datasets/build/runtime_matched/external_runtime_polybench_full_wrap_10seeds_backend_oz_repeat1_adaptive5_20260509/oz/polybench_full/ludcmp/456/universal/universal_1dd8ea870347.ll,/root/exp/RFunipassLab/external_datasets/build/runtime_matched/external_runtime_polybench_full_wrap_10seeds_backend_oz_repeat1_adaptive5_20260509/oz/polybench_full/ludcmp/456/universal/runs/run_001/stdout.txt,/root/exp/RFunipassLab/external_datasets/build/runtime_matched/external_runtime_polybench_full_wrap_10seeds_backend_oz_repeat1_adaptive5_20260509/oz/polybench_full/ludcmp/456/universal/runs/run_001/stderr.txt,
external_runtime_polybench_full_wrap_10seeds_backend_oz_repeat1_adaptive5_20260509,oz,oz,polybench_full,ludcmp,457,20260423_184811_146360_feature_lite_seed457,universal,rfunipass,1,ok,4.509315,20.643388689961284,21.849865,False,/root/exp/RFunipassLab/external_datasets/build/runtime_matched/external_runtime_polybench_full_wrap_10seeds_backend_oz_repeat1_adaptive5_20260509/oz/polybench_full/ludcmp/457/universal/a.out,/root/exp/RFunipassLab/external_datasets/build/runtime_matched/external_runtime_polybench_full_wrap_10seeds_backend_oz_repeat1_adaptive5_20260509/oz/polybench_full/ludcmp/457/universal/universal_468197d7c679.ll,/root/exp/RFunipassLab/external_datasets/build/runtime_matched/external_runtime_polybench_full_wrap_10seeds_backend_oz_repeat1_adaptive5_20260509/oz/polybench_full/ludcmp/457/universal/runs/run_001/stdout.txt,/root/exp/RFunipassLab/external_datasets/build/runtime_matched/external_runtime_polybench_full_wrap_10seeds_backend_oz_repeat1_adaptive5_20260509/oz/polybench_full/ludcmp/457/universal/runs/run_001/stderr.txt,
external_runtime_polybench_full_wrap_10seeds_backend_oz_repeat1_adaptive5_20260509,oz,oz,polybench_full,ludcmp,458,20260423_193326_468019_feature_lite_seed458,universal,rfunipass,1,failed,,,21.849865,True,/root/exp/RFunipassLab/external_datasets/build/runtime_matched/external_runtime_polybench_full_wrap_10seeds_backend_oz_repeat1_adaptive5_20260509/oz/polybench_full/ludcmp/458/universal/a.out,/root/exp/RFunipassLab/external_datasets/build/runtime_matched/external_runtime_polybench_full_wrap_10seeds_backend_oz_repeat1_adaptive5_20260509/oz/polybench_full/ludcmp/458/universal/universal_bac1dd97c06b.ll,/root/exp/RFunipassLab/external_datasets/build/runtime_matched/external_runtime_polybench_full_wrap_10seeds_backend_oz_repeat1_adaptive5_20260509/oz/polybench_full/ludcmp/458/universal/runs/run_001/stdout.txt,/root/exp/RFunipassLab/external_datasets/build/runtime_matched/external_runtime_polybench_full_wrap_10seeds_backend_oz_repeat1_adaptive5_20260509/oz/polybench_full/ludcmp/458/universal/runs/run_001/stderr.txt,runtime timeout after 21.849865s
external_runtime_polybench_full_wrap_10seeds_backend_oz_repeat1_adaptive5_20260509,oz,oz,polybench_full,ludcmp,459,20260423_203402_518521_feature_lite_seed459,universal,rfunipass,1,failed,,,21.849865,True,/root/exp/RFunipassLab/external_datasets/build/runtime_matched/external_runtime_polybench_full_wrap_10seeds_backend_oz_repeat1_adaptive5_20260509/oz/polybench_full/ludcmp/459/universal/a.out,/root/exp/RFunipassLab/external_datasets/build/runtime_matched/external_runtime_polybench_full_wrap_10seeds_backend_oz_repeat1_adaptive5_20260509/oz/polybench_full/ludcmp/459/universal/universal_6d5271a22f91.ll,/root/exp/RFunipassLab/external_datasets/build/runtime_matched/external_runtime_polybench_full_wrap_10seeds_backend_oz_repeat1_adaptive5_20260509/oz/polybench_full/ludcmp/459/universal/runs/run_001/stdout.txt,/root/exp/RFunipassLab/external_datasets/build/runtime_matched/external_runtime_polybench_full_wrap_10seeds_backend_oz_repeat1_adaptive5_20260509/oz/polybench_full/ludcmp/459/universal/runs/run_001/stderr.txt,runtime timeout after 21.849865s
external_runtime_polybench_full_wrap_10seeds_backend_oz_repeat1_adaptive5_20260509,oz,oz,polybench_full,ludcmp,460,20260423_205014_703926_feature_lite_seed460,universal,rfunipass,1,failed,,,21.849865,True,/root/exp/RFunipassLab/external_datasets/build/runtime_matched/external_runtime_polybench_full_wrap_10seeds_backend_oz_repeat1_adaptive5_20260509/oz/polybench_full/ludcmp/460/universal/a.out,/root/exp/RFunipassLab/external_datasets/build/runtime_matched/external_runtime_polybench_full_wrap_10seeds_backend_oz_repeat1_adaptive5_20260509/oz/polybench_full/ludcmp/460/universal/universal_aa7d5985738b.ll,/root/exp/RFunipassLab/external_datasets/build/runtime_matched/external_runtime_polybench_full_wrap_10seeds_backend_oz_repeat1_adaptive5_20260509/oz/polybench_full/ludcmp/460/universal/runs/run_001/stdout.txt,/root/exp/RFunipassLab/external_datasets/build/runtime_matched/external_runtime_polybench_full_wrap_10seeds_backend_oz_repeat1_adaptive5_20260509/oz/polybench_full/ludcmp/460/universal/runs/run_001/stderr.txt,runtime timeout after 21.849865s
external_runtime_polybench_full_wrap_10seeds_backend_oz_repeat1_adaptive5_20260509,oz,oz,polybench_full,ludcmp,461,20260423_211628_575222_feature_lite_seed461,universal,rfunipass,1,failed,,,21.849865,True,/root/exp/RFunipassLab/external_datasets/build/runtime_matched/external_runtime_polybench_full_wrap_10seeds_backend_oz_repeat1_adaptive5_20260509/oz/polybench_full/ludcmp/461/universal/a.out,/root/exp/RFunipassLab/external_datasets/build/runtime_matched/external_runtime_polybench_full_wrap_10seeds_backend_oz_repeat1_adaptive5_20260509/oz/polybench_full/ludcmp/461/universal/universal_c3b20e7655ed.ll,/root/exp/RFunipassLab/external_datasets/build/runtime_matched/external_runtime_polybench_full_wrap_10seeds_backend_oz_repeat1_adaptive5_20260509/oz/polybench_full/ludcmp/461/universal/runs/run_001/stdout.txt,/root/exp/RFunipassLab/external_datasets/build/runtime_matched/external_runtime_polybench_full_wrap_10seeds_backend_oz_repeat1_adaptive5_20260509/oz/polybench_full/ludcmp/461/universal/runs/run_001/stderr.txt,runtime timeout after 21.849865s
external_runtime_polybench_full_wrap_10seeds_backend_oz_repeat1_adaptive5_20260509,oz,oz,polybench_full,ludcmp,462,20260423_214113_355045_feature_lite_seed462,universal,rfunipass,1,failed,,,21.849865,True,/root/exp/RFunipassLab/external_datasets/build/runtime_matched/external_runtime_polybench_full_wrap_10seeds_backend_oz_repeat1_adaptive5_20260509/oz/polybench_full/ludcmp/462/universal/a.out,/root/exp/RFunipassLab/external_datasets/build/runtime_matched/external_runtime_polybench_full_wrap_10seeds_backend_oz_repeat1_adaptive5_20260509/oz/polybench_full/ludcmp/462/universal/universal_4da41e9006a8.ll,/root/exp/RFunipassLab/external_datasets/build/runtime_matched/external_runtime_polybench_full_wrap_10seeds_backend_oz_repeat1_adaptive5_20260509/oz/polybench_full/ludcmp/462/universal/runs/run_001/stdout.txt,/root/exp/RFunipassLab/external_datasets/build/runtime_matched/external_runtime_polybench_full_wrap_10seeds_backend_oz_repeat1_adaptive5_20260509/oz/polybench_full/ludcmp/462/universal/runs/run_001/stderr.txt,runtime timeout after 21.849865s
external_runtime_polybench_full_wrap_10seeds_backend_oz_repeat1_adaptive5_20260509,oz,oz,polybench_full,ludcmp,463,20260423_221353_240005_feature_lite_seed463,universal,rfunipass,1,failed,,,21.849865,True,/root/exp/RFunipassLab/external_datasets/build/runtime_matched/external_runtime_polybench_full_wrap_10seeds_backend_oz_repeat1_adaptive5_20260509/oz/polybench_full/ludcmp/463/universal/a.out,/root/exp/RFunipassLab/external_datasets/build/runtime_matched/external_runtime_polybench_full_wrap_10seeds_backend_oz_repeat1_adaptive5_20260509/oz/polybench_full/ludcmp/463/universal/universal_3c6e71c0df8d.ll,/root/exp/RFunipassLab/external_datasets/build/runtime_matched/external_runtime_polybench_full_wrap_10seeds_backend_oz_repeat1_adaptive5_20260509/oz/polybench_full/ludcmp/463/universal/runs/run_001/stdout.txt,/root/exp/RFunipassLab/external_datasets/build/runtime_matched/external_runtime_polybench_full_wrap_10seeds_backend_oz_repeat1_adaptive5_20260509/oz/polybench_full/ludcmp/463/universal/runs/run_001/stderr.txt,runtime timeout after 21.849865s
external_runtime_polybench_full_wrap_10seeds_backend_oz_repeat1_adaptive5_20260509,oz,oz,polybench_full,ludcmp,464,20260423_230444_536999_feature_lite_seed464,universal,rfunipass,1,ok,4.525397,20.933490088908002,21.849865,False,/root/exp/RFunipassLab/external_datasets/build/runtime_matched/external_runtime_polybench_full_wrap_10seeds_backend_oz_repeat1_adaptive5_20260509/oz/polybench_full/ludcmp/464/universal/a.out,/root/exp/RFunipassLab/external_datasets/build/runtime_matched/external_runtime_polybench_full_wrap_10seeds_backend_oz_repeat1_adaptive5_20260509/oz/polybench_full/ludcmp/464/universal/universal_58aea292ea66.ll,/root/exp/RFunipassLab/external_datasets/build/runtime_matched/external_runtime_polybench_full_wrap_10seeds_backend_oz_repeat1_adaptive5_20260509/oz/polybench_full/ludcmp/464/universal/runs/run_001/stdout.txt,/root/exp/RFunipassLab/external_datasets/build/runtime_matched/external_runtime_polybench_full_wrap_10seeds_backend_oz_repeat1_adaptive5_20260509/oz/polybench_full/ludcmp/464/universal/runs/run_001/stderr.txt,
external_runtime_polybench_full_wrap_10seeds_backend_oz_repeat1_adaptive5_20260509,oz,oz,polybench_full,ludcmp,465,20260423_231957_016941_feature_lite_seed465,universal,rfunipass,1,failed,,,21.849865,True,/root/exp/RFunipassLab/external_datasets/build/runtime_matched/external_runtime_polybench_full_wrap_10seeds_backend_oz_repeat1_adaptive5_20260509/oz/polybench_full/ludcmp/465/universal/a.out,/root/exp/RFunipassLab/external_datasets/build/runtime_matched/external_runtime_polybench_full_wrap_10seeds_backend_oz_repeat1_adaptive5_20260509/oz/polybench_full/ludcmp/465/universal/universal_e2fa59514181.ll,/root/exp/RFunipassLab/external_datasets/build/runtime_matched/external_runtime_polybench_full_wrap_10seeds_backend_oz_repeat1_adaptive5_20260509/oz/polybench_full/ludcmp/465/universal/runs/run_001/stdout.txt,/root/exp/RFunipassLab/external_datasets/build/runtime_matched/external_runtime_polybench_full_wrap_10seeds_backend_oz_repeat1_adaptive5_20260509/oz/polybench_full/ludcmp/465/universal/runs/run_001/stderr.txt,runtime timeout after 21.849865s
external_runtime_polybench_full_wrap_10seeds_backend_oz_repeat1_adaptive5_20260509,oz,oz,polybench_full,trisolv,,,none,baseline,1,ok,0.006662,0.04299947898834944,300.0,False,/root/exp/RFunipassLab/external_datasets/build/runtime_matched/external_runtime_polybench_full_wrap_10seeds_backend_oz_repeat1_adaptive5_20260509/oz/polybench_full/trisolv/baseline/none/a.out,/root/exp/RFunipassLab/external_datasets/build/runtime_matched/external_runtime_polybench_full_wrap_10seeds_backend_oz_repeat1_adaptive5_20260509/oz/polybench_full/trisolv/baseline/none/none_71f8e7976e4c.ll,/root/exp/RFunipassLab/external_datasets/build/runtime_matched/external_runtime_polybench_full_wrap_10seeds_backend_oz_repeat1_adaptive5_20260509/oz/polybench_full/trisolv/baseline/none/runs/run_001/stdout.txt,/root/exp/RFunipassLab/external_datasets/build/runtime_matched/external_runtime_polybench_full_wrap_10seeds_backend_oz_repeat1_adaptive5_20260509/oz/polybench_full/trisolv/baseline/none/runs/run_001/stderr.txt,
external_runtime_polybench_full_wrap_10seeds_backend_oz_repeat1_adaptive5_20260509,oz,oz,polybench_full,trisolv,,,oz,baseline,1,ok,0.00341,0.020416794810444117,300.0,False,/root/exp/RFunipassLab/external_datasets/build/runtime_matched/external_runtime_polybench_full_wrap_10seeds_backend_oz_repeat1_adaptive5_20260509/oz/polybench_full/trisolv/baseline/oz/a.out,/root/exp/RFunipassLab/external_datasets/build/runtime_matched/external_runtime_polybench_full_wrap_10seeds_backend_oz_repeat1_adaptive5_20260509/oz/polybench_full/trisolv/baseline/oz/oz_d135b696b0fd.ll,/root/exp/RFunipassLab/external_datasets/build/runtime_matched/external_runtime_polybench_full_wrap_10seeds_backend_oz_repeat1_adaptive5_20260509/oz/polybench_full/trisolv/baseline/oz/runs/run_001/stdout.txt,/root/exp/RFunipassLab/external_datasets/build/runtime_matched/external_runtime_polybench_full_wrap_10seeds_backend_oz_repeat1_adaptive5_20260509/oz/polybench_full/trisolv/baseline/oz/runs/run_001/stderr.txt,
external_runtime_polybench_full_wrap_10seeds_backend_oz_repeat1_adaptive5_20260509,oz,oz,polybench_full,trisolv,456,20260423_181846_349217_feature_lite_seed456,universal,rfunipass,1,failed,,,5.0,True,/root/exp/RFunipassLab/external_datasets/build/runtime_matched/external_runtime_polybench_full_wrap_10seeds_backend_oz_repeat1_adaptive5_20260509/oz/polybench_full/trisolv/456/universal/a.out,/root/exp/RFunipassLab/external_datasets/build/runtime_matched/external_runtime_polybench_full_wrap_10seeds_backend_oz_repeat1_adaptive5_20260509/oz/polybench_full/trisolv/456/universal/universal_1dd8ea870347.ll,/root/exp/RFunipassLab/external_datasets/build/runtime_matched/external_runtime_polybench_full_wrap_10seeds_backend_oz_repeat1_adaptive5_20260509/oz/polybench_full/trisolv/456/universal/runs/run_001/stdout.txt,/root/exp/RFunipassLab/external_datasets/build/runtime_matched/external_runtime_polybench_full_wrap_10seeds_backend_oz_repeat1_adaptive5_20260509/oz/polybench_full/trisolv/456/universal/runs/run_001/stderr.txt,runtime timeout after 5.0s
external_runtime_polybench_full_wrap_10seeds_backend_oz_repeat1_adaptive5_20260509,oz,oz,polybench_full,trisolv,457,20260423_184811_146360_feature_lite_seed457,universal,rfunipass,1,failed,,,5.0,True,/root/exp/RFunipassLab/external_datasets/build/runtime_matched/external_runtime_polybench_full_wrap_10seeds_backend_oz_repeat1_adaptive5_20260509/oz/polybench_full/trisolv/457/universal/a.out,/root/exp/RFunipassLab/external_datasets/build/runtime_matched/external_runtime_polybench_full_wrap_10seeds_backend_oz_repeat1_adaptive5_20260509/oz/polybench_full/trisolv/457/universal/universal_468197d7c679.ll,/root/exp/RFunipassLab/external_datasets/build/runtime_matched/external_runtime_polybench_full_wrap_10seeds_backend_oz_repeat1_adaptive5_20260509/oz/polybench_full/trisolv/457/universal/runs/run_001/stdout.txt,/root/exp/RFunipassLab/external_datasets/build/runtime_matched/external_runtime_polybench_full_wrap_10seeds_backend_oz_repeat1_adaptive5_20260509/oz/polybench_full/trisolv/457/universal/runs/run_001/stderr.txt,runtime timeout after 5.0s
external_runtime_polybench_full_wrap_10seeds_backend_oz_repeat1_adaptive5_20260509,oz,oz,polybench_full,trisolv,458,20260423_193326_468019_feature_lite_seed458,universal,rfunipass,1,failed,,,5.0,False,/root/exp/RFunipassLab/external_datasets/build/runtime_matched/external_runtime_polybench_full_wrap_10seeds_backend_oz_repeat1_adaptive5_20260509/oz/polybench_full/trisolv/458/universal/a.out,/root/exp/RFunipassLab/external_datasets/build/runtime_matched/external_runtime_polybench_full_wrap_10seeds_backend_oz_repeat1_adaptive5_20260509/oz/polybench_full/trisolv/458/universal/universal_bac1dd97c06b.ll,/root/exp/RFunipassLab/external_datasets/build/runtime_matched/external_runtime_polybench_full_wrap_10seeds_backend_oz_repeat1_adaptive5_20260509/oz/polybench_full/trisolv/458/universal/runs/run_001/stdout.txt,/root/exp/RFunipassLab/external_datasets/build/runtime_matched/external_runtime_polybench_full_wrap_10seeds_backend_oz_repeat1_adaptive5_20260509/oz/polybench_full/trisolv/458/universal/runs/run_001/stderr.txt,binary exited with returncode=-11
external_runtime_polybench_full_wrap_10seeds_backend_oz_repeat1_adaptive5_20260509,oz,oz,polybench_full,trisolv,459,20260423_203402_518521_feature_lite_seed459,universal,rfunipass,1,failed,,,5.0,True,/root/exp/RFunipassLab/external_datasets/build/runtime_matched/external_runtime_polybench_full_wrap_10seeds_backend_oz_repeat1_adaptive5_20260509/oz/polybench_full/trisolv/459/universal/a.out,/root/exp/RFunipassLab/external_datasets/build/runtime_matched/external_runtime_polybench_full_wrap_10seeds_backend_oz_repeat1_adaptive5_20260509/oz/polybench_full/trisolv/459/universal/universal_6d5271a22f91.ll,/root/exp/RFunipassLab/external_datasets/build/runtime_matched/external_runtime_polybench_full_wrap_10seeds_backend_oz_repeat1_adaptive5_20260509/oz/polybench_full/trisolv/459/universal/runs/run_001/stdout.txt,/root/exp/RFunipassLab/external_datasets/build/runtime_matched/external_runtime_polybench_full_wrap_10seeds_backend_oz_repeat1_adaptive5_20260509/oz/polybench_full/trisolv/459/universal/runs/run_001/stderr.txt,runtime timeout after 5.0s
external_runtime_polybench_full_wrap_10seeds_backend_oz_repeat1_adaptive5_20260509,oz,oz,polybench_full,trisolv,460,20260423_205014_703926_feature_lite_seed460,universal,rfunipass,1,failed,,,5.0,False,/root/exp/RFunipassLab/external_datasets/build/runtime_matched/external_runtime_polybench_full_wrap_10seeds_backend_oz_repeat1_adaptive5_20260509/oz/polybench_full/trisolv/460/universal/a.out,/root/exp/RFunipassLab/external_datasets/build/runtime_matched/external_runtime_polybench_full_wrap_10seeds_backend_oz_repeat1_adaptive5_20260509/oz/polybench_full/trisolv/460/universal/universal_aa7d5985738b.ll,/root/exp/RFunipassLab/external_datasets/build/runtime_matched/external_runtime_polybench_full_wrap_10seeds_backend_oz_repeat1_adaptive5_20260509/oz/polybench_full/trisolv/460/universal/runs/run_001/stdout.txt,/root/exp/RFunipassLab/external_datasets/build/runtime_matched/external_runtime_polybench_full_wrap_10seeds_backend_oz_repeat1_adaptive5_20260509/oz/polybench_full/trisolv/460/universal/runs/run_001/stderr.txt,binary exited with returncode=-11
external_runtime_polybench_full_wrap_10seeds_backend_oz_repeat1_adaptive5_20260509,oz,oz,polybench_full,trisolv,461,20260423_211628_575222_feature_lite_seed461,universal,rfunipass,1,ok,0.002914,0.019763931166380644,5.0,False,/root/exp/RFunipassLab/external_datasets/build/runtime_matched/external_runtime_polybench_full_wrap_10seeds_backend_oz_repeat1_adaptive5_20260509/oz/polybench_full/trisolv/461/universal/a.out,/root/exp/RFunipassLab/external_datasets/build/runtime_matched/external_runtime_polybench_full_wrap_10seeds_backend_oz_repeat1_adaptive5_20260509/oz/polybench_full/trisolv/461/universal/universal_c3b20e7655ed.ll,/root/exp/RFunipassLab/external_datasets/build/runtime_matched/external_runtime_polybench_full_wrap_10seeds_backend_oz_repeat1_adaptive5_20260509/oz/polybench_full/trisolv/461/universal/runs/run_001/stdout.txt,/root/exp/RFunipassLab/external_datasets/build/runtime_matched/external_runtime_polybench_full_wrap_10seeds_backend_oz_repeat1_adaptive5_20260509/oz/polybench_full/trisolv/461/universal/runs/run_001/stderr.txt,
external_runtime_polybench_full_wrap_10seeds_backend_oz_repeat1_adaptive5_20260509,oz,oz,polybench_full,trisolv,462,20260423_214113_355045_feature_lite_seed462,universal,rfunipass,1,failed,,,5.0,True,/root/exp/RFunipassLab/external_datasets/build/runtime_matched/external_runtime_polybench_full_wrap_10seeds_backend_oz_repeat1_adaptive5_20260509/oz/polybench_full/trisolv/462/universal/a.out,/root/exp/RFunipassLab/external_datasets/build/runtime_matched/external_runtime_polybench_full_wrap_10seeds_backend_oz_repeat1_adaptive5_20260509/oz/polybench_full/trisolv/462/universal/universal_4da41e9006a8.ll,/root/exp/RFunipassLab/external_datasets/build/runtime_matched/external_runtime_polybench_full_wrap_10seeds_backend_oz_repeat1_adaptive5_20260509/oz/polybench_full/trisolv/462/universal/runs/run_001/stdout.txt,/root/exp/RFunipassLab/external_datasets/build/runtime_matched/external_runtime_polybench_full_wrap_10seeds_backend_oz_repeat1_adaptive5_20260509/oz/polybench_full/trisolv/462/universal/runs/run_001/stderr.txt,runtime timeout after 5.0s
external_runtime_polybench_full_wrap_10seeds_backend_oz_repeat1_adaptive5_20260509,oz,oz,polybench_full,trisolv,463,20260423_221353_240005_feature_lite_seed463,universal,rfunipass,1,failed,,,5.0,False,/root/exp/RFunipassLab/external_datasets/build/runtime_matched/external_runtime_polybench_full_wrap_10seeds_backend_oz_repeat1_adaptive5_20260509/oz/polybench_full/trisolv/463/universal/a.out,/root/exp/RFunipassLab/external_datasets/build/runtime_matched/external_runtime_polybench_full_wrap_10seeds_backend_oz_repeat1_adaptive5_20260509/oz/polybench_full/trisolv/463/universal/universal_3c6e71c0df8d.ll,/root/exp/RFunipassLab/external_datasets/build/runtime_matched/external_runtime_polybench_full_wrap_10seeds_backend_oz_repeat1_adaptive5_20260509/oz/polybench_full/trisolv/463/universal/runs/run_001/stdout.txt,/root/exp/RFunipassLab/external_datasets/build/runtime_matched/external_runtime_polybench_full_wrap_10seeds_backend_oz_repeat1_adaptive5_20260509/oz/polybench_full/trisolv/463/universal/runs/run_001/stderr.txt,binary exited with returncode=-11
external_runtime_polybench_full_wrap_10seeds_backend_oz_repeat1_adaptive5_20260509,oz,oz,polybench_full,trisolv,464,20260423_230444_536999_feature_lite_seed464,universal,rfunipass,1,failed,,,5.0,True,/root/exp/RFunipassLab/external_datasets/build/runtime_matched/external_runtime_polybench_full_wrap_10seeds_backend_oz_repeat1_adaptive5_20260509/oz/polybench_full/trisolv/464/universal/a.out,/root/exp/RFunipassLab/external_datasets/build/runtime_matched/external_runtime_polybench_full_wrap_10seeds_backend_oz_repeat1_adaptive5_20260509/oz/polybench_full/trisolv/464/universal/universal_58aea292ea66.ll,/root/exp/RFunipassLab/external_datasets/build/runtime_matched/external_runtime_polybench_full_wrap_10seeds_backend_oz_repeat1_adaptive5_20260509/oz/polybench_full/trisolv/464/universal/runs/run_001/stdout.txt,/root/exp/RFunipassLab/external_datasets/build/runtime_matched/external_runtime_polybench_full_wrap_10seeds_backend_oz_repeat1_adaptive5_20260509/oz/polybench_full/trisolv/464/universal/runs/run_001/stderr.txt,runtime timeout after 5.0s
external_runtime_polybench_full_wrap_10seeds_backend_oz_repeat1_adaptive5_20260509,oz,oz,polybench_full,trisolv,465,20260423_231957_016941_feature_lite_seed465,universal,rfunipass,1,failed,,,5.0,True,/root/exp/RFunipassLab/external_datasets/build/runtime_matched/external_runtime_polybench_full_wrap_10seeds_backend_oz_repeat1_adaptive5_20260509/oz/polybench_full/trisolv/465/universal/a.out,/root/exp/RFunipassLab/external_datasets/build/runtime_matched/external_runtime_polybench_full_wrap_10seeds_backend_oz_repeat1_adaptive5_20260509/oz/polybench_full/trisolv/465/universal/universal_e2fa59514181.ll,/root/exp/RFunipassLab/external_datasets/build/runtime_matched/external_runtime_polybench_full_wrap_10seeds_backend_oz_repeat1_adaptive5_20260509/oz/polybench_full/trisolv/465/universal/runs/run_001/stdout.txt,/root/exp/RFunipassLab/external_datasets/build/runtime_matched/external_runtime_polybench_full_wrap_10seeds_backend_oz_repeat1_adaptive5_20260509/oz/polybench_full/trisolv/465/universal/runs/run_001/stderr.txt,runtime timeout after 5.0s
external_runtime_polybench_full_wrap_10seeds_backend_oz_repeat1_adaptive5_20260509,oz,oz,polybench_full,deriche,,,none,baseline,1,ok,0.390558,0.45536887692287564,300.0,False,/root/exp/RFunipassLab/external_datasets/build/runtime_matched/external_runtime_polybench_full_wrap_10seeds_backend_oz_repeat1_adaptive5_20260509/oz/polybench_full/deriche/baseline/none/a.out,/root/exp/RFunipassLab/external_datasets/build/runtime_matched/external_runtime_polybench_full_wrap_10seeds_backend_oz_repeat1_adaptive5_20260509/oz/polybench_full/deriche/baseline/none/none_71f8e7976e4c.ll,/root/exp/RFunipassLab/external_datasets/build/runtime_matched/external_runtime_polybench_full_wrap_10seeds_backend_oz_repeat1_adaptive5_20260509/oz/polybench_full/deriche/baseline/none/runs/run_001/stdout.txt,/root/exp/RFunipassLab/external_datasets/build/runtime_matched/external_runtime_polybench_full_wrap_10seeds_backend_oz_repeat1_adaptive5_20260509/oz/polybench_full/deriche/baseline/none/runs/run_001/stderr.txt,
external_runtime_polybench_full_wrap_10seeds_backend_oz_repeat1_adaptive5_20260509,oz,oz,polybench_full,deriche,,,oz,baseline,1,ok,0.290129,0.32554829493165016,300.0,False,/root/exp/RFunipassLab/external_datasets/build/runtime_matched/external_runtime_polybench_full_wrap_10seeds_backend_oz_repeat1_adaptive5_20260509/oz/polybench_full/deriche/baseline/oz/a.out,/root/exp/RFunipassLab/external_datasets/build/runtime_matched/external_runtime_polybench_full_wrap_10seeds_backend_oz_repeat1_adaptive5_20260509/oz/polybench_full/deriche/baseline/oz/oz_d135b696b0fd.ll,/root/exp/RFunipassLab/external_datasets/build/runtime_matched/external_runtime_polybench_full_wrap_10seeds_backend_oz_repeat1_adaptive5_20260509/oz/polybench_full/deriche/baseline/oz/runs/run_001/stdout.txt,/root/exp/RFunipassLab/external_datasets/build/runtime_matched/external_runtime_polybench_full_wrap_10seeds_backend_oz_repeat1_adaptive5_20260509/oz/polybench_full/deriche/baseline/oz/runs/run_001/stderr.txt,
external_runtime_polybench_full_wrap_10seeds_backend_oz_repeat1_adaptive5_20260509,oz,oz,polybench_full,deriche,456,20260423_181846_349217_feature_lite_seed456,universal,rfunipass,1,failed,,,5.0,True,/root/exp/RFunipassLab/external_datasets/build/runtime_matched/external_runtime_polybench_full_wrap_10seeds_backend_oz_repeat1_adaptive5_20260509/oz/polybench_full/deriche/456/universal/a.out,/root/exp/RFunipassLab/external_datasets/build/runtime_matched/external_runtime_polybench_full_wrap_10seeds_backend_oz_repeat1_adaptive5_20260509/oz/polybench_full/deriche/456/universal/universal_1dd8ea870347.ll,/root/exp/RFunipassLab/external_datasets/build/runtime_matched/external_runtime_polybench_full_wrap_10seeds_backend_oz_repeat1_adaptive5_20260509/oz/polybench_full/deriche/456/universal/runs/run_001/stdout.txt,/root/exp/RFunipassLab/external_datasets/build/runtime_matched/external_runtime_polybench_full_wrap_10seeds_backend_oz_repeat1_adaptive5_20260509/oz/polybench_full/deriche/456/universal/runs/run_001/stderr.txt,runtime timeout after 5.0s
external_runtime_polybench_full_wrap_10seeds_backend_oz_repeat1_adaptive5_20260509,oz,oz,polybench_full,deriche,457,20260423_184811_146360_feature_lite_seed457,universal,rfunipass,1,failed,,,5.0,True,/root/exp/RFunipassLab/external_datasets/build/runtime_matched/external_runtime_polybench_full_wrap_10seeds_backend_oz_repeat1_adaptive5_20260509/oz/polybench_full/deriche/457/universal/a.out,/root/exp/RFunipassLab/external_datasets/build/runtime_matched/external_runtime_polybench_full_wrap_10seeds_backend_oz_repeat1_adaptive5_20260509/oz/polybench_full/deriche/457/universal/universal_468197d7c679.ll,/root/exp/RFunipassLab/external_datasets/build/runtime_matched/external_runtime_polybench_full_wrap_10seeds_backend_oz_repeat1_adaptive5_20260509/oz/polybench_full/deriche/457/universal/runs/run_001/stdout.txt,/root/exp/RFunipassLab/external_datasets/build/runtime_matched/external_runtime_polybench_full_wrap_10seeds_backend_oz_repeat1_adaptive5_20260509/oz/polybench_full/deriche/457/universal/runs/run_001/stderr.txt,runtime timeout after 5.0s
external_runtime_polybench_full_wrap_10seeds_backend_oz_repeat1_adaptive5_20260509,oz,oz,polybench_full,deriche,458,20260423_193326_468019_feature_lite_seed458,universal,rfunipass,1,failed,,,5.0,True,/root/exp/RFunipassLab/external_datasets/build/runtime_matched/external_runtime_polybench_full_wrap_10seeds_backend_oz_repeat1_adaptive5_20260509/oz/polybench_full/deriche/458/universal/a.out,/root/exp/RFunipassLab/external_datasets/build/runtime_matched/external_runtime_polybench_full_wrap_10seeds_backend_oz_repeat1_adaptive5_20260509/oz/polybench_full/deriche/458/universal/universal_bac1dd97c06b.ll,/root/exp/RFunipassLab/external_datasets/build/runtime_matched/external_runtime_polybench_full_wrap_10seeds_backend_oz_repeat1_adaptive5_20260509/oz/polybench_full/deriche/458/universal/runs/run_001/stdout.txt,/root/exp/RFunipassLab/external_datasets/build/runtime_matched/external_runtime_polybench_full_wrap_10seeds_backend_oz_repeat1_adaptive5_20260509/oz/polybench_full/deriche/458/universal/runs/run_001/stderr.txt,runtime timeout after 5.0s
external_runtime_polybench_full_wrap_10seeds_backend_oz_repeat1_adaptive5_20260509,oz,oz,polybench_full,deriche,459,20260423_203402_518521_feature_lite_seed459,universal,rfunipass,1,ok,0.281212,0.32599611789919436,5.0,False,/root/exp/RFunipassLab/external_datasets/build/runtime_matched/external_runtime_polybench_full_wrap_10seeds_backend_oz_repeat1_adaptive5_20260509/oz/polybench_full/deriche/459/universal/a.out,/root/exp/RFunipassLab/external_datasets/build/runtime_matched/external_runtime_polybench_full_wrap_10seeds_backend_oz_repeat1_adaptive5_20260509/oz/polybench_full/deriche/459/universal/universal_6d5271a22f91.ll,/root/exp/RFunipassLab/external_datasets/build/runtime_matched/external_runtime_polybench_full_wrap_10seeds_backend_oz_repeat1_adaptive5_20260509/oz/polybench_full/deriche/459/universal/runs/run_001/stdout.txt,/root/exp/RFunipassLab/external_datasets/build/runtime_matched/external_runtime_polybench_full_wrap_10seeds_backend_oz_repeat1_adaptive5_20260509/oz/polybench_full/deriche/459/universal/runs/run_001/stderr.txt,
external_runtime_polybench_full_wrap_10seeds_backend_oz_repeat1_adaptive5_20260509,oz,oz,polybench_full,deriche,460,20260423_205014_703926_feature_lite_seed460,universal,rfunipass,1,failed,,,5.0,True,/root/exp/RFunipassLab/external_datasets/build/runtime_matched/external_runtime_polybench_full_wrap_10seeds_backend_oz_repeat1_adaptive5_20260509/oz/polybench_full/deriche/460/universal/a.out,/root/exp/RFunipassLab/external_datasets/build/runtime_matched/external_runtime_polybench_full_wrap_10seeds_backend_oz_repeat1_adaptive5_20260509/oz/polybench_full/deriche/460/universal/universal_aa7d5985738b.ll,/root/exp/RFunipassLab/external_datasets/build/runtime_matched/external_runtime_polybench_full_wrap_10seeds_backend_oz_repeat1_adaptive5_20260509/oz/polybench_full/deriche/460/universal/runs/run_001/stdout.txt,/root/exp/RFunipassLab/external_datasets/build/runtime_matched/external_runtime_polybench_full_wrap_10seeds_backend_oz_repeat1_adaptive5_20260509/oz/polybench_full/deriche/460/universal/runs/run_001/stderr.txt,runtime timeout after 5.0s
external_runtime_polybench_full_wrap_10seeds_backend_oz_repeat1_adaptive5_20260509,oz,oz,polybench_full,deriche,461,20260423_211628_575222_feature_lite_seed461,universal,rfunipass,1,ok,0.281462,0.31467542494647205,5.0,False,/root/exp/RFunipassLab/external_datasets/build/runtime_matched/external_runtime_polybench_full_wrap_10seeds_backend_oz_repeat1_adaptive5_20260509/oz/polybench_full/deriche/461/universal/a.out,/root/exp/RFunipassLab/external_datasets/build/runtime_matched/external_runtime_polybench_full_wrap_10seeds_backend_oz_repeat1_adaptive5_20260509/oz/polybench_full/deriche/461/universal/universal_c3b20e7655ed.ll,/root/exp/RFunipassLab/external_datasets/build/runtime_matched/external_runtime_polybench_full_wrap_10seeds_backend_oz_repeat1_adaptive5_20260509/oz/polybench_full/deriche/461/universal/runs/run_001/stdout.txt,/root/exp/RFunipassLab/external_datasets/build/runtime_matched/external_runtime_polybench_full_wrap_10seeds_backend_oz_repeat1_adaptive5_20260509/oz/polybench_full/deriche/461/universal/runs/run_001/stderr.txt,
external_runtime_polybench_full_wrap_10seeds_backend_oz_repeat1_adaptive5_20260509,oz,oz,polybench_full,deriche,462,20260423_214113_355045_feature_lite_seed462,universal,rfunipass,1,failed,,,5.0,True,/root/exp/RFunipassLab/external_datasets/build/runtime_matched/external_runtime_polybench_full_wrap_10seeds_backend_oz_repeat1_adaptive5_20260509/oz/polybench_full/deriche/462/universal/a.out,/root/exp/RFunipassLab/external_datasets/build/runtime_matched/external_runtime_polybench_full_wrap_10seeds_backend_oz_repeat1_adaptive5_20260509/oz/polybench_full/deriche/462/universal/universal_4da41e9006a8.ll,/root/exp/RFunipassLab/external_datasets/build/runtime_matched/external_runtime_polybench_full_wrap_10seeds_backend_oz_repeat1_adaptive5_20260509/oz/polybench_full/deriche/462/universal/runs/run_001/stdout.txt,/root/exp/RFunipassLab/external_datasets/build/runtime_matched/external_runtime_polybench_full_wrap_10seeds_backend_oz_repeat1_adaptive5_20260509/oz/polybench_full/deriche/462/universal/runs/run_001/stderr.txt,runtime timeout after 5.0s
external_runtime_polybench_full_wrap_10seeds_backend_oz_repeat1_adaptive5_20260509,oz,oz,polybench_full,deriche,463,20260423_221353_240005_feature_lite_seed463,universal,rfunipass,1,failed,,,5.0,True,/root/exp/RFunipassLab/external_datasets/build/runtime_matched/external_runtime_polybench_full_wrap_10seeds_backend_oz_repeat1_adaptive5_20260509/oz/polybench_full/deriche/463/universal/a.out,/root/exp/RFunipassLab/external_datasets/build/runtime_matched/external_runtime_polybench_full_wrap_10seeds_backend_oz_repeat1_adaptive5_20260509/oz/polybench_full/deriche/463/universal/universal_3c6e71c0df8d.ll,/root/exp/RFunipassLab/external_datasets/build/runtime_matched/external_runtime_polybench_full_wrap_10seeds_backend_oz_repeat1_adaptive5_20260509/oz/polybench_full/deriche/463/universal/runs/run_001/stdout.txt,/root/exp/RFunipassLab/external_datasets/build/runtime_matched/external_runtime_polybench_full_wrap_10seeds_backend_oz_repeat1_adaptive5_20260509/oz/polybench_full/deriche/463/universal/runs/run_001/stderr.txt,runtime timeout after 5.0s
external_runtime_polybench_full_wrap_10seeds_backend_oz_repeat1_adaptive5_20260509,oz,oz,polybench_full,deriche,464,20260423_230444_536999_feature_lite_seed464,universal,rfunipass,1,failed,,,5.0,True,/root/exp/RFunipassLab/external_datasets/build/runtime_matched/external_runtime_polybench_full_wrap_10seeds_backend_oz_repeat1_adaptive5_20260509/oz/polybench_full/deriche/464/universal/a.out,/root/exp/RFunipassLab/external_datasets/build/runtime_matched/external_runtime_polybench_full_wrap_10seeds_backend_oz_repeat1_adaptive5_20260509/oz/polybench_full/deriche/464/universal/universal_58aea292ea66.ll,/root/exp/RFunipassLab/external_datasets/build/runtime_matched/external_runtime_polybench_full_wrap_10seeds_backend_oz_repeat1_adaptive5_20260509/oz/polybench_full/deriche/464/universal/runs/run_001/stdout.txt,/root/exp/RFunipassLab/external_datasets/build/runtime_matched/external_runtime_polybench_full_wrap_10seeds_backend_oz_repeat1_adaptive5_20260509/oz/polybench_full/deriche/464/universal/runs/run_001/stderr.txt,runtime timeout after 5.0s
external_runtime_polybench_full_wrap_10seeds_backend_oz_repeat1_adaptive5_20260509,oz,oz,polybench_full,deriche,465,20260423_231957_016941_feature_lite_seed465,universal,rfunipass,1,ok,1778324507.590484,0.3153966700192541,5.0,False,/root/exp/RFunipassLab/external_datasets/build/runtime_matched/external_runtime_polybench_full_wrap_10seeds_backend_oz_repeat1_adaptive5_20260509/oz/polybench_full/deriche/465/universal/a.out,/root/exp/RFunipassLab/external_datasets/build/runtime_matched/external_runtime_polybench_full_wrap_10seeds_backend_oz_repeat1_adaptive5_20260509/oz/polybench_full/deriche/465/universal/universal_e2fa59514181.ll,/root/exp/RFunipassLab/external_datasets/build/runtime_matched/external_runtime_polybench_full_wrap_10seeds_backend_oz_repeat1_adaptive5_20260509/oz/polybench_full/deriche/465/universal/runs/run_001/stdout.txt,/root/exp/RFunipassLab/external_datasets/build/runtime_matched/external_runtime_polybench_full_wrap_10seeds_backend_oz_repeat1_adaptive5_20260509/oz/polybench_full/deriche/465/universal/runs/run_001/stderr.txt,
external_runtime_polybench_full_wrap_10seeds_backend_oz_repeat1_adaptive5_20260509,oz,oz,polybench_full,floyd-warshall,,,none,baseline,1,ok,61.024074,61.09046324878,300.0,False,/root/exp/RFunipassLab/external_datasets/build/runtime_matched/external_runtime_polybench_full_wrap_10seeds_backend_oz_repeat1_adaptive5_20260509/oz/polybench_full/floyd-warshall/baseline/none/a.out,/root/exp/RFunipassLab/external_datasets/build/runtime_matched/external_runtime_polybench_full_wrap_10seeds_backend_oz_repeat1_adaptive5_20260509/oz/polybench_full/floyd-warshall/baseline/none/none_71f8e7976e4c.ll,/root/exp/RFunipassLab/external_datasets/build/runtime_matched/external_runtime_polybench_full_wrap_10seeds_backend_oz_repeat1_adaptive5_20260509/oz/polybench_full/floyd-warshall/baseline/none/runs/run_001/stdout.txt,/root/exp/RFunipassLab/external_datasets/build/runtime_matched/external_runtime_polybench_full_wrap_10seeds_backend_oz_repeat1_adaptive5_20260509/oz/polybench_full/floyd-warshall/baseline/none/runs/run_001/stderr.txt,
external_runtime_polybench_full_wrap_10seeds_backend_oz_repeat1_adaptive5_20260509,oz,oz,polybench_full,floyd-warshall,,,oz,baseline,1,ok,14.874585,14.923272646963596,300.0,False,/root/exp/RFunipassLab/external_datasets/build/runtime_matched/external_runtime_polybench_full_wrap_10seeds_backend_oz_repeat1_adaptive5_20260509/oz/polybench_full/floyd-warshall/baseline/oz/a.out,/root/exp/RFunipassLab/external_datasets/build/runtime_matched/external_runtime_polybench_full_wrap_10seeds_backend_oz_repeat1_adaptive5_20260509/oz/polybench_full/floyd-warshall/baseline/oz/oz_d135b696b0fd.ll,/root/exp/RFunipassLab/external_datasets/build/runtime_matched/external_runtime_polybench_full_wrap_10seeds_backend_oz_repeat1_adaptive5_20260509/oz/polybench_full/floyd-warshall/baseline/oz/runs/run_001/stdout.txt,/root/exp/RFunipassLab/external_datasets/build/runtime_matched/external_runtime_polybench_full_wrap_10seeds_backend_oz_repeat1_adaptive5_20260509/oz/polybench_full/floyd-warshall/baseline/oz/runs/run_001/stderr.txt,
external_runtime_polybench_full_wrap_10seeds_backend_oz_repeat1_adaptive5_20260509,oz,oz,polybench_full,floyd-warshall,456,20260423_181846_349217_feature_lite_seed456,universal,rfunipass,1,failed,,,74.372925,True,/root/exp/RFunipassLab/external_datasets/build/runtime_matched/external_runtime_polybench_full_wrap_10seeds_backend_oz_repeat1_adaptive5_20260509/oz/polybench_full/floyd-warshall/456/universal/a.out,/root/exp/RFunipassLab/external_datasets/build/runtime_matched/external_runtime_polybench_full_wrap_10seeds_backend_oz_repeat1_adaptive5_20260509/oz/polybench_full/floyd-warshall/456/universal/universal_1dd8ea870347.ll,/root/exp/RFunipassLab/external_datasets/build/runtime_matched/external_runtime_polybench_full_wrap_10seeds_backend_oz_repeat1_adaptive5_20260509/oz/polybench_full/floyd-warshall/456/universal/runs/run_001/stdout.txt,/root/exp/RFunipassLab/external_datasets/build/runtime_matched/external_runtime_polybench_full_wrap_10seeds_backend_oz_repeat1_adaptive5_20260509/oz/polybench_full/floyd-warshall/456/universal/runs/run_001/stderr.txt,runtime timeout after 74.372925s
external_runtime_polybench_full_wrap_10seeds_backend_oz_repeat1_adaptive5_20260509,oz,oz,polybench_full,floyd-warshall,457,20260423_184811_146360_feature_lite_seed457,universal,rfunipass,1,failed,,,74.372925,False,/root/exp/RFunipassLab/external_datasets/build/runtime_matched/external_runtime_polybench_full_wrap_10seeds_backend_oz_repeat1_adaptive5_20260509/oz/polybench_full/floyd-warshall/457/universal/a.out,/root/exp/RFunipassLab/external_datasets/build/runtime_matched/external_runtime_polybench_full_wrap_10seeds_backend_oz_repeat1_adaptive5_20260509/oz/polybench_full/floyd-warshall/457/universal/universal_468197d7c679.ll,/root/exp/RFunipassLab/external_datasets/build/runtime_matched/external_runtime_polybench_full_wrap_10seeds_backend_oz_repeat1_adaptive5_20260509/oz/polybench_full/floyd-warshall/457/universal/runs/run_001/stdout.txt,/root/exp/RFunipassLab/external_datasets/build/runtime_matched/external_runtime_polybench_full_wrap_10seeds_backend_oz_repeat1_adaptive5_20260509/oz/polybench_full/floyd-warshall/457/universal/runs/run_001/stderr.txt,binary exited with returncode=-11
external_runtime_polybench_full_wrap_10seeds_backend_oz_repeat1_adaptive5_20260509,oz,oz,polybench_full,floyd-warshall,458,20260423_193326_468019_feature_lite_seed458,universal,rfunipass,1,failed,,,74.372925,False,/root/exp/RFunipassLab/external_datasets/build/runtime_matched/external_runtime_polybench_full_wrap_10seeds_backend_oz_repeat1_adaptive5_20260509/oz/polybench_full/floyd-warshall/458/universal/a.out,/root/exp/RFunipassLab/external_datasets/build/runtime_matched/external_runtime_polybench_full_wrap_10seeds_backend_oz_repeat1_adaptive5_20260509/oz/polybench_full/floyd-warshall/458/universal/universal_bac1dd97c06b.ll,/root/exp/RFunipassLab/external_datasets/build/runtime_matched/external_runtime_polybench_full_wrap_10seeds_backend_oz_repeat1_adaptive5_20260509/oz/polybench_full/floyd-warshall/458/universal/runs/run_001/stdout.txt,/root/exp/RFunipassLab/external_datasets/build/runtime_matched/external_runtime_polybench_full_wrap_10seeds_backend_oz_repeat1_adaptive5_20260509/oz/polybench_full/floyd-warshall/458/universal/runs/run_001/stderr.txt,binary exited with returncode=-11
external_runtime_polybench_full_wrap_10seeds_backend_oz_repeat1_adaptive5_20260509,oz,oz,polybench_full,floyd-warshall,459,20260423_203402_518521_feature_lite_seed459,universal,rfunipass,1,failed,,,74.372925,False,/root/exp/RFunipassLab/external_datasets/build/runtime_matched/external_runtime_polybench_full_wrap_10seeds_backend_oz_repeat1_adaptive5_20260509/oz/polybench_full/floyd-warshall/459/universal/a.out,/root/exp/RFunipassLab/external_datasets/build/runtime_matched/external_runtime_polybench_full_wrap_10seeds_backend_oz_repeat1_adaptive5_20260509/oz/polybench_full/floyd-warshall/459/universal/universal_6d5271a22f91.ll,/root/exp/RFunipassLab/external_datasets/build/runtime_matched/external_runtime_polybench_full_wrap_10seeds_backend_oz_repeat1_adaptive5_20260509/oz/polybench_full/floyd-warshall/459/universal/runs/run_001/stdout.txt,/root/exp/RFunipassLab/external_datasets/build/runtime_matched/external_runtime_polybench_full_wrap_10seeds_backend_oz_repeat1_adaptive5_20260509/oz/polybench_full/floyd-warshall/459/universal/runs/run_001/stderr.txt,binary exited with returncode=-11
external_runtime_polybench_full_wrap_10seeds_backend_oz_repeat1_adaptive5_20260509,oz,oz,polybench_full,floyd-warshall,460,20260423_205014_703926_feature_lite_seed460,universal,rfunipass,1,failed,,,74.372925,False,/root/exp/RFunipassLab/external_datasets/build/runtime_matched/external_runtime_polybench_full_wrap_10seeds_backend_oz_repeat1_adaptive5_20260509/oz/polybench_full/floyd-warshall/460/universal/a.out,/root/exp/RFunipassLab/external_datasets/build/runtime_matched/external_runtime_polybench_full_wrap_10seeds_backend_oz_repeat1_adaptive5_20260509/oz/polybench_full/floyd-warshall/460/universal/universal_aa7d5985738b.ll,/root/exp/RFunipassLab/external_datasets/build/runtime_matched/external_runtime_polybench_full_wrap_10seeds_backend_oz_repeat1_adaptive5_20260509/oz/polybench_full/floyd-warshall/460/universal/runs/run_001/stdout.txt,/root/exp/RFunipassLab/external_datasets/build/runtime_matched/external_runtime_polybench_full_wrap_10seeds_backend_oz_repeat1_adaptive5_20260509/oz/polybench_full/floyd-warshall/460/universal/runs/run_001/stderr.txt,binary exited with returncode=-11
external_runtime_polybench_full_wrap_10seeds_backend_oz_repeat1_adaptive5_20260509,oz,oz,polybench_full,floyd-warshall,461,20260423_211628_575222_feature_lite_seed461,universal,rfunipass,1,failed,,,74.372925,False,/root/exp/RFunipassLab/external_datasets/build/runtime_matched/external_runtime_polybench_full_wrap_10seeds_backend_oz_repeat1_adaptive5_20260509/oz/polybench_full/floyd-warshall/461/universal/a.out,/root/exp/RFunipassLab/external_datasets/build/runtime_matched/external_runtime_polybench_full_wrap_10seeds_backend_oz_repeat1_adaptive5_20260509/oz/polybench_full/floyd-warshall/461/universal/universal_c3b20e7655ed.ll,/root/exp/RFunipassLab/external_datasets/build/runtime_matched/external_runtime_polybench_full_wrap_10seeds_backend_oz_repeat1_adaptive5_20260509/oz/polybench_full/floyd-warshall/461/universal/runs/run_001/stdout.txt,/root/exp/RFunipassLab/external_datasets/build/runtime_matched/external_runtime_polybench_full_wrap_10seeds_backend_oz_repeat1_adaptive5_20260509/oz/polybench_full/floyd-warshall/461/universal/runs/run_001/stderr.txt,binary exited with returncode=-11
external_runtime_polybench_full_wrap_10seeds_backend_oz_repeat1_adaptive5_20260509,oz,oz,polybench_full,floyd-warshall,462,20260423_214113_355045_feature_lite_seed462,universal,rfunipass,1,failed,,,74.372925,False,/root/exp/RFunipassLab/external_datasets/build/runtime_matched/external_runtime_polybench_full_wrap_10seeds_backend_oz_repeat1_adaptive5_20260509/oz/polybench_full/floyd-warshall/462/universal/a.out,/root/exp/RFunipassLab/external_datasets/build/runtime_matched/external_runtime_polybench_full_wrap_10seeds_backend_oz_repeat1_adaptive5_20260509/oz/polybench_full/floyd-warshall/462/universal/universal_4da41e9006a8.ll,/root/exp/RFunipassLab/external_datasets/build/runtime_matched/external_runtime_polybench_full_wrap_10seeds_backend_oz_repeat1_adaptive5_20260509/oz/polybench_full/floyd-warshall/462/universal/runs/run_001/stdout.txt,/root/exp/RFunipassLab/external_datasets/build/runtime_matched/external_runtime_polybench_full_wrap_10seeds_backend_oz_repeat1_adaptive5_20260509/oz/polybench_full/floyd-warshall/462/universal/runs/run_001/stderr.txt,binary exited with returncode=-11
external_runtime_polybench_full_wrap_10seeds_backend_oz_repeat1_adaptive5_20260509,oz,oz,polybench_full,floyd-warshall,463,20260423_221353_240005_feature_lite_seed463,universal,rfunipass,1,failed,,,74.372925,True,/root/exp/RFunipassLab/external_datasets/build/runtime_matched/external_runtime_polybench_full_wrap_10seeds_backend_oz_repeat1_adaptive5_20260509/oz/polybench_full/floyd-warshall/463/universal/a.out,/root/exp/RFunipassLab/external_datasets/build/runtime_matched/external_runtime_polybench_full_wrap_10seeds_backend_oz_repeat1_adaptive5_20260509/oz/polybench_full/floyd-warshall/463/universal/universal_3c6e71c0df8d.ll,/root/exp/RFunipassLab/external_datasets/build/runtime_matched/external_runtime_polybench_full_wrap_10seeds_backend_oz_repeat1_adaptive5_20260509/oz/polybench_full/floyd-warshall/463/universal/runs/run_001/stdout.txt,/root/exp/RFunipassLab/external_datasets/build/runtime_matched/external_runtime_polybench_full_wrap_10seeds_backend_oz_repeat1_adaptive5_20260509/oz/polybench_full/floyd-warshall/463/universal/runs/run_001/stderr.txt,runtime timeout after 74.372925s
external_runtime_polybench_full_wrap_10seeds_backend_oz_repeat1_adaptive5_20260509,oz,oz,polybench_full,floyd-warshall,464,20260423_230444_536999_feature_lite_seed464,universal,rfunipass,1,failed,,,74.372925,True,/root/exp/RFunipassLab/external_datasets/build/runtime_matched/external_runtime_polybench_full_wrap_10seeds_backend_oz_repeat1_adaptive5_20260509/oz/polybench_full/floyd-warshall/464/universal/a.out,/root/exp/RFunipassLab/external_datasets/build/runtime_matched/external_runtime_polybench_full_wrap_10seeds_backend_oz_repeat1_adaptive5_20260509/oz/polybench_full/floyd-warshall/464/universal/universal_58aea292ea66.ll,/root/exp/RFunipassLab/external_datasets/build/runtime_matched/external_runtime_polybench_full_wrap_10seeds_backend_oz_repeat1_adaptive5_20260509/oz/polybench_full/floyd-warshall/464/universal/runs/run_001/stdout.txt,/root/exp/RFunipassLab/external_datasets/build/runtime_matched/external_runtime_polybench_full_wrap_10seeds_backend_oz_repeat1_adaptive5_20260509/oz/polybench_full/floyd-warshall/464/universal/runs/run_001/stderr.txt,runtime timeout after 74.372925s
external_runtime_polybench_full_wrap_10seeds_backend_oz_repeat1_adaptive5_20260509,oz,oz,polybench_full,floyd-warshall,465,20260423_231957_016941_feature_lite_seed465,universal,rfunipass,1,failed,,,74.372925,False,/root/exp/RFunipassLab/external_datasets/build/runtime_matched/external_runtime_polybench_full_wrap_10seeds_backend_oz_repeat1_adaptive5_20260509/oz/polybench_full/floyd-warshall/465/universal/a.out,/root/exp/RFunipassLab/external_datasets/build/runtime_matched/external_runtime_polybench_full_wrap_10seeds_backend_oz_repeat1_adaptive5_20260509/oz/polybench_full/floyd-warshall/465/universal/universal_e2fa59514181.ll,/root/exp/RFunipassLab/external_datasets/build/runtime_matched/external_runtime_polybench_full_wrap_10seeds_backend_oz_repeat1_adaptive5_20260509/oz/polybench_full/floyd-warshall/465/universal/runs/run_001/stdout.txt,/root/exp/RFunipassLab/external_datasets/build/runtime_matched/external_runtime_polybench_full_wrap_10seeds_backend_oz_repeat1_adaptive5_20260509/oz/polybench_full/floyd-warshall/465/universal/runs/run_001/stderr.txt,binary exited with returncode=-11
external_runtime_polybench_full_wrap_10seeds_backend_oz_repeat1_adaptive5_20260509,oz,oz,polybench_full,nussinov,,,none,baseline,1,ok,9.330667,9.38192505785264,300.0,False,/root/exp/RFunipassLab/external_datasets/build/runtime_matched/external_runtime_polybench_full_wrap_10seeds_backend_oz_repeat1_adaptive5_20260509/oz/polybench_full/nussinov/baseline/none/a.out,/root/exp/RFunipassLab/external_datasets/build/runtime_matched/external_runtime_polybench_full_wrap_10seeds_backend_oz_repeat1_adaptive5_20260509/oz/polybench_full/nussinov/baseline/none/none_71f8e7976e4c.ll,/root/exp/RFunipassLab/external_datasets/build/runtime_matched/external_runtime_polybench_full_wrap_10seeds_backend_oz_repeat1_adaptive5_20260509/oz/polybench_full/nussinov/baseline/none/runs/run_001/stdout.txt,/root/exp/RFunipassLab/external_datasets/build/runtime_matched/external_runtime_polybench_full_wrap_10seeds_backend_oz_repeat1_adaptive5_20260509/oz/polybench_full/nussinov/baseline/none/runs/run_001/stderr.txt,
external_runtime_polybench_full_wrap_10seeds_backend_oz_repeat1_adaptive5_20260509,oz,oz,polybench_full,nussinov,,,oz,baseline,1,ok,3.580643,3.6020341890398413,300.0,False,/root/exp/RFunipassLab/external_datasets/build/runtime_matched/external_runtime_polybench_full_wrap_10seeds_backend_oz_repeat1_adaptive5_20260509/oz/polybench_full/nussinov/baseline/oz/a.out,/root/exp/RFunipassLab/external_datasets/build/runtime_matched/external_runtime_polybench_full_wrap_10seeds_backend_oz_repeat1_adaptive5_20260509/oz/polybench_full/nussinov/baseline/oz/oz_d135b696b0fd.ll,/root/exp/RFunipassLab/external_datasets/build/runtime_matched/external_runtime_polybench_full_wrap_10seeds_backend_oz_repeat1_adaptive5_20260509/oz/polybench_full/nussinov/baseline/oz/runs/run_001/stdout.txt,/root/exp/RFunipassLab/external_datasets/build/runtime_matched/external_runtime_polybench_full_wrap_10seeds_backend_oz_repeat1_adaptive5_20260509/oz/polybench_full/nussinov/baseline/oz/runs/run_001/stderr.txt,
external_runtime_polybench_full_wrap_10seeds_backend_oz_repeat1_adaptive5_20260509,oz,oz,polybench_full,nussinov,456,20260423_181846_349217_feature_lite_seed456,universal,rfunipass,1,ok,3.325257,3.350057950010523,17.903215,False,/root/exp/RFunipassLab/external_datasets/build/runtime_matched/external_runtime_polybench_full_wrap_10seeds_backend_oz_repeat1_adaptive5_20260509/oz/polybench_full/nussinov/456/universal/a.out,/root/exp/RFunipassLab/external_datasets/build/runtime_matched/external_runtime_polybench_full_wrap_10seeds_backend_oz_repeat1_adaptive5_20260509/oz/polybench_full/nussinov/456/universal/universal_1dd8ea870347.ll,/root/exp/RFunipassLab/external_datasets/build/runtime_matched/external_runtime_polybench_full_wrap_10seeds_backend_oz_repeat1_adaptive5_20260509/oz/polybench_full/nussinov/456/universal/runs/run_001/stdout.txt,/root/exp/RFunipassLab/external_datasets/build/runtime_matched/external_runtime_polybench_full_wrap_10seeds_backend_oz_repeat1_adaptive5_20260509/oz/polybench_full/nussinov/456/universal/runs/run_001/stderr.txt,
external_runtime_polybench_full_wrap_10seeds_backend_oz_repeat1_adaptive5_20260509,oz,oz,polybench_full,nussinov,457,20260423_184811_146360_feature_lite_seed457,universal,rfunipass,1,ok,3.461113,3.476945628877729,17.903215,False,/root/exp/RFunipassLab/external_datasets/build/runtime_matched/external_runtime_polybench_full_wrap_10seeds_backend_oz_repeat1_adaptive5_20260509/oz/polybench_full/nussinov/457/universal/a.out,/root/exp/RFunipassLab/external_datasets/build/runtime_matched/external_runtime_polybench_full_wrap_10seeds_backend_oz_repeat1_adaptive5_20260509/oz/polybench_full/nussinov/457/universal/universal_468197d7c679.ll,/root/exp/RFunipassLab/external_datasets/build/runtime_matched/external_runtime_polybench_full_wrap_10seeds_backend_oz_repeat1_adaptive5_20260509/oz/polybench_full/nussinov/457/universal/runs/run_001/stdout.txt,/root/exp/RFunipassLab/external_datasets/build/runtime_matched/external_runtime_polybench_full_wrap_10seeds_backend_oz_repeat1_adaptive5_20260509/oz/polybench_full/nussinov/457/universal/runs/run_001/stderr.txt,
external_runtime_polybench_full_wrap_10seeds_backend_oz_repeat1_adaptive5_20260509,oz,oz,polybench_full,nussinov,458,20260423_193326_468019_feature_lite_seed458,universal,rfunipass,1,ok,3.455589,3.482318288879469,17.903215,False,/root/exp/RFunipassLab/external_datasets/build/runtime_matched/external_runtime_polybench_full_wrap_10seeds_backend_oz_repeat1_adaptive5_20260509/oz/polybench_full/nussinov/458/universal/a.out,/root/exp/RFunipassLab/external_datasets/build/runtime_matched/external_runtime_polybench_full_wrap_10seeds_backend_oz_repeat1_adaptive5_20260509/oz/polybench_full/nussinov/458/universal/universal_bac1dd97c06b.ll,/root/exp/RFunipassLab/external_datasets/build/runtime_matched/external_runtime_polybench_full_wrap_10seeds_backend_oz_repeat1_adaptive5_20260509/oz/polybench_full/nussinov/458/universal/runs/run_001/stdout.txt,/root/exp/RFunipassLab/external_datasets/build/runtime_matched/external_runtime_polybench_full_wrap_10seeds_backend_oz_repeat1_adaptive5_20260509/oz/polybench_full/nussinov/458/universal/runs/run_001/stderr.txt,
external_runtime_polybench_full_wrap_10seeds_backend_oz_repeat1_adaptive5_20260509,oz,oz,polybench_full,nussinov,459,20260423_203402_518521_feature_lite_seed459,universal,rfunipass,1,ok,3.367786,3.392633109120652,17.903215,False,/root/exp/RFunipassLab/external_datasets/build/runtime_matched/external_runtime_polybench_full_wrap_10seeds_backend_oz_repeat1_adaptive5_20260509/oz/polybench_full/nussinov/459/universal/a.out,/root/exp/RFunipassLab/external_datasets/build/runtime_matched/external_runtime_polybench_full_wrap_10seeds_backend_oz_repeat1_adaptive5_20260509/oz/polybench_full/nussinov/459/universal/universal_6d5271a22f91.ll,/root/exp/RFunipassLab/external_datasets/build/runtime_matched/external_runtime_polybench_full_wrap_10seeds_backend_oz_repeat1_adaptive5_20260509/oz/polybench_full/nussinov/459/universal/runs/run_001/stdout.txt,/root/exp/RFunipassLab/external_datasets/build/runtime_matched/external_runtime_polybench_full_wrap_10seeds_backend_oz_repeat1_adaptive5_20260509/oz/polybench_full/nussinov/459/universal/runs/run_001/stderr.txt,
external_runtime_polybench_full_wrap_10seeds_backend_oz_repeat1_adaptive5_20260509,oz,oz,polybench_full,nussinov,460,20260423_205014_703926_feature_lite_seed460,universal,rfunipass,1,ok,3.507545,3.5321024088189006,17.903215,False,/root/exp/RFunipassLab/external_datasets/build/runtime_matched/external_runtime_polybench_full_wrap_10seeds_backend_oz_repeat1_adaptive5_20260509/oz/polybench_full/nussinov/460/universal/a.out,/root/exp/RFunipassLab/external_datasets/build/runtime_matched/external_runtime_polybench_full_wrap_10seeds_backend_oz_repeat1_adaptive5_20260509/oz/polybench_full/nussinov/460/universal/universal_aa7d5985738b.ll,/root/exp/RFunipassLab/external_datasets/build/runtime_matched/external_runtime_polybench_full_wrap_10seeds_backend_oz_repeat1_adaptive5_20260509/oz/polybench_full/nussinov/460/universal/runs/run_001/stdout.txt,/root/exp/RFunipassLab/external_datasets/build/runtime_matched/external_runtime_polybench_full_wrap_10seeds_backend_oz_repeat1_adaptive5_20260509/oz/polybench_full/nussinov/460/universal/runs/run_001/stderr.txt,
external_runtime_polybench_full_wrap_10seeds_backend_oz_repeat1_adaptive5_20260509,oz,oz,polybench_full,nussinov,461,20260423_211628_575222_feature_lite_seed461,universal,rfunipass,1,ok,3.516975,3.53620760794729,17.903215,False,/root/exp/RFunipassLab/external_datasets/build/runtime_matched/external_runtime_polybench_full_wrap_10seeds_backend_oz_repeat1_adaptive5_20260509/oz/polybench_full/nussinov/461/universal/a.out,/root/exp/RFunipassLab/external_datasets/build/runtime_matched/external_runtime_polybench_full_wrap_10seeds_backend_oz_repeat1_adaptive5_20260509/oz/polybench_full/nussinov/461/universal/universal_c3b20e7655ed.ll,/root/exp/RFunipassLab/external_datasets/build/runtime_matched/external_runtime_polybench_full_wrap_10seeds_backend_oz_repeat1_adaptive5_20260509/oz/polybench_full/nussinov/461/universal/runs/run_001/stdout.txt,/root/exp/RFunipassLab/external_datasets/build/runtime_matched/external_runtime_polybench_full_wrap_10seeds_backend_oz_repeat1_adaptive5_20260509/oz/polybench_full/nussinov/461/universal/runs/run_001/stderr.txt,
external_runtime_polybench_full_wrap_10seeds_backend_oz_repeat1_adaptive5_20260509,oz,oz,polybench_full,nussinov,462,20260423_214113_355045_feature_lite_seed462,universal,rfunipass,1,ok,3.513251,3.540861363057047,17.903215,False,/root/exp/RFunipassLab/external_datasets/build/runtime_matched/external_runtime_polybench_full_wrap_10seeds_backend_oz_repeat1_adaptive5_20260509/oz/polybench_full/nussinov/462/universal/a.out,/root/exp/RFunipassLab/external_datasets/build/runtime_matched/external_runtime_polybench_full_wrap_10seeds_backend_oz_repeat1_adaptive5_20260509/oz/polybench_full/nussinov/462/universal/universal_4da41e9006a8.ll,/root/exp/RFunipassLab/external_datasets/build/runtime_matched/external_runtime_polybench_full_wrap_10seeds_backend_oz_repeat1_adaptive5_20260509/oz/polybench_full/nussinov/462/universal/runs/run_001/stdout.txt,/root/exp/RFunipassLab/external_datasets/build/runtime_matched/external_runtime_polybench_full_wrap_10seeds_backend_oz_repeat1_adaptive5_20260509/oz/polybench_full/nussinov/462/universal/runs/run_001/stderr.txt,
external_runtime_polybench_full_wrap_10seeds_backend_oz_repeat1_adaptive5_20260509,oz,oz,polybench_full,nussinov,463,20260423_221353_240005_feature_lite_seed463,universal,rfunipass,1,ok,3.442944,3.4698889781720936,17.903215,False,/root/exp/RFunipassLab/external_datasets/build/runtime_matched/external_runtime_polybench_full_wrap_10seeds_backend_oz_repeat1_adaptive5_20260509/oz/polybench_full/nussinov/463/universal/a.out,/root/exp/RFunipassLab/external_datasets/build/runtime_matched/external_runtime_polybench_full_wrap_10seeds_backend_oz_repeat1_adaptive5_20260509/oz/polybench_full/nussinov/463/universal/universal_3c6e71c0df8d.ll,/root/exp/RFunipassLab/external_datasets/build/runtime_matched/external_runtime_polybench_full_wrap_10seeds_backend_oz_repeat1_adaptive5_20260509/oz/polybench_full/nussinov/463/universal/runs/run_001/stdout.txt,/root/exp/RFunipassLab/external_datasets/build/runtime_matched/external_runtime_polybench_full_wrap_10seeds_backend_oz_repeat1_adaptive5_20260509/oz/polybench_full/nussinov/463/universal/runs/run_001/stderr.txt,
external_runtime_polybench_full_wrap_10seeds_backend_oz_repeat1_adaptive5_20260509,oz,oz,polybench_full,nussinov,464,20260423_230444_536999_feature_lite_seed464,universal,rfunipass,1,ok,3.614764,3.64268182287924,17.903215,False,/root/exp/RFunipassLab/external_datasets/build/runtime_matched/external_runtime_polybench_full_wrap_10seeds_backend_oz_repeat1_adaptive5_20260509/oz/polybench_full/nussinov/464/universal/a.out,/root/exp/RFunipassLab/external_datasets/build/runtime_matched/external_runtime_polybench_full_wrap_10seeds_backend_oz_repeat1_adaptive5_20260509/oz/polybench_full/nussinov/464/universal/universal_58aea292ea66.ll,/root/exp/RFunipassLab/external_datasets/build/runtime_matched/external_runtime_polybench_full_wrap_10seeds_backend_oz_repeat1_adaptive5_20260509/oz/polybench_full/nussinov/464/universal/runs/run_001/stdout.txt,/root/exp/RFunipassLab/external_datasets/build/runtime_matched/external_runtime_polybench_full_wrap_10seeds_backend_oz_repeat1_adaptive5_20260509/oz/polybench_full/nussinov/464/universal/runs/run_001/stderr.txt,
external_runtime_polybench_full_wrap_10seeds_backend_oz_repeat1_adaptive5_20260509,oz,oz,polybench_full,nussinov,465,20260423_231957_016941_feature_lite_seed465,universal,rfunipass,1,ok,3.390811,3.4068711490835994,17.903215,False,/root/exp/RFunipassLab/external_datasets/build/runtime_matched/external_runtime_polybench_full_wrap_10seeds_backend_oz_repeat1_adaptive5_20260509/oz/polybench_full/nussinov/465/universal/a.out,/root/exp/RFunipassLab/external_datasets/build/runtime_matched/external_runtime_polybench_full_wrap_10seeds_backend_oz_repeat1_adaptive5_20260509/oz/polybench_full/nussinov/465/universal/universal_e2fa59514181.ll,/root/exp/RFunipassLab/external_datasets/build/runtime_matched/external_runtime_polybench_full_wrap_10seeds_backend_oz_repeat1_adaptive5_20260509/oz/polybench_full/nussinov/465/universal/runs/run_001/stdout.txt,/root/exp/RFunipassLab/external_datasets/build/runtime_matched/external_runtime_polybench_full_wrap_10seeds_backend_oz_repeat1_adaptive5_20260509/oz/polybench_full/nussinov/465/universal/runs/run_001/stderr.txt,
external_runtime_polybench_full_wrap_10seeds_backend_oz_repeat1_adaptive5_20260509,oz,oz,polybench_full,adi,,,none,baseline,1,ok,14.738821,14.769770468818024,300.0,False,/root/exp/RFunipassLab/external_datasets/build/runtime_matched/external_runtime_polybench_full_wrap_10seeds_backend_oz_repeat1_adaptive5_20260509/oz/polybench_full/adi/baseline/none/a.out,/root/exp/RFunipassLab/external_datasets/build/runtime_matched/external_runtime_polybench_full_wrap_10seeds_backend_oz_repeat1_adaptive5_20260509/oz/polybench_full/adi/baseline/none/none_71f8e7976e4c.ll,/root/exp/RFunipassLab/external_datasets/build/runtime_matched/external_runtime_polybench_full_wrap_10seeds_backend_oz_repeat1_adaptive5_20260509/oz/polybench_full/adi/baseline/none/runs/run_001/stdout.txt,/root/exp/RFunipassLab/external_datasets/build/runtime_matched/external_runtime_polybench_full_wrap_10seeds_backend_oz_repeat1_adaptive5_20260509/oz/polybench_full/adi/baseline/none/runs/run_001/stderr.txt,
external_runtime_polybench_full_wrap_10seeds_backend_oz_repeat1_adaptive5_20260509,oz,oz,polybench_full,adi,,,oz,baseline,1,ok,14.818982,14.83026014897041,300.0,False,/root/exp/RFunipassLab/external_datasets/build/runtime_matched/external_runtime_polybench_full_wrap_10seeds_backend_oz_repeat1_adaptive5_20260509/oz/polybench_full/adi/baseline/oz/a.out,/root/exp/RFunipassLab/external_datasets/build/runtime_matched/external_runtime_polybench_full_wrap_10seeds_backend_oz_repeat1_adaptive5_20260509/oz/polybench_full/adi/baseline/oz/oz_d135b696b0fd.ll,/root/exp/RFunipassLab/external_datasets/build/runtime_matched/external_runtime_polybench_full_wrap_10seeds_backend_oz_repeat1_adaptive5_20260509/oz/polybench_full/adi/baseline/oz/runs/run_001/stdout.txt,/root/exp/RFunipassLab/external_datasets/build/runtime_matched/external_runtime_polybench_full_wrap_10seeds_backend_oz_repeat1_adaptive5_20260509/oz/polybench_full/adi/baseline/oz/runs/run_001/stderr.txt,
external_runtime_polybench_full_wrap_10seeds_backend_oz_repeat1_adaptive5_20260509,oz,oz,polybench_full,adi,456,20260423_181846_349217_feature_lite_seed456,universal,rfunipass,1,failed,,,74.09491,True,/root/exp/RFunipassLab/external_datasets/build/runtime_matched/external_runtime_polybench_full_wrap_10seeds_backend_oz_repeat1_adaptive5_20260509/oz/polybench_full/adi/456/universal/a.out,/root/exp/RFunipassLab/external_datasets/build/runtime_matched/external_runtime_polybench_full_wrap_10seeds_backend_oz_repeat1_adaptive5_20260509/oz/polybench_full/adi/456/universal/universal_1dd8ea870347.ll,/root/exp/RFunipassLab/external_datasets/build/runtime_matched/external_runtime_polybench_full_wrap_10seeds_backend_oz_repeat1_adaptive5_20260509/oz/polybench_full/adi/456/universal/runs/run_001/stdout.txt,/root/exp/RFunipassLab/external_datasets/build/runtime_matched/external_runtime_polybench_full_wrap_10seeds_backend_oz_repeat1_adaptive5_20260509/oz/polybench_full/adi/456/universal/runs/run_001/stderr.txt,runtime timeout after 74.09491s
external_runtime_polybench_full_wrap_10seeds_backend_oz_repeat1_adaptive5_20260509,oz,oz,polybench_full,adi,457,20260423_184811_146360_feature_lite_seed457,universal,rfunipass,1,failed,,,74.09491,True,/root/exp/RFunipassLab/external_datasets/build/runtime_matched/external_runtime_polybench_full_wrap_10seeds_backend_oz_repeat1_adaptive5_20260509/oz/polybench_full/adi/457/universal/a.out,/root/exp/RFunipassLab/external_datasets/build/runtime_matched/external_runtime_polybench_full_wrap_10seeds_backend_oz_repeat1_adaptive5_20260509/oz/polybench_full/adi/457/universal/universal_468197d7c679.ll,/root/exp/RFunipassLab/external_datasets/build/runtime_matched/external_runtime_polybench_full_wrap_10seeds_backend_oz_repeat1_adaptive5_20260509/oz/polybench_full/adi/457/universal/runs/run_001/stdout.txt,/root/exp/RFunipassLab/external_datasets/build/runtime_matched/external_runtime_polybench_full_wrap_10seeds_backend_oz_repeat1_adaptive5_20260509/oz/polybench_full/adi/457/universal/runs/run_001/stderr.txt,runtime timeout after 74.09491s
external_runtime_polybench_full_wrap_10seeds_backend_oz_repeat1_adaptive5_20260509,oz,oz,polybench_full,adi,458,20260423_193326_468019_feature_lite_seed458,universal,rfunipass,1,failed,,,74.09491,False,/root/exp/RFunipassLab/external_datasets/build/runtime_matched/external_runtime_polybench_full_wrap_10seeds_backend_oz_repeat1_adaptive5_20260509/oz/polybench_full/adi/458/universal/a.out,/root/exp/RFunipassLab/external_datasets/build/runtime_matched/external_runtime_polybench_full_wrap_10seeds_backend_oz_repeat1_adaptive5_20260509/oz/polybench_full/adi/458/universal/universal_bac1dd97c06b.ll,/root/exp/RFunipassLab/external_datasets/build/runtime_matched/external_runtime_polybench_full_wrap_10seeds_backend_oz_repeat1_adaptive5_20260509/oz/polybench_full/adi/458/universal/runs/run_001/stdout.txt,/root/exp/RFunipassLab/external_datasets/build/runtime_matched/external_runtime_polybench_full_wrap_10seeds_backend_oz_repeat1_adaptive5_20260509/oz/polybench_full/adi/458/universal/runs/run_001/stderr.txt,binary exited with returncode=-11
external_runtime_polybench_full_wrap_10seeds_backend_oz_repeat1_adaptive5_20260509,oz,oz,polybench_full,adi,459,20260423_203402_518521_feature_lite_seed459,universal,rfunipass,1,ok,14.755102,14.773377432953566,74.09491,False,/root/exp/RFunipassLab/external_datasets/build/runtime_matched/external_runtime_polybench_full_wrap_10seeds_backend_oz_repeat1_adaptive5_20260509/oz/polybench_full/adi/459/universal/a.out,/root/exp/RFunipassLab/external_datasets/build/runtime_matched/external_runtime_polybench_full_wrap_10seeds_backend_oz_repeat1_adaptive5_20260509/oz/polybench_full/adi/459/universal/universal_6d5271a22f91.ll,/root/exp/RFunipassLab/external_datasets/build/runtime_matched/external_runtime_polybench_full_wrap_10seeds_backend_oz_repeat1_adaptive5_20260509/oz/polybench_full/adi/459/universal/runs/run_001/stdout.txt,/root/exp/RFunipassLab/external_datasets/build/runtime_matched/external_runtime_polybench_full_wrap_10seeds_backend_oz_repeat1_adaptive5_20260509/oz/polybench_full/adi/459/universal/runs/run_001/stderr.txt,
external_runtime_polybench_full_wrap_10seeds_backend_oz_repeat1_adaptive5_20260509,oz,oz,polybench_full,adi,460,20260423_205014_703926_feature_lite_seed460,universal,rfunipass,1,failed,,,74.09491,False,/root/exp/RFunipassLab/external_datasets/build/runtime_matched/external_runtime_polybench_full_wrap_10seeds_backend_oz_repeat1_adaptive5_20260509/oz/polybench_full/adi/460/universal/a.out,/root/exp/RFunipassLab/external_datasets/build/runtime_matched/external_runtime_polybench_full_wrap_10seeds_backend_oz_repeat1_adaptive5_20260509/oz/polybench_full/adi/460/universal/universal_aa7d5985738b.ll,/root/exp/RFunipassLab/external_datasets/build/runtime_matched/external_runtime_polybench_full_wrap_10seeds_backend_oz_repeat1_adaptive5_20260509/oz/polybench_full/adi/460/universal/runs/run_001/stdout.txt,/root/exp/RFunipassLab/external_datasets/build/runtime_matched/external_runtime_polybench_full_wrap_10seeds_backend_oz_repeat1_adaptive5_20260509/oz/polybench_full/adi/460/universal/runs/run_001/stderr.txt,binary exited with returncode=-11
external_runtime_polybench_full_wrap_10seeds_backend_oz_repeat1_adaptive5_20260509,oz,oz,polybench_full,adi,461,20260423_211628_575222_feature_lite_seed461,universal,rfunipass,1,failed,,,74.09491,False,/root/exp/RFunipassLab/external_datasets/build/runtime_matched/external_runtime_polybench_full_wrap_10seeds_backend_oz_repeat1_adaptive5_20260509/oz/polybench_full/adi/461/universal/a.out,/root/exp/RFunipassLab/external_datasets/build/runtime_matched/external_runtime_polybench_full_wrap_10seeds_backend_oz_repeat1_adaptive5_20260509/oz/polybench_full/adi/461/universal/universal_c3b20e7655ed.ll,/root/exp/RFunipassLab/external_datasets/build/runtime_matched/external_runtime_polybench_full_wrap_10seeds_backend_oz_repeat1_adaptive5_20260509/oz/polybench_full/adi/461/universal/runs/run_001/stdout.txt,/root/exp/RFunipassLab/external_datasets/build/runtime_matched/external_runtime_polybench_full_wrap_10seeds_backend_oz_repeat1_adaptive5_20260509/oz/polybench_full/adi/461/universal/runs/run_001/stderr.txt,binary exited with returncode=-11
external_runtime_polybench_full_wrap_10seeds_backend_oz_repeat1_adaptive5_20260509,oz,oz,polybench_full,adi,462,20260423_214113_355045_feature_lite_seed462,universal,rfunipass,1,failed,,,74.09491,True,/root/exp/RFunipassLab/external_datasets/build/runtime_matched/external_runtime_polybench_full_wrap_10seeds_backend_oz_repeat1_adaptive5_20260509/oz/polybench_full/adi/462/universal/a.out,/root/exp/RFunipassLab/external_datasets/build/runtime_matched/external_runtime_polybench_full_wrap_10seeds_backend_oz_repeat1_adaptive5_20260509/oz/polybench_full/adi/462/universal/universal_4da41e9006a8.ll,/root/exp/RFunipassLab/external_datasets/build/runtime_matched/external_runtime_polybench_full_wrap_10seeds_backend_oz_repeat1_adaptive5_20260509/oz/polybench_full/adi/462/universal/runs/run_001/stdout.txt,/root/exp/RFunipassLab/external_datasets/build/runtime_matched/external_runtime_polybench_full_wrap_10seeds_backend_oz_repeat1_adaptive5_20260509/oz/polybench_full/adi/462/universal/runs/run_001/stderr.txt,runtime timeout after 74.09491s
external_runtime_polybench_full_wrap_10seeds_backend_oz_repeat1_adaptive5_20260509,oz,oz,polybench_full,adi,463,20260423_221353_240005_feature_lite_seed463,universal,rfunipass,1,failed,,,74.09491,True,/root/exp/RFunipassLab/external_datasets/build/runtime_matched/external_runtime_polybench_full_wrap_10seeds_backend_oz_repeat1_adaptive5_20260509/oz/polybench_full/adi/463/universal/a.out,/root/exp/RFunipassLab/external_datasets/build/runtime_matched/external_runtime_polybench_full_wrap_10seeds_backend_oz_repeat1_adaptive5_20260509/oz/polybench_full/adi/463/universal/universal_3c6e71c0df8d.ll,/root/exp/RFunipassLab/external_datasets/build/runtime_matched/external_runtime_polybench_full_wrap_10seeds_backend_oz_repeat1_adaptive5_20260509/oz/polybench_full/adi/463/universal/runs/run_001/stdout.txt,/root/exp/RFunipassLab/external_datasets/build/runtime_matched/external_runtime_polybench_full_wrap_10seeds_backend_oz_repeat1_adaptive5_20260509/oz/polybench_full/adi/463/universal/runs/run_001/stderr.txt,runtime timeout after 74.09491s
external_runtime_polybench_full_wrap_10seeds_backend_oz_repeat1_adaptive5_20260509,oz,oz,polybench_full,adi,464,20260423_230444_536999_feature_lite_seed464,universal,rfunipass,1,failed,,,74.09491,True,/root/exp/RFunipassLab/external_datasets/build/runtime_matched/external_runtime_polybench_full_wrap_10seeds_backend_oz_repeat1_adaptive5_20260509/oz/polybench_full/adi/464/universal/a.out,/root/exp/RFunipassLab/external_datasets/build/runtime_matched/external_runtime_polybench_full_wrap_10seeds_backend_oz_repeat1_adaptive5_20260509/oz/polybench_full/adi/464/universal/universal_58aea292ea66.ll,/root/exp/RFunipassLab/external_datasets/build/runtime_matched/external_runtime_polybench_full_wrap_10seeds_backend_oz_repeat1_adaptive5_20260509/oz/polybench_full/adi/464/universal/runs/run_001/stdout.txt,/root/exp/RFunipassLab/external_datasets/build/runtime_matched/external_runtime_polybench_full_wrap_10seeds_backend_oz_repeat1_adaptive5_20260509/oz/polybench_full/adi/464/universal/runs/run_001/stderr.txt,runtime timeout after 74.09491s
external_runtime_polybench_full_wrap_10seeds_backend_oz_repeat1_adaptive5_20260509,oz,oz,polybench_full,adi,465,20260423_231957_016941_feature_lite_seed465,universal,rfunipass,1,ok,1778325339.814821,14.758237886009738,74.09491,False,/root/exp/RFunipassLab/external_datasets/build/runtime_matched/external_runtime_polybench_full_wrap_10seeds_backend_oz_repeat1_adaptive5_20260509/oz/polybench_full/adi/465/universal/a.out,/root/exp/RFunipassLab/external_datasets/build/runtime_matched/external_runtime_polybench_full_wrap_10seeds_backend_oz_repeat1_adaptive5_20260509/oz/polybench_full/adi/465/universal/universal_e2fa59514181.ll,/root/exp/RFunipassLab/external_datasets/build/runtime_matched/external_runtime_polybench_full_wrap_10seeds_backend_oz_repeat1_adaptive5_20260509/oz/polybench_full/adi/465/universal/runs/run_001/stdout.txt,/root/exp/RFunipassLab/external_datasets/build/runtime_matched/external_runtime_polybench_full_wrap_10seeds_backend_oz_repeat1_adaptive5_20260509/oz/polybench_full/adi/465/universal/runs/run_001/stderr.txt,
external_runtime_polybench_full_wrap_10seeds_backend_oz_repeat1_adaptive5_20260509,oz,oz,polybench_full,fdtd-2d,,,none,baseline,1,ok,4.405578,4.447587036993355,300.0,False,/root/exp/RFunipassLab/external_datasets/build/runtime_matched/external_runtime_polybench_full_wrap_10seeds_backend_oz_repeat1_adaptive5_20260509/oz/polybench_full/fdtd-2d/baseline/none/a.out,/root/exp/RFunipassLab/external_datasets/build/runtime_matched/external_runtime_polybench_full_wrap_10seeds_backend_oz_repeat1_adaptive5_20260509/oz/polybench_full/fdtd-2d/baseline/none/none_71f8e7976e4c.ll,/root/exp/RFunipassLab/external_datasets/build/runtime_matched/external_runtime_polybench_full_wrap_10seeds_backend_oz_repeat1_adaptive5_20260509/oz/polybench_full/fdtd-2d/baseline/none/runs/run_001/stdout.txt,/root/exp/RFunipassLab/external_datasets/build/runtime_matched/external_runtime_polybench_full_wrap_10seeds_backend_oz_repeat1_adaptive5_20260509/oz/polybench_full/fdtd-2d/baseline/none/runs/run_001/stderr.txt,
external_runtime_polybench_full_wrap_10seeds_backend_oz_repeat1_adaptive5_20260509,oz,oz,polybench_full,fdtd-2d,,,oz,baseline,1,ok,2.115385,2.138388440012932,300.0,False,/root/exp/RFunipassLab/external_datasets/build/runtime_matched/external_runtime_polybench_full_wrap_10seeds_backend_oz_repeat1_adaptive5_20260509/oz/polybench_full/fdtd-2d/baseline/oz/a.out,/root/exp/RFunipassLab/external_datasets/build/runtime_matched/external_runtime_polybench_full_wrap_10seeds_backend_oz_repeat1_adaptive5_20260509/oz/polybench_full/fdtd-2d/baseline/oz/oz_d135b696b0fd.ll,/root/exp/RFunipassLab/external_datasets/build/runtime_matched/external_runtime_polybench_full_wrap_10seeds_backend_oz_repeat1_adaptive5_20260509/oz/polybench_full/fdtd-2d/baseline/oz/runs/run_001/stdout.txt,/root/exp/RFunipassLab/external_datasets/build/runtime_matched/external_runtime_polybench_full_wrap_10seeds_backend_oz_repeat1_adaptive5_20260509/oz/polybench_full/fdtd-2d/baseline/oz/runs/run_001/stderr.txt,
external_runtime_polybench_full_wrap_10seeds_backend_oz_repeat1_adaptive5_20260509,oz,oz,polybench_full,fdtd-2d,456,20260423_181846_349217_feature_lite_seed456,universal,rfunipass,1,failed,,,10.576925,True,/root/exp/RFunipassLab/external_datasets/build/runtime_matched/external_runtime_polybench_full_wrap_10seeds_backend_oz_repeat1_adaptive5_20260509/oz/polybench_full/fdtd-2d/456/universal/a.out,/root/exp/RFunipassLab/external_datasets/build/runtime_matched/external_runtime_polybench_full_wrap_10seeds_backend_oz_repeat1_adaptive5_20260509/oz/polybench_full/fdtd-2d/456/universal/universal_1dd8ea870347.ll,/root/exp/RFunipassLab/external_datasets/build/runtime_matched/external_runtime_polybench_full_wrap_10seeds_backend_oz_repeat1_adaptive5_20260509/oz/polybench_full/fdtd-2d/456/universal/runs/run_001/stdout.txt,/root/exp/RFunipassLab/external_datasets/build/runtime_matched/external_runtime_polybench_full_wrap_10seeds_backend_oz_repeat1_adaptive5_20260509/oz/polybench_full/fdtd-2d/456/universal/runs/run_001/stderr.txt,runtime timeout after 10.576925s
external_runtime_polybench_full_wrap_10seeds_backend_oz_repeat1_adaptive5_20260509,oz,oz,polybench_full,fdtd-2d,457,20260423_184811_146360_feature_lite_seed457,universal,rfunipass,1,failed,,,10.576925,True,/root/exp/RFunipassLab/external_datasets/build/runtime_matched/external_runtime_polybench_full_wrap_10seeds_backend_oz_repeat1_adaptive5_20260509/oz/polybench_full/fdtd-2d/457/universal/a.out,/root/exp/RFunipassLab/external_datasets/build/runtime_matched/external_runtime_polybench_full_wrap_10seeds_backend_oz_repeat1_adaptive5_20260509/oz/polybench_full/fdtd-2d/457/universal/universal_468197d7c679.ll,/root/exp/RFunipassLab/external_datasets/build/runtime_matched/external_runtime_polybench_full_wrap_10seeds_backend_oz_repeat1_adaptive5_20260509/oz/polybench_full/fdtd-2d/457/universal/runs/run_001/stdout.txt,/root/exp/RFunipassLab/external_datasets/build/runtime_matched/external_runtime_polybench_full_wrap_10seeds_backend_oz_repeat1_adaptive5_20260509/oz/polybench_full/fdtd-2d/457/universal/runs/run_001/stderr.txt,runtime timeout after 10.576925s
external_runtime_polybench_full_wrap_10seeds_backend_oz_repeat1_adaptive5_20260509,oz,oz,polybench_full,fdtd-2d,458,20260423_193326_468019_feature_lite_seed458,universal,rfunipass,1,failed,,,10.576925,True,/root/exp/RFunipassLab/external_datasets/build/runtime_matched/external_runtime_polybench_full_wrap_10seeds_backend_oz_repeat1_adaptive5_20260509/oz/polybench_full/fdtd-2d/458/universal/a.out,/root/exp/RFunipassLab/external_datasets/build/runtime_matched/external_runtime_polybench_full_wrap_10seeds_backend_oz_repeat1_adaptive5_20260509/oz/polybench_full/fdtd-2d/458/universal/universal_bac1dd97c06b.ll,/root/exp/RFunipassLab/external_datasets/build/runtime_matched/external_runtime_polybench_full_wrap_10seeds_backend_oz_repeat1_adaptive5_20260509/oz/polybench_full/fdtd-2d/458/universal/runs/run_001/stdout.txt,/root/exp/RFunipassLab/external_datasets/build/runtime_matched/external_runtime_polybench_full_wrap_10seeds_backend_oz_repeat1_adaptive5_20260509/oz/polybench_full/fdtd-2d/458/universal/runs/run_001/stderr.txt,runtime timeout after 10.576925s
external_runtime_polybench_full_wrap_10seeds_backend_oz_repeat1_adaptive5_20260509,oz,oz,polybench_full,fdtd-2d,459,20260423_203402_518521_feature_lite_seed459,universal,rfunipass,1,ok,2.052925,2.0824826220050454,10.576925,False,/root/exp/RFunipassLab/external_datasets/build/runtime_matched/external_runtime_polybench_full_wrap_10seeds_backend_oz_repeat1_adaptive5_20260509/oz/polybench_full/fdtd-2d/459/universal/a.out,/root/exp/RFunipassLab/external_datasets/build/runtime_matched/external_runtime_polybench_full_wrap_10seeds_backend_oz_repeat1_adaptive5_20260509/oz/polybench_full/fdtd-2d/459/universal/universal_6d5271a22f91.ll,/root/exp/RFunipassLab/external_datasets/build/runtime_matched/external_runtime_polybench_full_wrap_10seeds_backend_oz_repeat1_adaptive5_20260509/oz/polybench_full/fdtd-2d/459/universal/runs/run_001/stdout.txt,/root/exp/RFunipassLab/external_datasets/build/runtime_matched/external_runtime_polybench_full_wrap_10seeds_backend_oz_repeat1_adaptive5_20260509/oz/polybench_full/fdtd-2d/459/universal/runs/run_001/stderr.txt,
external_runtime_polybench_full_wrap_10seeds_backend_oz_repeat1_adaptive5_20260509,oz,oz,polybench_full,fdtd-2d,460,20260423_205014_703926_feature_lite_seed460,universal,rfunipass,1,failed,,,10.576925,False,/root/exp/RFunipassLab/external_datasets/build/runtime_matched/external_runtime_polybench_full_wrap_10seeds_backend_oz_repeat1_adaptive5_20260509/oz/polybench_full/fdtd-2d/460/universal/a.out,/root/exp/RFunipassLab/external_datasets/build/runtime_matched/external_runtime_polybench_full_wrap_10seeds_backend_oz_repeat1_adaptive5_20260509/oz/polybench_full/fdtd-2d/460/universal/universal_aa7d5985738b.ll,/root/exp/RFunipassLab/external_datasets/build/runtime_matched/external_runtime_polybench_full_wrap_10seeds_backend_oz_repeat1_adaptive5_20260509/oz/polybench_full/fdtd-2d/460/universal/runs/run_001/stdout.txt,/root/exp/RFunipassLab/external_datasets/build/runtime_matched/external_runtime_polybench_full_wrap_10seeds_backend_oz_repeat1_adaptive5_20260509/oz/polybench_full/fdtd-2d/460/universal/runs/run_001/stderr.txt,binary exited with returncode=-11
external_runtime_polybench_full_wrap_10seeds_backend_oz_repeat1_adaptive5_20260509,oz,oz,polybench_full,fdtd-2d,461,20260423_211628_575222_feature_lite_seed461,universal,rfunipass,1,ok,2.095961,2.116914641112089,10.576925,False,/root/exp/RFunipassLab/external_datasets/build/runtime_matched/external_runtime_polybench_full_wrap_10seeds_backend_oz_repeat1_adaptive5_20260509/oz/polybench_full/fdtd-2d/461/universal/a.out,/root/exp/RFunipassLab/external_datasets/build/runtime_matched/external_runtime_polybench_full_wrap_10seeds_backend_oz_repeat1_adaptive5_20260509/oz/polybench_full/fdtd-2d/461/universal/universal_c3b20e7655ed.ll,/root/exp/RFunipassLab/external_datasets/build/runtime_matched/external_runtime_polybench_full_wrap_10seeds_backend_oz_repeat1_adaptive5_20260509/oz/polybench_full/fdtd-2d/461/universal/runs/run_001/stdout.txt,/root/exp/RFunipassLab/external_datasets/build/runtime_matched/external_runtime_polybench_full_wrap_10seeds_backend_oz_repeat1_adaptive5_20260509/oz/polybench_full/fdtd-2d/461/universal/runs/run_001/stderr.txt,
external_runtime_polybench_full_wrap_10seeds_backend_oz_repeat1_adaptive5_20260509,oz,oz,polybench_full,fdtd-2d,462,20260423_214113_355045_feature_lite_seed462,universal,rfunipass,1,failed,,,10.576925,True,/root/exp/RFunipassLab/external_datasets/build/runtime_matched/external_runtime_polybench_full_wrap_10seeds_backend_oz_repeat1_adaptive5_20260509/oz/polybench_full/fdtd-2d/462/universal/a.out,/root/exp/RFunipassLab/external_datasets/build/runtime_matched/external_runtime_polybench_full_wrap_10seeds_backend_oz_repeat1_adaptive5_20260509/oz/polybench_full/fdtd-2d/462/universal/universal_4da41e9006a8.ll,/root/exp/RFunipassLab/external_datasets/build/runtime_matched/external_runtime_polybench_full_wrap_10seeds_backend_oz_repeat1_adaptive5_20260509/oz/polybench_full/fdtd-2d/462/universal/runs/run_001/stdout.txt,/root/exp/RFunipassLab/external_datasets/build/runtime_matched/external_runtime_polybench_full_wrap_10seeds_backend_oz_repeat1_adaptive5_20260509/oz/polybench_full/fdtd-2d/462/universal/runs/run_001/stderr.txt,runtime timeout after 10.576925s
external_runtime_polybench_full_wrap_10seeds_backend_oz_repeat1_adaptive5_20260509,oz,oz,polybench_full,fdtd-2d,463,20260423_221353_240005_feature_lite_seed463,universal,rfunipass,1,failed,,,10.576925,True,/root/exp/RFunipassLab/external_datasets/build/runtime_matched/external_runtime_polybench_full_wrap_10seeds_backend_oz_repeat1_adaptive5_20260509/oz/polybench_full/fdtd-2d/463/universal/a.out,/root/exp/RFunipassLab/external_datasets/build/runtime_matched/external_runtime_polybench_full_wrap_10seeds_backend_oz_repeat1_adaptive5_20260509/oz/polybench_full/fdtd-2d/463/universal/universal_3c6e71c0df8d.ll,/root/exp/RFunipassLab/external_datasets/build/runtime_matched/external_runtime_polybench_full_wrap_10seeds_backend_oz_repeat1_adaptive5_20260509/oz/polybench_full/fdtd-2d/463/universal/runs/run_001/stdout.txt,/root/exp/RFunipassLab/external_datasets/build/runtime_matched/external_runtime_polybench_full_wrap_10seeds_backend_oz_repeat1_adaptive5_20260509/oz/polybench_full/fdtd-2d/463/universal/runs/run_001/stderr.txt,runtime timeout after 10.576925s
external_runtime_polybench_full_wrap_10seeds_backend_oz_repeat1_adaptive5_20260509,oz,oz,polybench_full,fdtd-2d,464,20260423_230444_536999_feature_lite_seed464,universal,rfunipass,1,failed,,,10.576925,True,/root/exp/RFunipassLab/external_datasets/build/runtime_matched/external_runtime_polybench_full_wrap_10seeds_backend_oz_repeat1_adaptive5_20260509/oz/polybench_full/fdtd-2d/464/universal/a.out,/root/exp/RFunipassLab/external_datasets/build/runtime_matched/external_runtime_polybench_full_wrap_10seeds_backend_oz_repeat1_adaptive5_20260509/oz/polybench_full/fdtd-2d/464/universal/universal_58aea292ea66.ll,/root/exp/RFunipassLab/external_datasets/build/runtime_matched/external_runtime_polybench_full_wrap_10seeds_backend_oz_repeat1_adaptive5_20260509/oz/polybench_full/fdtd-2d/464/universal/runs/run_001/stdout.txt,/root/exp/RFunipassLab/external_datasets/build/runtime_matched/external_runtime_polybench_full_wrap_10seeds_backend_oz_repeat1_adaptive5_20260509/oz/polybench_full/fdtd-2d/464/universal/runs/run_001/stderr.txt,runtime timeout after 10.576925s
external_runtime_polybench_full_wrap_10seeds_backend_oz_repeat1_adaptive5_20260509,oz,oz,polybench_full,fdtd-2d,465,20260423_231957_016941_feature_lite_seed465,universal,rfunipass,1,ok,1778325435.166861,2.083130046026781,10.576925,False,/root/exp/RFunipassLab/external_datasets/build/runtime_matched/external_runtime_polybench_full_wrap_10seeds_backend_oz_repeat1_adaptive5_20260509/oz/polybench_full/fdtd-2d/465/universal/a.out,/root/exp/RFunipassLab/external_datasets/build/runtime_matched/external_runtime_polybench_full_wrap_10seeds_backend_oz_repeat1_adaptive5_20260509/oz/polybench_full/fdtd-2d/465/universal/universal_e2fa59514181.ll,/root/exp/RFunipassLab/external_datasets/build/runtime_matched/external_runtime_polybench_full_wrap_10seeds_backend_oz_repeat1_adaptive5_20260509/oz/polybench_full/fdtd-2d/465/universal/runs/run_001/stdout.txt,/root/exp/RFunipassLab/external_datasets/build/runtime_matched/external_runtime_polybench_full_wrap_10seeds_backend_oz_repeat1_adaptive5_20260509/oz/polybench_full/fdtd-2d/465/universal/runs/run_001/stderr.txt,
external_runtime_polybench_full_wrap_10seeds_backend_oz_repeat1_adaptive5_20260509,oz,oz,polybench_full,heat-3d,,,none,baseline,1,ok,5.288725,5.330173094989732,300.0,False,/root/exp/RFunipassLab/external_datasets/build/runtime_matched/external_runtime_polybench_full_wrap_10seeds_backend_oz_repeat1_adaptive5_20260509/oz/polybench_full/heat-3d/baseline/none/a.out,/root/exp/RFunipassLab/external_datasets/build/runtime_matched/external_runtime_polybench_full_wrap_10seeds_backend_oz_repeat1_adaptive5_20260509/oz/polybench_full/heat-3d/baseline/none/none_71f8e7976e4c.ll,/root/exp/RFunipassLab/external_datasets/build/runtime_matched/external_runtime_polybench_full_wrap_10seeds_backend_oz_repeat1_adaptive5_20260509/oz/polybench_full/heat-3d/baseline/none/runs/run_001/stdout.txt,/root/exp/RFunipassLab/external_datasets/build/runtime_matched/external_runtime_polybench_full_wrap_10seeds_backend_oz_repeat1_adaptive5_20260509/oz/polybench_full/heat-3d/baseline/none/runs/run_001/stderr.txt,
external_runtime_polybench_full_wrap_10seeds_backend_oz_repeat1_adaptive5_20260509,oz,oz,polybench_full,heat-3d,,,oz,baseline,1,ok,3.241065,3.2608893651049584,300.0,False,/root/exp/RFunipassLab/external_datasets/build/runtime_matched/external_runtime_polybench_full_wrap_10seeds_backend_oz_repeat1_adaptive5_20260509/oz/polybench_full/heat-3d/baseline/oz/a.out,/root/exp/RFunipassLab/external_datasets/build/runtime_matched/external_runtime_polybench_full_wrap_10seeds_backend_oz_repeat1_adaptive5_20260509/oz/polybench_full/heat-3d/baseline/oz/oz_d135b696b0fd.ll,/root/exp/RFunipassLab/external_datasets/build/runtime_matched/external_runtime_polybench_full_wrap_10seeds_backend_oz_repeat1_adaptive5_20260509/oz/polybench_full/heat-3d/baseline/oz/runs/run_001/stdout.txt,/root/exp/RFunipassLab/external_datasets/build/runtime_matched/external_runtime_polybench_full_wrap_10seeds_backend_oz_repeat1_adaptive5_20260509/oz/polybench_full/heat-3d/baseline/oz/runs/run_001/stderr.txt,
external_runtime_polybench_full_wrap_10seeds_backend_oz_repeat1_adaptive5_20260509,oz,oz,polybench_full,heat-3d,456,20260423_181846_349217_feature_lite_seed456,universal,rfunipass,1,failed,,,16.205325,True,/root/exp/RFunipassLab/external_datasets/build/runtime_matched/external_runtime_polybench_full_wrap_10seeds_backend_oz_repeat1_adaptive5_20260509/oz/polybench_full/heat-3d/456/universal/a.out,/root/exp/RFunipassLab/external_datasets/build/runtime_matched/external_runtime_polybench_full_wrap_10seeds_backend_oz_repeat1_adaptive5_20260509/oz/polybench_full/heat-3d/456/universal/universal_1dd8ea870347.ll,/root/exp/RFunipassLab/external_datasets/build/runtime_matched/external_runtime_polybench_full_wrap_10seeds_backend_oz_repeat1_adaptive5_20260509/oz/polybench_full/heat-3d/456/universal/runs/run_001/stdout.txt,/root/exp/RFunipassLab/external_datasets/build/runtime_matched/external_runtime_polybench_full_wrap_10seeds_backend_oz_repeat1_adaptive5_20260509/oz/polybench_full/heat-3d/456/universal/runs/run_001/stderr.txt,runtime timeout after 16.205325s
external_runtime_polybench_full_wrap_10seeds_backend_oz_repeat1_adaptive5_20260509,oz,oz,polybench_full,heat-3d,457,20260423_184811_146360_feature_lite_seed457,universal,rfunipass,1,failed,,,16.205325,True,/root/exp/RFunipassLab/external_datasets/build/runtime_matched/external_runtime_polybench_full_wrap_10seeds_backend_oz_repeat1_adaptive5_20260509/oz/polybench_full/heat-3d/457/universal/a.out,/root/exp/RFunipassLab/external_datasets/build/runtime_matched/external_runtime_polybench_full_wrap_10seeds_backend_oz_repeat1_adaptive5_20260509/oz/polybench_full/heat-3d/457/universal/universal_468197d7c679.ll,/root/exp/RFunipassLab/external_datasets/build/runtime_matched/external_runtime_polybench_full_wrap_10seeds_backend_oz_repeat1_adaptive5_20260509/oz/polybench_full/heat-3d/457/universal/runs/run_001/stdout.txt,/root/exp/RFunipassLab/external_datasets/build/runtime_matched/external_runtime_polybench_full_wrap_10seeds_backend_oz_repeat1_adaptive5_20260509/oz/polybench_full/heat-3d/457/universal/runs/run_001/stderr.txt,runtime timeout after 16.205325s
external_runtime_polybench_full_wrap_10seeds_backend_oz_repeat1_adaptive5_20260509,oz,oz,polybench_full,heat-3d,458,20260423_193326_468019_feature_lite_seed458,universal,rfunipass,1,failed,,,16.205325,False,/root/exp/RFunipassLab/external_datasets/build/runtime_matched/external_runtime_polybench_full_wrap_10seeds_backend_oz_repeat1_adaptive5_20260509/oz/polybench_full/heat-3d/458/universal/a.out,/root/exp/RFunipassLab/external_datasets/build/runtime_matched/external_runtime_polybench_full_wrap_10seeds_backend_oz_repeat1_adaptive5_20260509/oz/polybench_full/heat-3d/458/universal/universal_bac1dd97c06b.ll,/root/exp/RFunipassLab/external_datasets/build/runtime_matched/external_runtime_polybench_full_wrap_10seeds_backend_oz_repeat1_adaptive5_20260509/oz/polybench_full/heat-3d/458/universal/runs/run_001/stdout.txt,/root/exp/RFunipassLab/external_datasets/build/runtime_matched/external_runtime_polybench_full_wrap_10seeds_backend_oz_repeat1_adaptive5_20260509/oz/polybench_full/heat-3d/458/universal/runs/run_001/stderr.txt,binary exited with returncode=-11
external_runtime_polybench_full_wrap_10seeds_backend_oz_repeat1_adaptive5_20260509,oz,oz,polybench_full,heat-3d,459,20260423_203402_518521_feature_lite_seed459,universal,rfunipass,1,failed,,,16.205325,False,/root/exp/RFunipassLab/external_datasets/build/runtime_matched/external_runtime_polybench_full_wrap_10seeds_backend_oz_repeat1_adaptive5_20260509/oz/polybench_full/heat-3d/459/universal/a.out,/root/exp/RFunipassLab/external_datasets/build/runtime_matched/external_runtime_polybench_full_wrap_10seeds_backend_oz_repeat1_adaptive5_20260509/oz/polybench_full/heat-3d/459/universal/universal_6d5271a22f91.ll,/root/exp/RFunipassLab/external_datasets/build/runtime_matched/external_runtime_polybench_full_wrap_10seeds_backend_oz_repeat1_adaptive5_20260509/oz/polybench_full/heat-3d/459/universal/runs/run_001/stdout.txt,/root/exp/RFunipassLab/external_datasets/build/runtime_matched/external_runtime_polybench_full_wrap_10seeds_backend_oz_repeat1_adaptive5_20260509/oz/polybench_full/heat-3d/459/universal/runs/run_001/stderr.txt,binary exited with returncode=-11
external_runtime_polybench_full_wrap_10seeds_backend_oz_repeat1_adaptive5_20260509,oz,oz,polybench_full,heat-3d,460,20260423_205014_703926_feature_lite_seed460,universal,rfunipass,1,failed,,,16.205325,False,/root/exp/RFunipassLab/external_datasets/build/runtime_matched/external_runtime_polybench_full_wrap_10seeds_backend_oz_repeat1_adaptive5_20260509/oz/polybench_full/heat-3d/460/universal/a.out,/root/exp/RFunipassLab/external_datasets/build/runtime_matched/external_runtime_polybench_full_wrap_10seeds_backend_oz_repeat1_adaptive5_20260509/oz/polybench_full/heat-3d/460/universal/universal_aa7d5985738b.ll,/root/exp/RFunipassLab/external_datasets/build/runtime_matched/external_runtime_polybench_full_wrap_10seeds_backend_oz_repeat1_adaptive5_20260509/oz/polybench_full/heat-3d/460/universal/runs/run_001/stdout.txt,/root/exp/RFunipassLab/external_datasets/build/runtime_matched/external_runtime_polybench_full_wrap_10seeds_backend_oz_repeat1_adaptive5_20260509/oz/polybench_full/heat-3d/460/universal/runs/run_001/stderr.txt,binary exited with returncode=-11
external_runtime_polybench_full_wrap_10seeds_backend_oz_repeat1_adaptive5_20260509,oz,oz,polybench_full,heat-3d,461,20260423_211628_575222_feature_lite_seed461,universal,rfunipass,1,ok,3.186104,3.20449526514858,16.205325,False,/root/exp/RFunipassLab/external_datasets/build/runtime_matched/external_runtime_polybench_full_wrap_10seeds_backend_oz_repeat1_adaptive5_20260509/oz/polybench_full/heat-3d/461/universal/a.out,/root/exp/RFunipassLab/external_datasets/build/runtime_matched/external_runtime_polybench_full_wrap_10seeds_backend_oz_repeat1_adaptive5_20260509/oz/polybench_full/heat-3d/461/universal/universal_c3b20e7655ed.ll,/root/exp/RFunipassLab/external_datasets/build/runtime_matched/external_runtime_polybench_full_wrap_10seeds_backend_oz_repeat1_adaptive5_20260509/oz/polybench_full/heat-3d/461/universal/runs/run_001/stdout.txt,/root/exp/RFunipassLab/external_datasets/build/runtime_matched/external_runtime_polybench_full_wrap_10seeds_backend_oz_repeat1_adaptive5_20260509/oz/polybench_full/heat-3d/461/universal/runs/run_001/stderr.txt,
external_runtime_polybench_full_wrap_10seeds_backend_oz_repeat1_adaptive5_20260509,oz,oz,polybench_full,heat-3d,462,20260423_214113_355045_feature_lite_seed462,universal,rfunipass,1,failed,,,16.205325,True,/root/exp/RFunipassLab/external_datasets/build/runtime_matched/external_runtime_polybench_full_wrap_10seeds_backend_oz_repeat1_adaptive5_20260509/oz/polybench_full/heat-3d/462/universal/a.out,/root/exp/RFunipassLab/external_datasets/build/runtime_matched/external_runtime_polybench_full_wrap_10seeds_backend_oz_repeat1_adaptive5_20260509/oz/polybench_full/heat-3d/462/universal/universal_4da41e9006a8.ll,/root/exp/RFunipassLab/external_datasets/build/runtime_matched/external_runtime_polybench_full_wrap_10seeds_backend_oz_repeat1_adaptive5_20260509/oz/polybench_full/heat-3d/462/universal/runs/run_001/stdout.txt,/root/exp/RFunipassLab/external_datasets/build/runtime_matched/external_runtime_polybench_full_wrap_10seeds_backend_oz_repeat1_adaptive5_20260509/oz/polybench_full/heat-3d/462/universal/runs/run_001/stderr.txt,runtime timeout after 16.205325s
external_runtime_polybench_full_wrap_10seeds_backend_oz_repeat1_adaptive5_20260509,oz,oz,polybench_full,heat-3d,463,20260423_221353_240005_feature_lite_seed463,universal,rfunipass,1,failed,,,16.205325,True,/root/exp/RFunipassLab/external_datasets/build/runtime_matched/external_runtime_polybench_full_wrap_10seeds_backend_oz_repeat1_adaptive5_20260509/oz/polybench_full/heat-3d/463/universal/a.out,/root/exp/RFunipassLab/external_datasets/build/runtime_matched/external_runtime_polybench_full_wrap_10seeds_backend_oz_repeat1_adaptive5_20260509/oz/polybench_full/heat-3d/463/universal/universal_3c6e71c0df8d.ll,/root/exp/RFunipassLab/external_datasets/build/runtime_matched/external_runtime_polybench_full_wrap_10seeds_backend_oz_repeat1_adaptive5_20260509/oz/polybench_full/heat-3d/463/universal/runs/run_001/stdout.txt,/root/exp/RFunipassLab/external_datasets/build/runtime_matched/external_runtime_polybench_full_wrap_10seeds_backend_oz_repeat1_adaptive5_20260509/oz/polybench_full/heat-3d/463/universal/runs/run_001/stderr.txt,runtime timeout after 16.205325s
external_runtime_polybench_full_wrap_10seeds_backend_oz_repeat1_adaptive5_20260509,oz,oz,polybench_full,heat-3d,464,20260423_230444_536999_feature_lite_seed464,universal,rfunipass,1,failed,,,16.205325,True,/root/exp/RFunipassLab/external_datasets/build/runtime_matched/external_runtime_polybench_full_wrap_10seeds_backend_oz_repeat1_adaptive5_20260509/oz/polybench_full/heat-3d/464/universal/a.out,/root/exp/RFunipassLab/external_datasets/build/runtime_matched/external_runtime_polybench_full_wrap_10seeds_backend_oz_repeat1_adaptive5_20260509/oz/polybench_full/heat-3d/464/universal/universal_58aea292ea66.ll,/root/exp/RFunipassLab/external_datasets/build/runtime_matched/external_runtime_polybench_full_wrap_10seeds_backend_oz_repeat1_adaptive5_20260509/oz/polybench_full/heat-3d/464/universal/runs/run_001/stdout.txt,/root/exp/RFunipassLab/external_datasets/build/runtime_matched/external_runtime_polybench_full_wrap_10seeds_backend_oz_repeat1_adaptive5_20260509/oz/polybench_full/heat-3d/464/universal/runs/run_001/stderr.txt,runtime timeout after 16.205325s
external_runtime_polybench_full_wrap_10seeds_backend_oz_repeat1_adaptive5_20260509,oz,oz,polybench_full,heat-3d,465,20260423_231957_016941_feature_lite_seed465,universal,rfunipass,1,ok,1778325548.887288,3.2865515069570392,16.205325,False,/root/exp/RFunipassLab/external_datasets/build/runtime_matched/external_runtime_polybench_full_wrap_10seeds_backend_oz_repeat1_adaptive5_20260509/oz/polybench_full/heat-3d/465/universal/a.out,/root/exp/RFunipassLab/external_datasets/build/runtime_matched/external_runtime_polybench_full_wrap_10seeds_backend_oz_repeat1_adaptive5_20260509/oz/polybench_full/heat-3d/465/universal/universal_e2fa59514181.ll,/root/exp/RFunipassLab/external_datasets/build/runtime_matched/external_runtime_polybench_full_wrap_10seeds_backend_oz_repeat1_adaptive5_20260509/oz/polybench_full/heat-3d/465/universal/runs/run_001/stdout.txt,/root/exp/RFunipassLab/external_datasets/build/runtime_matched/external_runtime_polybench_full_wrap_10seeds_backend_oz_repeat1_adaptive5_20260509/oz/polybench_full/heat-3d/465/universal/runs/run_001/stderr.txt,
external_runtime_polybench_full_wrap_10seeds_backend_oz_repeat1_adaptive5_20260509,oz,oz,polybench_full,jacobi-1d,,,none,baseline,1,ok,0.002934,0.025565728079527617,300.0,False,/root/exp/RFunipassLab/external_datasets/build/runtime_matched/external_runtime_polybench_full_wrap_10seeds_backend_oz_repeat1_adaptive5_20260509/oz/polybench_full/jacobi-1d/baseline/none/a.out,/root/exp/RFunipassLab/external_datasets/build/runtime_matched/external_runtime_polybench_full_wrap_10seeds_backend_oz_repeat1_adaptive5_20260509/oz/polybench_full/jacobi-1d/baseline/none/none_71f8e7976e4c.ll,/root/exp/RFunipassLab/external_datasets/build/runtime_matched/external_runtime_polybench_full_wrap_10seeds_backend_oz_repeat1_adaptive5_20260509/oz/polybench_full/jacobi-1d/baseline/none/runs/run_001/stdout.txt,/root/exp/RFunipassLab/external_datasets/build/runtime_matched/external_runtime_polybench_full_wrap_10seeds_backend_oz_repeat1_adaptive5_20260509/oz/polybench_full/jacobi-1d/baseline/none/runs/run_001/stderr.txt,
external_runtime_polybench_full_wrap_10seeds_backend_oz_repeat1_adaptive5_20260509,oz,oz,polybench_full,jacobi-1d,,,oz,baseline,1,ok,0.003185,0.005184069043025374,300.0,False,/root/exp/RFunipassLab/external_datasets/build/runtime_matched/external_runtime_polybench_full_wrap_10seeds_backend_oz_repeat1_adaptive5_20260509/oz/polybench_full/jacobi-1d/baseline/oz/a.out,/root/exp/RFunipassLab/external_datasets/build/runtime_matched/external_runtime_polybench_full_wrap_10seeds_backend_oz_repeat1_adaptive5_20260509/oz/polybench_full/jacobi-1d/baseline/oz/oz_d135b696b0fd.ll,/root/exp/RFunipassLab/external_datasets/build/runtime_matched/external_runtime_polybench_full_wrap_10seeds_backend_oz_repeat1_adaptive5_20260509/oz/polybench_full/jacobi-1d/baseline/oz/runs/run_001/stdout.txt,/root/exp/RFunipassLab/external_datasets/build/runtime_matched/external_runtime_polybench_full_wrap_10seeds_backend_oz_repeat1_adaptive5_20260509/oz/polybench_full/jacobi-1d/baseline/oz/runs/run_001/stderr.txt,
external_runtime_polybench_full_wrap_10seeds_backend_oz_repeat1_adaptive5_20260509,oz,oz,polybench_full,jacobi-1d,456,20260423_181846_349217_feature_lite_seed456,universal,rfunipass,1,failed,,,5.0,True,/root/exp/RFunipassLab/external_datasets/build/runtime_matched/external_runtime_polybench_full_wrap_10seeds_backend_oz_repeat1_adaptive5_20260509/oz/polybench_full/jacobi-1d/456/universal/a.out,/root/exp/RFunipassLab/external_datasets/build/runtime_matched/external_runtime_polybench_full_wrap_10seeds_backend_oz_repeat1_adaptive5_20260509/oz/polybench_full/jacobi-1d/456/universal/universal_1dd8ea870347.ll,/root/exp/RFunipassLab/external_datasets/build/runtime_matched/external_runtime_polybench_full_wrap_10seeds_backend_oz_repeat1_adaptive5_20260509/oz/polybench_full/jacobi-1d/456/universal/runs/run_001/stdout.txt,/root/exp/RFunipassLab/external_datasets/build/runtime_matched/external_runtime_polybench_full_wrap_10seeds_backend_oz_repeat1_adaptive5_20260509/oz/polybench_full/jacobi-1d/456/universal/runs/run_001/stderr.txt,runtime timeout after 5.0s
external_runtime_polybench_full_wrap_10seeds_backend_oz_repeat1_adaptive5_20260509,oz,oz,polybench_full,jacobi-1d,457,20260423_184811_146360_feature_lite_seed457,universal,rfunipass,1,failed,,,5.0,True,/root/exp/RFunipassLab/external_datasets/build/runtime_matched/external_runtime_polybench_full_wrap_10seeds_backend_oz_repeat1_adaptive5_20260509/oz/polybench_full/jacobi-1d/457/universal/a.out,/root/exp/RFunipassLab/external_datasets/build/runtime_matched/external_runtime_polybench_full_wrap_10seeds_backend_oz_repeat1_adaptive5_20260509/oz/polybench_full/jacobi-1d/457/universal/universal_468197d7c679.ll,/root/exp/RFunipassLab/external_datasets/build/runtime_matched/external_runtime_polybench_full_wrap_10seeds_backend_oz_repeat1_adaptive5_20260509/oz/polybench_full/jacobi-1d/457/universal/runs/run_001/stdout.txt,/root/exp/RFunipassLab/external_datasets/build/runtime_matched/external_runtime_polybench_full_wrap_10seeds_backend_oz_repeat1_adaptive5_20260509/oz/polybench_full/jacobi-1d/457/universal/runs/run_001/stderr.txt,runtime timeout after 5.0s
external_runtime_polybench_full_wrap_10seeds_backend_oz_repeat1_adaptive5_20260509,oz,oz,polybench_full,jacobi-1d,458,20260423_193326_468019_feature_lite_seed458,universal,rfunipass,1,failed,,,5.0,True,/root/exp/RFunipassLab/external_datasets/build/runtime_matched/external_runtime_polybench_full_wrap_10seeds_backend_oz_repeat1_adaptive5_20260509/oz/polybench_full/jacobi-1d/458/universal/a.out,/root/exp/RFunipassLab/external_datasets/build/runtime_matched/external_runtime_polybench_full_wrap_10seeds_backend_oz_repeat1_adaptive5_20260509/oz/polybench_full/jacobi-1d/458/universal/universal_bac1dd97c06b.ll,/root/exp/RFunipassLab/external_datasets/build/runtime_matched/external_runtime_polybench_full_wrap_10seeds_backend_oz_repeat1_adaptive5_20260509/oz/polybench_full/jacobi-1d/458/universal/runs/run_001/stdout.txt,/root/exp/RFunipassLab/external_datasets/build/runtime_matched/external_runtime_polybench_full_wrap_10seeds_backend_oz_repeat1_adaptive5_20260509/oz/polybench_full/jacobi-1d/458/universal/runs/run_001/stderr.txt,runtime timeout after 5.0s
external_runtime_polybench_full_wrap_10seeds_backend_oz_repeat1_adaptive5_20260509,oz,oz,polybench_full,jacobi-1d,459,20260423_203402_518521_feature_lite_seed459,universal,rfunipass,1,failed,,,5.0,True,/root/exp/RFunipassLab/external_datasets/build/runtime_matched/external_runtime_polybench_full_wrap_10seeds_backend_oz_repeat1_adaptive5_20260509/oz/polybench_full/jacobi-1d/459/universal/a.out,/root/exp/RFunipassLab/external_datasets/build/runtime_matched/external_runtime_polybench_full_wrap_10seeds_backend_oz_repeat1_adaptive5_20260509/oz/polybench_full/jacobi-1d/459/universal/universal_6d5271a22f91.ll,/root/exp/RFunipassLab/external_datasets/build/runtime_matched/external_runtime_polybench_full_wrap_10seeds_backend_oz_repeat1_adaptive5_20260509/oz/polybench_full/jacobi-1d/459/universal/runs/run_001/stdout.txt,/root/exp/RFunipassLab/external_datasets/build/runtime_matched/external_runtime_polybench_full_wrap_10seeds_backend_oz_repeat1_adaptive5_20260509/oz/polybench_full/jacobi-1d/459/universal/runs/run_001/stderr.txt,runtime timeout after 5.0s
external_runtime_polybench_full_wrap_10seeds_backend_oz_repeat1_adaptive5_20260509,oz,oz,polybench_full,jacobi-1d,460,20260423_205014_703926_feature_lite_seed460,universal,rfunipass,1,failed,,,5.0,True,/root/exp/RFunipassLab/external_datasets/build/runtime_matched/external_runtime_polybench_full_wrap_10seeds_backend_oz_repeat1_adaptive5_20260509/oz/polybench_full/jacobi-1d/460/universal/a.out,/root/exp/RFunipassLab/external_datasets/build/runtime_matched/external_runtime_polybench_full_wrap_10seeds_backend_oz_repeat1_adaptive5_20260509/oz/polybench_full/jacobi-1d/460/universal/universal_aa7d5985738b.ll,/root/exp/RFunipassLab/external_datasets/build/runtime_matched/external_runtime_polybench_full_wrap_10seeds_backend_oz_repeat1_adaptive5_20260509/oz/polybench_full/jacobi-1d/460/universal/runs/run_001/stdout.txt,/root/exp/RFunipassLab/external_datasets/build/runtime_matched/external_runtime_polybench_full_wrap_10seeds_backend_oz_repeat1_adaptive5_20260509/oz/polybench_full/jacobi-1d/460/universal/runs/run_001/stderr.txt,runtime timeout after 5.0s
external_runtime_polybench_full_wrap_10seeds_backend_oz_repeat1_adaptive5_20260509,oz,oz,polybench_full,jacobi-1d,461,20260423_211628_575222_feature_lite_seed461,universal,rfunipass,1,failed,,,5.0,True,/root/exp/RFunipassLab/external_datasets/build/runtime_matched/external_runtime_polybench_full_wrap_10seeds_backend_oz_repeat1_adaptive5_20260509/oz/polybench_full/jacobi-1d/461/universal/a.out,/root/exp/RFunipassLab/external_datasets/build/runtime_matched/external_runtime_polybench_full_wrap_10seeds_backend_oz_repeat1_adaptive5_20260509/oz/polybench_full/jacobi-1d/461/universal/universal_c3b20e7655ed.ll,/root/exp/RFunipassLab/external_datasets/build/runtime_matched/external_runtime_polybench_full_wrap_10seeds_backend_oz_repeat1_adaptive5_20260509/oz/polybench_full/jacobi-1d/461/universal/runs/run_001/stdout.txt,/root/exp/RFunipassLab/external_datasets/build/runtime_matched/external_runtime_polybench_full_wrap_10seeds_backend_oz_repeat1_adaptive5_20260509/oz/polybench_full/jacobi-1d/461/universal/runs/run_001/stderr.txt,runtime timeout after 5.0s
external_runtime_polybench_full_wrap_10seeds_backend_oz_repeat1_adaptive5_20260509,oz,oz,polybench_full,jacobi-1d,462,20260423_214113_355045_feature_lite_seed462,universal,rfunipass,1,failed,,,5.0,True,/root/exp/RFunipassLab/external_datasets/build/runtime_matched/external_runtime_polybench_full_wrap_10seeds_backend_oz_repeat1_adaptive5_20260509/oz/polybench_full/jacobi-1d/462/universal/a.out,/root/exp/RFunipassLab/external_datasets/build/runtime_matched/external_runtime_polybench_full_wrap_10seeds_backend_oz_repeat1_adaptive5_20260509/oz/polybench_full/jacobi-1d/462/universal/universal_4da41e9006a8.ll,/root/exp/RFunipassLab/external_datasets/build/runtime_matched/external_runtime_polybench_full_wrap_10seeds_backend_oz_repeat1_adaptive5_20260509/oz/polybench_full/jacobi-1d/462/universal/runs/run_001/stdout.txt,/root/exp/RFunipassLab/external_datasets/build/runtime_matched/external_runtime_polybench_full_wrap_10seeds_backend_oz_repeat1_adaptive5_20260509/oz/polybench_full/jacobi-1d/462/universal/runs/run_001/stderr.txt,runtime timeout after 5.0s
external_runtime_polybench_full_wrap_10seeds_backend_oz_repeat1_adaptive5_20260509,oz,oz,polybench_full,jacobi-1d,463,20260423_221353_240005_feature_lite_seed463,universal,rfunipass,1,failed,,,5.0,True,/root/exp/RFunipassLab/external_datasets/build/runtime_matched/external_runtime_polybench_full_wrap_10seeds_backend_oz_repeat1_adaptive5_20260509/oz/polybench_full/jacobi-1d/463/universal/a.out,/root/exp/RFunipassLab/external_datasets/build/runtime_matched/external_runtime_polybench_full_wrap_10seeds_backend_oz_repeat1_adaptive5_20260509/oz/polybench_full/jacobi-1d/463/universal/universal_3c6e71c0df8d.ll,/root/exp/RFunipassLab/external_datasets/build/runtime_matched/external_runtime_polybench_full_wrap_10seeds_backend_oz_repeat1_adaptive5_20260509/oz/polybench_full/jacobi-1d/463/universal/runs/run_001/stdout.txt,/root/exp/RFunipassLab/external_datasets/build/runtime_matched/external_runtime_polybench_full_wrap_10seeds_backend_oz_repeat1_adaptive5_20260509/oz/polybench_full/jacobi-1d/463/universal/runs/run_001/stderr.txt,runtime timeout after 5.0s
external_runtime_polybench_full_wrap_10seeds_backend_oz_repeat1_adaptive5_20260509,oz,oz,polybench_full,jacobi-1d,464,20260423_230444_536999_feature_lite_seed464,universal,rfunipass,1,failed,,,5.0,True,/root/exp/RFunipassLab/external_datasets/build/runtime_matched/external_runtime_polybench_full_wrap_10seeds_backend_oz_repeat1_adaptive5_20260509/oz/polybench_full/jacobi-1d/464/universal/a.out,/root/exp/RFunipassLab/external_datasets/build/runtime_matched/external_runtime_polybench_full_wrap_10seeds_backend_oz_repeat1_adaptive5_20260509/oz/polybench_full/jacobi-1d/464/universal/universal_58aea292ea66.ll,/root/exp/RFunipassLab/external_datasets/build/runtime_matched/external_runtime_polybench_full_wrap_10seeds_backend_oz_repeat1_adaptive5_20260509/oz/polybench_full/jacobi-1d/464/universal/runs/run_001/stdout.txt,/root/exp/RFunipassLab/external_datasets/build/runtime_matched/external_runtime_polybench_full_wrap_10seeds_backend_oz_repeat1_adaptive5_20260509/oz/polybench_full/jacobi-1d/464/universal/runs/run_001/stderr.txt,runtime timeout after 5.0s
external_runtime_polybench_full_wrap_10seeds_backend_oz_repeat1_adaptive5_20260509,oz,oz,polybench_full,jacobi-1d,465,20260423_231957_016941_feature_lite_seed465,universal,rfunipass,1,failed,,,5.0,True,/root/exp/RFunipassLab/external_datasets/build/runtime_matched/external_runtime_polybench_full_wrap_10seeds_backend_oz_repeat1_adaptive5_20260509/oz/polybench_full/jacobi-1d/465/universal/a.out,/root/exp/RFunipassLab/external_datasets/build/runtime_matched/external_runtime_polybench_full_wrap_10seeds_backend_oz_repeat1_adaptive5_20260509/oz/polybench_full/jacobi-1d/465/universal/universal_e2fa59514181.ll,/root/exp/RFunipassLab/external_datasets/build/runtime_matched/external_runtime_polybench_full_wrap_10seeds_backend_oz_repeat1_adaptive5_20260509/oz/polybench_full/jacobi-1d/465/universal/runs/run_001/stdout.txt,/root/exp/RFunipassLab/external_datasets/build/runtime_matched/external_runtime_polybench_full_wrap_10seeds_backend_oz_repeat1_adaptive5_20260509/oz/polybench_full/jacobi-1d/465/universal/runs/run_001/stderr.txt,runtime timeout after 5.0s
external_runtime_polybench_full_wrap_10seeds_backend_oz_repeat1_adaptive5_20260509,oz,oz,polybench_full,jacobi-2d,,,none,baseline,1,ok,4.367845,4.407472988124937,300.0,False,/root/exp/RFunipassLab/external_datasets/build/runtime_matched/external_runtime_polybench_full_wrap_10seeds_backend_oz_repeat1_adaptive5_20260509/oz/polybench_full/jacobi-2d/baseline/none/a.out,/root/exp/RFunipassLab/external_datasets/build/runtime_matched/external_runtime_polybench_full_wrap_10seeds_backend_oz_repeat1_adaptive5_20260509/oz/polybench_full/jacobi-2d/baseline/none/none_71f8e7976e4c.ll,/root/exp/RFunipassLab/external_datasets/build/runtime_matched/external_runtime_polybench_full_wrap_10seeds_backend_oz_repeat1_adaptive5_20260509/oz/polybench_full/jacobi-2d/baseline/none/runs/run_001/stdout.txt,/root/exp/RFunipassLab/external_datasets/build/runtime_matched/external_runtime_polybench_full_wrap_10seeds_backend_oz_repeat1_adaptive5_20260509/oz/polybench_full/jacobi-2d/baseline/none/runs/run_001/stderr.txt,
external_runtime_polybench_full_wrap_10seeds_backend_oz_repeat1_adaptive5_20260509,oz,oz,polybench_full,jacobi-2d,,,oz,baseline,1,ok,1.849956,1.8726929361000657,300.0,False,/root/exp/RFunipassLab/external_datasets/build/runtime_matched/external_runtime_polybench_full_wrap_10seeds_backend_oz_repeat1_adaptive5_20260509/oz/polybench_full/jacobi-2d/baseline/oz/a.out,/root/exp/RFunipassLab/external_datasets/build/runtime_matched/external_runtime_polybench_full_wrap_10seeds_backend_oz_repeat1_adaptive5_20260509/oz/polybench_full/jacobi-2d/baseline/oz/oz_d135b696b0fd.ll,/root/exp/RFunipassLab/external_datasets/build/runtime_matched/external_runtime_polybench_full_wrap_10seeds_backend_oz_repeat1_adaptive5_20260509/oz/polybench_full/jacobi-2d/baseline/oz/runs/run_001/stdout.txt,/root/exp/RFunipassLab/external_datasets/build/runtime_matched/external_runtime_polybench_full_wrap_10seeds_backend_oz_repeat1_adaptive5_20260509/oz/polybench_full/jacobi-2d/baseline/oz/runs/run_001/stderr.txt,
external_runtime_polybench_full_wrap_10seeds_backend_oz_repeat1_adaptive5_20260509,oz,oz,polybench_full,jacobi-2d,456,20260423_181846_349217_feature_lite_seed456,universal,rfunipass,1,failed,,,9.24978,True,/root/exp/RFunipassLab/external_datasets/build/runtime_matched/external_runtime_polybench_full_wrap_10seeds_backend_oz_repeat1_adaptive5_20260509/oz/polybench_full/jacobi-2d/456/universal/a.out,/root/exp/RFunipassLab/external_datasets/build/runtime_matched/external_runtime_polybench_full_wrap_10seeds_backend_oz_repeat1_adaptive5_20260509/oz/polybench_full/jacobi-2d/456/universal/universal_1dd8ea870347.ll,/root/exp/RFunipassLab/external_datasets/build/runtime_matched/external_runtime_polybench_full_wrap_10seeds_backend_oz_repeat1_adaptive5_20260509/oz/polybench_full/jacobi-2d/456/universal/runs/run_001/stdout.txt,/root/exp/RFunipassLab/external_datasets/build/runtime_matched/external_runtime_polybench_full_wrap_10seeds_backend_oz_repeat1_adaptive5_20260509/oz/polybench_full/jacobi-2d/456/universal/runs/run_001/stderr.txt,runtime timeout after 9.24978s
external_runtime_polybench_full_wrap_10seeds_backend_oz_repeat1_adaptive5_20260509,oz,oz,polybench_full,jacobi-2d,457,20260423_184811_146360_feature_lite_seed457,universal,rfunipass,1,failed,,,9.24978,False,/root/exp/RFunipassLab/external_datasets/build/runtime_matched/external_runtime_polybench_full_wrap_10seeds_backend_oz_repeat1_adaptive5_20260509/oz/polybench_full/jacobi-2d/457/universal/a.out,/root/exp/RFunipassLab/external_datasets/build/runtime_matched/external_runtime_polybench_full_wrap_10seeds_backend_oz_repeat1_adaptive5_20260509/oz/polybench_full/jacobi-2d/457/universal/universal_468197d7c679.ll,/root/exp/RFunipassLab/external_datasets/build/runtime_matched/external_runtime_polybench_full_wrap_10seeds_backend_oz_repeat1_adaptive5_20260509/oz/polybench_full/jacobi-2d/457/universal/runs/run_001/stdout.txt,/root/exp/RFunipassLab/external_datasets/build/runtime_matched/external_runtime_polybench_full_wrap_10seeds_backend_oz_repeat1_adaptive5_20260509/oz/polybench_full/jacobi-2d/457/universal/runs/run_001/stderr.txt,binary exited with returncode=-11
external_runtime_polybench_full_wrap_10seeds_backend_oz_repeat1_adaptive5_20260509,oz,oz,polybench_full,jacobi-2d,458,20260423_193326_468019_feature_lite_seed458,universal,rfunipass,1,failed,,,9.24978,False,/root/exp/RFunipassLab/external_datasets/build/runtime_matched/external_runtime_polybench_full_wrap_10seeds_backend_oz_repeat1_adaptive5_20260509/oz/polybench_full/jacobi-2d/458/universal/a.out,/root/exp/RFunipassLab/external_datasets/build/runtime_matched/external_runtime_polybench_full_wrap_10seeds_backend_oz_repeat1_adaptive5_20260509/oz/polybench_full/jacobi-2d/458/universal/universal_bac1dd97c06b.ll,/root/exp/RFunipassLab/external_datasets/build/runtime_matched/external_runtime_polybench_full_wrap_10seeds_backend_oz_repeat1_adaptive5_20260509/oz/polybench_full/jacobi-2d/458/universal/runs/run_001/stdout.txt,/root/exp/RFunipassLab/external_datasets/build/runtime_matched/external_runtime_polybench_full_wrap_10seeds_backend_oz_repeat1_adaptive5_20260509/oz/polybench_full/jacobi-2d/458/universal/runs/run_001/stderr.txt,binary exited with returncode=-11
external_runtime_polybench_full_wrap_10seeds_backend_oz_repeat1_adaptive5_20260509,oz,oz,polybench_full,jacobi-2d,459,20260423_203402_518521_feature_lite_seed459,universal,rfunipass,1,failed,,,9.24978,False,/root/exp/RFunipassLab/external_datasets/build/runtime_matched/external_runtime_polybench_full_wrap_10seeds_backend_oz_repeat1_adaptive5_20260509/oz/polybench_full/jacobi-2d/459/universal/a.out,/root/exp/RFunipassLab/external_datasets/build/runtime_matched/external_runtime_polybench_full_wrap_10seeds_backend_oz_repeat1_adaptive5_20260509/oz/polybench_full/jacobi-2d/459/universal/universal_6d5271a22f91.ll,/root/exp/RFunipassLab/external_datasets/build/runtime_matched/external_runtime_polybench_full_wrap_10seeds_backend_oz_repeat1_adaptive5_20260509/oz/polybench_full/jacobi-2d/459/universal/runs/run_001/stdout.txt,/root/exp/RFunipassLab/external_datasets/build/runtime_matched/external_runtime_polybench_full_wrap_10seeds_backend_oz_repeat1_adaptive5_20260509/oz/polybench_full/jacobi-2d/459/universal/runs/run_001/stderr.txt,binary exited with returncode=-11
external_runtime_polybench_full_wrap_10seeds_backend_oz_repeat1_adaptive5_20260509,oz,oz,polybench_full,jacobi-2d,460,20260423_205014_703926_feature_lite_seed460,universal,rfunipass,1,failed,,,9.24978,False,/root/exp/RFunipassLab/external_datasets/build/runtime_matched/external_runtime_polybench_full_wrap_10seeds_backend_oz_repeat1_adaptive5_20260509/oz/polybench_full/jacobi-2d/460/universal/a.out,/root/exp/RFunipassLab/external_datasets/build/runtime_matched/external_runtime_polybench_full_wrap_10seeds_backend_oz_repeat1_adaptive5_20260509/oz/polybench_full/jacobi-2d/460/universal/universal_aa7d5985738b.ll,/root/exp/RFunipassLab/external_datasets/build/runtime_matched/external_runtime_polybench_full_wrap_10seeds_backend_oz_repeat1_adaptive5_20260509/oz/polybench_full/jacobi-2d/460/universal/runs/run_001/stdout.txt,/root/exp/RFunipassLab/external_datasets/build/runtime_matched/external_runtime_polybench_full_wrap_10seeds_backend_oz_repeat1_adaptive5_20260509/oz/polybench_full/jacobi-2d/460/universal/runs/run_001/stderr.txt,binary exited with returncode=-11
external_runtime_polybench_full_wrap_10seeds_backend_oz_repeat1_adaptive5_20260509,oz,oz,polybench_full,jacobi-2d,461,20260423_211628_575222_feature_lite_seed461,universal,rfunipass,1,failed,,,9.24978,False,/root/exp/RFunipassLab/external_datasets/build/runtime_matched/external_runtime_polybench_full_wrap_10seeds_backend_oz_repeat1_adaptive5_20260509/oz/polybench_full/jacobi-2d/461/universal/a.out,/root/exp/RFunipassLab/external_datasets/build/runtime_matched/external_runtime_polybench_full_wrap_10seeds_backend_oz_repeat1_adaptive5_20260509/oz/polybench_full/jacobi-2d/461/universal/universal_c3b20e7655ed.ll,/root/exp/RFunipassLab/external_datasets/build/runtime_matched/external_runtime_polybench_full_wrap_10seeds_backend_oz_repeat1_adaptive5_20260509/oz/polybench_full/jacobi-2d/461/universal/runs/run_001/stdout.txt,/root/exp/RFunipassLab/external_datasets/build/runtime_matched/external_runtime_polybench_full_wrap_10seeds_backend_oz_repeat1_adaptive5_20260509/oz/polybench_full/jacobi-2d/461/universal/runs/run_001/stderr.txt,binary exited with returncode=-11
external_runtime_polybench_full_wrap_10seeds_backend_oz_repeat1_adaptive5_20260509,oz,oz,polybench_full,jacobi-2d,462,20260423_214113_355045_feature_lite_seed462,universal,rfunipass,1,failed,,,9.24978,False,/root/exp/RFunipassLab/external_datasets/build/runtime_matched/external_runtime_polybench_full_wrap_10seeds_backend_oz_repeat1_adaptive5_20260509/oz/polybench_full/jacobi-2d/462/universal/a.out,/root/exp/RFunipassLab/external_datasets/build/runtime_matched/external_runtime_polybench_full_wrap_10seeds_backend_oz_repeat1_adaptive5_20260509/oz/polybench_full/jacobi-2d/462/universal/universal_4da41e9006a8.ll,/root/exp/RFunipassLab/external_datasets/build/runtime_matched/external_runtime_polybench_full_wrap_10seeds_backend_oz_repeat1_adaptive5_20260509/oz/polybench_full/jacobi-2d/462/universal/runs/run_001/stdout.txt,/root/exp/RFunipassLab/external_datasets/build/runtime_matched/external_runtime_polybench_full_wrap_10seeds_backend_oz_repeat1_adaptive5_20260509/oz/polybench_full/jacobi-2d/462/universal/runs/run_001/stderr.txt,binary exited with returncode=-11
external_runtime_polybench_full_wrap_10seeds_backend_oz_repeat1_adaptive5_20260509,oz,oz,polybench_full,jacobi-2d,463,20260423_221353_240005_feature_lite_seed463,universal,rfunipass,1,failed,,,9.24978,True,/root/exp/RFunipassLab/external_datasets/build/runtime_matched/external_runtime_polybench_full_wrap_10seeds_backend_oz_repeat1_adaptive5_20260509/oz/polybench_full/jacobi-2d/463/universal/a.out,/root/exp/RFunipassLab/external_datasets/build/runtime_matched/external_runtime_polybench_full_wrap_10seeds_backend_oz_repeat1_adaptive5_20260509/oz/polybench_full/jacobi-2d/463/universal/universal_3c6e71c0df8d.ll,/root/exp/RFunipassLab/external_datasets/build/runtime_matched/external_runtime_polybench_full_wrap_10seeds_backend_oz_repeat1_adaptive5_20260509/oz/polybench_full/jacobi-2d/463/universal/runs/run_001/stdout.txt,/root/exp/RFunipassLab/external_datasets/build/runtime_matched/external_runtime_polybench_full_wrap_10seeds_backend_oz_repeat1_adaptive5_20260509/oz/polybench_full/jacobi-2d/463/universal/runs/run_001/stderr.txt,runtime timeout after 9.24978s
external_runtime_polybench_full_wrap_10seeds_backend_oz_repeat1_adaptive5_20260509,oz,oz,polybench_full,jacobi-2d,464,20260423_230444_536999_feature_lite_seed464,universal,rfunipass,1,failed,,,9.24978,True,/root/exp/RFunipassLab/external_datasets/build/runtime_matched/external_runtime_polybench_full_wrap_10seeds_backend_oz_repeat1_adaptive5_20260509/oz/polybench_full/jacobi-2d/464/universal/a.out,/root/exp/RFunipassLab/external_datasets/build/runtime_matched/external_runtime_polybench_full_wrap_10seeds_backend_oz_repeat1_adaptive5_20260509/oz/polybench_full/jacobi-2d/464/universal/universal_58aea292ea66.ll,/root/exp/RFunipassLab/external_datasets/build/runtime_matched/external_runtime_polybench_full_wrap_10seeds_backend_oz_repeat1_adaptive5_20260509/oz/polybench_full/jacobi-2d/464/universal/runs/run_001/stdout.txt,/root/exp/RFunipassLab/external_datasets/build/runtime_matched/external_runtime_polybench_full_wrap_10seeds_backend_oz_repeat1_adaptive5_20260509/oz/polybench_full/jacobi-2d/464/universal/runs/run_001/stderr.txt,runtime timeout after 9.24978s
external_runtime_polybench_full_wrap_10seeds_backend_oz_repeat1_adaptive5_20260509,oz,oz,polybench_full,jacobi-2d,465,20260423_231957_016941_feature_lite_seed465,universal,rfunipass,1,failed,,,9.24978,False,/root/exp/RFunipassLab/external_datasets/build/runtime_matched/external_runtime_polybench_full_wrap_10seeds_backend_oz_repeat1_adaptive5_20260509/oz/polybench_full/jacobi-2d/465/universal/a.out,/root/exp/RFunipassLab/external_datasets/build/runtime_matched/external_runtime_polybench_full_wrap_10seeds_backend_oz_repeat1_adaptive5_20260509/oz/polybench_full/jacobi-2d/465/universal/universal_e2fa59514181.ll,/root/exp/RFunipassLab/external_datasets/build/runtime_matched/external_runtime_polybench_full_wrap_10seeds_backend_oz_repeat1_adaptive5_20260509/oz/polybench_full/jacobi-2d/465/universal/runs/run_001/stdout.txt,/root/exp/RFunipassLab/external_datasets/build/runtime_matched/external_runtime_polybench_full_wrap_10seeds_backend_oz_repeat1_adaptive5_20260509/oz/polybench_full/jacobi-2d/465/universal/runs/run_001/stderr.txt,binary exited with returncode=-11
external_runtime_polybench_full_wrap_10seeds_backend_oz_repeat1_adaptive5_20260509,oz,oz,polybench_full,seidel-2d,,,none,baseline,1,ok,24.588947,24.64028928685002,300.0,False,/root/exp/RFunipassLab/external_datasets/build/runtime_matched/external_runtime_polybench_full_wrap_10seeds_backend_oz_repeat1_adaptive5_20260509/oz/polybench_full/seidel-2d/baseline/none/a.out,/root/exp/RFunipassLab/external_datasets/build/runtime_matched/external_runtime_polybench_full_wrap_10seeds_backend_oz_repeat1_adaptive5_20260509/oz/polybench_full/seidel-2d/baseline/none/none_71f8e7976e4c.ll,/root/exp/RFunipassLab/external_datasets/build/runtime_matched/external_runtime_polybench_full_wrap_10seeds_backend_oz_repeat1_adaptive5_20260509/oz/polybench_full/seidel-2d/baseline/none/runs/run_001/stdout.txt,/root/exp/RFunipassLab/external_datasets/build/runtime_matched/external_runtime_polybench_full_wrap_10seeds_backend_oz_repeat1_adaptive5_20260509/oz/polybench_full/seidel-2d/baseline/none/runs/run_001/stderr.txt,
external_runtime_polybench_full_wrap_10seeds_backend_oz_repeat1_adaptive5_20260509,oz,oz,polybench_full,seidel-2d,,,oz,baseline,1,ok,24.548484,24.572247898904607,300.0,False,/root/exp/RFunipassLab/external_datasets/build/runtime_matched/external_runtime_polybench_full_wrap_10seeds_backend_oz_repeat1_adaptive5_20260509/oz/polybench_full/seidel-2d/baseline/oz/a.out,/root/exp/RFunipassLab/external_datasets/build/runtime_matched/external_runtime_polybench_full_wrap_10seeds_backend_oz_repeat1_adaptive5_20260509/oz/polybench_full/seidel-2d/baseline/oz/oz_d135b696b0fd.ll,/root/exp/RFunipassLab/external_datasets/build/runtime_matched/external_runtime_polybench_full_wrap_10seeds_backend_oz_repeat1_adaptive5_20260509/oz/polybench_full/seidel-2d/baseline/oz/runs/run_001/stdout.txt,/root/exp/RFunipassLab/external_datasets/build/runtime_matched/external_runtime_polybench_full_wrap_10seeds_backend_oz_repeat1_adaptive5_20260509/oz/polybench_full/seidel-2d/baseline/oz/runs/run_001/stderr.txt,
external_runtime_polybench_full_wrap_10seeds_backend_oz_repeat1_adaptive5_20260509,oz,oz,polybench_full,seidel-2d,456,20260423_181846_349217_feature_lite_seed456,universal,rfunipass,1,failed,,,122.74242,False,/root/exp/RFunipassLab/external_datasets/build/runtime_matched/external_runtime_polybench_full_wrap_10seeds_backend_oz_repeat1_adaptive5_20260509/oz/polybench_full/seidel-2d/456/universal/a.out,/root/exp/RFunipassLab/external_datasets/build/runtime_matched/external_runtime_polybench_full_wrap_10seeds_backend_oz_repeat1_adaptive5_20260509/oz/polybench_full/seidel-2d/456/universal/universal_1dd8ea870347.ll,/root/exp/RFunipassLab/external_datasets/build/runtime_matched/external_runtime_polybench_full_wrap_10seeds_backend_oz_repeat1_adaptive5_20260509/oz/polybench_full/seidel-2d/456/universal/runs/run_001/stdout.txt,/root/exp/RFunipassLab/external_datasets/build/runtime_matched/external_runtime_polybench_full_wrap_10seeds_backend_oz_repeat1_adaptive5_20260509/oz/polybench_full/seidel-2d/456/universal/runs/run_001/stderr.txt,binary exited with returncode=-11
external_runtime_polybench_full_wrap_10seeds_backend_oz_repeat1_adaptive5_20260509,oz,oz,polybench_full,seidel-2d,457,20260423_184811_146360_feature_lite_seed457,universal,rfunipass,1,failed,,,122.74242,False,/root/exp/RFunipassLab/external_datasets/build/runtime_matched/external_runtime_polybench_full_wrap_10seeds_backend_oz_repeat1_adaptive5_20260509/oz/polybench_full/seidel-2d/457/universal/a.out,/root/exp/RFunipassLab/external_datasets/build/runtime_matched/external_runtime_polybench_full_wrap_10seeds_backend_oz_repeat1_adaptive5_20260509/oz/polybench_full/seidel-2d/457/universal/universal_468197d7c679.ll,/root/exp/RFunipassLab/external_datasets/build/runtime_matched/external_runtime_polybench_full_wrap_10seeds_backend_oz_repeat1_adaptive5_20260509/oz/polybench_full/seidel-2d/457/universal/runs/run_001/stdout.txt,/root/exp/RFunipassLab/external_datasets/build/runtime_matched/external_runtime_polybench_full_wrap_10seeds_backend_oz_repeat1_adaptive5_20260509/oz/polybench_full/seidel-2d/457/universal/runs/run_001/stderr.txt,binary exited with returncode=-11
external_runtime_polybench_full_wrap_10seeds_backend_oz_repeat1_adaptive5_20260509,oz,oz,polybench_full,seidel-2d,458,20260423_193326_468019_feature_lite_seed458,universal,rfunipass,1,failed,,,122.74242,False,/root/exp/RFunipassLab/external_datasets/build/runtime_matched/external_runtime_polybench_full_wrap_10seeds_backend_oz_repeat1_adaptive5_20260509/oz/polybench_full/seidel-2d/458/universal/a.out,/root/exp/RFunipassLab/external_datasets/build/runtime_matched/external_runtime_polybench_full_wrap_10seeds_backend_oz_repeat1_adaptive5_20260509/oz/polybench_full/seidel-2d/458/universal/universal_bac1dd97c06b.ll,/root/exp/RFunipassLab/external_datasets/build/runtime_matched/external_runtime_polybench_full_wrap_10seeds_backend_oz_repeat1_adaptive5_20260509/oz/polybench_full/seidel-2d/458/universal/runs/run_001/stdout.txt,/root/exp/RFunipassLab/external_datasets/build/runtime_matched/external_runtime_polybench_full_wrap_10seeds_backend_oz_repeat1_adaptive5_20260509/oz/polybench_full/seidel-2d/458/universal/runs/run_001/stderr.txt,binary exited with returncode=-11
external_runtime_polybench_full_wrap_10seeds_backend_oz_repeat1_adaptive5_20260509,oz,oz,polybench_full,seidel-2d,459,20260423_203402_518521_feature_lite_seed459,universal,rfunipass,1,failed,,,122.74242,False,/root/exp/RFunipassLab/external_datasets/build/runtime_matched/external_runtime_polybench_full_wrap_10seeds_backend_oz_repeat1_adaptive5_20260509/oz/polybench_full/seidel-2d/459/universal/a.out,/root/exp/RFunipassLab/external_datasets/build/runtime_matched/external_runtime_polybench_full_wrap_10seeds_backend_oz_repeat1_adaptive5_20260509/oz/polybench_full/seidel-2d/459/universal/universal_6d5271a22f91.ll,/root/exp/RFunipassLab/external_datasets/build/runtime_matched/external_runtime_polybench_full_wrap_10seeds_backend_oz_repeat1_adaptive5_20260509/oz/polybench_full/seidel-2d/459/universal/runs/run_001/stdout.txt,/root/exp/RFunipassLab/external_datasets/build/runtime_matched/external_runtime_polybench_full_wrap_10seeds_backend_oz_repeat1_adaptive5_20260509/oz/polybench_full/seidel-2d/459/universal/runs/run_001/stderr.txt,binary exited with returncode=-11
external_runtime_polybench_full_wrap_10seeds_backend_oz_repeat1_adaptive5_20260509,oz,oz,polybench_full,seidel-2d,460,20260423_205014_703926_feature_lite_seed460,universal,rfunipass,1,failed,,,122.74242,False,/root/exp/RFunipassLab/external_datasets/build/runtime_matched/external_runtime_polybench_full_wrap_10seeds_backend_oz_repeat1_adaptive5_20260509/oz/polybench_full/seidel-2d/460/universal/a.out,/root/exp/RFunipassLab/external_datasets/build/runtime_matched/external_runtime_polybench_full_wrap_10seeds_backend_oz_repeat1_adaptive5_20260509/oz/polybench_full/seidel-2d/460/universal/universal_aa7d5985738b.ll,/root/exp/RFunipassLab/external_datasets/build/runtime_matched/external_runtime_polybench_full_wrap_10seeds_backend_oz_repeat1_adaptive5_20260509/oz/polybench_full/seidel-2d/460/universal/runs/run_001/stdout.txt,/root/exp/RFunipassLab/external_datasets/build/runtime_matched/external_runtime_polybench_full_wrap_10seeds_backend_oz_repeat1_adaptive5_20260509/oz/polybench_full/seidel-2d/460/universal/runs/run_001/stderr.txt,binary exited with returncode=-11
external_runtime_polybench_full_wrap_10seeds_backend_oz_repeat1_adaptive5_20260509,oz,oz,polybench_full,seidel-2d,461,20260423_211628_575222_feature_lite_seed461,universal,rfunipass,1,failed,,,122.74242,False,/root/exp/RFunipassLab/external_datasets/build/runtime_matched/external_runtime_polybench_full_wrap_10seeds_backend_oz_repeat1_adaptive5_20260509/oz/polybench_full/seidel-2d/461/universal/a.out,/root/exp/RFunipassLab/external_datasets/build/runtime_matched/external_runtime_polybench_full_wrap_10seeds_backend_oz_repeat1_adaptive5_20260509/oz/polybench_full/seidel-2d/461/universal/universal_c3b20e7655ed.ll,/root/exp/RFunipassLab/external_datasets/build/runtime_matched/external_runtime_polybench_full_wrap_10seeds_backend_oz_repeat1_adaptive5_20260509/oz/polybench_full/seidel-2d/461/universal/runs/run_001/stdout.txt,/root/exp/RFunipassLab/external_datasets/build/runtime_matched/external_runtime_polybench_full_wrap_10seeds_backend_oz_repeat1_adaptive5_20260509/oz/polybench_full/seidel-2d/461/universal/runs/run_001/stderr.txt,binary exited with returncode=-11
external_runtime_polybench_full_wrap_10seeds_backend_oz_repeat1_adaptive5_20260509,oz,oz,polybench_full,seidel-2d,462,20260423_214113_355045_feature_lite_seed462,universal,rfunipass,1,failed,,,122.74242,False,/root/exp/RFunipassLab/external_datasets/build/runtime_matched/external_runtime_polybench_full_wrap_10seeds_backend_oz_repeat1_adaptive5_20260509/oz/polybench_full/seidel-2d/462/universal/a.out,/root/exp/RFunipassLab/external_datasets/build/runtime_matched/external_runtime_polybench_full_wrap_10seeds_backend_oz_repeat1_adaptive5_20260509/oz/polybench_full/seidel-2d/462/universal/universal_4da41e9006a8.ll,/root/exp/RFunipassLab/external_datasets/build/runtime_matched/external_runtime_polybench_full_wrap_10seeds_backend_oz_repeat1_adaptive5_20260509/oz/polybench_full/seidel-2d/462/universal/runs/run_001/stdout.txt,/root/exp/RFunipassLab/external_datasets/build/runtime_matched/external_runtime_polybench_full_wrap_10seeds_backend_oz_repeat1_adaptive5_20260509/oz/polybench_full/seidel-2d/462/universal/runs/run_001/stderr.txt,binary exited with returncode=-11
external_runtime_polybench_full_wrap_10seeds_backend_oz_repeat1_adaptive5_20260509,oz,oz,polybench_full,seidel-2d,463,20260423_221353_240005_feature_lite_seed463,universal,rfunipass,1,failed,,,122.74242,True,/root/exp/RFunipassLab/external_datasets/build/runtime_matched/external_runtime_polybench_full_wrap_10seeds_backend_oz_repeat1_adaptive5_20260509/oz/polybench_full/seidel-2d/463/universal/a.out,/root/exp/RFunipassLab/external_datasets/build/runtime_matched/external_runtime_polybench_full_wrap_10seeds_backend_oz_repeat1_adaptive5_20260509/oz/polybench_full/seidel-2d/463/universal/universal_3c6e71c0df8d.ll,/root/exp/RFunipassLab/external_datasets/build/runtime_matched/external_runtime_polybench_full_wrap_10seeds_backend_oz_repeat1_adaptive5_20260509/oz/polybench_full/seidel-2d/463/universal/runs/run_001/stdout.txt,/root/exp/RFunipassLab/external_datasets/build/runtime_matched/external_runtime_polybench_full_wrap_10seeds_backend_oz_repeat1_adaptive5_20260509/oz/polybench_full/seidel-2d/463/universal/runs/run_001/stderr.txt,runtime timeout after 122.74242s
external_runtime_polybench_full_wrap_10seeds_backend_oz_repeat1_adaptive5_20260509,oz,oz,polybench_full,seidel-2d,464,20260423_230444_536999_feature_lite_seed464,universal,rfunipass,1,failed,,,122.74242,False,/root/exp/RFunipassLab/external_datasets/build/runtime_matched/external_runtime_polybench_full_wrap_10seeds_backend_oz_repeat1_adaptive5_20260509/oz/polybench_full/seidel-2d/464/universal/a.out,/root/exp/RFunipassLab/external_datasets/build/runtime_matched/external_runtime_polybench_full_wrap_10seeds_backend_oz_repeat1_adaptive5_20260509/oz/polybench_full/seidel-2d/464/universal/universal_58aea292ea66.ll,/root/exp/RFunipassLab/external_datasets/build/runtime_matched/external_runtime_polybench_full_wrap_10seeds_backend_oz_repeat1_adaptive5_20260509/oz/polybench_full/seidel-2d/464/universal/runs/run_001/stdout.txt,/root/exp/RFunipassLab/external_datasets/build/runtime_matched/external_runtime_polybench_full_wrap_10seeds_backend_oz_repeat1_adaptive5_20260509/oz/polybench_full/seidel-2d/464/universal/runs/run_001/stderr.txt,binary exited with returncode=-11
external_runtime_polybench_full_wrap_10seeds_backend_oz_repeat1_adaptive5_20260509,oz,oz,polybench_full,seidel-2d,465,20260423_231957_016941_feature_lite_seed465,universal,rfunipass,1,failed,,,122.74242,False,/root/exp/RFunipassLab/external_datasets/build/runtime_matched/external_runtime_polybench_full_wrap_10seeds_backend_oz_repeat1_adaptive5_20260509/oz/polybench_full/seidel-2d/465/universal/a.out,/root/exp/RFunipassLab/external_datasets/build/runtime_matched/external_runtime_polybench_full_wrap_10seeds_backend_oz_repeat1_adaptive5_20260509/oz/polybench_full/seidel-2d/465/universal/universal_e2fa59514181.ll,/root/exp/RFunipassLab/external_datasets/build/runtime_matched/external_runtime_polybench_full_wrap_10seeds_backend_oz_repeat1_adaptive5_20260509/oz/polybench_full/seidel-2d/465/universal/runs/run_001/stdout.txt,/root/exp/RFunipassLab/external_datasets/build/runtime_matched/external_runtime_polybench_full_wrap_10seeds_backend_oz_repeat1_adaptive5_20260509/oz/polybench_full/seidel-2d/465/universal/runs/run_001/stderr.txt,binary exited with returncode=-11
