tag,backend_profile,matched_baseline,suite,benchmark,seed,run_id,pipeline_label,pipeline_kind,repeat_index,status,polybench_seconds,wall_seconds,timeout_used,censored,binary_path,optimized_ir_path,stdout_path,stderr_path,error
external_runtime_polybench_full_wrap_10seeds_backend_o3_repeat1_adaptive5_20260509,o3,o3,polybench_full,correlation,,,none,baseline,1,ok,4.475688,4.509736094856635,300.0,False,/root/exp/RFunipassLab/external_datasets/build/runtime_matched/external_runtime_polybench_full_wrap_10seeds_backend_o3_repeat1_adaptive5_20260509/o3/polybench_full/correlation/baseline/none/a.out,/root/exp/RFunipassLab/external_datasets/build/runtime_matched/external_runtime_polybench_full_wrap_10seeds_backend_o3_repeat1_adaptive5_20260509/o3/polybench_full/correlation/baseline/none/none_71f8e7976e4c.ll,/root/exp/RFunipassLab/external_datasets/build/runtime_matched/external_runtime_polybench_full_wrap_10seeds_backend_o3_repeat1_adaptive5_20260509/o3/polybench_full/correlation/baseline/none/runs/run_001/stdout.txt,/root/exp/RFunipassLab/external_datasets/build/runtime_matched/external_runtime_polybench_full_wrap_10seeds_backend_o3_repeat1_adaptive5_20260509/o3/polybench_full/correlation/baseline/none/runs/run_001/stderr.txt,
external_runtime_polybench_full_wrap_10seeds_backend_o3_repeat1_adaptive5_20260509,o3,o3,polybench_full,correlation,,,o3,baseline,1,ok,5.404403,5.415921990992501,300.0,False,/root/exp/RFunipassLab/external_datasets/build/runtime_matched/external_runtime_polybench_full_wrap_10seeds_backend_o3_repeat1_adaptive5_20260509/o3/polybench_full/correlation/baseline/o3/a.out,/root/exp/RFunipassLab/external_datasets/build/runtime_matched/external_runtime_polybench_full_wrap_10seeds_backend_o3_repeat1_adaptive5_20260509/o3/polybench_full/correlation/baseline/o3/o3_41db216f1b51.ll,/root/exp/RFunipassLab/external_datasets/build/runtime_matched/external_runtime_polybench_full_wrap_10seeds_backend_o3_repeat1_adaptive5_20260509/o3/polybench_full/correlation/baseline/o3/runs/run_001/stdout.txt,/root/exp/RFunipassLab/external_datasets/build/runtime_matched/external_runtime_polybench_full_wrap_10seeds_backend_o3_repeat1_adaptive5_20260509/o3/polybench_full/correlation/baseline/o3/runs/run_001/stderr.txt,
external_runtime_polybench_full_wrap_10seeds_backend_o3_repeat1_adaptive5_20260509,o3,o3,polybench_full,correlation,456,20260423_181846_349217_feature_lite_seed456,universal,rfunipass,1,ok,5.479979,5.502367375884205,27.022015000000003,False,/root/exp/RFunipassLab/external_datasets/build/runtime_matched/external_runtime_polybench_full_wrap_10seeds_backend_o3_repeat1_adaptive5_20260509/o3/polybench_full/correlation/456/universal/a.out,/root/exp/RFunipassLab/external_datasets/build/runtime_matched/external_runtime_polybench_full_wrap_10seeds_backend_o3_repeat1_adaptive5_20260509/o3/polybench_full/correlation/456/universal/universal_1dd8ea870347.ll,/root/exp/RFunipassLab/external_datasets/build/runtime_matched/external_runtime_polybench_full_wrap_10seeds_backend_o3_repeat1_adaptive5_20260509/o3/polybench_full/correlation/456/universal/runs/run_001/stdout.txt,/root/exp/RFunipassLab/external_datasets/build/runtime_matched/external_runtime_polybench_full_wrap_10seeds_backend_o3_repeat1_adaptive5_20260509/o3/polybench_full/correlation/456/universal/runs/run_001/stderr.txt,
external_runtime_polybench_full_wrap_10seeds_backend_o3_repeat1_adaptive5_20260509,o3,o3,polybench_full,correlation,457,20260423_184811_146360_feature_lite_seed457,universal,rfunipass,1,ok,5.482476,5.496131988009438,27.022015000000003,False,/root/exp/RFunipassLab/external_datasets/build/runtime_matched/external_runtime_polybench_full_wrap_10seeds_backend_o3_repeat1_adaptive5_20260509/o3/polybench_full/correlation/457/universal/a.out,/root/exp/RFunipassLab/external_datasets/build/runtime_matched/external_runtime_polybench_full_wrap_10seeds_backend_o3_repeat1_adaptive5_20260509/o3/polybench_full/correlation/457/universal/universal_468197d7c679.ll,/root/exp/RFunipassLab/external_datasets/build/runtime_matched/external_runtime_polybench_full_wrap_10seeds_backend_o3_repeat1_adaptive5_20260509/o3/polybench_full/correlation/457/universal/runs/run_001/stdout.txt,/root/exp/RFunipassLab/external_datasets/build/runtime_matched/external_runtime_polybench_full_wrap_10seeds_backend_o3_repeat1_adaptive5_20260509/o3/polybench_full/correlation/457/universal/runs/run_001/stderr.txt,
external_runtime_polybench_full_wrap_10seeds_backend_o3_repeat1_adaptive5_20260509,o3,o3,polybench_full,correlation,458,20260423_193326_468019_feature_lite_seed458,universal,rfunipass,1,ok,5.704743,5.724431111942977,27.022015000000003,False,/root/exp/RFunipassLab/external_datasets/build/runtime_matched/external_runtime_polybench_full_wrap_10seeds_backend_o3_repeat1_adaptive5_20260509/o3/polybench_full/correlation/458/universal/a.out,/root/exp/RFunipassLab/external_datasets/build/runtime_matched/external_runtime_polybench_full_wrap_10seeds_backend_o3_repeat1_adaptive5_20260509/o3/polybench_full/correlation/458/universal/universal_bac1dd97c06b.ll,/root/exp/RFunipassLab/external_datasets/build/runtime_matched/external_runtime_polybench_full_wrap_10seeds_backend_o3_repeat1_adaptive5_20260509/o3/polybench_full/correlation/458/universal/runs/run_001/stdout.txt,/root/exp/RFunipassLab/external_datasets/build/runtime_matched/external_runtime_polybench_full_wrap_10seeds_backend_o3_repeat1_adaptive5_20260509/o3/polybench_full/correlation/458/universal/runs/run_001/stderr.txt,
external_runtime_polybench_full_wrap_10seeds_backend_o3_repeat1_adaptive5_20260509,o3,o3,polybench_full,correlation,459,20260423_203402_518521_feature_lite_seed459,universal,rfunipass,1,ok,5.762463,5.785064310068265,27.022015000000003,False,/root/exp/RFunipassLab/external_datasets/build/runtime_matched/external_runtime_polybench_full_wrap_10seeds_backend_o3_repeat1_adaptive5_20260509/o3/polybench_full/correlation/459/universal/a.out,/root/exp/RFunipassLab/external_datasets/build/runtime_matched/external_runtime_polybench_full_wrap_10seeds_backend_o3_repeat1_adaptive5_20260509/o3/polybench_full/correlation/459/universal/universal_6d5271a22f91.ll,/root/exp/RFunipassLab/external_datasets/build/runtime_matched/external_runtime_polybench_full_wrap_10seeds_backend_o3_repeat1_adaptive5_20260509/o3/polybench_full/correlation/459/universal/runs/run_001/stdout.txt,/root/exp/RFunipassLab/external_datasets/build/runtime_matched/external_runtime_polybench_full_wrap_10seeds_backend_o3_repeat1_adaptive5_20260509/o3/polybench_full/correlation/459/universal/runs/run_001/stderr.txt,
external_runtime_polybench_full_wrap_10seeds_backend_o3_repeat1_adaptive5_20260509,o3,o3,polybench_full,correlation,460,20260423_205014_703926_feature_lite_seed460,universal,rfunipass,1,ok,5.752286,5.775333612924442,27.022015000000003,False,/root/exp/RFunipassLab/external_datasets/build/runtime_matched/external_runtime_polybench_full_wrap_10seeds_backend_o3_repeat1_adaptive5_20260509/o3/polybench_full/correlation/460/universal/a.out,/root/exp/RFunipassLab/external_datasets/build/runtime_matched/external_runtime_polybench_full_wrap_10seeds_backend_o3_repeat1_adaptive5_20260509/o3/polybench_full/correlation/460/universal/universal_aa7d5985738b.ll,/root/exp/RFunipassLab/external_datasets/build/runtime_matched/external_runtime_polybench_full_wrap_10seeds_backend_o3_repeat1_adaptive5_20260509/o3/polybench_full/correlation/460/universal/runs/run_001/stdout.txt,/root/exp/RFunipassLab/external_datasets/build/runtime_matched/external_runtime_polybench_full_wrap_10seeds_backend_o3_repeat1_adaptive5_20260509/o3/polybench_full/correlation/460/universal/runs/run_001/stderr.txt,
external_runtime_polybench_full_wrap_10seeds_backend_o3_repeat1_adaptive5_20260509,o3,o3,polybench_full,correlation,461,20260423_211628_575222_feature_lite_seed461,universal,rfunipass,1,ok,5.759733,5.772378496127203,27.022015000000003,False,/root/exp/RFunipassLab/external_datasets/build/runtime_matched/external_runtime_polybench_full_wrap_10seeds_backend_o3_repeat1_adaptive5_20260509/o3/polybench_full/correlation/461/universal/a.out,/root/exp/RFunipassLab/external_datasets/build/runtime_matched/external_runtime_polybench_full_wrap_10seeds_backend_o3_repeat1_adaptive5_20260509/o3/polybench_full/correlation/461/universal/universal_c3b20e7655ed.ll,/root/exp/RFunipassLab/external_datasets/build/runtime_matched/external_runtime_polybench_full_wrap_10seeds_backend_o3_repeat1_adaptive5_20260509/o3/polybench_full/correlation/461/universal/runs/run_001/stdout.txt,/root/exp/RFunipassLab/external_datasets/build/runtime_matched/external_runtime_polybench_full_wrap_10seeds_backend_o3_repeat1_adaptive5_20260509/o3/polybench_full/correlation/461/universal/runs/run_001/stderr.txt,
external_runtime_polybench_full_wrap_10seeds_backend_o3_repeat1_adaptive5_20260509,o3,o3,polybench_full,correlation,462,20260423_214113_355045_feature_lite_seed462,universal,rfunipass,1,ok,5.770777,5.790161981014535,27.022015000000003,False,/root/exp/RFunipassLab/external_datasets/build/runtime_matched/external_runtime_polybench_full_wrap_10seeds_backend_o3_repeat1_adaptive5_20260509/o3/polybench_full/correlation/462/universal/a.out,/root/exp/RFunipassLab/external_datasets/build/runtime_matched/external_runtime_polybench_full_wrap_10seeds_backend_o3_repeat1_adaptive5_20260509/o3/polybench_full/correlation/462/universal/universal_4da41e9006a8.ll,/root/exp/RFunipassLab/external_datasets/build/runtime_matched/external_runtime_polybench_full_wrap_10seeds_backend_o3_repeat1_adaptive5_20260509/o3/polybench_full/correlation/462/universal/runs/run_001/stdout.txt,/root/exp/RFunipassLab/external_datasets/build/runtime_matched/external_runtime_polybench_full_wrap_10seeds_backend_o3_repeat1_adaptive5_20260509/o3/polybench_full/correlation/462/universal/runs/run_001/stderr.txt,
external_runtime_polybench_full_wrap_10seeds_backend_o3_repeat1_adaptive5_20260509,o3,o3,polybench_full,correlation,463,20260423_221353_240005_feature_lite_seed463,universal,rfunipass,1,failed,,,27.022015000000003,True,/root/exp/RFunipassLab/external_datasets/build/runtime_matched/external_runtime_polybench_full_wrap_10seeds_backend_o3_repeat1_adaptive5_20260509/o3/polybench_full/correlation/463/universal/a.out,/root/exp/RFunipassLab/external_datasets/build/runtime_matched/external_runtime_polybench_full_wrap_10seeds_backend_o3_repeat1_adaptive5_20260509/o3/polybench_full/correlation/463/universal/universal_3c6e71c0df8d.ll,/root/exp/RFunipassLab/external_datasets/build/runtime_matched/external_runtime_polybench_full_wrap_10seeds_backend_o3_repeat1_adaptive5_20260509/o3/polybench_full/correlation/463/universal/runs/run_001/stdout.txt,/root/exp/RFunipassLab/external_datasets/build/runtime_matched/external_runtime_polybench_full_wrap_10seeds_backend_o3_repeat1_adaptive5_20260509/o3/polybench_full/correlation/463/universal/runs/run_001/stderr.txt,runtime timeout after 27.022015000000003s
external_runtime_polybench_full_wrap_10seeds_backend_o3_repeat1_adaptive5_20260509,o3,o3,polybench_full,correlation,464,20260423_230444_536999_feature_lite_seed464,universal,rfunipass,1,ok,5.467914,5.490771231940016,27.022015000000003,False,/root/exp/RFunipassLab/external_datasets/build/runtime_matched/external_runtime_polybench_full_wrap_10seeds_backend_o3_repeat1_adaptive5_20260509/o3/polybench_full/correlation/464/universal/a.out,/root/exp/RFunipassLab/external_datasets/build/runtime_matched/external_runtime_polybench_full_wrap_10seeds_backend_o3_repeat1_adaptive5_20260509/o3/polybench_full/correlation/464/universal/universal_58aea292ea66.ll,/root/exp/RFunipassLab/external_datasets/build/runtime_matched/external_runtime_polybench_full_wrap_10seeds_backend_o3_repeat1_adaptive5_20260509/o3/polybench_full/correlation/464/universal/runs/run_001/stdout.txt,/root/exp/RFunipassLab/external_datasets/build/runtime_matched/external_runtime_polybench_full_wrap_10seeds_backend_o3_repeat1_adaptive5_20260509/o3/polybench_full/correlation/464/universal/runs/run_001/stderr.txt,
external_runtime_polybench_full_wrap_10seeds_backend_o3_repeat1_adaptive5_20260509,o3,o3,polybench_full,correlation,465,20260423_231957_016941_feature_lite_seed465,universal,rfunipass,1,ok,5.791112,5.806698665954173,27.022015000000003,False,/root/exp/RFunipassLab/external_datasets/build/runtime_matched/external_runtime_polybench_full_wrap_10seeds_backend_o3_repeat1_adaptive5_20260509/o3/polybench_full/correlation/465/universal/a.out,/root/exp/RFunipassLab/external_datasets/build/runtime_matched/external_runtime_polybench_full_wrap_10seeds_backend_o3_repeat1_adaptive5_20260509/o3/polybench_full/correlation/465/universal/universal_e2fa59514181.ll,/root/exp/RFunipassLab/external_datasets/build/runtime_matched/external_runtime_polybench_full_wrap_10seeds_backend_o3_repeat1_adaptive5_20260509/o3/polybench_full/correlation/465/universal/runs/run_001/stdout.txt,/root/exp/RFunipassLab/external_datasets/build/runtime_matched/external_runtime_polybench_full_wrap_10seeds_backend_o3_repeat1_adaptive5_20260509/o3/polybench_full/correlation/465/universal/runs/run_001/stderr.txt,
external_runtime_polybench_full_wrap_10seeds_backend_o3_repeat1_adaptive5_20260509,o3,o3,polybench_full,covariance,,,none,baseline,1,ok,4.456001,4.487160810967907,300.0,False,/root/exp/RFunipassLab/external_datasets/build/runtime_matched/external_runtime_polybench_full_wrap_10seeds_backend_o3_repeat1_adaptive5_20260509/o3/polybench_full/covariance/baseline/none/a.out,/root/exp/RFunipassLab/external_datasets/build/runtime_matched/external_runtime_polybench_full_wrap_10seeds_backend_o3_repeat1_adaptive5_20260509/o3/polybench_full/covariance/baseline/none/none_71f8e7976e4c.ll,/root/exp/RFunipassLab/external_datasets/build/runtime_matched/external_runtime_polybench_full_wrap_10seeds_backend_o3_repeat1_adaptive5_20260509/o3/polybench_full/covariance/baseline/none/runs/run_001/stdout.txt,/root/exp/RFunipassLab/external_datasets/build/runtime_matched/external_runtime_polybench_full_wrap_10seeds_backend_o3_repeat1_adaptive5_20260509/o3/polybench_full/covariance/baseline/none/runs/run_001/stderr.txt,
external_runtime_polybench_full_wrap_10seeds_backend_o3_repeat1_adaptive5_20260509,o3,o3,polybench_full,covariance,,,o3,baseline,1,ok,5.406811,5.417537044966593,300.0,False,/root/exp/RFunipassLab/external_datasets/build/runtime_matched/external_runtime_polybench_full_wrap_10seeds_backend_o3_repeat1_adaptive5_20260509/o3/polybench_full/covariance/baseline/o3/a.out,/root/exp/RFunipassLab/external_datasets/build/runtime_matched/external_runtime_polybench_full_wrap_10seeds_backend_o3_repeat1_adaptive5_20260509/o3/polybench_full/covariance/baseline/o3/o3_41db216f1b51.ll,/root/exp/RFunipassLab/external_datasets/build/runtime_matched/external_runtime_polybench_full_wrap_10seeds_backend_o3_repeat1_adaptive5_20260509/o3/polybench_full/covariance/baseline/o3/runs/run_001/stdout.txt,/root/exp/RFunipassLab/external_datasets/build/runtime_matched/external_runtime_polybench_full_wrap_10seeds_backend_o3_repeat1_adaptive5_20260509/o3/polybench_full/covariance/baseline/o3/runs/run_001/stderr.txt,
external_runtime_polybench_full_wrap_10seeds_backend_o3_repeat1_adaptive5_20260509,o3,o3,polybench_full,covariance,456,20260423_181846_349217_feature_lite_seed456,universal,rfunipass,1,ok,5.454472,5.477757943095639,27.034055000000002,False,/root/exp/RFunipassLab/external_datasets/build/runtime_matched/external_runtime_polybench_full_wrap_10seeds_backend_o3_repeat1_adaptive5_20260509/o3/polybench_full/covariance/456/universal/a.out,/root/exp/RFunipassLab/external_datasets/build/runtime_matched/external_runtime_polybench_full_wrap_10seeds_backend_o3_repeat1_adaptive5_20260509/o3/polybench_full/covariance/456/universal/universal_1dd8ea870347.ll,/root/exp/RFunipassLab/external_datasets/build/runtime_matched/external_runtime_polybench_full_wrap_10seeds_backend_o3_repeat1_adaptive5_20260509/o3/polybench_full/covariance/456/universal/runs/run_001/stdout.txt,/root/exp/RFunipassLab/external_datasets/build/runtime_matched/external_runtime_polybench_full_wrap_10seeds_backend_o3_repeat1_adaptive5_20260509/o3/polybench_full/covariance/456/universal/runs/run_001/stderr.txt,
external_runtime_polybench_full_wrap_10seeds_backend_o3_repeat1_adaptive5_20260509,o3,o3,polybench_full,covariance,457,20260423_184811_146360_feature_lite_seed457,universal,rfunipass,1,failed,,,27.034055000000002,True,/root/exp/RFunipassLab/external_datasets/build/runtime_matched/external_runtime_polybench_full_wrap_10seeds_backend_o3_repeat1_adaptive5_20260509/o3/polybench_full/covariance/457/universal/a.out,/root/exp/RFunipassLab/external_datasets/build/runtime_matched/external_runtime_polybench_full_wrap_10seeds_backend_o3_repeat1_adaptive5_20260509/o3/polybench_full/covariance/457/universal/universal_468197d7c679.ll,/root/exp/RFunipassLab/external_datasets/build/runtime_matched/external_runtime_polybench_full_wrap_10seeds_backend_o3_repeat1_adaptive5_20260509/o3/polybench_full/covariance/457/universal/runs/run_001/stdout.txt,/root/exp/RFunipassLab/external_datasets/build/runtime_matched/external_runtime_polybench_full_wrap_10seeds_backend_o3_repeat1_adaptive5_20260509/o3/polybench_full/covariance/457/universal/runs/run_001/stderr.txt,runtime timeout after 27.034055000000002s
external_runtime_polybench_full_wrap_10seeds_backend_o3_repeat1_adaptive5_20260509,o3,o3,polybench_full,covariance,458,20260423_193326_468019_feature_lite_seed458,universal,rfunipass,1,failed,,,27.034055000000002,True,/root/exp/RFunipassLab/external_datasets/build/runtime_matched/external_runtime_polybench_full_wrap_10seeds_backend_o3_repeat1_adaptive5_20260509/o3/polybench_full/covariance/458/universal/a.out,/root/exp/RFunipassLab/external_datasets/build/runtime_matched/external_runtime_polybench_full_wrap_10seeds_backend_o3_repeat1_adaptive5_20260509/o3/polybench_full/covariance/458/universal/universal_bac1dd97c06b.ll,/root/exp/RFunipassLab/external_datasets/build/runtime_matched/external_runtime_polybench_full_wrap_10seeds_backend_o3_repeat1_adaptive5_20260509/o3/polybench_full/covariance/458/universal/runs/run_001/stdout.txt,/root/exp/RFunipassLab/external_datasets/build/runtime_matched/external_runtime_polybench_full_wrap_10seeds_backend_o3_repeat1_adaptive5_20260509/o3/polybench_full/covariance/458/universal/runs/run_001/stderr.txt,runtime timeout after 27.034055000000002s
external_runtime_polybench_full_wrap_10seeds_backend_o3_repeat1_adaptive5_20260509,o3,o3,polybench_full,covariance,459,20260423_203402_518521_feature_lite_seed459,universal,rfunipass,1,ok,5.746776,5.767271745018661,27.034055000000002,False,/root/exp/RFunipassLab/external_datasets/build/runtime_matched/external_runtime_polybench_full_wrap_10seeds_backend_o3_repeat1_adaptive5_20260509/o3/polybench_full/covariance/459/universal/a.out,/root/exp/RFunipassLab/external_datasets/build/runtime_matched/external_runtime_polybench_full_wrap_10seeds_backend_o3_repeat1_adaptive5_20260509/o3/polybench_full/covariance/459/universal/universal_6d5271a22f91.ll,/root/exp/RFunipassLab/external_datasets/build/runtime_matched/external_runtime_polybench_full_wrap_10seeds_backend_o3_repeat1_adaptive5_20260509/o3/polybench_full/covariance/459/universal/runs/run_001/stdout.txt,/root/exp/RFunipassLab/external_datasets/build/runtime_matched/external_runtime_polybench_full_wrap_10seeds_backend_o3_repeat1_adaptive5_20260509/o3/polybench_full/covariance/459/universal/runs/run_001/stderr.txt,
external_runtime_polybench_full_wrap_10seeds_backend_o3_repeat1_adaptive5_20260509,o3,o3,polybench_full,covariance,460,20260423_205014_703926_feature_lite_seed460,universal,rfunipass,1,failed,,,27.034055000000002,False,/root/exp/RFunipassLab/external_datasets/build/runtime_matched/external_runtime_polybench_full_wrap_10seeds_backend_o3_repeat1_adaptive5_20260509/o3/polybench_full/covariance/460/universal/a.out,/root/exp/RFunipassLab/external_datasets/build/runtime_matched/external_runtime_polybench_full_wrap_10seeds_backend_o3_repeat1_adaptive5_20260509/o3/polybench_full/covariance/460/universal/universal_aa7d5985738b.ll,/root/exp/RFunipassLab/external_datasets/build/runtime_matched/external_runtime_polybench_full_wrap_10seeds_backend_o3_repeat1_adaptive5_20260509/o3/polybench_full/covariance/460/universal/runs/run_001/stdout.txt,/root/exp/RFunipassLab/external_datasets/build/runtime_matched/external_runtime_polybench_full_wrap_10seeds_backend_o3_repeat1_adaptive5_20260509/o3/polybench_full/covariance/460/universal/runs/run_001/stderr.txt,binary exited with returncode=-11
external_runtime_polybench_full_wrap_10seeds_backend_o3_repeat1_adaptive5_20260509,o3,o3,polybench_full,covariance,461,20260423_211628_575222_feature_lite_seed461,universal,rfunipass,1,ok,5.767509,5.77983538294211,27.034055000000002,False,/root/exp/RFunipassLab/external_datasets/build/runtime_matched/external_runtime_polybench_full_wrap_10seeds_backend_o3_repeat1_adaptive5_20260509/o3/polybench_full/covariance/461/universal/a.out,/root/exp/RFunipassLab/external_datasets/build/runtime_matched/external_runtime_polybench_full_wrap_10seeds_backend_o3_repeat1_adaptive5_20260509/o3/polybench_full/covariance/461/universal/universal_c3b20e7655ed.ll,/root/exp/RFunipassLab/external_datasets/build/runtime_matched/external_runtime_polybench_full_wrap_10seeds_backend_o3_repeat1_adaptive5_20260509/o3/polybench_full/covariance/461/universal/runs/run_001/stdout.txt,/root/exp/RFunipassLab/external_datasets/build/runtime_matched/external_runtime_polybench_full_wrap_10seeds_backend_o3_repeat1_adaptive5_20260509/o3/polybench_full/covariance/461/universal/runs/run_001/stderr.txt,
external_runtime_polybench_full_wrap_10seeds_backend_o3_repeat1_adaptive5_20260509,o3,o3,polybench_full,covariance,462,20260423_214113_355045_feature_lite_seed462,universal,rfunipass,1,failed,,,27.034055000000002,False,/root/exp/RFunipassLab/external_datasets/build/runtime_matched/external_runtime_polybench_full_wrap_10seeds_backend_o3_repeat1_adaptive5_20260509/o3/polybench_full/covariance/462/universal/a.out,/root/exp/RFunipassLab/external_datasets/build/runtime_matched/external_runtime_polybench_full_wrap_10seeds_backend_o3_repeat1_adaptive5_20260509/o3/polybench_full/covariance/462/universal/universal_4da41e9006a8.ll,/root/exp/RFunipassLab/external_datasets/build/runtime_matched/external_runtime_polybench_full_wrap_10seeds_backend_o3_repeat1_adaptive5_20260509/o3/polybench_full/covariance/462/universal/runs/run_001/stdout.txt,/root/exp/RFunipassLab/external_datasets/build/runtime_matched/external_runtime_polybench_full_wrap_10seeds_backend_o3_repeat1_adaptive5_20260509/o3/polybench_full/covariance/462/universal/runs/run_001/stderr.txt,binary exited with returncode=-11
external_runtime_polybench_full_wrap_10seeds_backend_o3_repeat1_adaptive5_20260509,o3,o3,polybench_full,covariance,463,20260423_221353_240005_feature_lite_seed463,universal,rfunipass,1,failed,,,27.034055000000002,True,/root/exp/RFunipassLab/external_datasets/build/runtime_matched/external_runtime_polybench_full_wrap_10seeds_backend_o3_repeat1_adaptive5_20260509/o3/polybench_full/covariance/463/universal/a.out,/root/exp/RFunipassLab/external_datasets/build/runtime_matched/external_runtime_polybench_full_wrap_10seeds_backend_o3_repeat1_adaptive5_20260509/o3/polybench_full/covariance/463/universal/universal_3c6e71c0df8d.ll,/root/exp/RFunipassLab/external_datasets/build/runtime_matched/external_runtime_polybench_full_wrap_10seeds_backend_o3_repeat1_adaptive5_20260509/o3/polybench_full/covariance/463/universal/runs/run_001/stdout.txt,/root/exp/RFunipassLab/external_datasets/build/runtime_matched/external_runtime_polybench_full_wrap_10seeds_backend_o3_repeat1_adaptive5_20260509/o3/polybench_full/covariance/463/universal/runs/run_001/stderr.txt,runtime timeout after 27.034055000000002s
external_runtime_polybench_full_wrap_10seeds_backend_o3_repeat1_adaptive5_20260509,o3,o3,polybench_full,covariance,464,20260423_230444_536999_feature_lite_seed464,universal,rfunipass,1,ok,5.566939,5.587126760976389,27.034055000000002,False,/root/exp/RFunipassLab/external_datasets/build/runtime_matched/external_runtime_polybench_full_wrap_10seeds_backend_o3_repeat1_adaptive5_20260509/o3/polybench_full/covariance/464/universal/a.out,/root/exp/RFunipassLab/external_datasets/build/runtime_matched/external_runtime_polybench_full_wrap_10seeds_backend_o3_repeat1_adaptive5_20260509/o3/polybench_full/covariance/464/universal/universal_58aea292ea66.ll,/root/exp/RFunipassLab/external_datasets/build/runtime_matched/external_runtime_polybench_full_wrap_10seeds_backend_o3_repeat1_adaptive5_20260509/o3/polybench_full/covariance/464/universal/runs/run_001/stdout.txt,/root/exp/RFunipassLab/external_datasets/build/runtime_matched/external_runtime_polybench_full_wrap_10seeds_backend_o3_repeat1_adaptive5_20260509/o3/polybench_full/covariance/464/universal/runs/run_001/stderr.txt,
external_runtime_polybench_full_wrap_10seeds_backend_o3_repeat1_adaptive5_20260509,o3,o3,polybench_full,covariance,465,20260423_231957_016941_feature_lite_seed465,universal,rfunipass,1,failed,,,27.034055000000002,True,/root/exp/RFunipassLab/external_datasets/build/runtime_matched/external_runtime_polybench_full_wrap_10seeds_backend_o3_repeat1_adaptive5_20260509/o3/polybench_full/covariance/465/universal/a.out,/root/exp/RFunipassLab/external_datasets/build/runtime_matched/external_runtime_polybench_full_wrap_10seeds_backend_o3_repeat1_adaptive5_20260509/o3/polybench_full/covariance/465/universal/universal_e2fa59514181.ll,/root/exp/RFunipassLab/external_datasets/build/runtime_matched/external_runtime_polybench_full_wrap_10seeds_backend_o3_repeat1_adaptive5_20260509/o3/polybench_full/covariance/465/universal/runs/run_001/stdout.txt,/root/exp/RFunipassLab/external_datasets/build/runtime_matched/external_runtime_polybench_full_wrap_10seeds_backend_o3_repeat1_adaptive5_20260509/o3/polybench_full/covariance/465/universal/runs/run_001/stderr.txt,runtime timeout after 27.034055000000002s
external_runtime_polybench_full_wrap_10seeds_backend_o3_repeat1_adaptive5_20260509,o3,o3,polybench_full,2mm,,,none,baseline,1,ok,5.787395,5.837644881103188,300.0,False,/root/exp/RFunipassLab/external_datasets/build/runtime_matched/external_runtime_polybench_full_wrap_10seeds_backend_o3_repeat1_adaptive5_20260509/o3/polybench_full/2mm/baseline/none/a.out,/root/exp/RFunipassLab/external_datasets/build/runtime_matched/external_runtime_polybench_full_wrap_10seeds_backend_o3_repeat1_adaptive5_20260509/o3/polybench_full/2mm/baseline/none/none_71f8e7976e4c.ll,/root/exp/RFunipassLab/external_datasets/build/runtime_matched/external_runtime_polybench_full_wrap_10seeds_backend_o3_repeat1_adaptive5_20260509/o3/polybench_full/2mm/baseline/none/runs/run_001/stdout.txt,/root/exp/RFunipassLab/external_datasets/build/runtime_matched/external_runtime_polybench_full_wrap_10seeds_backend_o3_repeat1_adaptive5_20260509/o3/polybench_full/2mm/baseline/none/runs/run_001/stderr.txt,
external_runtime_polybench_full_wrap_10seeds_backend_o3_repeat1_adaptive5_20260509,o3,o3,polybench_full,2mm,,,o3,baseline,1,ok,2.3268,2.3549167250748724,300.0,False,/root/exp/RFunipassLab/external_datasets/build/runtime_matched/external_runtime_polybench_full_wrap_10seeds_backend_o3_repeat1_adaptive5_20260509/o3/polybench_full/2mm/baseline/o3/a.out,/root/exp/RFunipassLab/external_datasets/build/runtime_matched/external_runtime_polybench_full_wrap_10seeds_backend_o3_repeat1_adaptive5_20260509/o3/polybench_full/2mm/baseline/o3/o3_41db216f1b51.ll,/root/exp/RFunipassLab/external_datasets/build/runtime_matched/external_runtime_polybench_full_wrap_10seeds_backend_o3_repeat1_adaptive5_20260509/o3/polybench_full/2mm/baseline/o3/runs/run_001/stdout.txt,/root/exp/RFunipassLab/external_datasets/build/runtime_matched/external_runtime_polybench_full_wrap_10seeds_backend_o3_repeat1_adaptive5_20260509/o3/polybench_full/2mm/baseline/o3/runs/run_001/stderr.txt,
external_runtime_polybench_full_wrap_10seeds_backend_o3_repeat1_adaptive5_20260509,o3,o3,polybench_full,2mm,456,20260423_181846_349217_feature_lite_seed456,universal,rfunipass,1,failed,,,11.634,True,/root/exp/RFunipassLab/external_datasets/build/runtime_matched/external_runtime_polybench_full_wrap_10seeds_backend_o3_repeat1_adaptive5_20260509/o3/polybench_full/2mm/456/universal/a.out,/root/exp/RFunipassLab/external_datasets/build/runtime_matched/external_runtime_polybench_full_wrap_10seeds_backend_o3_repeat1_adaptive5_20260509/o3/polybench_full/2mm/456/universal/universal_1dd8ea870347.ll,/root/exp/RFunipassLab/external_datasets/build/runtime_matched/external_runtime_polybench_full_wrap_10seeds_backend_o3_repeat1_adaptive5_20260509/o3/polybench_full/2mm/456/universal/runs/run_001/stdout.txt,/root/exp/RFunipassLab/external_datasets/build/runtime_matched/external_runtime_polybench_full_wrap_10seeds_backend_o3_repeat1_adaptive5_20260509/o3/polybench_full/2mm/456/universal/runs/run_001/stderr.txt,runtime timeout after 11.634s
external_runtime_polybench_full_wrap_10seeds_backend_o3_repeat1_adaptive5_20260509,o3,o3,polybench_full,2mm,457,20260423_184811_146360_feature_lite_seed457,universal,rfunipass,1,failed,,,11.634,True,/root/exp/RFunipassLab/external_datasets/build/runtime_matched/external_runtime_polybench_full_wrap_10seeds_backend_o3_repeat1_adaptive5_20260509/o3/polybench_full/2mm/457/universal/a.out,/root/exp/RFunipassLab/external_datasets/build/runtime_matched/external_runtime_polybench_full_wrap_10seeds_backend_o3_repeat1_adaptive5_20260509/o3/polybench_full/2mm/457/universal/universal_468197d7c679.ll,/root/exp/RFunipassLab/external_datasets/build/runtime_matched/external_runtime_polybench_full_wrap_10seeds_backend_o3_repeat1_adaptive5_20260509/o3/polybench_full/2mm/457/universal/runs/run_001/stdout.txt,/root/exp/RFunipassLab/external_datasets/build/runtime_matched/external_runtime_polybench_full_wrap_10seeds_backend_o3_repeat1_adaptive5_20260509/o3/polybench_full/2mm/457/universal/runs/run_001/stderr.txt,runtime timeout after 11.634s
external_runtime_polybench_full_wrap_10seeds_backend_o3_repeat1_adaptive5_20260509,o3,o3,polybench_full,2mm,458,20260423_193326_468019_feature_lite_seed458,universal,rfunipass,1,failed,,,11.634,True,/root/exp/RFunipassLab/external_datasets/build/runtime_matched/external_runtime_polybench_full_wrap_10seeds_backend_o3_repeat1_adaptive5_20260509/o3/polybench_full/2mm/458/universal/a.out,/root/exp/RFunipassLab/external_datasets/build/runtime_matched/external_runtime_polybench_full_wrap_10seeds_backend_o3_repeat1_adaptive5_20260509/o3/polybench_full/2mm/458/universal/universal_bac1dd97c06b.ll,/root/exp/RFunipassLab/external_datasets/build/runtime_matched/external_runtime_polybench_full_wrap_10seeds_backend_o3_repeat1_adaptive5_20260509/o3/polybench_full/2mm/458/universal/runs/run_001/stdout.txt,/root/exp/RFunipassLab/external_datasets/build/runtime_matched/external_runtime_polybench_full_wrap_10seeds_backend_o3_repeat1_adaptive5_20260509/o3/polybench_full/2mm/458/universal/runs/run_001/stderr.txt,runtime timeout after 11.634s
external_runtime_polybench_full_wrap_10seeds_backend_o3_repeat1_adaptive5_20260509,o3,o3,polybench_full,2mm,459,20260423_203402_518521_feature_lite_seed459,universal,rfunipass,1,ok,2.318561,2.3542996919713914,11.634,False,/root/exp/RFunipassLab/external_datasets/build/runtime_matched/external_runtime_polybench_full_wrap_10seeds_backend_o3_repeat1_adaptive5_20260509/o3/polybench_full/2mm/459/universal/a.out,/root/exp/RFunipassLab/external_datasets/build/runtime_matched/external_runtime_polybench_full_wrap_10seeds_backend_o3_repeat1_adaptive5_20260509/o3/polybench_full/2mm/459/universal/universal_6d5271a22f91.ll,/root/exp/RFunipassLab/external_datasets/build/runtime_matched/external_runtime_polybench_full_wrap_10seeds_backend_o3_repeat1_adaptive5_20260509/o3/polybench_full/2mm/459/universal/runs/run_001/stdout.txt,/root/exp/RFunipassLab/external_datasets/build/runtime_matched/external_runtime_polybench_full_wrap_10seeds_backend_o3_repeat1_adaptive5_20260509/o3/polybench_full/2mm/459/universal/runs/run_001/stderr.txt,
external_runtime_polybench_full_wrap_10seeds_backend_o3_repeat1_adaptive5_20260509,o3,o3,polybench_full,2mm,460,20260423_205014_703926_feature_lite_seed460,universal,rfunipass,1,failed,,,11.634,True,/root/exp/RFunipassLab/external_datasets/build/runtime_matched/external_runtime_polybench_full_wrap_10seeds_backend_o3_repeat1_adaptive5_20260509/o3/polybench_full/2mm/460/universal/a.out,/root/exp/RFunipassLab/external_datasets/build/runtime_matched/external_runtime_polybench_full_wrap_10seeds_backend_o3_repeat1_adaptive5_20260509/o3/polybench_full/2mm/460/universal/universal_aa7d5985738b.ll,/root/exp/RFunipassLab/external_datasets/build/runtime_matched/external_runtime_polybench_full_wrap_10seeds_backend_o3_repeat1_adaptive5_20260509/o3/polybench_full/2mm/460/universal/runs/run_001/stdout.txt,/root/exp/RFunipassLab/external_datasets/build/runtime_matched/external_runtime_polybench_full_wrap_10seeds_backend_o3_repeat1_adaptive5_20260509/o3/polybench_full/2mm/460/universal/runs/run_001/stderr.txt,runtime timeout after 11.634s
external_runtime_polybench_full_wrap_10seeds_backend_o3_repeat1_adaptive5_20260509,o3,o3,polybench_full,2mm,461,20260423_211628_575222_feature_lite_seed461,universal,rfunipass,1,ok,2.373872,2.4009130699560046,11.634,False,/root/exp/RFunipassLab/external_datasets/build/runtime_matched/external_runtime_polybench_full_wrap_10seeds_backend_o3_repeat1_adaptive5_20260509/o3/polybench_full/2mm/461/universal/a.out,/root/exp/RFunipassLab/external_datasets/build/runtime_matched/external_runtime_polybench_full_wrap_10seeds_backend_o3_repeat1_adaptive5_20260509/o3/polybench_full/2mm/461/universal/universal_c3b20e7655ed.ll,/root/exp/RFunipassLab/external_datasets/build/runtime_matched/external_runtime_polybench_full_wrap_10seeds_backend_o3_repeat1_adaptive5_20260509/o3/polybench_full/2mm/461/universal/runs/run_001/stdout.txt,/root/exp/RFunipassLab/external_datasets/build/runtime_matched/external_runtime_polybench_full_wrap_10seeds_backend_o3_repeat1_adaptive5_20260509/o3/polybench_full/2mm/461/universal/runs/run_001/stderr.txt,
external_runtime_polybench_full_wrap_10seeds_backend_o3_repeat1_adaptive5_20260509,o3,o3,polybench_full,2mm,462,20260423_214113_355045_feature_lite_seed462,universal,rfunipass,1,failed,,,11.634,True,/root/exp/RFunipassLab/external_datasets/build/runtime_matched/external_runtime_polybench_full_wrap_10seeds_backend_o3_repeat1_adaptive5_20260509/o3/polybench_full/2mm/462/universal/a.out,/root/exp/RFunipassLab/external_datasets/build/runtime_matched/external_runtime_polybench_full_wrap_10seeds_backend_o3_repeat1_adaptive5_20260509/o3/polybench_full/2mm/462/universal/universal_4da41e9006a8.ll,/root/exp/RFunipassLab/external_datasets/build/runtime_matched/external_runtime_polybench_full_wrap_10seeds_backend_o3_repeat1_adaptive5_20260509/o3/polybench_full/2mm/462/universal/runs/run_001/stdout.txt,/root/exp/RFunipassLab/external_datasets/build/runtime_matched/external_runtime_polybench_full_wrap_10seeds_backend_o3_repeat1_adaptive5_20260509/o3/polybench_full/2mm/462/universal/runs/run_001/stderr.txt,runtime timeout after 11.634s
external_runtime_polybench_full_wrap_10seeds_backend_o3_repeat1_adaptive5_20260509,o3,o3,polybench_full,2mm,463,20260423_221353_240005_feature_lite_seed463,universal,rfunipass,1,failed,,,11.634,True,/root/exp/RFunipassLab/external_datasets/build/runtime_matched/external_runtime_polybench_full_wrap_10seeds_backend_o3_repeat1_adaptive5_20260509/o3/polybench_full/2mm/463/universal/a.out,/root/exp/RFunipassLab/external_datasets/build/runtime_matched/external_runtime_polybench_full_wrap_10seeds_backend_o3_repeat1_adaptive5_20260509/o3/polybench_full/2mm/463/universal/universal_3c6e71c0df8d.ll,/root/exp/RFunipassLab/external_datasets/build/runtime_matched/external_runtime_polybench_full_wrap_10seeds_backend_o3_repeat1_adaptive5_20260509/o3/polybench_full/2mm/463/universal/runs/run_001/stdout.txt,/root/exp/RFunipassLab/external_datasets/build/runtime_matched/external_runtime_polybench_full_wrap_10seeds_backend_o3_repeat1_adaptive5_20260509/o3/polybench_full/2mm/463/universal/runs/run_001/stderr.txt,runtime timeout after 11.634s
external_runtime_polybench_full_wrap_10seeds_backend_o3_repeat1_adaptive5_20260509,o3,o3,polybench_full,2mm,464,20260423_230444_536999_feature_lite_seed464,universal,rfunipass,1,failed,,,11.634,True,/root/exp/RFunipassLab/external_datasets/build/runtime_matched/external_runtime_polybench_full_wrap_10seeds_backend_o3_repeat1_adaptive5_20260509/o3/polybench_full/2mm/464/universal/a.out,/root/exp/RFunipassLab/external_datasets/build/runtime_matched/external_runtime_polybench_full_wrap_10seeds_backend_o3_repeat1_adaptive5_20260509/o3/polybench_full/2mm/464/universal/universal_58aea292ea66.ll,/root/exp/RFunipassLab/external_datasets/build/runtime_matched/external_runtime_polybench_full_wrap_10seeds_backend_o3_repeat1_adaptive5_20260509/o3/polybench_full/2mm/464/universal/runs/run_001/stdout.txt,/root/exp/RFunipassLab/external_datasets/build/runtime_matched/external_runtime_polybench_full_wrap_10seeds_backend_o3_repeat1_adaptive5_20260509/o3/polybench_full/2mm/464/universal/runs/run_001/stderr.txt,runtime timeout after 11.634s
external_runtime_polybench_full_wrap_10seeds_backend_o3_repeat1_adaptive5_20260509,o3,o3,polybench_full,2mm,465,20260423_231957_016941_feature_lite_seed465,universal,rfunipass,1,ok,1778326321.151845,2.4059656681492925,11.634,False,/root/exp/RFunipassLab/external_datasets/build/runtime_matched/external_runtime_polybench_full_wrap_10seeds_backend_o3_repeat1_adaptive5_20260509/o3/polybench_full/2mm/465/universal/a.out,/root/exp/RFunipassLab/external_datasets/build/runtime_matched/external_runtime_polybench_full_wrap_10seeds_backend_o3_repeat1_adaptive5_20260509/o3/polybench_full/2mm/465/universal/universal_e2fa59514181.ll,/root/exp/RFunipassLab/external_datasets/build/runtime_matched/external_runtime_polybench_full_wrap_10seeds_backend_o3_repeat1_adaptive5_20260509/o3/polybench_full/2mm/465/universal/runs/run_001/stdout.txt,/root/exp/RFunipassLab/external_datasets/build/runtime_matched/external_runtime_polybench_full_wrap_10seeds_backend_o3_repeat1_adaptive5_20260509/o3/polybench_full/2mm/465/universal/runs/run_001/stderr.txt,
external_runtime_polybench_full_wrap_10seeds_backend_o3_repeat1_adaptive5_20260509,o3,o3,polybench_full,3mm,,,none,baseline,1,ok,9.546707,9.59874658100307,300.0,False,/root/exp/RFunipassLab/external_datasets/build/runtime_matched/external_runtime_polybench_full_wrap_10seeds_backend_o3_repeat1_adaptive5_20260509/o3/polybench_full/3mm/baseline/none/a.out,/root/exp/RFunipassLab/external_datasets/build/runtime_matched/external_runtime_polybench_full_wrap_10seeds_backend_o3_repeat1_adaptive5_20260509/o3/polybench_full/3mm/baseline/none/none_71f8e7976e4c.ll,/root/exp/RFunipassLab/external_datasets/build/runtime_matched/external_runtime_polybench_full_wrap_10seeds_backend_o3_repeat1_adaptive5_20260509/o3/polybench_full/3mm/baseline/none/runs/run_001/stdout.txt,/root/exp/RFunipassLab/external_datasets/build/runtime_matched/external_runtime_polybench_full_wrap_10seeds_backend_o3_repeat1_adaptive5_20260509/o3/polybench_full/3mm/baseline/none/runs/run_001/stderr.txt,
external_runtime_polybench_full_wrap_10seeds_backend_o3_repeat1_adaptive5_20260509,o3,o3,polybench_full,3mm,,,o3,baseline,1,ok,3.090739,3.120182825019583,300.0,False,/root/exp/RFunipassLab/external_datasets/build/runtime_matched/external_runtime_polybench_full_wrap_10seeds_backend_o3_repeat1_adaptive5_20260509/o3/polybench_full/3mm/baseline/o3/a.out,/root/exp/RFunipassLab/external_datasets/build/runtime_matched/external_runtime_polybench_full_wrap_10seeds_backend_o3_repeat1_adaptive5_20260509/o3/polybench_full/3mm/baseline/o3/o3_41db216f1b51.ll,/root/exp/RFunipassLab/external_datasets/build/runtime_matched/external_runtime_polybench_full_wrap_10seeds_backend_o3_repeat1_adaptive5_20260509/o3/polybench_full/3mm/baseline/o3/runs/run_001/stdout.txt,/root/exp/RFunipassLab/external_datasets/build/runtime_matched/external_runtime_polybench_full_wrap_10seeds_backend_o3_repeat1_adaptive5_20260509/o3/polybench_full/3mm/baseline/o3/runs/run_001/stderr.txt,
external_runtime_polybench_full_wrap_10seeds_backend_o3_repeat1_adaptive5_20260509,o3,o3,polybench_full,3mm,456,20260423_181846_349217_feature_lite_seed456,universal,rfunipass,1,failed,,,15.453695,True,/root/exp/RFunipassLab/external_datasets/build/runtime_matched/external_runtime_polybench_full_wrap_10seeds_backend_o3_repeat1_adaptive5_20260509/o3/polybench_full/3mm/456/universal/a.out,/root/exp/RFunipassLab/external_datasets/build/runtime_matched/external_runtime_polybench_full_wrap_10seeds_backend_o3_repeat1_adaptive5_20260509/o3/polybench_full/3mm/456/universal/universal_1dd8ea870347.ll,/root/exp/RFunipassLab/external_datasets/build/runtime_matched/external_runtime_polybench_full_wrap_10seeds_backend_o3_repeat1_adaptive5_20260509/o3/polybench_full/3mm/456/universal/runs/run_001/stdout.txt,/root/exp/RFunipassLab/external_datasets/build/runtime_matched/external_runtime_polybench_full_wrap_10seeds_backend_o3_repeat1_adaptive5_20260509/o3/polybench_full/3mm/456/universal/runs/run_001/stderr.txt,runtime timeout after 15.453695s
external_runtime_polybench_full_wrap_10seeds_backend_o3_repeat1_adaptive5_20260509,o3,o3,polybench_full,3mm,457,20260423_184811_146360_feature_lite_seed457,universal,rfunipass,1,failed,,,15.453695,True,/root/exp/RFunipassLab/external_datasets/build/runtime_matched/external_runtime_polybench_full_wrap_10seeds_backend_o3_repeat1_adaptive5_20260509/o3/polybench_full/3mm/457/universal/a.out,/root/exp/RFunipassLab/external_datasets/build/runtime_matched/external_runtime_polybench_full_wrap_10seeds_backend_o3_repeat1_adaptive5_20260509/o3/polybench_full/3mm/457/universal/universal_468197d7c679.ll,/root/exp/RFunipassLab/external_datasets/build/runtime_matched/external_runtime_polybench_full_wrap_10seeds_backend_o3_repeat1_adaptive5_20260509/o3/polybench_full/3mm/457/universal/runs/run_001/stdout.txt,/root/exp/RFunipassLab/external_datasets/build/runtime_matched/external_runtime_polybench_full_wrap_10seeds_backend_o3_repeat1_adaptive5_20260509/o3/polybench_full/3mm/457/universal/runs/run_001/stderr.txt,runtime timeout after 15.453695s
external_runtime_polybench_full_wrap_10seeds_backend_o3_repeat1_adaptive5_20260509,o3,o3,polybench_full,3mm,458,20260423_193326_468019_feature_lite_seed458,universal,rfunipass,1,failed,,,15.453695,True,/root/exp/RFunipassLab/external_datasets/build/runtime_matched/external_runtime_polybench_full_wrap_10seeds_backend_o3_repeat1_adaptive5_20260509/o3/polybench_full/3mm/458/universal/a.out,/root/exp/RFunipassLab/external_datasets/build/runtime_matched/external_runtime_polybench_full_wrap_10seeds_backend_o3_repeat1_adaptive5_20260509/o3/polybench_full/3mm/458/universal/universal_bac1dd97c06b.ll,/root/exp/RFunipassLab/external_datasets/build/runtime_matched/external_runtime_polybench_full_wrap_10seeds_backend_o3_repeat1_adaptive5_20260509/o3/polybench_full/3mm/458/universal/runs/run_001/stdout.txt,/root/exp/RFunipassLab/external_datasets/build/runtime_matched/external_runtime_polybench_full_wrap_10seeds_backend_o3_repeat1_adaptive5_20260509/o3/polybench_full/3mm/458/universal/runs/run_001/stderr.txt,runtime timeout after 15.453695s
external_runtime_polybench_full_wrap_10seeds_backend_o3_repeat1_adaptive5_20260509,o3,o3,polybench_full,3mm,459,20260423_203402_518521_feature_lite_seed459,universal,rfunipass,1,ok,3.111646,3.150032504927367,15.453695,False,/root/exp/RFunipassLab/external_datasets/build/runtime_matched/external_runtime_polybench_full_wrap_10seeds_backend_o3_repeat1_adaptive5_20260509/o3/polybench_full/3mm/459/universal/a.out,/root/exp/RFunipassLab/external_datasets/build/runtime_matched/external_runtime_polybench_full_wrap_10seeds_backend_o3_repeat1_adaptive5_20260509/o3/polybench_full/3mm/459/universal/universal_6d5271a22f91.ll,/root/exp/RFunipassLab/external_datasets/build/runtime_matched/external_runtime_polybench_full_wrap_10seeds_backend_o3_repeat1_adaptive5_20260509/o3/polybench_full/3mm/459/universal/runs/run_001/stdout.txt,/root/exp/RFunipassLab/external_datasets/build/runtime_matched/external_runtime_polybench_full_wrap_10seeds_backend_o3_repeat1_adaptive5_20260509/o3/polybench_full/3mm/459/universal/runs/run_001/stderr.txt,
external_runtime_polybench_full_wrap_10seeds_backend_o3_repeat1_adaptive5_20260509,o3,o3,polybench_full,3mm,460,20260423_205014_703926_feature_lite_seed460,universal,rfunipass,1,failed,,,15.453695,True,/root/exp/RFunipassLab/external_datasets/build/runtime_matched/external_runtime_polybench_full_wrap_10seeds_backend_o3_repeat1_adaptive5_20260509/o3/polybench_full/3mm/460/universal/a.out,/root/exp/RFunipassLab/external_datasets/build/runtime_matched/external_runtime_polybench_full_wrap_10seeds_backend_o3_repeat1_adaptive5_20260509/o3/polybench_full/3mm/460/universal/universal_aa7d5985738b.ll,/root/exp/RFunipassLab/external_datasets/build/runtime_matched/external_runtime_polybench_full_wrap_10seeds_backend_o3_repeat1_adaptive5_20260509/o3/polybench_full/3mm/460/universal/runs/run_001/stdout.txt,/root/exp/RFunipassLab/external_datasets/build/runtime_matched/external_runtime_polybench_full_wrap_10seeds_backend_o3_repeat1_adaptive5_20260509/o3/polybench_full/3mm/460/universal/runs/run_001/stderr.txt,runtime timeout after 15.453695s
external_runtime_polybench_full_wrap_10seeds_backend_o3_repeat1_adaptive5_20260509,o3,o3,polybench_full,3mm,461,20260423_211628_575222_feature_lite_seed461,universal,rfunipass,1,ok,3.117368,3.1457123290747404,15.453695,False,/root/exp/RFunipassLab/external_datasets/build/runtime_matched/external_runtime_polybench_full_wrap_10seeds_backend_o3_repeat1_adaptive5_20260509/o3/polybench_full/3mm/461/universal/a.out,/root/exp/RFunipassLab/external_datasets/build/runtime_matched/external_runtime_polybench_full_wrap_10seeds_backend_o3_repeat1_adaptive5_20260509/o3/polybench_full/3mm/461/universal/universal_c3b20e7655ed.ll,/root/exp/RFunipassLab/external_datasets/build/runtime_matched/external_runtime_polybench_full_wrap_10seeds_backend_o3_repeat1_adaptive5_20260509/o3/polybench_full/3mm/461/universal/runs/run_001/stdout.txt,/root/exp/RFunipassLab/external_datasets/build/runtime_matched/external_runtime_polybench_full_wrap_10seeds_backend_o3_repeat1_adaptive5_20260509/o3/polybench_full/3mm/461/universal/runs/run_001/stderr.txt,
external_runtime_polybench_full_wrap_10seeds_backend_o3_repeat1_adaptive5_20260509,o3,o3,polybench_full,3mm,462,20260423_214113_355045_feature_lite_seed462,universal,rfunipass,1,failed,,,15.453695,True,/root/exp/RFunipassLab/external_datasets/build/runtime_matched/external_runtime_polybench_full_wrap_10seeds_backend_o3_repeat1_adaptive5_20260509/o3/polybench_full/3mm/462/universal/a.out,/root/exp/RFunipassLab/external_datasets/build/runtime_matched/external_runtime_polybench_full_wrap_10seeds_backend_o3_repeat1_adaptive5_20260509/o3/polybench_full/3mm/462/universal/universal_4da41e9006a8.ll,/root/exp/RFunipassLab/external_datasets/build/runtime_matched/external_runtime_polybench_full_wrap_10seeds_backend_o3_repeat1_adaptive5_20260509/o3/polybench_full/3mm/462/universal/runs/run_001/stdout.txt,/root/exp/RFunipassLab/external_datasets/build/runtime_matched/external_runtime_polybench_full_wrap_10seeds_backend_o3_repeat1_adaptive5_20260509/o3/polybench_full/3mm/462/universal/runs/run_001/stderr.txt,runtime timeout after 15.453695s
external_runtime_polybench_full_wrap_10seeds_backend_o3_repeat1_adaptive5_20260509,o3,o3,polybench_full,3mm,463,20260423_221353_240005_feature_lite_seed463,universal,rfunipass,1,failed,,,15.453695,True,/root/exp/RFunipassLab/external_datasets/build/runtime_matched/external_runtime_polybench_full_wrap_10seeds_backend_o3_repeat1_adaptive5_20260509/o3/polybench_full/3mm/463/universal/a.out,/root/exp/RFunipassLab/external_datasets/build/runtime_matched/external_runtime_polybench_full_wrap_10seeds_backend_o3_repeat1_adaptive5_20260509/o3/polybench_full/3mm/463/universal/universal_3c6e71c0df8d.ll,/root/exp/RFunipassLab/external_datasets/build/runtime_matched/external_runtime_polybench_full_wrap_10seeds_backend_o3_repeat1_adaptive5_20260509/o3/polybench_full/3mm/463/universal/runs/run_001/stdout.txt,/root/exp/RFunipassLab/external_datasets/build/runtime_matched/external_runtime_polybench_full_wrap_10seeds_backend_o3_repeat1_adaptive5_20260509/o3/polybench_full/3mm/463/universal/runs/run_001/stderr.txt,runtime timeout after 15.453695s
external_runtime_polybench_full_wrap_10seeds_backend_o3_repeat1_adaptive5_20260509,o3,o3,polybench_full,3mm,464,20260423_230444_536999_feature_lite_seed464,universal,rfunipass,1,failed,,,15.453695,True,/root/exp/RFunipassLab/external_datasets/build/runtime_matched/external_runtime_polybench_full_wrap_10seeds_backend_o3_repeat1_adaptive5_20260509/o3/polybench_full/3mm/464/universal/a.out,/root/exp/RFunipassLab/external_datasets/build/runtime_matched/external_runtime_polybench_full_wrap_10seeds_backend_o3_repeat1_adaptive5_20260509/o3/polybench_full/3mm/464/universal/universal_58aea292ea66.ll,/root/exp/RFunipassLab/external_datasets/build/runtime_matched/external_runtime_polybench_full_wrap_10seeds_backend_o3_repeat1_adaptive5_20260509/o3/polybench_full/3mm/464/universal/runs/run_001/stdout.txt,/root/exp/RFunipassLab/external_datasets/build/runtime_matched/external_runtime_polybench_full_wrap_10seeds_backend_o3_repeat1_adaptive5_20260509/o3/polybench_full/3mm/464/universal/runs/run_001/stderr.txt,runtime timeout after 15.453695s
external_runtime_polybench_full_wrap_10seeds_backend_o3_repeat1_adaptive5_20260509,o3,o3,polybench_full,3mm,465,20260423_231957_016941_feature_lite_seed465,universal,rfunipass,1,ok,1778326472.772186,3.1411453841719776,15.453695,False,/root/exp/RFunipassLab/external_datasets/build/runtime_matched/external_runtime_polybench_full_wrap_10seeds_backend_o3_repeat1_adaptive5_20260509/o3/polybench_full/3mm/465/universal/a.out,/root/exp/RFunipassLab/external_datasets/build/runtime_matched/external_runtime_polybench_full_wrap_10seeds_backend_o3_repeat1_adaptive5_20260509/o3/polybench_full/3mm/465/universal/universal_e2fa59514181.ll,/root/exp/RFunipassLab/external_datasets/build/runtime_matched/external_runtime_polybench_full_wrap_10seeds_backend_o3_repeat1_adaptive5_20260509/o3/polybench_full/3mm/465/universal/runs/run_001/stdout.txt,/root/exp/RFunipassLab/external_datasets/build/runtime_matched/external_runtime_polybench_full_wrap_10seeds_backend_o3_repeat1_adaptive5_20260509/o3/polybench_full/3mm/465/universal/runs/run_001/stderr.txt,
external_runtime_polybench_full_wrap_10seeds_backend_o3_repeat1_adaptive5_20260509,o3,o3,polybench_full,atax,,,none,baseline,1,ok,0.021545,0.07150809979066253,300.0,False,/root/exp/RFunipassLab/external_datasets/build/runtime_matched/external_runtime_polybench_full_wrap_10seeds_backend_o3_repeat1_adaptive5_20260509/o3/polybench_full/atax/baseline/none/a.out,/root/exp/RFunipassLab/external_datasets/build/runtime_matched/external_runtime_polybench_full_wrap_10seeds_backend_o3_repeat1_adaptive5_20260509/o3/polybench_full/atax/baseline/none/none_71f8e7976e4c.ll,/root/exp/RFunipassLab/external_datasets/build/runtime_matched/external_runtime_polybench_full_wrap_10seeds_backend_o3_repeat1_adaptive5_20260509/o3/polybench_full/atax/baseline/none/runs/run_001/stdout.txt,/root/exp/RFunipassLab/external_datasets/build/runtime_matched/external_runtime_polybench_full_wrap_10seeds_backend_o3_repeat1_adaptive5_20260509/o3/polybench_full/atax/baseline/none/runs/run_001/stderr.txt,
external_runtime_polybench_full_wrap_10seeds_backend_o3_repeat1_adaptive5_20260509,o3,o3,polybench_full,atax,,,o3,baseline,1,ok,0.010913,0.03501644101925194,300.0,False,/root/exp/RFunipassLab/external_datasets/build/runtime_matched/external_runtime_polybench_full_wrap_10seeds_backend_o3_repeat1_adaptive5_20260509/o3/polybench_full/atax/baseline/o3/a.out,/root/exp/RFunipassLab/external_datasets/build/runtime_matched/external_runtime_polybench_full_wrap_10seeds_backend_o3_repeat1_adaptive5_20260509/o3/polybench_full/atax/baseline/o3/o3_41db216f1b51.ll,/root/exp/RFunipassLab/external_datasets/build/runtime_matched/external_runtime_polybench_full_wrap_10seeds_backend_o3_repeat1_adaptive5_20260509/o3/polybench_full/atax/baseline/o3/runs/run_001/stdout.txt,/root/exp/RFunipassLab/external_datasets/build/runtime_matched/external_runtime_polybench_full_wrap_10seeds_backend_o3_repeat1_adaptive5_20260509/o3/polybench_full/atax/baseline/o3/runs/run_001/stderr.txt,
external_runtime_polybench_full_wrap_10seeds_backend_o3_repeat1_adaptive5_20260509,o3,o3,polybench_full,atax,456,20260423_181846_349217_feature_lite_seed456,universal,rfunipass,1,failed,,,5.0,True,/root/exp/RFunipassLab/external_datasets/build/runtime_matched/external_runtime_polybench_full_wrap_10seeds_backend_o3_repeat1_adaptive5_20260509/o3/polybench_full/atax/456/universal/a.out,/root/exp/RFunipassLab/external_datasets/build/runtime_matched/external_runtime_polybench_full_wrap_10seeds_backend_o3_repeat1_adaptive5_20260509/o3/polybench_full/atax/456/universal/universal_1dd8ea870347.ll,/root/exp/RFunipassLab/external_datasets/build/runtime_matched/external_runtime_polybench_full_wrap_10seeds_backend_o3_repeat1_adaptive5_20260509/o3/polybench_full/atax/456/universal/runs/run_001/stdout.txt,/root/exp/RFunipassLab/external_datasets/build/runtime_matched/external_runtime_polybench_full_wrap_10seeds_backend_o3_repeat1_adaptive5_20260509/o3/polybench_full/atax/456/universal/runs/run_001/stderr.txt,runtime timeout after 5.0s
external_runtime_polybench_full_wrap_10seeds_backend_o3_repeat1_adaptive5_20260509,o3,o3,polybench_full,atax,457,20260423_184811_146360_feature_lite_seed457,universal,rfunipass,1,failed,,,5.0,True,/root/exp/RFunipassLab/external_datasets/build/runtime_matched/external_runtime_polybench_full_wrap_10seeds_backend_o3_repeat1_adaptive5_20260509/o3/polybench_full/atax/457/universal/a.out,/root/exp/RFunipassLab/external_datasets/build/runtime_matched/external_runtime_polybench_full_wrap_10seeds_backend_o3_repeat1_adaptive5_20260509/o3/polybench_full/atax/457/universal/universal_468197d7c679.ll,/root/exp/RFunipassLab/external_datasets/build/runtime_matched/external_runtime_polybench_full_wrap_10seeds_backend_o3_repeat1_adaptive5_20260509/o3/polybench_full/atax/457/universal/runs/run_001/stdout.txt,/root/exp/RFunipassLab/external_datasets/build/runtime_matched/external_runtime_polybench_full_wrap_10seeds_backend_o3_repeat1_adaptive5_20260509/o3/polybench_full/atax/457/universal/runs/run_001/stderr.txt,runtime timeout after 5.0s
external_runtime_polybench_full_wrap_10seeds_backend_o3_repeat1_adaptive5_20260509,o3,o3,polybench_full,atax,458,20260423_193326_468019_feature_lite_seed458,universal,rfunipass,1,failed,,,5.0,True,/root/exp/RFunipassLab/external_datasets/build/runtime_matched/external_runtime_polybench_full_wrap_10seeds_backend_o3_repeat1_adaptive5_20260509/o3/polybench_full/atax/458/universal/a.out,/root/exp/RFunipassLab/external_datasets/build/runtime_matched/external_runtime_polybench_full_wrap_10seeds_backend_o3_repeat1_adaptive5_20260509/o3/polybench_full/atax/458/universal/universal_bac1dd97c06b.ll,/root/exp/RFunipassLab/external_datasets/build/runtime_matched/external_runtime_polybench_full_wrap_10seeds_backend_o3_repeat1_adaptive5_20260509/o3/polybench_full/atax/458/universal/runs/run_001/stdout.txt,/root/exp/RFunipassLab/external_datasets/build/runtime_matched/external_runtime_polybench_full_wrap_10seeds_backend_o3_repeat1_adaptive5_20260509/o3/polybench_full/atax/458/universal/runs/run_001/stderr.txt,runtime timeout after 5.0s
external_runtime_polybench_full_wrap_10seeds_backend_o3_repeat1_adaptive5_20260509,o3,o3,polybench_full,atax,459,20260423_203402_518521_feature_lite_seed459,universal,rfunipass,1,ok,0.011377,0.04600778082385659,5.0,False,/root/exp/RFunipassLab/external_datasets/build/runtime_matched/external_runtime_polybench_full_wrap_10seeds_backend_o3_repeat1_adaptive5_20260509/o3/polybench_full/atax/459/universal/a.out,/root/exp/RFunipassLab/external_datasets/build/runtime_matched/external_runtime_polybench_full_wrap_10seeds_backend_o3_repeat1_adaptive5_20260509/o3/polybench_full/atax/459/universal/universal_6d5271a22f91.ll,/root/exp/RFunipassLab/external_datasets/build/runtime_matched/external_runtime_polybench_full_wrap_10seeds_backend_o3_repeat1_adaptive5_20260509/o3/polybench_full/atax/459/universal/runs/run_001/stdout.txt,/root/exp/RFunipassLab/external_datasets/build/runtime_matched/external_runtime_polybench_full_wrap_10seeds_backend_o3_repeat1_adaptive5_20260509/o3/polybench_full/atax/459/universal/runs/run_001/stderr.txt,
external_runtime_polybench_full_wrap_10seeds_backend_o3_repeat1_adaptive5_20260509,o3,o3,polybench_full,atax,460,20260423_205014_703926_feature_lite_seed460,universal,rfunipass,1,failed,,,5.0,False,/root/exp/RFunipassLab/external_datasets/build/runtime_matched/external_runtime_polybench_full_wrap_10seeds_backend_o3_repeat1_adaptive5_20260509/o3/polybench_full/atax/460/universal/a.out,/root/exp/RFunipassLab/external_datasets/build/runtime_matched/external_runtime_polybench_full_wrap_10seeds_backend_o3_repeat1_adaptive5_20260509/o3/polybench_full/atax/460/universal/universal_aa7d5985738b.ll,/root/exp/RFunipassLab/external_datasets/build/runtime_matched/external_runtime_polybench_full_wrap_10seeds_backend_o3_repeat1_adaptive5_20260509/o3/polybench_full/atax/460/universal/runs/run_001/stdout.txt,/root/exp/RFunipassLab/external_datasets/build/runtime_matched/external_runtime_polybench_full_wrap_10seeds_backend_o3_repeat1_adaptive5_20260509/o3/polybench_full/atax/460/universal/runs/run_001/stderr.txt,binary exited with returncode=-11
external_runtime_polybench_full_wrap_10seeds_backend_o3_repeat1_adaptive5_20260509,o3,o3,polybench_full,atax,461,20260423_211628_575222_feature_lite_seed461,universal,rfunipass,1,ok,0.010544,0.03525743796490133,5.0,False,/root/exp/RFunipassLab/external_datasets/build/runtime_matched/external_runtime_polybench_full_wrap_10seeds_backend_o3_repeat1_adaptive5_20260509/o3/polybench_full/atax/461/universal/a.out,/root/exp/RFunipassLab/external_datasets/build/runtime_matched/external_runtime_polybench_full_wrap_10seeds_backend_o3_repeat1_adaptive5_20260509/o3/polybench_full/atax/461/universal/universal_c3b20e7655ed.ll,/root/exp/RFunipassLab/external_datasets/build/runtime_matched/external_runtime_polybench_full_wrap_10seeds_backend_o3_repeat1_adaptive5_20260509/o3/polybench_full/atax/461/universal/runs/run_001/stdout.txt,/root/exp/RFunipassLab/external_datasets/build/runtime_matched/external_runtime_polybench_full_wrap_10seeds_backend_o3_repeat1_adaptive5_20260509/o3/polybench_full/atax/461/universal/runs/run_001/stderr.txt,
external_runtime_polybench_full_wrap_10seeds_backend_o3_repeat1_adaptive5_20260509,o3,o3,polybench_full,atax,462,20260423_214113_355045_feature_lite_seed462,universal,rfunipass,1,failed,,,5.0,True,/root/exp/RFunipassLab/external_datasets/build/runtime_matched/external_runtime_polybench_full_wrap_10seeds_backend_o3_repeat1_adaptive5_20260509/o3/polybench_full/atax/462/universal/a.out,/root/exp/RFunipassLab/external_datasets/build/runtime_matched/external_runtime_polybench_full_wrap_10seeds_backend_o3_repeat1_adaptive5_20260509/o3/polybench_full/atax/462/universal/universal_4da41e9006a8.ll,/root/exp/RFunipassLab/external_datasets/build/runtime_matched/external_runtime_polybench_full_wrap_10seeds_backend_o3_repeat1_adaptive5_20260509/o3/polybench_full/atax/462/universal/runs/run_001/stdout.txt,/root/exp/RFunipassLab/external_datasets/build/runtime_matched/external_runtime_polybench_full_wrap_10seeds_backend_o3_repeat1_adaptive5_20260509/o3/polybench_full/atax/462/universal/runs/run_001/stderr.txt,runtime timeout after 5.0s
external_runtime_polybench_full_wrap_10seeds_backend_o3_repeat1_adaptive5_20260509,o3,o3,polybench_full,atax,463,20260423_221353_240005_feature_lite_seed463,universal,rfunipass,1,failed,,,5.0,True,/root/exp/RFunipassLab/external_datasets/build/runtime_matched/external_runtime_polybench_full_wrap_10seeds_backend_o3_repeat1_adaptive5_20260509/o3/polybench_full/atax/463/universal/a.out,/root/exp/RFunipassLab/external_datasets/build/runtime_matched/external_runtime_polybench_full_wrap_10seeds_backend_o3_repeat1_adaptive5_20260509/o3/polybench_full/atax/463/universal/universal_3c6e71c0df8d.ll,/root/exp/RFunipassLab/external_datasets/build/runtime_matched/external_runtime_polybench_full_wrap_10seeds_backend_o3_repeat1_adaptive5_20260509/o3/polybench_full/atax/463/universal/runs/run_001/stdout.txt,/root/exp/RFunipassLab/external_datasets/build/runtime_matched/external_runtime_polybench_full_wrap_10seeds_backend_o3_repeat1_adaptive5_20260509/o3/polybench_full/atax/463/universal/runs/run_001/stderr.txt,runtime timeout after 5.0s
external_runtime_polybench_full_wrap_10seeds_backend_o3_repeat1_adaptive5_20260509,o3,o3,polybench_full,atax,464,20260423_230444_536999_feature_lite_seed464,universal,rfunipass,1,failed,,,5.0,True,/root/exp/RFunipassLab/external_datasets/build/runtime_matched/external_runtime_polybench_full_wrap_10seeds_backend_o3_repeat1_adaptive5_20260509/o3/polybench_full/atax/464/universal/a.out,/root/exp/RFunipassLab/external_datasets/build/runtime_matched/external_runtime_polybench_full_wrap_10seeds_backend_o3_repeat1_adaptive5_20260509/o3/polybench_full/atax/464/universal/universal_58aea292ea66.ll,/root/exp/RFunipassLab/external_datasets/build/runtime_matched/external_runtime_polybench_full_wrap_10seeds_backend_o3_repeat1_adaptive5_20260509/o3/polybench_full/atax/464/universal/runs/run_001/stdout.txt,/root/exp/RFunipassLab/external_datasets/build/runtime_matched/external_runtime_polybench_full_wrap_10seeds_backend_o3_repeat1_adaptive5_20260509/o3/polybench_full/atax/464/universal/runs/run_001/stderr.txt,runtime timeout after 5.0s
external_runtime_polybench_full_wrap_10seeds_backend_o3_repeat1_adaptive5_20260509,o3,o3,polybench_full,atax,465,20260423_231957_016941_feature_lite_seed465,universal,rfunipass,1,ok,1778326514.45077,0.038521579932421446,5.0,False,/root/exp/RFunipassLab/external_datasets/build/runtime_matched/external_runtime_polybench_full_wrap_10seeds_backend_o3_repeat1_adaptive5_20260509/o3/polybench_full/atax/465/universal/a.out,/root/exp/RFunipassLab/external_datasets/build/runtime_matched/external_runtime_polybench_full_wrap_10seeds_backend_o3_repeat1_adaptive5_20260509/o3/polybench_full/atax/465/universal/universal_e2fa59514181.ll,/root/exp/RFunipassLab/external_datasets/build/runtime_matched/external_runtime_polybench_full_wrap_10seeds_backend_o3_repeat1_adaptive5_20260509/o3/polybench_full/atax/465/universal/runs/run_001/stdout.txt,/root/exp/RFunipassLab/external_datasets/build/runtime_matched/external_runtime_polybench_full_wrap_10seeds_backend_o3_repeat1_adaptive5_20260509/o3/polybench_full/atax/465/universal/runs/run_001/stderr.txt,
external_runtime_polybench_full_wrap_10seeds_backend_o3_repeat1_adaptive5_20260509,o3,o3,polybench_full,bicg,,,none,baseline,1,ok,0.015954,0.06351219885982573,300.0,False,/root/exp/RFunipassLab/external_datasets/build/runtime_matched/external_runtime_polybench_full_wrap_10seeds_backend_o3_repeat1_adaptive5_20260509/o3/polybench_full/bicg/baseline/none/a.out,/root/exp/RFunipassLab/external_datasets/build/runtime_matched/external_runtime_polybench_full_wrap_10seeds_backend_o3_repeat1_adaptive5_20260509/o3/polybench_full/bicg/baseline/none/none_71f8e7976e4c.ll,/root/exp/RFunipassLab/external_datasets/build/runtime_matched/external_runtime_polybench_full_wrap_10seeds_backend_o3_repeat1_adaptive5_20260509/o3/polybench_full/bicg/baseline/none/runs/run_001/stdout.txt,/root/exp/RFunipassLab/external_datasets/build/runtime_matched/external_runtime_polybench_full_wrap_10seeds_backend_o3_repeat1_adaptive5_20260509/o3/polybench_full/bicg/baseline/none/runs/run_001/stderr.txt,
external_runtime_polybench_full_wrap_10seeds_backend_o3_repeat1_adaptive5_20260509,o3,o3,polybench_full,bicg,,,o3,baseline,1,ok,0.01451,0.04256813297979534,300.0,False,/root/exp/RFunipassLab/external_datasets/build/runtime_matched/external_runtime_polybench_full_wrap_10seeds_backend_o3_repeat1_adaptive5_20260509/o3/polybench_full/bicg/baseline/o3/a.out,/root/exp/RFunipassLab/external_datasets/build/runtime_matched/external_runtime_polybench_full_wrap_10seeds_backend_o3_repeat1_adaptive5_20260509/o3/polybench_full/bicg/baseline/o3/o3_41db216f1b51.ll,/root/exp/RFunipassLab/external_datasets/build/runtime_matched/external_runtime_polybench_full_wrap_10seeds_backend_o3_repeat1_adaptive5_20260509/o3/polybench_full/bicg/baseline/o3/runs/run_001/stdout.txt,/root/exp/RFunipassLab/external_datasets/build/runtime_matched/external_runtime_polybench_full_wrap_10seeds_backend_o3_repeat1_adaptive5_20260509/o3/polybench_full/bicg/baseline/o3/runs/run_001/stderr.txt,
external_runtime_polybench_full_wrap_10seeds_backend_o3_repeat1_adaptive5_20260509,o3,o3,polybench_full,bicg,456,20260423_181846_349217_feature_lite_seed456,universal,rfunipass,1,failed,,,5.0,False,/root/exp/RFunipassLab/external_datasets/build/runtime_matched/external_runtime_polybench_full_wrap_10seeds_backend_o3_repeat1_adaptive5_20260509/o3/polybench_full/bicg/456/universal/a.out,/root/exp/RFunipassLab/external_datasets/build/runtime_matched/external_runtime_polybench_full_wrap_10seeds_backend_o3_repeat1_adaptive5_20260509/o3/polybench_full/bicg/456/universal/universal_1dd8ea870347.ll,/root/exp/RFunipassLab/external_datasets/build/runtime_matched/external_runtime_polybench_full_wrap_10seeds_backend_o3_repeat1_adaptive5_20260509/o3/polybench_full/bicg/456/universal/runs/run_001/stdout.txt,/root/exp/RFunipassLab/external_datasets/build/runtime_matched/external_runtime_polybench_full_wrap_10seeds_backend_o3_repeat1_adaptive5_20260509/o3/polybench_full/bicg/456/universal/runs/run_001/stderr.txt,binary exited with returncode=-11
external_runtime_polybench_full_wrap_10seeds_backend_o3_repeat1_adaptive5_20260509,o3,o3,polybench_full,bicg,457,20260423_184811_146360_feature_lite_seed457,universal,rfunipass,1,failed,,,5.0,False,/root/exp/RFunipassLab/external_datasets/build/runtime_matched/external_runtime_polybench_full_wrap_10seeds_backend_o3_repeat1_adaptive5_20260509/o3/polybench_full/bicg/457/universal/a.out,/root/exp/RFunipassLab/external_datasets/build/runtime_matched/external_runtime_polybench_full_wrap_10seeds_backend_o3_repeat1_adaptive5_20260509/o3/polybench_full/bicg/457/universal/universal_468197d7c679.ll,/root/exp/RFunipassLab/external_datasets/build/runtime_matched/external_runtime_polybench_full_wrap_10seeds_backend_o3_repeat1_adaptive5_20260509/o3/polybench_full/bicg/457/universal/runs/run_001/stdout.txt,/root/exp/RFunipassLab/external_datasets/build/runtime_matched/external_runtime_polybench_full_wrap_10seeds_backend_o3_repeat1_adaptive5_20260509/o3/polybench_full/bicg/457/universal/runs/run_001/stderr.txt,binary exited with returncode=-11
external_runtime_polybench_full_wrap_10seeds_backend_o3_repeat1_adaptive5_20260509,o3,o3,polybench_full,bicg,458,20260423_193326_468019_feature_lite_seed458,universal,rfunipass,1,failed,,,5.0,False,/root/exp/RFunipassLab/external_datasets/build/runtime_matched/external_runtime_polybench_full_wrap_10seeds_backend_o3_repeat1_adaptive5_20260509/o3/polybench_full/bicg/458/universal/a.out,/root/exp/RFunipassLab/external_datasets/build/runtime_matched/external_runtime_polybench_full_wrap_10seeds_backend_o3_repeat1_adaptive5_20260509/o3/polybench_full/bicg/458/universal/universal_bac1dd97c06b.ll,/root/exp/RFunipassLab/external_datasets/build/runtime_matched/external_runtime_polybench_full_wrap_10seeds_backend_o3_repeat1_adaptive5_20260509/o3/polybench_full/bicg/458/universal/runs/run_001/stdout.txt,/root/exp/RFunipassLab/external_datasets/build/runtime_matched/external_runtime_polybench_full_wrap_10seeds_backend_o3_repeat1_adaptive5_20260509/o3/polybench_full/bicg/458/universal/runs/run_001/stderr.txt,binary exited with returncode=-11
external_runtime_polybench_full_wrap_10seeds_backend_o3_repeat1_adaptive5_20260509,o3,o3,polybench_full,bicg,459,20260423_203402_518521_feature_lite_seed459,universal,rfunipass,1,failed,,,5.0,False,/root/exp/RFunipassLab/external_datasets/build/runtime_matched/external_runtime_polybench_full_wrap_10seeds_backend_o3_repeat1_adaptive5_20260509/o3/polybench_full/bicg/459/universal/a.out,/root/exp/RFunipassLab/external_datasets/build/runtime_matched/external_runtime_polybench_full_wrap_10seeds_backend_o3_repeat1_adaptive5_20260509/o3/polybench_full/bicg/459/universal/universal_6d5271a22f91.ll,/root/exp/RFunipassLab/external_datasets/build/runtime_matched/external_runtime_polybench_full_wrap_10seeds_backend_o3_repeat1_adaptive5_20260509/o3/polybench_full/bicg/459/universal/runs/run_001/stdout.txt,/root/exp/RFunipassLab/external_datasets/build/runtime_matched/external_runtime_polybench_full_wrap_10seeds_backend_o3_repeat1_adaptive5_20260509/o3/polybench_full/bicg/459/universal/runs/run_001/stderr.txt,binary exited with returncode=-11
external_runtime_polybench_full_wrap_10seeds_backend_o3_repeat1_adaptive5_20260509,o3,o3,polybench_full,bicg,460,20260423_205014_703926_feature_lite_seed460,universal,rfunipass,1,failed,,,5.0,False,/root/exp/RFunipassLab/external_datasets/build/runtime_matched/external_runtime_polybench_full_wrap_10seeds_backend_o3_repeat1_adaptive5_20260509/o3/polybench_full/bicg/460/universal/a.out,/root/exp/RFunipassLab/external_datasets/build/runtime_matched/external_runtime_polybench_full_wrap_10seeds_backend_o3_repeat1_adaptive5_20260509/o3/polybench_full/bicg/460/universal/universal_aa7d5985738b.ll,/root/exp/RFunipassLab/external_datasets/build/runtime_matched/external_runtime_polybench_full_wrap_10seeds_backend_o3_repeat1_adaptive5_20260509/o3/polybench_full/bicg/460/universal/runs/run_001/stdout.txt,/root/exp/RFunipassLab/external_datasets/build/runtime_matched/external_runtime_polybench_full_wrap_10seeds_backend_o3_repeat1_adaptive5_20260509/o3/polybench_full/bicg/460/universal/runs/run_001/stderr.txt,binary exited with returncode=-11
external_runtime_polybench_full_wrap_10seeds_backend_o3_repeat1_adaptive5_20260509,o3,o3,polybench_full,bicg,461,20260423_211628_575222_feature_lite_seed461,universal,rfunipass,1,ok,0.01036,0.037383829010650516,5.0,False,/root/exp/RFunipassLab/external_datasets/build/runtime_matched/external_runtime_polybench_full_wrap_10seeds_backend_o3_repeat1_adaptive5_20260509/o3/polybench_full/bicg/461/universal/a.out,/root/exp/RFunipassLab/external_datasets/build/runtime_matched/external_runtime_polybench_full_wrap_10seeds_backend_o3_repeat1_adaptive5_20260509/o3/polybench_full/bicg/461/universal/universal_c3b20e7655ed.ll,/root/exp/RFunipassLab/external_datasets/build/runtime_matched/external_runtime_polybench_full_wrap_10seeds_backend_o3_repeat1_adaptive5_20260509/o3/polybench_full/bicg/461/universal/runs/run_001/stdout.txt,/root/exp/RFunipassLab/external_datasets/build/runtime_matched/external_runtime_polybench_full_wrap_10seeds_backend_o3_repeat1_adaptive5_20260509/o3/polybench_full/bicg/461/universal/runs/run_001/stderr.txt,
external_runtime_polybench_full_wrap_10seeds_backend_o3_repeat1_adaptive5_20260509,o3,o3,polybench_full,bicg,462,20260423_214113_355045_feature_lite_seed462,universal,rfunipass,1,failed,,,5.0,False,/root/exp/RFunipassLab/external_datasets/build/runtime_matched/external_runtime_polybench_full_wrap_10seeds_backend_o3_repeat1_adaptive5_20260509/o3/polybench_full/bicg/462/universal/a.out,/root/exp/RFunipassLab/external_datasets/build/runtime_matched/external_runtime_polybench_full_wrap_10seeds_backend_o3_repeat1_adaptive5_20260509/o3/polybench_full/bicg/462/universal/universal_4da41e9006a8.ll,/root/exp/RFunipassLab/external_datasets/build/runtime_matched/external_runtime_polybench_full_wrap_10seeds_backend_o3_repeat1_adaptive5_20260509/o3/polybench_full/bicg/462/universal/runs/run_001/stdout.txt,/root/exp/RFunipassLab/external_datasets/build/runtime_matched/external_runtime_polybench_full_wrap_10seeds_backend_o3_repeat1_adaptive5_20260509/o3/polybench_full/bicg/462/universal/runs/run_001/stderr.txt,binary exited with returncode=-11
external_runtime_polybench_full_wrap_10seeds_backend_o3_repeat1_adaptive5_20260509,o3,o3,polybench_full,bicg,463,20260423_221353_240005_feature_lite_seed463,universal,rfunipass,1,failed,,,5.0,True,/root/exp/RFunipassLab/external_datasets/build/runtime_matched/external_runtime_polybench_full_wrap_10seeds_backend_o3_repeat1_adaptive5_20260509/o3/polybench_full/bicg/463/universal/a.out,/root/exp/RFunipassLab/external_datasets/build/runtime_matched/external_runtime_polybench_full_wrap_10seeds_backend_o3_repeat1_adaptive5_20260509/o3/polybench_full/bicg/463/universal/universal_3c6e71c0df8d.ll,/root/exp/RFunipassLab/external_datasets/build/runtime_matched/external_runtime_polybench_full_wrap_10seeds_backend_o3_repeat1_adaptive5_20260509/o3/polybench_full/bicg/463/universal/runs/run_001/stdout.txt,/root/exp/RFunipassLab/external_datasets/build/runtime_matched/external_runtime_polybench_full_wrap_10seeds_backend_o3_repeat1_adaptive5_20260509/o3/polybench_full/bicg/463/universal/runs/run_001/stderr.txt,runtime timeout after 5.0s
external_runtime_polybench_full_wrap_10seeds_backend_o3_repeat1_adaptive5_20260509,o3,o3,polybench_full,bicg,464,20260423_230444_536999_feature_lite_seed464,universal,rfunipass,1,failed,,,5.0,False,/root/exp/RFunipassLab/external_datasets/build/runtime_matched/external_runtime_polybench_full_wrap_10seeds_backend_o3_repeat1_adaptive5_20260509/o3/polybench_full/bicg/464/universal/a.out,/root/exp/RFunipassLab/external_datasets/build/runtime_matched/external_runtime_polybench_full_wrap_10seeds_backend_o3_repeat1_adaptive5_20260509/o3/polybench_full/bicg/464/universal/universal_58aea292ea66.ll,/root/exp/RFunipassLab/external_datasets/build/runtime_matched/external_runtime_polybench_full_wrap_10seeds_backend_o3_repeat1_adaptive5_20260509/o3/polybench_full/bicg/464/universal/runs/run_001/stdout.txt,/root/exp/RFunipassLab/external_datasets/build/runtime_matched/external_runtime_polybench_full_wrap_10seeds_backend_o3_repeat1_adaptive5_20260509/o3/polybench_full/bicg/464/universal/runs/run_001/stderr.txt,binary exited with returncode=-11
external_runtime_polybench_full_wrap_10seeds_backend_o3_repeat1_adaptive5_20260509,o3,o3,polybench_full,bicg,465,20260423_231957_016941_feature_lite_seed465,universal,rfunipass,1,failed,,,5.0,False,/root/exp/RFunipassLab/external_datasets/build/runtime_matched/external_runtime_polybench_full_wrap_10seeds_backend_o3_repeat1_adaptive5_20260509/o3/polybench_full/bicg/465/universal/a.out,/root/exp/RFunipassLab/external_datasets/build/runtime_matched/external_runtime_polybench_full_wrap_10seeds_backend_o3_repeat1_adaptive5_20260509/o3/polybench_full/bicg/465/universal/universal_e2fa59514181.ll,/root/exp/RFunipassLab/external_datasets/build/runtime_matched/external_runtime_polybench_full_wrap_10seeds_backend_o3_repeat1_adaptive5_20260509/o3/polybench_full/bicg/465/universal/runs/run_001/stdout.txt,/root/exp/RFunipassLab/external_datasets/build/runtime_matched/external_runtime_polybench_full_wrap_10seeds_backend_o3_repeat1_adaptive5_20260509/o3/polybench_full/bicg/465/universal/runs/run_001/stderr.txt,binary exited with returncode=-11
external_runtime_polybench_full_wrap_10seeds_backend_o3_repeat1_adaptive5_20260509,o3,o3,polybench_full,doitgen,,,none,baseline,1,ok,1.669769,1.7162084800656885,300.0,False,/root/exp/RFunipassLab/external_datasets/build/runtime_matched/external_runtime_polybench_full_wrap_10seeds_backend_o3_repeat1_adaptive5_20260509/o3/polybench_full/doitgen/baseline/none/a.out,/root/exp/RFunipassLab/external_datasets/build/runtime_matched/external_runtime_polybench_full_wrap_10seeds_backend_o3_repeat1_adaptive5_20260509/o3/polybench_full/doitgen/baseline/none/none_71f8e7976e4c.ll,/root/exp/RFunipassLab/external_datasets/build/runtime_matched/external_runtime_polybench_full_wrap_10seeds_backend_o3_repeat1_adaptive5_20260509/o3/polybench_full/doitgen/baseline/none/runs/run_001/stdout.txt,/root/exp/RFunipassLab/external_datasets/build/runtime_matched/external_runtime_polybench_full_wrap_10seeds_backend_o3_repeat1_adaptive5_20260509/o3/polybench_full/doitgen/baseline/none/runs/run_001/stderr.txt,
external_runtime_polybench_full_wrap_10seeds_backend_o3_repeat1_adaptive5_20260509,o3,o3,polybench_full,doitgen,,,o3,baseline,1,ok,0.450076,0.47094153612852097,300.0,False,/root/exp/RFunipassLab/external_datasets/build/runtime_matched/external_runtime_polybench_full_wrap_10seeds_backend_o3_repeat1_adaptive5_20260509/o3/polybench_full/doitgen/baseline/o3/a.out,/root/exp/RFunipassLab/external_datasets/build/runtime_matched/external_runtime_polybench_full_wrap_10seeds_backend_o3_repeat1_adaptive5_20260509/o3/polybench_full/doitgen/baseline/o3/o3_41db216f1b51.ll,/root/exp/RFunipassLab/external_datasets/build/runtime_matched/external_runtime_polybench_full_wrap_10seeds_backend_o3_repeat1_adaptive5_20260509/o3/polybench_full/doitgen/baseline/o3/runs/run_001/stdout.txt,/root/exp/RFunipassLab/external_datasets/build/runtime_matched/external_runtime_polybench_full_wrap_10seeds_backend_o3_repeat1_adaptive5_20260509/o3/polybench_full/doitgen/baseline/o3/runs/run_001/stderr.txt,
external_runtime_polybench_full_wrap_10seeds_backend_o3_repeat1_adaptive5_20260509,o3,o3,polybench_full,doitgen,456,20260423_181846_349217_feature_lite_seed456,universal,rfunipass,1,failed,,,5.0,True,/root/exp/RFunipassLab/external_datasets/build/runtime_matched/external_runtime_polybench_full_wrap_10seeds_backend_o3_repeat1_adaptive5_20260509/o3/polybench_full/doitgen/456/universal/a.out,/root/exp/RFunipassLab/external_datasets/build/runtime_matched/external_runtime_polybench_full_wrap_10seeds_backend_o3_repeat1_adaptive5_20260509/o3/polybench_full/doitgen/456/universal/universal_1dd8ea870347.ll,/root/exp/RFunipassLab/external_datasets/build/runtime_matched/external_runtime_polybench_full_wrap_10seeds_backend_o3_repeat1_adaptive5_20260509/o3/polybench_full/doitgen/456/universal/runs/run_001/stdout.txt,/root/exp/RFunipassLab/external_datasets/build/runtime_matched/external_runtime_polybench_full_wrap_10seeds_backend_o3_repeat1_adaptive5_20260509/o3/polybench_full/doitgen/456/universal/runs/run_001/stderr.txt,runtime timeout after 5.0s
external_runtime_polybench_full_wrap_10seeds_backend_o3_repeat1_adaptive5_20260509,o3,o3,polybench_full,doitgen,457,20260423_184811_146360_feature_lite_seed457,universal,rfunipass,1,failed,,,5.0,True,/root/exp/RFunipassLab/external_datasets/build/runtime_matched/external_runtime_polybench_full_wrap_10seeds_backend_o3_repeat1_adaptive5_20260509/o3/polybench_full/doitgen/457/universal/a.out,/root/exp/RFunipassLab/external_datasets/build/runtime_matched/external_runtime_polybench_full_wrap_10seeds_backend_o3_repeat1_adaptive5_20260509/o3/polybench_full/doitgen/457/universal/universal_468197d7c679.ll,/root/exp/RFunipassLab/external_datasets/build/runtime_matched/external_runtime_polybench_full_wrap_10seeds_backend_o3_repeat1_adaptive5_20260509/o3/polybench_full/doitgen/457/universal/runs/run_001/stdout.txt,/root/exp/RFunipassLab/external_datasets/build/runtime_matched/external_runtime_polybench_full_wrap_10seeds_backend_o3_repeat1_adaptive5_20260509/o3/polybench_full/doitgen/457/universal/runs/run_001/stderr.txt,runtime timeout after 5.0s
external_runtime_polybench_full_wrap_10seeds_backend_o3_repeat1_adaptive5_20260509,o3,o3,polybench_full,doitgen,458,20260423_193326_468019_feature_lite_seed458,universal,rfunipass,1,failed,,,5.0,True,/root/exp/RFunipassLab/external_datasets/build/runtime_matched/external_runtime_polybench_full_wrap_10seeds_backend_o3_repeat1_adaptive5_20260509/o3/polybench_full/doitgen/458/universal/a.out,/root/exp/RFunipassLab/external_datasets/build/runtime_matched/external_runtime_polybench_full_wrap_10seeds_backend_o3_repeat1_adaptive5_20260509/o3/polybench_full/doitgen/458/universal/universal_bac1dd97c06b.ll,/root/exp/RFunipassLab/external_datasets/build/runtime_matched/external_runtime_polybench_full_wrap_10seeds_backend_o3_repeat1_adaptive5_20260509/o3/polybench_full/doitgen/458/universal/runs/run_001/stdout.txt,/root/exp/RFunipassLab/external_datasets/build/runtime_matched/external_runtime_polybench_full_wrap_10seeds_backend_o3_repeat1_adaptive5_20260509/o3/polybench_full/doitgen/458/universal/runs/run_001/stderr.txt,runtime timeout after 5.0s
external_runtime_polybench_full_wrap_10seeds_backend_o3_repeat1_adaptive5_20260509,o3,o3,polybench_full,doitgen,459,20260423_203402_518521_feature_lite_seed459,universal,rfunipass,1,ok,0.34373,0.3750349481124431,5.0,False,/root/exp/RFunipassLab/external_datasets/build/runtime_matched/external_runtime_polybench_full_wrap_10seeds_backend_o3_repeat1_adaptive5_20260509/o3/polybench_full/doitgen/459/universal/a.out,/root/exp/RFunipassLab/external_datasets/build/runtime_matched/external_runtime_polybench_full_wrap_10seeds_backend_o3_repeat1_adaptive5_20260509/o3/polybench_full/doitgen/459/universal/universal_6d5271a22f91.ll,/root/exp/RFunipassLab/external_datasets/build/runtime_matched/external_runtime_polybench_full_wrap_10seeds_backend_o3_repeat1_adaptive5_20260509/o3/polybench_full/doitgen/459/universal/runs/run_001/stdout.txt,/root/exp/RFunipassLab/external_datasets/build/runtime_matched/external_runtime_polybench_full_wrap_10seeds_backend_o3_repeat1_adaptive5_20260509/o3/polybench_full/doitgen/459/universal/runs/run_001/stderr.txt,
external_runtime_polybench_full_wrap_10seeds_backend_o3_repeat1_adaptive5_20260509,o3,o3,polybench_full,doitgen,460,20260423_205014_703926_feature_lite_seed460,universal,rfunipass,1,failed,,,5.0,False,/root/exp/RFunipassLab/external_datasets/build/runtime_matched/external_runtime_polybench_full_wrap_10seeds_backend_o3_repeat1_adaptive5_20260509/o3/polybench_full/doitgen/460/universal/a.out,/root/exp/RFunipassLab/external_datasets/build/runtime_matched/external_runtime_polybench_full_wrap_10seeds_backend_o3_repeat1_adaptive5_20260509/o3/polybench_full/doitgen/460/universal/universal_aa7d5985738b.ll,/root/exp/RFunipassLab/external_datasets/build/runtime_matched/external_runtime_polybench_full_wrap_10seeds_backend_o3_repeat1_adaptive5_20260509/o3/polybench_full/doitgen/460/universal/runs/run_001/stdout.txt,/root/exp/RFunipassLab/external_datasets/build/runtime_matched/external_runtime_polybench_full_wrap_10seeds_backend_o3_repeat1_adaptive5_20260509/o3/polybench_full/doitgen/460/universal/runs/run_001/stderr.txt,binary exited with returncode=-11
external_runtime_polybench_full_wrap_10seeds_backend_o3_repeat1_adaptive5_20260509,o3,o3,polybench_full,doitgen,461,20260423_211628_575222_feature_lite_seed461,universal,rfunipass,1,ok,0.344813,0.36726817092858255,5.0,False,/root/exp/RFunipassLab/external_datasets/build/runtime_matched/external_runtime_polybench_full_wrap_10seeds_backend_o3_repeat1_adaptive5_20260509/o3/polybench_full/doitgen/461/universal/a.out,/root/exp/RFunipassLab/external_datasets/build/runtime_matched/external_runtime_polybench_full_wrap_10seeds_backend_o3_repeat1_adaptive5_20260509/o3/polybench_full/doitgen/461/universal/universal_c3b20e7655ed.ll,/root/exp/RFunipassLab/external_datasets/build/runtime_matched/external_runtime_polybench_full_wrap_10seeds_backend_o3_repeat1_adaptive5_20260509/o3/polybench_full/doitgen/461/universal/runs/run_001/stdout.txt,/root/exp/RFunipassLab/external_datasets/build/runtime_matched/external_runtime_polybench_full_wrap_10seeds_backend_o3_repeat1_adaptive5_20260509/o3/polybench_full/doitgen/461/universal/runs/run_001/stderr.txt,
external_runtime_polybench_full_wrap_10seeds_backend_o3_repeat1_adaptive5_20260509,o3,o3,polybench_full,doitgen,462,20260423_214113_355045_feature_lite_seed462,universal,rfunipass,1,failed,,,5.0,True,/root/exp/RFunipassLab/external_datasets/build/runtime_matched/external_runtime_polybench_full_wrap_10seeds_backend_o3_repeat1_adaptive5_20260509/o3/polybench_full/doitgen/462/universal/a.out,/root/exp/RFunipassLab/external_datasets/build/runtime_matched/external_runtime_polybench_full_wrap_10seeds_backend_o3_repeat1_adaptive5_20260509/o3/polybench_full/doitgen/462/universal/universal_4da41e9006a8.ll,/root/exp/RFunipassLab/external_datasets/build/runtime_matched/external_runtime_polybench_full_wrap_10seeds_backend_o3_repeat1_adaptive5_20260509/o3/polybench_full/doitgen/462/universal/runs/run_001/stdout.txt,/root/exp/RFunipassLab/external_datasets/build/runtime_matched/external_runtime_polybench_full_wrap_10seeds_backend_o3_repeat1_adaptive5_20260509/o3/polybench_full/doitgen/462/universal/runs/run_001/stderr.txt,runtime timeout after 5.0s
external_runtime_polybench_full_wrap_10seeds_backend_o3_repeat1_adaptive5_20260509,o3,o3,polybench_full,doitgen,463,20260423_221353_240005_feature_lite_seed463,universal,rfunipass,1,failed,,,5.0,True,/root/exp/RFunipassLab/external_datasets/build/runtime_matched/external_runtime_polybench_full_wrap_10seeds_backend_o3_repeat1_adaptive5_20260509/o3/polybench_full/doitgen/463/universal/a.out,/root/exp/RFunipassLab/external_datasets/build/runtime_matched/external_runtime_polybench_full_wrap_10seeds_backend_o3_repeat1_adaptive5_20260509/o3/polybench_full/doitgen/463/universal/universal_3c6e71c0df8d.ll,/root/exp/RFunipassLab/external_datasets/build/runtime_matched/external_runtime_polybench_full_wrap_10seeds_backend_o3_repeat1_adaptive5_20260509/o3/polybench_full/doitgen/463/universal/runs/run_001/stdout.txt,/root/exp/RFunipassLab/external_datasets/build/runtime_matched/external_runtime_polybench_full_wrap_10seeds_backend_o3_repeat1_adaptive5_20260509/o3/polybench_full/doitgen/463/universal/runs/run_001/stderr.txt,runtime timeout after 5.0s
external_runtime_polybench_full_wrap_10seeds_backend_o3_repeat1_adaptive5_20260509,o3,o3,polybench_full,doitgen,464,20260423_230444_536999_feature_lite_seed464,universal,rfunipass,1,failed,,,5.0,True,/root/exp/RFunipassLab/external_datasets/build/runtime_matched/external_runtime_polybench_full_wrap_10seeds_backend_o3_repeat1_adaptive5_20260509/o3/polybench_full/doitgen/464/universal/a.out,/root/exp/RFunipassLab/external_datasets/build/runtime_matched/external_runtime_polybench_full_wrap_10seeds_backend_o3_repeat1_adaptive5_20260509/o3/polybench_full/doitgen/464/universal/universal_58aea292ea66.ll,/root/exp/RFunipassLab/external_datasets/build/runtime_matched/external_runtime_polybench_full_wrap_10seeds_backend_o3_repeat1_adaptive5_20260509/o3/polybench_full/doitgen/464/universal/runs/run_001/stdout.txt,/root/exp/RFunipassLab/external_datasets/build/runtime_matched/external_runtime_polybench_full_wrap_10seeds_backend_o3_repeat1_adaptive5_20260509/o3/polybench_full/doitgen/464/universal/runs/run_001/stderr.txt,runtime timeout after 5.0s
external_runtime_polybench_full_wrap_10seeds_backend_o3_repeat1_adaptive5_20260509,o3,o3,polybench_full,doitgen,465,20260423_231957_016941_feature_lite_seed465,universal,rfunipass,1,ok,1778326578.409313,0.3697570818476379,5.0,False,/root/exp/RFunipassLab/external_datasets/build/runtime_matched/external_runtime_polybench_full_wrap_10seeds_backend_o3_repeat1_adaptive5_20260509/o3/polybench_full/doitgen/465/universal/a.out,/root/exp/RFunipassLab/external_datasets/build/runtime_matched/external_runtime_polybench_full_wrap_10seeds_backend_o3_repeat1_adaptive5_20260509/o3/polybench_full/doitgen/465/universal/universal_e2fa59514181.ll,/root/exp/RFunipassLab/external_datasets/build/runtime_matched/external_runtime_polybench_full_wrap_10seeds_backend_o3_repeat1_adaptive5_20260509/o3/polybench_full/doitgen/465/universal/runs/run_001/stdout.txt,/root/exp/RFunipassLab/external_datasets/build/runtime_matched/external_runtime_polybench_full_wrap_10seeds_backend_o3_repeat1_adaptive5_20260509/o3/polybench_full/doitgen/465/universal/runs/run_001/stderr.txt,
external_runtime_polybench_full_wrap_10seeds_backend_o3_repeat1_adaptive5_20260509,o3,o3,polybench_full,mvt,,,none,baseline,1,ok,0.036275,0.0836860730778426,300.0,False,/root/exp/RFunipassLab/external_datasets/build/runtime_matched/external_runtime_polybench_full_wrap_10seeds_backend_o3_repeat1_adaptive5_20260509/o3/polybench_full/mvt/baseline/none/a.out,/root/exp/RFunipassLab/external_datasets/build/runtime_matched/external_runtime_polybench_full_wrap_10seeds_backend_o3_repeat1_adaptive5_20260509/o3/polybench_full/mvt/baseline/none/none_71f8e7976e4c.ll,/root/exp/RFunipassLab/external_datasets/build/runtime_matched/external_runtime_polybench_full_wrap_10seeds_backend_o3_repeat1_adaptive5_20260509/o3/polybench_full/mvt/baseline/none/runs/run_001/stdout.txt,/root/exp/RFunipassLab/external_datasets/build/runtime_matched/external_runtime_polybench_full_wrap_10seeds_backend_o3_repeat1_adaptive5_20260509/o3/polybench_full/mvt/baseline/none/runs/run_001/stderr.txt,
external_runtime_polybench_full_wrap_10seeds_backend_o3_repeat1_adaptive5_20260509,o3,o3,polybench_full,mvt,,,o3,baseline,1,ok,0.028591,0.0553651440422982,300.0,False,/root/exp/RFunipassLab/external_datasets/build/runtime_matched/external_runtime_polybench_full_wrap_10seeds_backend_o3_repeat1_adaptive5_20260509/o3/polybench_full/mvt/baseline/o3/a.out,/root/exp/RFunipassLab/external_datasets/build/runtime_matched/external_runtime_polybench_full_wrap_10seeds_backend_o3_repeat1_adaptive5_20260509/o3/polybench_full/mvt/baseline/o3/o3_41db216f1b51.ll,/root/exp/RFunipassLab/external_datasets/build/runtime_matched/external_runtime_polybench_full_wrap_10seeds_backend_o3_repeat1_adaptive5_20260509/o3/polybench_full/mvt/baseline/o3/runs/run_001/stdout.txt,/root/exp/RFunipassLab/external_datasets/build/runtime_matched/external_runtime_polybench_full_wrap_10seeds_backend_o3_repeat1_adaptive5_20260509/o3/polybench_full/mvt/baseline/o3/runs/run_001/stderr.txt,
external_runtime_polybench_full_wrap_10seeds_backend_o3_repeat1_adaptive5_20260509,o3,o3,polybench_full,mvt,456,20260423_181846_349217_feature_lite_seed456,universal,rfunipass,1,failed,,,5.0,False,/root/exp/RFunipassLab/external_datasets/build/runtime_matched/external_runtime_polybench_full_wrap_10seeds_backend_o3_repeat1_adaptive5_20260509/o3/polybench_full/mvt/456/universal/a.out,/root/exp/RFunipassLab/external_datasets/build/runtime_matched/external_runtime_polybench_full_wrap_10seeds_backend_o3_repeat1_adaptive5_20260509/o3/polybench_full/mvt/456/universal/universal_1dd8ea870347.ll,/root/exp/RFunipassLab/external_datasets/build/runtime_matched/external_runtime_polybench_full_wrap_10seeds_backend_o3_repeat1_adaptive5_20260509/o3/polybench_full/mvt/456/universal/runs/run_001/stdout.txt,/root/exp/RFunipassLab/external_datasets/build/runtime_matched/external_runtime_polybench_full_wrap_10seeds_backend_o3_repeat1_adaptive5_20260509/o3/polybench_full/mvt/456/universal/runs/run_001/stderr.txt,binary exited with returncode=-11
external_runtime_polybench_full_wrap_10seeds_backend_o3_repeat1_adaptive5_20260509,o3,o3,polybench_full,mvt,457,20260423_184811_146360_feature_lite_seed457,universal,rfunipass,1,failed,,,5.0,False,/root/exp/RFunipassLab/external_datasets/build/runtime_matched/external_runtime_polybench_full_wrap_10seeds_backend_o3_repeat1_adaptive5_20260509/o3/polybench_full/mvt/457/universal/a.out,/root/exp/RFunipassLab/external_datasets/build/runtime_matched/external_runtime_polybench_full_wrap_10seeds_backend_o3_repeat1_adaptive5_20260509/o3/polybench_full/mvt/457/universal/universal_468197d7c679.ll,/root/exp/RFunipassLab/external_datasets/build/runtime_matched/external_runtime_polybench_full_wrap_10seeds_backend_o3_repeat1_adaptive5_20260509/o3/polybench_full/mvt/457/universal/runs/run_001/stdout.txt,/root/exp/RFunipassLab/external_datasets/build/runtime_matched/external_runtime_polybench_full_wrap_10seeds_backend_o3_repeat1_adaptive5_20260509/o3/polybench_full/mvt/457/universal/runs/run_001/stderr.txt,binary exited with returncode=-11
external_runtime_polybench_full_wrap_10seeds_backend_o3_repeat1_adaptive5_20260509,o3,o3,polybench_full,mvt,458,20260423_193326_468019_feature_lite_seed458,universal,rfunipass,1,failed,,,5.0,False,/root/exp/RFunipassLab/external_datasets/build/runtime_matched/external_runtime_polybench_full_wrap_10seeds_backend_o3_repeat1_adaptive5_20260509/o3/polybench_full/mvt/458/universal/a.out,/root/exp/RFunipassLab/external_datasets/build/runtime_matched/external_runtime_polybench_full_wrap_10seeds_backend_o3_repeat1_adaptive5_20260509/o3/polybench_full/mvt/458/universal/universal_bac1dd97c06b.ll,/root/exp/RFunipassLab/external_datasets/build/runtime_matched/external_runtime_polybench_full_wrap_10seeds_backend_o3_repeat1_adaptive5_20260509/o3/polybench_full/mvt/458/universal/runs/run_001/stdout.txt,/root/exp/RFunipassLab/external_datasets/build/runtime_matched/external_runtime_polybench_full_wrap_10seeds_backend_o3_repeat1_adaptive5_20260509/o3/polybench_full/mvt/458/universal/runs/run_001/stderr.txt,binary exited with returncode=-11
external_runtime_polybench_full_wrap_10seeds_backend_o3_repeat1_adaptive5_20260509,o3,o3,polybench_full,mvt,459,20260423_203402_518521_feature_lite_seed459,universal,rfunipass,1,failed,,,5.0,False,/root/exp/RFunipassLab/external_datasets/build/runtime_matched/external_runtime_polybench_full_wrap_10seeds_backend_o3_repeat1_adaptive5_20260509/o3/polybench_full/mvt/459/universal/a.out,/root/exp/RFunipassLab/external_datasets/build/runtime_matched/external_runtime_polybench_full_wrap_10seeds_backend_o3_repeat1_adaptive5_20260509/o3/polybench_full/mvt/459/universal/universal_6d5271a22f91.ll,/root/exp/RFunipassLab/external_datasets/build/runtime_matched/external_runtime_polybench_full_wrap_10seeds_backend_o3_repeat1_adaptive5_20260509/o3/polybench_full/mvt/459/universal/runs/run_001/stdout.txt,/root/exp/RFunipassLab/external_datasets/build/runtime_matched/external_runtime_polybench_full_wrap_10seeds_backend_o3_repeat1_adaptive5_20260509/o3/polybench_full/mvt/459/universal/runs/run_001/stderr.txt,binary exited with returncode=-11
external_runtime_polybench_full_wrap_10seeds_backend_o3_repeat1_adaptive5_20260509,o3,o3,polybench_full,mvt,460,20260423_205014_703926_feature_lite_seed460,universal,rfunipass,1,failed,,,5.0,False,/root/exp/RFunipassLab/external_datasets/build/runtime_matched/external_runtime_polybench_full_wrap_10seeds_backend_o3_repeat1_adaptive5_20260509/o3/polybench_full/mvt/460/universal/a.out,/root/exp/RFunipassLab/external_datasets/build/runtime_matched/external_runtime_polybench_full_wrap_10seeds_backend_o3_repeat1_adaptive5_20260509/o3/polybench_full/mvt/460/universal/universal_aa7d5985738b.ll,/root/exp/RFunipassLab/external_datasets/build/runtime_matched/external_runtime_polybench_full_wrap_10seeds_backend_o3_repeat1_adaptive5_20260509/o3/polybench_full/mvt/460/universal/runs/run_001/stdout.txt,/root/exp/RFunipassLab/external_datasets/build/runtime_matched/external_runtime_polybench_full_wrap_10seeds_backend_o3_repeat1_adaptive5_20260509/o3/polybench_full/mvt/460/universal/runs/run_001/stderr.txt,binary exited with returncode=-11
external_runtime_polybench_full_wrap_10seeds_backend_o3_repeat1_adaptive5_20260509,o3,o3,polybench_full,mvt,461,20260423_211628_575222_feature_lite_seed461,universal,rfunipass,1,failed,,,5.0,False,/root/exp/RFunipassLab/external_datasets/build/runtime_matched/external_runtime_polybench_full_wrap_10seeds_backend_o3_repeat1_adaptive5_20260509/o3/polybench_full/mvt/461/universal/a.out,/root/exp/RFunipassLab/external_datasets/build/runtime_matched/external_runtime_polybench_full_wrap_10seeds_backend_o3_repeat1_adaptive5_20260509/o3/polybench_full/mvt/461/universal/universal_c3b20e7655ed.ll,/root/exp/RFunipassLab/external_datasets/build/runtime_matched/external_runtime_polybench_full_wrap_10seeds_backend_o3_repeat1_adaptive5_20260509/o3/polybench_full/mvt/461/universal/runs/run_001/stdout.txt,/root/exp/RFunipassLab/external_datasets/build/runtime_matched/external_runtime_polybench_full_wrap_10seeds_backend_o3_repeat1_adaptive5_20260509/o3/polybench_full/mvt/461/universal/runs/run_001/stderr.txt,binary exited with returncode=-11
external_runtime_polybench_full_wrap_10seeds_backend_o3_repeat1_adaptive5_20260509,o3,o3,polybench_full,mvt,462,20260423_214113_355045_feature_lite_seed462,universal,rfunipass,1,failed,,,5.0,False,/root/exp/RFunipassLab/external_datasets/build/runtime_matched/external_runtime_polybench_full_wrap_10seeds_backend_o3_repeat1_adaptive5_20260509/o3/polybench_full/mvt/462/universal/a.out,/root/exp/RFunipassLab/external_datasets/build/runtime_matched/external_runtime_polybench_full_wrap_10seeds_backend_o3_repeat1_adaptive5_20260509/o3/polybench_full/mvt/462/universal/universal_4da41e9006a8.ll,/root/exp/RFunipassLab/external_datasets/build/runtime_matched/external_runtime_polybench_full_wrap_10seeds_backend_o3_repeat1_adaptive5_20260509/o3/polybench_full/mvt/462/universal/runs/run_001/stdout.txt,/root/exp/RFunipassLab/external_datasets/build/runtime_matched/external_runtime_polybench_full_wrap_10seeds_backend_o3_repeat1_adaptive5_20260509/o3/polybench_full/mvt/462/universal/runs/run_001/stderr.txt,binary exited with returncode=-11
external_runtime_polybench_full_wrap_10seeds_backend_o3_repeat1_adaptive5_20260509,o3,o3,polybench_full,mvt,463,20260423_221353_240005_feature_lite_seed463,universal,rfunipass,1,failed,,,5.0,True,/root/exp/RFunipassLab/external_datasets/build/runtime_matched/external_runtime_polybench_full_wrap_10seeds_backend_o3_repeat1_adaptive5_20260509/o3/polybench_full/mvt/463/universal/a.out,/root/exp/RFunipassLab/external_datasets/build/runtime_matched/external_runtime_polybench_full_wrap_10seeds_backend_o3_repeat1_adaptive5_20260509/o3/polybench_full/mvt/463/universal/universal_3c6e71c0df8d.ll,/root/exp/RFunipassLab/external_datasets/build/runtime_matched/external_runtime_polybench_full_wrap_10seeds_backend_o3_repeat1_adaptive5_20260509/o3/polybench_full/mvt/463/universal/runs/run_001/stdout.txt,/root/exp/RFunipassLab/external_datasets/build/runtime_matched/external_runtime_polybench_full_wrap_10seeds_backend_o3_repeat1_adaptive5_20260509/o3/polybench_full/mvt/463/universal/runs/run_001/stderr.txt,runtime timeout after 5.0s
external_runtime_polybench_full_wrap_10seeds_backend_o3_repeat1_adaptive5_20260509,o3,o3,polybench_full,mvt,464,20260423_230444_536999_feature_lite_seed464,universal,rfunipass,1,failed,,,5.0,False,/root/exp/RFunipassLab/external_datasets/build/runtime_matched/external_runtime_polybench_full_wrap_10seeds_backend_o3_repeat1_adaptive5_20260509/o3/polybench_full/mvt/464/universal/a.out,/root/exp/RFunipassLab/external_datasets/build/runtime_matched/external_runtime_polybench_full_wrap_10seeds_backend_o3_repeat1_adaptive5_20260509/o3/polybench_full/mvt/464/universal/universal_58aea292ea66.ll,/root/exp/RFunipassLab/external_datasets/build/runtime_matched/external_runtime_polybench_full_wrap_10seeds_backend_o3_repeat1_adaptive5_20260509/o3/polybench_full/mvt/464/universal/runs/run_001/stdout.txt,/root/exp/RFunipassLab/external_datasets/build/runtime_matched/external_runtime_polybench_full_wrap_10seeds_backend_o3_repeat1_adaptive5_20260509/o3/polybench_full/mvt/464/universal/runs/run_001/stderr.txt,binary exited with returncode=-11
external_runtime_polybench_full_wrap_10seeds_backend_o3_repeat1_adaptive5_20260509,o3,o3,polybench_full,mvt,465,20260423_231957_016941_feature_lite_seed465,universal,rfunipass,1,failed,,,5.0,False,/root/exp/RFunipassLab/external_datasets/build/runtime_matched/external_runtime_polybench_full_wrap_10seeds_backend_o3_repeat1_adaptive5_20260509/o3/polybench_full/mvt/465/universal/a.out,/root/exp/RFunipassLab/external_datasets/build/runtime_matched/external_runtime_polybench_full_wrap_10seeds_backend_o3_repeat1_adaptive5_20260509/o3/polybench_full/mvt/465/universal/universal_e2fa59514181.ll,/root/exp/RFunipassLab/external_datasets/build/runtime_matched/external_runtime_polybench_full_wrap_10seeds_backend_o3_repeat1_adaptive5_20260509/o3/polybench_full/mvt/465/universal/runs/run_001/stdout.txt,/root/exp/RFunipassLab/external_datasets/build/runtime_matched/external_runtime_polybench_full_wrap_10seeds_backend_o3_repeat1_adaptive5_20260509/o3/polybench_full/mvt/465/universal/runs/run_001/stderr.txt,binary exited with returncode=-11
external_runtime_polybench_full_wrap_10seeds_backend_o3_repeat1_adaptive5_20260509,o3,o3,polybench_full,gemm,,,none,baseline,1,ok,2.828857,2.873190872836858,300.0,False,/root/exp/RFunipassLab/external_datasets/build/runtime_matched/external_runtime_polybench_full_wrap_10seeds_backend_o3_repeat1_adaptive5_20260509/o3/polybench_full/gemm/baseline/none/a.out,/root/exp/RFunipassLab/external_datasets/build/runtime_matched/external_runtime_polybench_full_wrap_10seeds_backend_o3_repeat1_adaptive5_20260509/o3/polybench_full/gemm/baseline/none/none_71f8e7976e4c.ll,/root/exp/RFunipassLab/external_datasets/build/runtime_matched/external_runtime_polybench_full_wrap_10seeds_backend_o3_repeat1_adaptive5_20260509/o3/polybench_full/gemm/baseline/none/runs/run_001/stdout.txt,/root/exp/RFunipassLab/external_datasets/build/runtime_matched/external_runtime_polybench_full_wrap_10seeds_backend_o3_repeat1_adaptive5_20260509/o3/polybench_full/gemm/baseline/none/runs/run_001/stderr.txt,
external_runtime_polybench_full_wrap_10seeds_backend_o3_repeat1_adaptive5_20260509,o3,o3,polybench_full,gemm,,,o3,baseline,1,ok,0.600199,0.625313154887408,300.0,False,/root/exp/RFunipassLab/external_datasets/build/runtime_matched/external_runtime_polybench_full_wrap_10seeds_backend_o3_repeat1_adaptive5_20260509/o3/polybench_full/gemm/baseline/o3/a.out,/root/exp/RFunipassLab/external_datasets/build/runtime_matched/external_runtime_polybench_full_wrap_10seeds_backend_o3_repeat1_adaptive5_20260509/o3/polybench_full/gemm/baseline/o3/o3_41db216f1b51.ll,/root/exp/RFunipassLab/external_datasets/build/runtime_matched/external_runtime_polybench_full_wrap_10seeds_backend_o3_repeat1_adaptive5_20260509/o3/polybench_full/gemm/baseline/o3/runs/run_001/stdout.txt,/root/exp/RFunipassLab/external_datasets/build/runtime_matched/external_runtime_polybench_full_wrap_10seeds_backend_o3_repeat1_adaptive5_20260509/o3/polybench_full/gemm/baseline/o3/runs/run_001/stderr.txt,
external_runtime_polybench_full_wrap_10seeds_backend_o3_repeat1_adaptive5_20260509,o3,o3,polybench_full,gemm,456,20260423_181846_349217_feature_lite_seed456,universal,rfunipass,1,failed,,,5.0,True,/root/exp/RFunipassLab/external_datasets/build/runtime_matched/external_runtime_polybench_full_wrap_10seeds_backend_o3_repeat1_adaptive5_20260509/o3/polybench_full/gemm/456/universal/a.out,/root/exp/RFunipassLab/external_datasets/build/runtime_matched/external_runtime_polybench_full_wrap_10seeds_backend_o3_repeat1_adaptive5_20260509/o3/polybench_full/gemm/456/universal/universal_1dd8ea870347.ll,/root/exp/RFunipassLab/external_datasets/build/runtime_matched/external_runtime_polybench_full_wrap_10seeds_backend_o3_repeat1_adaptive5_20260509/o3/polybench_full/gemm/456/universal/runs/run_001/stdout.txt,/root/exp/RFunipassLab/external_datasets/build/runtime_matched/external_runtime_polybench_full_wrap_10seeds_backend_o3_repeat1_adaptive5_20260509/o3/polybench_full/gemm/456/universal/runs/run_001/stderr.txt,runtime timeout after 5.0s
external_runtime_polybench_full_wrap_10seeds_backend_o3_repeat1_adaptive5_20260509,o3,o3,polybench_full,gemm,457,20260423_184811_146360_feature_lite_seed457,universal,rfunipass,1,failed,,,5.0,True,/root/exp/RFunipassLab/external_datasets/build/runtime_matched/external_runtime_polybench_full_wrap_10seeds_backend_o3_repeat1_adaptive5_20260509/o3/polybench_full/gemm/457/universal/a.out,/root/exp/RFunipassLab/external_datasets/build/runtime_matched/external_runtime_polybench_full_wrap_10seeds_backend_o3_repeat1_adaptive5_20260509/o3/polybench_full/gemm/457/universal/universal_468197d7c679.ll,/root/exp/RFunipassLab/external_datasets/build/runtime_matched/external_runtime_polybench_full_wrap_10seeds_backend_o3_repeat1_adaptive5_20260509/o3/polybench_full/gemm/457/universal/runs/run_001/stdout.txt,/root/exp/RFunipassLab/external_datasets/build/runtime_matched/external_runtime_polybench_full_wrap_10seeds_backend_o3_repeat1_adaptive5_20260509/o3/polybench_full/gemm/457/universal/runs/run_001/stderr.txt,runtime timeout after 5.0s
external_runtime_polybench_full_wrap_10seeds_backend_o3_repeat1_adaptive5_20260509,o3,o3,polybench_full,gemm,458,20260423_193326_468019_feature_lite_seed458,universal,rfunipass,1,failed,,,5.0,True,/root/exp/RFunipassLab/external_datasets/build/runtime_matched/external_runtime_polybench_full_wrap_10seeds_backend_o3_repeat1_adaptive5_20260509/o3/polybench_full/gemm/458/universal/a.out,/root/exp/RFunipassLab/external_datasets/build/runtime_matched/external_runtime_polybench_full_wrap_10seeds_backend_o3_repeat1_adaptive5_20260509/o3/polybench_full/gemm/458/universal/universal_bac1dd97c06b.ll,/root/exp/RFunipassLab/external_datasets/build/runtime_matched/external_runtime_polybench_full_wrap_10seeds_backend_o3_repeat1_adaptive5_20260509/o3/polybench_full/gemm/458/universal/runs/run_001/stdout.txt,/root/exp/RFunipassLab/external_datasets/build/runtime_matched/external_runtime_polybench_full_wrap_10seeds_backend_o3_repeat1_adaptive5_20260509/o3/polybench_full/gemm/458/universal/runs/run_001/stderr.txt,runtime timeout after 5.0s
external_runtime_polybench_full_wrap_10seeds_backend_o3_repeat1_adaptive5_20260509,o3,o3,polybench_full,gemm,459,20260423_203402_518521_feature_lite_seed459,universal,rfunipass,1,ok,0.942173,0.9754408558364958,5.0,False,/root/exp/RFunipassLab/external_datasets/build/runtime_matched/external_runtime_polybench_full_wrap_10seeds_backend_o3_repeat1_adaptive5_20260509/o3/polybench_full/gemm/459/universal/a.out,/root/exp/RFunipassLab/external_datasets/build/runtime_matched/external_runtime_polybench_full_wrap_10seeds_backend_o3_repeat1_adaptive5_20260509/o3/polybench_full/gemm/459/universal/universal_6d5271a22f91.ll,/root/exp/RFunipassLab/external_datasets/build/runtime_matched/external_runtime_polybench_full_wrap_10seeds_backend_o3_repeat1_adaptive5_20260509/o3/polybench_full/gemm/459/universal/runs/run_001/stdout.txt,/root/exp/RFunipassLab/external_datasets/build/runtime_matched/external_runtime_polybench_full_wrap_10seeds_backend_o3_repeat1_adaptive5_20260509/o3/polybench_full/gemm/459/universal/runs/run_001/stderr.txt,
external_runtime_polybench_full_wrap_10seeds_backend_o3_repeat1_adaptive5_20260509,o3,o3,polybench_full,gemm,460,20260423_205014_703926_feature_lite_seed460,universal,rfunipass,1,failed,,,5.0,False,/root/exp/RFunipassLab/external_datasets/build/runtime_matched/external_runtime_polybench_full_wrap_10seeds_backend_o3_repeat1_adaptive5_20260509/o3/polybench_full/gemm/460/universal/a.out,/root/exp/RFunipassLab/external_datasets/build/runtime_matched/external_runtime_polybench_full_wrap_10seeds_backend_o3_repeat1_adaptive5_20260509/o3/polybench_full/gemm/460/universal/universal_aa7d5985738b.ll,/root/exp/RFunipassLab/external_datasets/build/runtime_matched/external_runtime_polybench_full_wrap_10seeds_backend_o3_repeat1_adaptive5_20260509/o3/polybench_full/gemm/460/universal/runs/run_001/stdout.txt,/root/exp/RFunipassLab/external_datasets/build/runtime_matched/external_runtime_polybench_full_wrap_10seeds_backend_o3_repeat1_adaptive5_20260509/o3/polybench_full/gemm/460/universal/runs/run_001/stderr.txt,binary exited with returncode=-11
external_runtime_polybench_full_wrap_10seeds_backend_o3_repeat1_adaptive5_20260509,o3,o3,polybench_full,gemm,461,20260423_211628_575222_feature_lite_seed461,universal,rfunipass,1,ok,1.026729,1.0495356479659677,5.0,False,/root/exp/RFunipassLab/external_datasets/build/runtime_matched/external_runtime_polybench_full_wrap_10seeds_backend_o3_repeat1_adaptive5_20260509/o3/polybench_full/gemm/461/universal/a.out,/root/exp/RFunipassLab/external_datasets/build/runtime_matched/external_runtime_polybench_full_wrap_10seeds_backend_o3_repeat1_adaptive5_20260509/o3/polybench_full/gemm/461/universal/universal_c3b20e7655ed.ll,/root/exp/RFunipassLab/external_datasets/build/runtime_matched/external_runtime_polybench_full_wrap_10seeds_backend_o3_repeat1_adaptive5_20260509/o3/polybench_full/gemm/461/universal/runs/run_001/stdout.txt,/root/exp/RFunipassLab/external_datasets/build/runtime_matched/external_runtime_polybench_full_wrap_10seeds_backend_o3_repeat1_adaptive5_20260509/o3/polybench_full/gemm/461/universal/runs/run_001/stderr.txt,
external_runtime_polybench_full_wrap_10seeds_backend_o3_repeat1_adaptive5_20260509,o3,o3,polybench_full,gemm,462,20260423_214113_355045_feature_lite_seed462,universal,rfunipass,1,failed,,,5.0,True,/root/exp/RFunipassLab/external_datasets/build/runtime_matched/external_runtime_polybench_full_wrap_10seeds_backend_o3_repeat1_adaptive5_20260509/o3/polybench_full/gemm/462/universal/a.out,/root/exp/RFunipassLab/external_datasets/build/runtime_matched/external_runtime_polybench_full_wrap_10seeds_backend_o3_repeat1_adaptive5_20260509/o3/polybench_full/gemm/462/universal/universal_4da41e9006a8.ll,/root/exp/RFunipassLab/external_datasets/build/runtime_matched/external_runtime_polybench_full_wrap_10seeds_backend_o3_repeat1_adaptive5_20260509/o3/polybench_full/gemm/462/universal/runs/run_001/stdout.txt,/root/exp/RFunipassLab/external_datasets/build/runtime_matched/external_runtime_polybench_full_wrap_10seeds_backend_o3_repeat1_adaptive5_20260509/o3/polybench_full/gemm/462/universal/runs/run_001/stderr.txt,runtime timeout after 5.0s
external_runtime_polybench_full_wrap_10seeds_backend_o3_repeat1_adaptive5_20260509,o3,o3,polybench_full,gemm,463,20260423_221353_240005_feature_lite_seed463,universal,rfunipass,1,failed,,,5.0,True,/root/exp/RFunipassLab/external_datasets/build/runtime_matched/external_runtime_polybench_full_wrap_10seeds_backend_o3_repeat1_adaptive5_20260509/o3/polybench_full/gemm/463/universal/a.out,/root/exp/RFunipassLab/external_datasets/build/runtime_matched/external_runtime_polybench_full_wrap_10seeds_backend_o3_repeat1_adaptive5_20260509/o3/polybench_full/gemm/463/universal/universal_3c6e71c0df8d.ll,/root/exp/RFunipassLab/external_datasets/build/runtime_matched/external_runtime_polybench_full_wrap_10seeds_backend_o3_repeat1_adaptive5_20260509/o3/polybench_full/gemm/463/universal/runs/run_001/stdout.txt,/root/exp/RFunipassLab/external_datasets/build/runtime_matched/external_runtime_polybench_full_wrap_10seeds_backend_o3_repeat1_adaptive5_20260509/o3/polybench_full/gemm/463/universal/runs/run_001/stderr.txt,runtime timeout after 5.0s
external_runtime_polybench_full_wrap_10seeds_backend_o3_repeat1_adaptive5_20260509,o3,o3,polybench_full,gemm,464,20260423_230444_536999_feature_lite_seed464,universal,rfunipass,1,failed,,,5.0,True,/root/exp/RFunipassLab/external_datasets/build/runtime_matched/external_runtime_polybench_full_wrap_10seeds_backend_o3_repeat1_adaptive5_20260509/o3/polybench_full/gemm/464/universal/a.out,/root/exp/RFunipassLab/external_datasets/build/runtime_matched/external_runtime_polybench_full_wrap_10seeds_backend_o3_repeat1_adaptive5_20260509/o3/polybench_full/gemm/464/universal/universal_58aea292ea66.ll,/root/exp/RFunipassLab/external_datasets/build/runtime_matched/external_runtime_polybench_full_wrap_10seeds_backend_o3_repeat1_adaptive5_20260509/o3/polybench_full/gemm/464/universal/runs/run_001/stdout.txt,/root/exp/RFunipassLab/external_datasets/build/runtime_matched/external_runtime_polybench_full_wrap_10seeds_backend_o3_repeat1_adaptive5_20260509/o3/polybench_full/gemm/464/universal/runs/run_001/stderr.txt,runtime timeout after 5.0s
external_runtime_polybench_full_wrap_10seeds_backend_o3_repeat1_adaptive5_20260509,o3,o3,polybench_full,gemm,465,20260423_231957_016941_feature_lite_seed465,universal,rfunipass,1,ok,1778326645.98311,0.969839772908017,5.0,False,/root/exp/RFunipassLab/external_datasets/build/runtime_matched/external_runtime_polybench_full_wrap_10seeds_backend_o3_repeat1_adaptive5_20260509/o3/polybench_full/gemm/465/universal/a.out,/root/exp/RFunipassLab/external_datasets/build/runtime_matched/external_runtime_polybench_full_wrap_10seeds_backend_o3_repeat1_adaptive5_20260509/o3/polybench_full/gemm/465/universal/universal_e2fa59514181.ll,/root/exp/RFunipassLab/external_datasets/build/runtime_matched/external_runtime_polybench_full_wrap_10seeds_backend_o3_repeat1_adaptive5_20260509/o3/polybench_full/gemm/465/universal/runs/run_001/stdout.txt,/root/exp/RFunipassLab/external_datasets/build/runtime_matched/external_runtime_polybench_full_wrap_10seeds_backend_o3_repeat1_adaptive5_20260509/o3/polybench_full/gemm/465/universal/runs/run_001/stderr.txt,
external_runtime_polybench_full_wrap_10seeds_backend_o3_repeat1_adaptive5_20260509,o3,o3,polybench_full,gemver,,,none,baseline,1,ok,0.04584,0.09633497800678015,300.0,False,/root/exp/RFunipassLab/external_datasets/build/runtime_matched/external_runtime_polybench_full_wrap_10seeds_backend_o3_repeat1_adaptive5_20260509/o3/polybench_full/gemver/baseline/none/a.out,/root/exp/RFunipassLab/external_datasets/build/runtime_matched/external_runtime_polybench_full_wrap_10seeds_backend_o3_repeat1_adaptive5_20260509/o3/polybench_full/gemver/baseline/none/none_71f8e7976e4c.ll,/root/exp/RFunipassLab/external_datasets/build/runtime_matched/external_runtime_polybench_full_wrap_10seeds_backend_o3_repeat1_adaptive5_20260509/o3/polybench_full/gemver/baseline/none/runs/run_001/stdout.txt,/root/exp/RFunipassLab/external_datasets/build/runtime_matched/external_runtime_polybench_full_wrap_10seeds_backend_o3_repeat1_adaptive5_20260509/o3/polybench_full/gemver/baseline/none/runs/run_001/stderr.txt,
external_runtime_polybench_full_wrap_10seeds_backend_o3_repeat1_adaptive5_20260509,o3,o3,polybench_full,gemver,,,o3,baseline,1,ok,0.026967,0.056547597981989384,300.0,False,/root/exp/RFunipassLab/external_datasets/build/runtime_matched/external_runtime_polybench_full_wrap_10seeds_backend_o3_repeat1_adaptive5_20260509/o3/polybench_full/gemver/baseline/o3/a.out,/root/exp/RFunipassLab/external_datasets/build/runtime_matched/external_runtime_polybench_full_wrap_10seeds_backend_o3_repeat1_adaptive5_20260509/o3/polybench_full/gemver/baseline/o3/o3_41db216f1b51.ll,/root/exp/RFunipassLab/external_datasets/build/runtime_matched/external_runtime_polybench_full_wrap_10seeds_backend_o3_repeat1_adaptive5_20260509/o3/polybench_full/gemver/baseline/o3/runs/run_001/stdout.txt,/root/exp/RFunipassLab/external_datasets/build/runtime_matched/external_runtime_polybench_full_wrap_10seeds_backend_o3_repeat1_adaptive5_20260509/o3/polybench_full/gemver/baseline/o3/runs/run_001/stderr.txt,
external_runtime_polybench_full_wrap_10seeds_backend_o3_repeat1_adaptive5_20260509,o3,o3,polybench_full,gemver,456,20260423_181846_349217_feature_lite_seed456,universal,rfunipass,1,failed,,,5.0,True,/root/exp/RFunipassLab/external_datasets/build/runtime_matched/external_runtime_polybench_full_wrap_10seeds_backend_o3_repeat1_adaptive5_20260509/o3/polybench_full/gemver/456/universal/a.out,/root/exp/RFunipassLab/external_datasets/build/runtime_matched/external_runtime_polybench_full_wrap_10seeds_backend_o3_repeat1_adaptive5_20260509/o3/polybench_full/gemver/456/universal/universal_1dd8ea870347.ll,/root/exp/RFunipassLab/external_datasets/build/runtime_matched/external_runtime_polybench_full_wrap_10seeds_backend_o3_repeat1_adaptive5_20260509/o3/polybench_full/gemver/456/universal/runs/run_001/stdout.txt,/root/exp/RFunipassLab/external_datasets/build/runtime_matched/external_runtime_polybench_full_wrap_10seeds_backend_o3_repeat1_adaptive5_20260509/o3/polybench_full/gemver/456/universal/runs/run_001/stderr.txt,runtime timeout after 5.0s
external_runtime_polybench_full_wrap_10seeds_backend_o3_repeat1_adaptive5_20260509,o3,o3,polybench_full,gemver,457,20260423_184811_146360_feature_lite_seed457,universal,rfunipass,1,failed,,,5.0,True,/root/exp/RFunipassLab/external_datasets/build/runtime_matched/external_runtime_polybench_full_wrap_10seeds_backend_o3_repeat1_adaptive5_20260509/o3/polybench_full/gemver/457/universal/a.out,/root/exp/RFunipassLab/external_datasets/build/runtime_matched/external_runtime_polybench_full_wrap_10seeds_backend_o3_repeat1_adaptive5_20260509/o3/polybench_full/gemver/457/universal/universal_468197d7c679.ll,/root/exp/RFunipassLab/external_datasets/build/runtime_matched/external_runtime_polybench_full_wrap_10seeds_backend_o3_repeat1_adaptive5_20260509/o3/polybench_full/gemver/457/universal/runs/run_001/stdout.txt,/root/exp/RFunipassLab/external_datasets/build/runtime_matched/external_runtime_polybench_full_wrap_10seeds_backend_o3_repeat1_adaptive5_20260509/o3/polybench_full/gemver/457/universal/runs/run_001/stderr.txt,runtime timeout after 5.0s
external_runtime_polybench_full_wrap_10seeds_backend_o3_repeat1_adaptive5_20260509,o3,o3,polybench_full,gemver,458,20260423_193326_468019_feature_lite_seed458,universal,rfunipass,1,failed,,,5.0,True,/root/exp/RFunipassLab/external_datasets/build/runtime_matched/external_runtime_polybench_full_wrap_10seeds_backend_o3_repeat1_adaptive5_20260509/o3/polybench_full/gemver/458/universal/a.out,/root/exp/RFunipassLab/external_datasets/build/runtime_matched/external_runtime_polybench_full_wrap_10seeds_backend_o3_repeat1_adaptive5_20260509/o3/polybench_full/gemver/458/universal/universal_bac1dd97c06b.ll,/root/exp/RFunipassLab/external_datasets/build/runtime_matched/external_runtime_polybench_full_wrap_10seeds_backend_o3_repeat1_adaptive5_20260509/o3/polybench_full/gemver/458/universal/runs/run_001/stdout.txt,/root/exp/RFunipassLab/external_datasets/build/runtime_matched/external_runtime_polybench_full_wrap_10seeds_backend_o3_repeat1_adaptive5_20260509/o3/polybench_full/gemver/458/universal/runs/run_001/stderr.txt,runtime timeout after 5.0s
external_runtime_polybench_full_wrap_10seeds_backend_o3_repeat1_adaptive5_20260509,o3,o3,polybench_full,gemver,459,20260423_203402_518521_feature_lite_seed459,universal,rfunipass,1,ok,0.030289,0.065107457106933,5.0,False,/root/exp/RFunipassLab/external_datasets/build/runtime_matched/external_runtime_polybench_full_wrap_10seeds_backend_o3_repeat1_adaptive5_20260509/o3/polybench_full/gemver/459/universal/a.out,/root/exp/RFunipassLab/external_datasets/build/runtime_matched/external_runtime_polybench_full_wrap_10seeds_backend_o3_repeat1_adaptive5_20260509/o3/polybench_full/gemver/459/universal/universal_6d5271a22f91.ll,/root/exp/RFunipassLab/external_datasets/build/runtime_matched/external_runtime_polybench_full_wrap_10seeds_backend_o3_repeat1_adaptive5_20260509/o3/polybench_full/gemver/459/universal/runs/run_001/stdout.txt,/root/exp/RFunipassLab/external_datasets/build/runtime_matched/external_runtime_polybench_full_wrap_10seeds_backend_o3_repeat1_adaptive5_20260509/o3/polybench_full/gemver/459/universal/runs/run_001/stderr.txt,
external_runtime_polybench_full_wrap_10seeds_backend_o3_repeat1_adaptive5_20260509,o3,o3,polybench_full,gemver,460,20260423_205014_703926_feature_lite_seed460,universal,rfunipass,1,failed,,,5.0,False,/root/exp/RFunipassLab/external_datasets/build/runtime_matched/external_runtime_polybench_full_wrap_10seeds_backend_o3_repeat1_adaptive5_20260509/o3/polybench_full/gemver/460/universal/a.out,/root/exp/RFunipassLab/external_datasets/build/runtime_matched/external_runtime_polybench_full_wrap_10seeds_backend_o3_repeat1_adaptive5_20260509/o3/polybench_full/gemver/460/universal/universal_aa7d5985738b.ll,/root/exp/RFunipassLab/external_datasets/build/runtime_matched/external_runtime_polybench_full_wrap_10seeds_backend_o3_repeat1_adaptive5_20260509/o3/polybench_full/gemver/460/universal/runs/run_001/stdout.txt,/root/exp/RFunipassLab/external_datasets/build/runtime_matched/external_runtime_polybench_full_wrap_10seeds_backend_o3_repeat1_adaptive5_20260509/o3/polybench_full/gemver/460/universal/runs/run_001/stderr.txt,binary exited with returncode=-11
external_runtime_polybench_full_wrap_10seeds_backend_o3_repeat1_adaptive5_20260509,o3,o3,polybench_full,gemver,461,20260423_211628_575222_feature_lite_seed461,universal,rfunipass,1,ok,0.030286,0.05681170499883592,5.0,False,/root/exp/RFunipassLab/external_datasets/build/runtime_matched/external_runtime_polybench_full_wrap_10seeds_backend_o3_repeat1_adaptive5_20260509/o3/polybench_full/gemver/461/universal/a.out,/root/exp/RFunipassLab/external_datasets/build/runtime_matched/external_runtime_polybench_full_wrap_10seeds_backend_o3_repeat1_adaptive5_20260509/o3/polybench_full/gemver/461/universal/universal_c3b20e7655ed.ll,/root/exp/RFunipassLab/external_datasets/build/runtime_matched/external_runtime_polybench_full_wrap_10seeds_backend_o3_repeat1_adaptive5_20260509/o3/polybench_full/gemver/461/universal/runs/run_001/stdout.txt,/root/exp/RFunipassLab/external_datasets/build/runtime_matched/external_runtime_polybench_full_wrap_10seeds_backend_o3_repeat1_adaptive5_20260509/o3/polybench_full/gemver/461/universal/runs/run_001/stderr.txt,
external_runtime_polybench_full_wrap_10seeds_backend_o3_repeat1_adaptive5_20260509,o3,o3,polybench_full,gemver,462,20260423_214113_355045_feature_lite_seed462,universal,rfunipass,1,failed,,,5.0,True,/root/exp/RFunipassLab/external_datasets/build/runtime_matched/external_runtime_polybench_full_wrap_10seeds_backend_o3_repeat1_adaptive5_20260509/o3/polybench_full/gemver/462/universal/a.out,/root/exp/RFunipassLab/external_datasets/build/runtime_matched/external_runtime_polybench_full_wrap_10seeds_backend_o3_repeat1_adaptive5_20260509/o3/polybench_full/gemver/462/universal/universal_4da41e9006a8.ll,/root/exp/RFunipassLab/external_datasets/build/runtime_matched/external_runtime_polybench_full_wrap_10seeds_backend_o3_repeat1_adaptive5_20260509/o3/polybench_full/gemver/462/universal/runs/run_001/stdout.txt,/root/exp/RFunipassLab/external_datasets/build/runtime_matched/external_runtime_polybench_full_wrap_10seeds_backend_o3_repeat1_adaptive5_20260509/o3/polybench_full/gemver/462/universal/runs/run_001/stderr.txt,runtime timeout after 5.0s
external_runtime_polybench_full_wrap_10seeds_backend_o3_repeat1_adaptive5_20260509,o3,o3,polybench_full,gemver,463,20260423_221353_240005_feature_lite_seed463,universal,rfunipass,1,failed,,,5.0,True,/root/exp/RFunipassLab/external_datasets/build/runtime_matched/external_runtime_polybench_full_wrap_10seeds_backend_o3_repeat1_adaptive5_20260509/o3/polybench_full/gemver/463/universal/a.out,/root/exp/RFunipassLab/external_datasets/build/runtime_matched/external_runtime_polybench_full_wrap_10seeds_backend_o3_repeat1_adaptive5_20260509/o3/polybench_full/gemver/463/universal/universal_3c6e71c0df8d.ll,/root/exp/RFunipassLab/external_datasets/build/runtime_matched/external_runtime_polybench_full_wrap_10seeds_backend_o3_repeat1_adaptive5_20260509/o3/polybench_full/gemver/463/universal/runs/run_001/stdout.txt,/root/exp/RFunipassLab/external_datasets/build/runtime_matched/external_runtime_polybench_full_wrap_10seeds_backend_o3_repeat1_adaptive5_20260509/o3/polybench_full/gemver/463/universal/runs/run_001/stderr.txt,runtime timeout after 5.0s
external_runtime_polybench_full_wrap_10seeds_backend_o3_repeat1_adaptive5_20260509,o3,o3,polybench_full,gemver,464,20260423_230444_536999_feature_lite_seed464,universal,rfunipass,1,failed,,,5.0,True,/root/exp/RFunipassLab/external_datasets/build/runtime_matched/external_runtime_polybench_full_wrap_10seeds_backend_o3_repeat1_adaptive5_20260509/o3/polybench_full/gemver/464/universal/a.out,/root/exp/RFunipassLab/external_datasets/build/runtime_matched/external_runtime_polybench_full_wrap_10seeds_backend_o3_repeat1_adaptive5_20260509/o3/polybench_full/gemver/464/universal/universal_58aea292ea66.ll,/root/exp/RFunipassLab/external_datasets/build/runtime_matched/external_runtime_polybench_full_wrap_10seeds_backend_o3_repeat1_adaptive5_20260509/o3/polybench_full/gemver/464/universal/runs/run_001/stdout.txt,/root/exp/RFunipassLab/external_datasets/build/runtime_matched/external_runtime_polybench_full_wrap_10seeds_backend_o3_repeat1_adaptive5_20260509/o3/polybench_full/gemver/464/universal/runs/run_001/stderr.txt,runtime timeout after 5.0s
external_runtime_polybench_full_wrap_10seeds_backend_o3_repeat1_adaptive5_20260509,o3,o3,polybench_full,gemver,465,20260423_231957_016941_feature_lite_seed465,universal,rfunipass,1,ok,1778326695.236315,0.05876733106561005,5.0,False,/root/exp/RFunipassLab/external_datasets/build/runtime_matched/external_runtime_polybench_full_wrap_10seeds_backend_o3_repeat1_adaptive5_20260509/o3/polybench_full/gemver/465/universal/a.out,/root/exp/RFunipassLab/external_datasets/build/runtime_matched/external_runtime_polybench_full_wrap_10seeds_backend_o3_repeat1_adaptive5_20260509/o3/polybench_full/gemver/465/universal/universal_e2fa59514181.ll,/root/exp/RFunipassLab/external_datasets/build/runtime_matched/external_runtime_polybench_full_wrap_10seeds_backend_o3_repeat1_adaptive5_20260509/o3/polybench_full/gemver/465/universal/runs/run_001/stdout.txt,/root/exp/RFunipassLab/external_datasets/build/runtime_matched/external_runtime_polybench_full_wrap_10seeds_backend_o3_repeat1_adaptive5_20260509/o3/polybench_full/gemver/465/universal/runs/run_001/stderr.txt,
external_runtime_polybench_full_wrap_10seeds_backend_o3_repeat1_adaptive5_20260509,o3,o3,polybench_full,gesummv,,,none,baseline,1,ok,0.007911,0.054399974877014756,300.0,False,/root/exp/RFunipassLab/external_datasets/build/runtime_matched/external_runtime_polybench_full_wrap_10seeds_backend_o3_repeat1_adaptive5_20260509/o3/polybench_full/gesummv/baseline/none/a.out,/root/exp/RFunipassLab/external_datasets/build/runtime_matched/external_runtime_polybench_full_wrap_10seeds_backend_o3_repeat1_adaptive5_20260509/o3/polybench_full/gesummv/baseline/none/none_71f8e7976e4c.ll,/root/exp/RFunipassLab/external_datasets/build/runtime_matched/external_runtime_polybench_full_wrap_10seeds_backend_o3_repeat1_adaptive5_20260509/o3/polybench_full/gesummv/baseline/none/runs/run_001/stdout.txt,/root/exp/RFunipassLab/external_datasets/build/runtime_matched/external_runtime_polybench_full_wrap_10seeds_backend_o3_repeat1_adaptive5_20260509/o3/polybench_full/gesummv/baseline/none/runs/run_001/stderr.txt,
external_runtime_polybench_full_wrap_10seeds_backend_o3_repeat1_adaptive5_20260509,o3,o3,polybench_full,gesummv,,,o3,baseline,1,ok,0.00686,0.02978191082365811,300.0,False,/root/exp/RFunipassLab/external_datasets/build/runtime_matched/external_runtime_polybench_full_wrap_10seeds_backend_o3_repeat1_adaptive5_20260509/o3/polybench_full/gesummv/baseline/o3/a.out,/root/exp/RFunipassLab/external_datasets/build/runtime_matched/external_runtime_polybench_full_wrap_10seeds_backend_o3_repeat1_adaptive5_20260509/o3/polybench_full/gesummv/baseline/o3/o3_41db216f1b51.ll,/root/exp/RFunipassLab/external_datasets/build/runtime_matched/external_runtime_polybench_full_wrap_10seeds_backend_o3_repeat1_adaptive5_20260509/o3/polybench_full/gesummv/baseline/o3/runs/run_001/stdout.txt,/root/exp/RFunipassLab/external_datasets/build/runtime_matched/external_runtime_polybench_full_wrap_10seeds_backend_o3_repeat1_adaptive5_20260509/o3/polybench_full/gesummv/baseline/o3/runs/run_001/stderr.txt,
external_runtime_polybench_full_wrap_10seeds_backend_o3_repeat1_adaptive5_20260509,o3,o3,polybench_full,gesummv,456,20260423_181846_349217_feature_lite_seed456,universal,rfunipass,1,failed,,,5.0,True,/root/exp/RFunipassLab/external_datasets/build/runtime_matched/external_runtime_polybench_full_wrap_10seeds_backend_o3_repeat1_adaptive5_20260509/o3/polybench_full/gesummv/456/universal/a.out,/root/exp/RFunipassLab/external_datasets/build/runtime_matched/external_runtime_polybench_full_wrap_10seeds_backend_o3_repeat1_adaptive5_20260509/o3/polybench_full/gesummv/456/universal/universal_1dd8ea870347.ll,/root/exp/RFunipassLab/external_datasets/build/runtime_matched/external_runtime_polybench_full_wrap_10seeds_backend_o3_repeat1_adaptive5_20260509/o3/polybench_full/gesummv/456/universal/runs/run_001/stdout.txt,/root/exp/RFunipassLab/external_datasets/build/runtime_matched/external_runtime_polybench_full_wrap_10seeds_backend_o3_repeat1_adaptive5_20260509/o3/polybench_full/gesummv/456/universal/runs/run_001/stderr.txt,runtime timeout after 5.0s
external_runtime_polybench_full_wrap_10seeds_backend_o3_repeat1_adaptive5_20260509,o3,o3,polybench_full,gesummv,457,20260423_184811_146360_feature_lite_seed457,universal,rfunipass,1,failed,,,5.0,True,/root/exp/RFunipassLab/external_datasets/build/runtime_matched/external_runtime_polybench_full_wrap_10seeds_backend_o3_repeat1_adaptive5_20260509/o3/polybench_full/gesummv/457/universal/a.out,/root/exp/RFunipassLab/external_datasets/build/runtime_matched/external_runtime_polybench_full_wrap_10seeds_backend_o3_repeat1_adaptive5_20260509/o3/polybench_full/gesummv/457/universal/universal_468197d7c679.ll,/root/exp/RFunipassLab/external_datasets/build/runtime_matched/external_runtime_polybench_full_wrap_10seeds_backend_o3_repeat1_adaptive5_20260509/o3/polybench_full/gesummv/457/universal/runs/run_001/stdout.txt,/root/exp/RFunipassLab/external_datasets/build/runtime_matched/external_runtime_polybench_full_wrap_10seeds_backend_o3_repeat1_adaptive5_20260509/o3/polybench_full/gesummv/457/universal/runs/run_001/stderr.txt,runtime timeout after 5.0s
external_runtime_polybench_full_wrap_10seeds_backend_o3_repeat1_adaptive5_20260509,o3,o3,polybench_full,gesummv,458,20260423_193326_468019_feature_lite_seed458,universal,rfunipass,1,failed,,,5.0,True,/root/exp/RFunipassLab/external_datasets/build/runtime_matched/external_runtime_polybench_full_wrap_10seeds_backend_o3_repeat1_adaptive5_20260509/o3/polybench_full/gesummv/458/universal/a.out,/root/exp/RFunipassLab/external_datasets/build/runtime_matched/external_runtime_polybench_full_wrap_10seeds_backend_o3_repeat1_adaptive5_20260509/o3/polybench_full/gesummv/458/universal/universal_bac1dd97c06b.ll,/root/exp/RFunipassLab/external_datasets/build/runtime_matched/external_runtime_polybench_full_wrap_10seeds_backend_o3_repeat1_adaptive5_20260509/o3/polybench_full/gesummv/458/universal/runs/run_001/stdout.txt,/root/exp/RFunipassLab/external_datasets/build/runtime_matched/external_runtime_polybench_full_wrap_10seeds_backend_o3_repeat1_adaptive5_20260509/o3/polybench_full/gesummv/458/universal/runs/run_001/stderr.txt,runtime timeout after 5.0s
external_runtime_polybench_full_wrap_10seeds_backend_o3_repeat1_adaptive5_20260509,o3,o3,polybench_full,gesummv,459,20260423_203402_518521_feature_lite_seed459,universal,rfunipass,1,failed,,,5.0,True,/root/exp/RFunipassLab/external_datasets/build/runtime_matched/external_runtime_polybench_full_wrap_10seeds_backend_o3_repeat1_adaptive5_20260509/o3/polybench_full/gesummv/459/universal/a.out,/root/exp/RFunipassLab/external_datasets/build/runtime_matched/external_runtime_polybench_full_wrap_10seeds_backend_o3_repeat1_adaptive5_20260509/o3/polybench_full/gesummv/459/universal/universal_6d5271a22f91.ll,/root/exp/RFunipassLab/external_datasets/build/runtime_matched/external_runtime_polybench_full_wrap_10seeds_backend_o3_repeat1_adaptive5_20260509/o3/polybench_full/gesummv/459/universal/runs/run_001/stdout.txt,/root/exp/RFunipassLab/external_datasets/build/runtime_matched/external_runtime_polybench_full_wrap_10seeds_backend_o3_repeat1_adaptive5_20260509/o3/polybench_full/gesummv/459/universal/runs/run_001/stderr.txt,runtime timeout after 5.0s
external_runtime_polybench_full_wrap_10seeds_backend_o3_repeat1_adaptive5_20260509,o3,o3,polybench_full,gesummv,460,20260423_205014_703926_feature_lite_seed460,universal,rfunipass,1,failed,,,5.0,True,/root/exp/RFunipassLab/external_datasets/build/runtime_matched/external_runtime_polybench_full_wrap_10seeds_backend_o3_repeat1_adaptive5_20260509/o3/polybench_full/gesummv/460/universal/a.out,/root/exp/RFunipassLab/external_datasets/build/runtime_matched/external_runtime_polybench_full_wrap_10seeds_backend_o3_repeat1_adaptive5_20260509/o3/polybench_full/gesummv/460/universal/universal_aa7d5985738b.ll,/root/exp/RFunipassLab/external_datasets/build/runtime_matched/external_runtime_polybench_full_wrap_10seeds_backend_o3_repeat1_adaptive5_20260509/o3/polybench_full/gesummv/460/universal/runs/run_001/stdout.txt,/root/exp/RFunipassLab/external_datasets/build/runtime_matched/external_runtime_polybench_full_wrap_10seeds_backend_o3_repeat1_adaptive5_20260509/o3/polybench_full/gesummv/460/universal/runs/run_001/stderr.txt,runtime timeout after 5.0s
external_runtime_polybench_full_wrap_10seeds_backend_o3_repeat1_adaptive5_20260509,o3,o3,polybench_full,gesummv,461,20260423_211628_575222_feature_lite_seed461,universal,rfunipass,1,failed,,,5.0,False,/root/exp/RFunipassLab/external_datasets/build/runtime_matched/external_runtime_polybench_full_wrap_10seeds_backend_o3_repeat1_adaptive5_20260509/o3/polybench_full/gesummv/461/universal/a.out,/root/exp/RFunipassLab/external_datasets/build/runtime_matched/external_runtime_polybench_full_wrap_10seeds_backend_o3_repeat1_adaptive5_20260509/o3/polybench_full/gesummv/461/universal/universal_c3b20e7655ed.ll,/root/exp/RFunipassLab/external_datasets/build/runtime_matched/external_runtime_polybench_full_wrap_10seeds_backend_o3_repeat1_adaptive5_20260509/o3/polybench_full/gesummv/461/universal/runs/run_001/stdout.txt,/root/exp/RFunipassLab/external_datasets/build/runtime_matched/external_runtime_polybench_full_wrap_10seeds_backend_o3_repeat1_adaptive5_20260509/o3/polybench_full/gesummv/461/universal/runs/run_001/stderr.txt,binary exited with returncode=-11
external_runtime_polybench_full_wrap_10seeds_backend_o3_repeat1_adaptive5_20260509,o3,o3,polybench_full,gesummv,462,20260423_214113_355045_feature_lite_seed462,universal,rfunipass,1,failed,,,5.0,True,/root/exp/RFunipassLab/external_datasets/build/runtime_matched/external_runtime_polybench_full_wrap_10seeds_backend_o3_repeat1_adaptive5_20260509/o3/polybench_full/gesummv/462/universal/a.out,/root/exp/RFunipassLab/external_datasets/build/runtime_matched/external_runtime_polybench_full_wrap_10seeds_backend_o3_repeat1_adaptive5_20260509/o3/polybench_full/gesummv/462/universal/universal_4da41e9006a8.ll,/root/exp/RFunipassLab/external_datasets/build/runtime_matched/external_runtime_polybench_full_wrap_10seeds_backend_o3_repeat1_adaptive5_20260509/o3/polybench_full/gesummv/462/universal/runs/run_001/stdout.txt,/root/exp/RFunipassLab/external_datasets/build/runtime_matched/external_runtime_polybench_full_wrap_10seeds_backend_o3_repeat1_adaptive5_20260509/o3/polybench_full/gesummv/462/universal/runs/run_001/stderr.txt,runtime timeout after 5.0s
external_runtime_polybench_full_wrap_10seeds_backend_o3_repeat1_adaptive5_20260509,o3,o3,polybench_full,gesummv,463,20260423_221353_240005_feature_lite_seed463,universal,rfunipass,1,failed,,,5.0,True,/root/exp/RFunipassLab/external_datasets/build/runtime_matched/external_runtime_polybench_full_wrap_10seeds_backend_o3_repeat1_adaptive5_20260509/o3/polybench_full/gesummv/463/universal/a.out,/root/exp/RFunipassLab/external_datasets/build/runtime_matched/external_runtime_polybench_full_wrap_10seeds_backend_o3_repeat1_adaptive5_20260509/o3/polybench_full/gesummv/463/universal/universal_3c6e71c0df8d.ll,/root/exp/RFunipassLab/external_datasets/build/runtime_matched/external_runtime_polybench_full_wrap_10seeds_backend_o3_repeat1_adaptive5_20260509/o3/polybench_full/gesummv/463/universal/runs/run_001/stdout.txt,/root/exp/RFunipassLab/external_datasets/build/runtime_matched/external_runtime_polybench_full_wrap_10seeds_backend_o3_repeat1_adaptive5_20260509/o3/polybench_full/gesummv/463/universal/runs/run_001/stderr.txt,runtime timeout after 5.0s
external_runtime_polybench_full_wrap_10seeds_backend_o3_repeat1_adaptive5_20260509,o3,o3,polybench_full,gesummv,464,20260423_230444_536999_feature_lite_seed464,universal,rfunipass,1,failed,,,5.0,True,/root/exp/RFunipassLab/external_datasets/build/runtime_matched/external_runtime_polybench_full_wrap_10seeds_backend_o3_repeat1_adaptive5_20260509/o3/polybench_full/gesummv/464/universal/a.out,/root/exp/RFunipassLab/external_datasets/build/runtime_matched/external_runtime_polybench_full_wrap_10seeds_backend_o3_repeat1_adaptive5_20260509/o3/polybench_full/gesummv/464/universal/universal_58aea292ea66.ll,/root/exp/RFunipassLab/external_datasets/build/runtime_matched/external_runtime_polybench_full_wrap_10seeds_backend_o3_repeat1_adaptive5_20260509/o3/polybench_full/gesummv/464/universal/runs/run_001/stdout.txt,/root/exp/RFunipassLab/external_datasets/build/runtime_matched/external_runtime_polybench_full_wrap_10seeds_backend_o3_repeat1_adaptive5_20260509/o3/polybench_full/gesummv/464/universal/runs/run_001/stderr.txt,runtime timeout after 5.0s
external_runtime_polybench_full_wrap_10seeds_backend_o3_repeat1_adaptive5_20260509,o3,o3,polybench_full,gesummv,465,20260423_231957_016941_feature_lite_seed465,universal,rfunipass,1,failed,,,5.0,True,/root/exp/RFunipassLab/external_datasets/build/runtime_matched/external_runtime_polybench_full_wrap_10seeds_backend_o3_repeat1_adaptive5_20260509/o3/polybench_full/gesummv/465/universal/a.out,/root/exp/RFunipassLab/external_datasets/build/runtime_matched/external_runtime_polybench_full_wrap_10seeds_backend_o3_repeat1_adaptive5_20260509/o3/polybench_full/gesummv/465/universal/universal_e2fa59514181.ll,/root/exp/RFunipassLab/external_datasets/build/runtime_matched/external_runtime_polybench_full_wrap_10seeds_backend_o3_repeat1_adaptive5_20260509/o3/polybench_full/gesummv/465/universal/runs/run_001/stdout.txt,/root/exp/RFunipassLab/external_datasets/build/runtime_matched/external_runtime_polybench_full_wrap_10seeds_backend_o3_repeat1_adaptive5_20260509/o3/polybench_full/gesummv/465/universal/runs/run_001/stderr.txt,runtime timeout after 5.0s
external_runtime_polybench_full_wrap_10seeds_backend_o3_repeat1_adaptive5_20260509,o3,o3,polybench_full,symm,,,none,baseline,1,ok,3.197642,3.242504799971357,300.0,False,/root/exp/RFunipassLab/external_datasets/build/runtime_matched/external_runtime_polybench_full_wrap_10seeds_backend_o3_repeat1_adaptive5_20260509/o3/polybench_full/symm/baseline/none/a.out,/root/exp/RFunipassLab/external_datasets/build/runtime_matched/external_runtime_polybench_full_wrap_10seeds_backend_o3_repeat1_adaptive5_20260509/o3/polybench_full/symm/baseline/none/none_71f8e7976e4c.ll,/root/exp/RFunipassLab/external_datasets/build/runtime_matched/external_runtime_polybench_full_wrap_10seeds_backend_o3_repeat1_adaptive5_20260509/o3/polybench_full/symm/baseline/none/runs/run_001/stdout.txt,/root/exp/RFunipassLab/external_datasets/build/runtime_matched/external_runtime_polybench_full_wrap_10seeds_backend_o3_repeat1_adaptive5_20260509/o3/polybench_full/symm/baseline/none/runs/run_001/stderr.txt,
external_runtime_polybench_full_wrap_10seeds_backend_o3_repeat1_adaptive5_20260509,o3,o3,polybench_full,symm,,,o3,baseline,1,ok,1.985976,2.0075868770945817,300.0,False,/root/exp/RFunipassLab/external_datasets/build/runtime_matched/external_runtime_polybench_full_wrap_10seeds_backend_o3_repeat1_adaptive5_20260509/o3/polybench_full/symm/baseline/o3/a.out,/root/exp/RFunipassLab/external_datasets/build/runtime_matched/external_runtime_polybench_full_wrap_10seeds_backend_o3_repeat1_adaptive5_20260509/o3/polybench_full/symm/baseline/o3/o3_41db216f1b51.ll,/root/exp/RFunipassLab/external_datasets/build/runtime_matched/external_runtime_polybench_full_wrap_10seeds_backend_o3_repeat1_adaptive5_20260509/o3/polybench_full/symm/baseline/o3/runs/run_001/stdout.txt,/root/exp/RFunipassLab/external_datasets/build/runtime_matched/external_runtime_polybench_full_wrap_10seeds_backend_o3_repeat1_adaptive5_20260509/o3/polybench_full/symm/baseline/o3/runs/run_001/stderr.txt,
external_runtime_polybench_full_wrap_10seeds_backend_o3_repeat1_adaptive5_20260509,o3,o3,polybench_full,symm,456,20260423_181846_349217_feature_lite_seed456,universal,rfunipass,1,failed,,,9.92988,False,/root/exp/RFunipassLab/external_datasets/build/runtime_matched/external_runtime_polybench_full_wrap_10seeds_backend_o3_repeat1_adaptive5_20260509/o3/polybench_full/symm/456/universal/a.out,/root/exp/RFunipassLab/external_datasets/build/runtime_matched/external_runtime_polybench_full_wrap_10seeds_backend_o3_repeat1_adaptive5_20260509/o3/polybench_full/symm/456/universal/universal_1dd8ea870347.ll,/root/exp/RFunipassLab/external_datasets/build/runtime_matched/external_runtime_polybench_full_wrap_10seeds_backend_o3_repeat1_adaptive5_20260509/o3/polybench_full/symm/456/universal/runs/run_001/stdout.txt,/root/exp/RFunipassLab/external_datasets/build/runtime_matched/external_runtime_polybench_full_wrap_10seeds_backend_o3_repeat1_adaptive5_20260509/o3/polybench_full/symm/456/universal/runs/run_001/stderr.txt,binary exited with returncode=-11
external_runtime_polybench_full_wrap_10seeds_backend_o3_repeat1_adaptive5_20260509,o3,o3,polybench_full,symm,457,20260423_184811_146360_feature_lite_seed457,universal,rfunipass,1,failed,,,9.92988,False,/root/exp/RFunipassLab/external_datasets/build/runtime_matched/external_runtime_polybench_full_wrap_10seeds_backend_o3_repeat1_adaptive5_20260509/o3/polybench_full/symm/457/universal/a.out,/root/exp/RFunipassLab/external_datasets/build/runtime_matched/external_runtime_polybench_full_wrap_10seeds_backend_o3_repeat1_adaptive5_20260509/o3/polybench_full/symm/457/universal/universal_468197d7c679.ll,/root/exp/RFunipassLab/external_datasets/build/runtime_matched/external_runtime_polybench_full_wrap_10seeds_backend_o3_repeat1_adaptive5_20260509/o3/polybench_full/symm/457/universal/runs/run_001/stdout.txt,/root/exp/RFunipassLab/external_datasets/build/runtime_matched/external_runtime_polybench_full_wrap_10seeds_backend_o3_repeat1_adaptive5_20260509/o3/polybench_full/symm/457/universal/runs/run_001/stderr.txt,binary exited with returncode=-11
external_runtime_polybench_full_wrap_10seeds_backend_o3_repeat1_adaptive5_20260509,o3,o3,polybench_full,symm,458,20260423_193326_468019_feature_lite_seed458,universal,rfunipass,1,failed,,,9.92988,False,/root/exp/RFunipassLab/external_datasets/build/runtime_matched/external_runtime_polybench_full_wrap_10seeds_backend_o3_repeat1_adaptive5_20260509/o3/polybench_full/symm/458/universal/a.out,/root/exp/RFunipassLab/external_datasets/build/runtime_matched/external_runtime_polybench_full_wrap_10seeds_backend_o3_repeat1_adaptive5_20260509/o3/polybench_full/symm/458/universal/universal_bac1dd97c06b.ll,/root/exp/RFunipassLab/external_datasets/build/runtime_matched/external_runtime_polybench_full_wrap_10seeds_backend_o3_repeat1_adaptive5_20260509/o3/polybench_full/symm/458/universal/runs/run_001/stdout.txt,/root/exp/RFunipassLab/external_datasets/build/runtime_matched/external_runtime_polybench_full_wrap_10seeds_backend_o3_repeat1_adaptive5_20260509/o3/polybench_full/symm/458/universal/runs/run_001/stderr.txt,binary exited with returncode=-11
external_runtime_polybench_full_wrap_10seeds_backend_o3_repeat1_adaptive5_20260509,o3,o3,polybench_full,symm,459,20260423_203402_518521_feature_lite_seed459,universal,rfunipass,1,failed,,,9.92988,False,/root/exp/RFunipassLab/external_datasets/build/runtime_matched/external_runtime_polybench_full_wrap_10seeds_backend_o3_repeat1_adaptive5_20260509/o3/polybench_full/symm/459/universal/a.out,/root/exp/RFunipassLab/external_datasets/build/runtime_matched/external_runtime_polybench_full_wrap_10seeds_backend_o3_repeat1_adaptive5_20260509/o3/polybench_full/symm/459/universal/universal_6d5271a22f91.ll,/root/exp/RFunipassLab/external_datasets/build/runtime_matched/external_runtime_polybench_full_wrap_10seeds_backend_o3_repeat1_adaptive5_20260509/o3/polybench_full/symm/459/universal/runs/run_001/stdout.txt,/root/exp/RFunipassLab/external_datasets/build/runtime_matched/external_runtime_polybench_full_wrap_10seeds_backend_o3_repeat1_adaptive5_20260509/o3/polybench_full/symm/459/universal/runs/run_001/stderr.txt,binary exited with returncode=-11
external_runtime_polybench_full_wrap_10seeds_backend_o3_repeat1_adaptive5_20260509,o3,o3,polybench_full,symm,460,20260423_205014_703926_feature_lite_seed460,universal,rfunipass,1,failed,,,9.92988,False,/root/exp/RFunipassLab/external_datasets/build/runtime_matched/external_runtime_polybench_full_wrap_10seeds_backend_o3_repeat1_adaptive5_20260509/o3/polybench_full/symm/460/universal/a.out,/root/exp/RFunipassLab/external_datasets/build/runtime_matched/external_runtime_polybench_full_wrap_10seeds_backend_o3_repeat1_adaptive5_20260509/o3/polybench_full/symm/460/universal/universal_aa7d5985738b.ll,/root/exp/RFunipassLab/external_datasets/build/runtime_matched/external_runtime_polybench_full_wrap_10seeds_backend_o3_repeat1_adaptive5_20260509/o3/polybench_full/symm/460/universal/runs/run_001/stdout.txt,/root/exp/RFunipassLab/external_datasets/build/runtime_matched/external_runtime_polybench_full_wrap_10seeds_backend_o3_repeat1_adaptive5_20260509/o3/polybench_full/symm/460/universal/runs/run_001/stderr.txt,binary exited with returncode=-11
external_runtime_polybench_full_wrap_10seeds_backend_o3_repeat1_adaptive5_20260509,o3,o3,polybench_full,symm,461,20260423_211628_575222_feature_lite_seed461,universal,rfunipass,1,failed,,,9.92988,False,/root/exp/RFunipassLab/external_datasets/build/runtime_matched/external_runtime_polybench_full_wrap_10seeds_backend_o3_repeat1_adaptive5_20260509/o3/polybench_full/symm/461/universal/a.out,/root/exp/RFunipassLab/external_datasets/build/runtime_matched/external_runtime_polybench_full_wrap_10seeds_backend_o3_repeat1_adaptive5_20260509/o3/polybench_full/symm/461/universal/universal_c3b20e7655ed.ll,/root/exp/RFunipassLab/external_datasets/build/runtime_matched/external_runtime_polybench_full_wrap_10seeds_backend_o3_repeat1_adaptive5_20260509/o3/polybench_full/symm/461/universal/runs/run_001/stdout.txt,/root/exp/RFunipassLab/external_datasets/build/runtime_matched/external_runtime_polybench_full_wrap_10seeds_backend_o3_repeat1_adaptive5_20260509/o3/polybench_full/symm/461/universal/runs/run_001/stderr.txt,binary exited with returncode=-11
external_runtime_polybench_full_wrap_10seeds_backend_o3_repeat1_adaptive5_20260509,o3,o3,polybench_full,symm,462,20260423_214113_355045_feature_lite_seed462,universal,rfunipass,1,failed,,,9.92988,False,/root/exp/RFunipassLab/external_datasets/build/runtime_matched/external_runtime_polybench_full_wrap_10seeds_backend_o3_repeat1_adaptive5_20260509/o3/polybench_full/symm/462/universal/a.out,/root/exp/RFunipassLab/external_datasets/build/runtime_matched/external_runtime_polybench_full_wrap_10seeds_backend_o3_repeat1_adaptive5_20260509/o3/polybench_full/symm/462/universal/universal_4da41e9006a8.ll,/root/exp/RFunipassLab/external_datasets/build/runtime_matched/external_runtime_polybench_full_wrap_10seeds_backend_o3_repeat1_adaptive5_20260509/o3/polybench_full/symm/462/universal/runs/run_001/stdout.txt,/root/exp/RFunipassLab/external_datasets/build/runtime_matched/external_runtime_polybench_full_wrap_10seeds_backend_o3_repeat1_adaptive5_20260509/o3/polybench_full/symm/462/universal/runs/run_001/stderr.txt,binary exited with returncode=-11
external_runtime_polybench_full_wrap_10seeds_backend_o3_repeat1_adaptive5_20260509,o3,o3,polybench_full,symm,463,20260423_221353_240005_feature_lite_seed463,universal,rfunipass,1,failed,,,9.92988,True,/root/exp/RFunipassLab/external_datasets/build/runtime_matched/external_runtime_polybench_full_wrap_10seeds_backend_o3_repeat1_adaptive5_20260509/o3/polybench_full/symm/463/universal/a.out,/root/exp/RFunipassLab/external_datasets/build/runtime_matched/external_runtime_polybench_full_wrap_10seeds_backend_o3_repeat1_adaptive5_20260509/o3/polybench_full/symm/463/universal/universal_3c6e71c0df8d.ll,/root/exp/RFunipassLab/external_datasets/build/runtime_matched/external_runtime_polybench_full_wrap_10seeds_backend_o3_repeat1_adaptive5_20260509/o3/polybench_full/symm/463/universal/runs/run_001/stdout.txt,/root/exp/RFunipassLab/external_datasets/build/runtime_matched/external_runtime_polybench_full_wrap_10seeds_backend_o3_repeat1_adaptive5_20260509/o3/polybench_full/symm/463/universal/runs/run_001/stderr.txt,runtime timeout after 9.92988s
external_runtime_polybench_full_wrap_10seeds_backend_o3_repeat1_adaptive5_20260509,o3,o3,polybench_full,symm,464,20260423_230444_536999_feature_lite_seed464,universal,rfunipass,1,failed,,,9.92988,False,/root/exp/RFunipassLab/external_datasets/build/runtime_matched/external_runtime_polybench_full_wrap_10seeds_backend_o3_repeat1_adaptive5_20260509/o3/polybench_full/symm/464/universal/a.out,/root/exp/RFunipassLab/external_datasets/build/runtime_matched/external_runtime_polybench_full_wrap_10seeds_backend_o3_repeat1_adaptive5_20260509/o3/polybench_full/symm/464/universal/universal_58aea292ea66.ll,/root/exp/RFunipassLab/external_datasets/build/runtime_matched/external_runtime_polybench_full_wrap_10seeds_backend_o3_repeat1_adaptive5_20260509/o3/polybench_full/symm/464/universal/runs/run_001/stdout.txt,/root/exp/RFunipassLab/external_datasets/build/runtime_matched/external_runtime_polybench_full_wrap_10seeds_backend_o3_repeat1_adaptive5_20260509/o3/polybench_full/symm/464/universal/runs/run_001/stderr.txt,binary exited with returncode=-11
external_runtime_polybench_full_wrap_10seeds_backend_o3_repeat1_adaptive5_20260509,o3,o3,polybench_full,symm,465,20260423_231957_016941_feature_lite_seed465,universal,rfunipass,1,failed,,,9.92988,False,/root/exp/RFunipassLab/external_datasets/build/runtime_matched/external_runtime_polybench_full_wrap_10seeds_backend_o3_repeat1_adaptive5_20260509/o3/polybench_full/symm/465/universal/a.out,/root/exp/RFunipassLab/external_datasets/build/runtime_matched/external_runtime_polybench_full_wrap_10seeds_backend_o3_repeat1_adaptive5_20260509/o3/polybench_full/symm/465/universal/universal_e2fa59514181.ll,/root/exp/RFunipassLab/external_datasets/build/runtime_matched/external_runtime_polybench_full_wrap_10seeds_backend_o3_repeat1_adaptive5_20260509/o3/polybench_full/symm/465/universal/runs/run_001/stdout.txt,/root/exp/RFunipassLab/external_datasets/build/runtime_matched/external_runtime_polybench_full_wrap_10seeds_backend_o3_repeat1_adaptive5_20260509/o3/polybench_full/symm/465/universal/runs/run_001/stderr.txt,binary exited with returncode=-11
external_runtime_polybench_full_wrap_10seeds_backend_o3_repeat1_adaptive5_20260509,o3,o3,polybench_full,syr2k,,,none,baseline,1,ok,3.387897,3.434801271185279,300.0,False,/root/exp/RFunipassLab/external_datasets/build/runtime_matched/external_runtime_polybench_full_wrap_10seeds_backend_o3_repeat1_adaptive5_20260509/o3/polybench_full/syr2k/baseline/none/a.out,/root/exp/RFunipassLab/external_datasets/build/runtime_matched/external_runtime_polybench_full_wrap_10seeds_backend_o3_repeat1_adaptive5_20260509/o3/polybench_full/syr2k/baseline/none/none_71f8e7976e4c.ll,/root/exp/RFunipassLab/external_datasets/build/runtime_matched/external_runtime_polybench_full_wrap_10seeds_backend_o3_repeat1_adaptive5_20260509/o3/polybench_full/syr2k/baseline/none/runs/run_001/stdout.txt,/root/exp/RFunipassLab/external_datasets/build/runtime_matched/external_runtime_polybench_full_wrap_10seeds_backend_o3_repeat1_adaptive5_20260509/o3/polybench_full/syr2k/baseline/none/runs/run_001/stderr.txt,
external_runtime_polybench_full_wrap_10seeds_backend_o3_repeat1_adaptive5_20260509,o3,o3,polybench_full,syr2k,,,o3,baseline,1,ok,3.169877,3.1961910440586507,300.0,False,/root/exp/RFunipassLab/external_datasets/build/runtime_matched/external_runtime_polybench_full_wrap_10seeds_backend_o3_repeat1_adaptive5_20260509/o3/polybench_full/syr2k/baseline/o3/a.out,/root/exp/RFunipassLab/external_datasets/build/runtime_matched/external_runtime_polybench_full_wrap_10seeds_backend_o3_repeat1_adaptive5_20260509/o3/polybench_full/syr2k/baseline/o3/o3_41db216f1b51.ll,/root/exp/RFunipassLab/external_datasets/build/runtime_matched/external_runtime_polybench_full_wrap_10seeds_backend_o3_repeat1_adaptive5_20260509/o3/polybench_full/syr2k/baseline/o3/runs/run_001/stdout.txt,/root/exp/RFunipassLab/external_datasets/build/runtime_matched/external_runtime_polybench_full_wrap_10seeds_backend_o3_repeat1_adaptive5_20260509/o3/polybench_full/syr2k/baseline/o3/runs/run_001/stderr.txt,
external_runtime_polybench_full_wrap_10seeds_backend_o3_repeat1_adaptive5_20260509,o3,o3,polybench_full,syr2k,456,20260423_181846_349217_feature_lite_seed456,universal,rfunipass,1,failed,,,15.849385,True,/root/exp/RFunipassLab/external_datasets/build/runtime_matched/external_runtime_polybench_full_wrap_10seeds_backend_o3_repeat1_adaptive5_20260509/o3/polybench_full/syr2k/456/universal/a.out,/root/exp/RFunipassLab/external_datasets/build/runtime_matched/external_runtime_polybench_full_wrap_10seeds_backend_o3_repeat1_adaptive5_20260509/o3/polybench_full/syr2k/456/universal/universal_1dd8ea870347.ll,/root/exp/RFunipassLab/external_datasets/build/runtime_matched/external_runtime_polybench_full_wrap_10seeds_backend_o3_repeat1_adaptive5_20260509/o3/polybench_full/syr2k/456/universal/runs/run_001/stdout.txt,/root/exp/RFunipassLab/external_datasets/build/runtime_matched/external_runtime_polybench_full_wrap_10seeds_backend_o3_repeat1_adaptive5_20260509/o3/polybench_full/syr2k/456/universal/runs/run_001/stderr.txt,runtime timeout after 15.849385s
external_runtime_polybench_full_wrap_10seeds_backend_o3_repeat1_adaptive5_20260509,o3,o3,polybench_full,syr2k,457,20260423_184811_146360_feature_lite_seed457,universal,rfunipass,1,failed,,,15.849385,True,/root/exp/RFunipassLab/external_datasets/build/runtime_matched/external_runtime_polybench_full_wrap_10seeds_backend_o3_repeat1_adaptive5_20260509/o3/polybench_full/syr2k/457/universal/a.out,/root/exp/RFunipassLab/external_datasets/build/runtime_matched/external_runtime_polybench_full_wrap_10seeds_backend_o3_repeat1_adaptive5_20260509/o3/polybench_full/syr2k/457/universal/universal_468197d7c679.ll,/root/exp/RFunipassLab/external_datasets/build/runtime_matched/external_runtime_polybench_full_wrap_10seeds_backend_o3_repeat1_adaptive5_20260509/o3/polybench_full/syr2k/457/universal/runs/run_001/stdout.txt,/root/exp/RFunipassLab/external_datasets/build/runtime_matched/external_runtime_polybench_full_wrap_10seeds_backend_o3_repeat1_adaptive5_20260509/o3/polybench_full/syr2k/457/universal/runs/run_001/stderr.txt,runtime timeout after 15.849385s
external_runtime_polybench_full_wrap_10seeds_backend_o3_repeat1_adaptive5_20260509,o3,o3,polybench_full,syr2k,458,20260423_193326_468019_feature_lite_seed458,universal,rfunipass,1,failed,,,15.849385,True,/root/exp/RFunipassLab/external_datasets/build/runtime_matched/external_runtime_polybench_full_wrap_10seeds_backend_o3_repeat1_adaptive5_20260509/o3/polybench_full/syr2k/458/universal/a.out,/root/exp/RFunipassLab/external_datasets/build/runtime_matched/external_runtime_polybench_full_wrap_10seeds_backend_o3_repeat1_adaptive5_20260509/o3/polybench_full/syr2k/458/universal/universal_bac1dd97c06b.ll,/root/exp/RFunipassLab/external_datasets/build/runtime_matched/external_runtime_polybench_full_wrap_10seeds_backend_o3_repeat1_adaptive5_20260509/o3/polybench_full/syr2k/458/universal/runs/run_001/stdout.txt,/root/exp/RFunipassLab/external_datasets/build/runtime_matched/external_runtime_polybench_full_wrap_10seeds_backend_o3_repeat1_adaptive5_20260509/o3/polybench_full/syr2k/458/universal/runs/run_001/stderr.txt,runtime timeout after 15.849385s
external_runtime_polybench_full_wrap_10seeds_backend_o3_repeat1_adaptive5_20260509,o3,o3,polybench_full,syr2k,459,20260423_203402_518521_feature_lite_seed459,universal,rfunipass,1,failed,,,15.849385,False,/root/exp/RFunipassLab/external_datasets/build/runtime_matched/external_runtime_polybench_full_wrap_10seeds_backend_o3_repeat1_adaptive5_20260509/o3/polybench_full/syr2k/459/universal/a.out,/root/exp/RFunipassLab/external_datasets/build/runtime_matched/external_runtime_polybench_full_wrap_10seeds_backend_o3_repeat1_adaptive5_20260509/o3/polybench_full/syr2k/459/universal/universal_6d5271a22f91.ll,/root/exp/RFunipassLab/external_datasets/build/runtime_matched/external_runtime_polybench_full_wrap_10seeds_backend_o3_repeat1_adaptive5_20260509/o3/polybench_full/syr2k/459/universal/runs/run_001/stdout.txt,/root/exp/RFunipassLab/external_datasets/build/runtime_matched/external_runtime_polybench_full_wrap_10seeds_backend_o3_repeat1_adaptive5_20260509/o3/polybench_full/syr2k/459/universal/runs/run_001/stderr.txt,binary exited with returncode=-11
external_runtime_polybench_full_wrap_10seeds_backend_o3_repeat1_adaptive5_20260509,o3,o3,polybench_full,syr2k,460,20260423_205014_703926_feature_lite_seed460,universal,rfunipass,1,failed,,,15.849385,False,/root/exp/RFunipassLab/external_datasets/build/runtime_matched/external_runtime_polybench_full_wrap_10seeds_backend_o3_repeat1_adaptive5_20260509/o3/polybench_full/syr2k/460/universal/a.out,/root/exp/RFunipassLab/external_datasets/build/runtime_matched/external_runtime_polybench_full_wrap_10seeds_backend_o3_repeat1_adaptive5_20260509/o3/polybench_full/syr2k/460/universal/universal_aa7d5985738b.ll,/root/exp/RFunipassLab/external_datasets/build/runtime_matched/external_runtime_polybench_full_wrap_10seeds_backend_o3_repeat1_adaptive5_20260509/o3/polybench_full/syr2k/460/universal/runs/run_001/stdout.txt,/root/exp/RFunipassLab/external_datasets/build/runtime_matched/external_runtime_polybench_full_wrap_10seeds_backend_o3_repeat1_adaptive5_20260509/o3/polybench_full/syr2k/460/universal/runs/run_001/stderr.txt,binary exited with returncode=-11
external_runtime_polybench_full_wrap_10seeds_backend_o3_repeat1_adaptive5_20260509,o3,o3,polybench_full,syr2k,461,20260423_211628_575222_feature_lite_seed461,universal,rfunipass,1,ok,2.844491,2.8709826471749693,15.849385,False,/root/exp/RFunipassLab/external_datasets/build/runtime_matched/external_runtime_polybench_full_wrap_10seeds_backend_o3_repeat1_adaptive5_20260509/o3/polybench_full/syr2k/461/universal/a.out,/root/exp/RFunipassLab/external_datasets/build/runtime_matched/external_runtime_polybench_full_wrap_10seeds_backend_o3_repeat1_adaptive5_20260509/o3/polybench_full/syr2k/461/universal/universal_c3b20e7655ed.ll,/root/exp/RFunipassLab/external_datasets/build/runtime_matched/external_runtime_polybench_full_wrap_10seeds_backend_o3_repeat1_adaptive5_20260509/o3/polybench_full/syr2k/461/universal/runs/run_001/stdout.txt,/root/exp/RFunipassLab/external_datasets/build/runtime_matched/external_runtime_polybench_full_wrap_10seeds_backend_o3_repeat1_adaptive5_20260509/o3/polybench_full/syr2k/461/universal/runs/run_001/stderr.txt,
external_runtime_polybench_full_wrap_10seeds_backend_o3_repeat1_adaptive5_20260509,o3,o3,polybench_full,syr2k,462,20260423_214113_355045_feature_lite_seed462,universal,rfunipass,1,failed,,,15.849385,False,/root/exp/RFunipassLab/external_datasets/build/runtime_matched/external_runtime_polybench_full_wrap_10seeds_backend_o3_repeat1_adaptive5_20260509/o3/polybench_full/syr2k/462/universal/a.out,/root/exp/RFunipassLab/external_datasets/build/runtime_matched/external_runtime_polybench_full_wrap_10seeds_backend_o3_repeat1_adaptive5_20260509/o3/polybench_full/syr2k/462/universal/universal_4da41e9006a8.ll,/root/exp/RFunipassLab/external_datasets/build/runtime_matched/external_runtime_polybench_full_wrap_10seeds_backend_o3_repeat1_adaptive5_20260509/o3/polybench_full/syr2k/462/universal/runs/run_001/stdout.txt,/root/exp/RFunipassLab/external_datasets/build/runtime_matched/external_runtime_polybench_full_wrap_10seeds_backend_o3_repeat1_adaptive5_20260509/o3/polybench_full/syr2k/462/universal/runs/run_001/stderr.txt,binary exited with returncode=-11
external_runtime_polybench_full_wrap_10seeds_backend_o3_repeat1_adaptive5_20260509,o3,o3,polybench_full,syr2k,463,20260423_221353_240005_feature_lite_seed463,universal,rfunipass,1,failed,,,15.849385,True,/root/exp/RFunipassLab/external_datasets/build/runtime_matched/external_runtime_polybench_full_wrap_10seeds_backend_o3_repeat1_adaptive5_20260509/o3/polybench_full/syr2k/463/universal/a.out,/root/exp/RFunipassLab/external_datasets/build/runtime_matched/external_runtime_polybench_full_wrap_10seeds_backend_o3_repeat1_adaptive5_20260509/o3/polybench_full/syr2k/463/universal/universal_3c6e71c0df8d.ll,/root/exp/RFunipassLab/external_datasets/build/runtime_matched/external_runtime_polybench_full_wrap_10seeds_backend_o3_repeat1_adaptive5_20260509/o3/polybench_full/syr2k/463/universal/runs/run_001/stdout.txt,/root/exp/RFunipassLab/external_datasets/build/runtime_matched/external_runtime_polybench_full_wrap_10seeds_backend_o3_repeat1_adaptive5_20260509/o3/polybench_full/syr2k/463/universal/runs/run_001/stderr.txt,runtime timeout after 15.849385s
external_runtime_polybench_full_wrap_10seeds_backend_o3_repeat1_adaptive5_20260509,o3,o3,polybench_full,syr2k,464,20260423_230444_536999_feature_lite_seed464,universal,rfunipass,1,failed,,,15.849385,True,/root/exp/RFunipassLab/external_datasets/build/runtime_matched/external_runtime_polybench_full_wrap_10seeds_backend_o3_repeat1_adaptive5_20260509/o3/polybench_full/syr2k/464/universal/a.out,/root/exp/RFunipassLab/external_datasets/build/runtime_matched/external_runtime_polybench_full_wrap_10seeds_backend_o3_repeat1_adaptive5_20260509/o3/polybench_full/syr2k/464/universal/universal_58aea292ea66.ll,/root/exp/RFunipassLab/external_datasets/build/runtime_matched/external_runtime_polybench_full_wrap_10seeds_backend_o3_repeat1_adaptive5_20260509/o3/polybench_full/syr2k/464/universal/runs/run_001/stdout.txt,/root/exp/RFunipassLab/external_datasets/build/runtime_matched/external_runtime_polybench_full_wrap_10seeds_backend_o3_repeat1_adaptive5_20260509/o3/polybench_full/syr2k/464/universal/runs/run_001/stderr.txt,runtime timeout after 15.849385s
external_runtime_polybench_full_wrap_10seeds_backend_o3_repeat1_adaptive5_20260509,o3,o3,polybench_full,syr2k,465,20260423_231957_016941_feature_lite_seed465,universal,rfunipass,1,failed,,,15.849385,False,/root/exp/RFunipassLab/external_datasets/build/runtime_matched/external_runtime_polybench_full_wrap_10seeds_backend_o3_repeat1_adaptive5_20260509/o3/polybench_full/syr2k/465/universal/a.out,/root/exp/RFunipassLab/external_datasets/build/runtime_matched/external_runtime_polybench_full_wrap_10seeds_backend_o3_repeat1_adaptive5_20260509/o3/polybench_full/syr2k/465/universal/universal_e2fa59514181.ll,/root/exp/RFunipassLab/external_datasets/build/runtime_matched/external_runtime_polybench_full_wrap_10seeds_backend_o3_repeat1_adaptive5_20260509/o3/polybench_full/syr2k/465/universal/runs/run_001/stdout.txt,/root/exp/RFunipassLab/external_datasets/build/runtime_matched/external_runtime_polybench_full_wrap_10seeds_backend_o3_repeat1_adaptive5_20260509/o3/polybench_full/syr2k/465/universal/runs/run_001/stderr.txt,binary exited with returncode=-11
external_runtime_polybench_full_wrap_10seeds_backend_o3_repeat1_adaptive5_20260509,o3,o3,polybench_full,syrk,,,none,baseline,1,ok,1.993999,2.032040314981714,300.0,False,/root/exp/RFunipassLab/external_datasets/build/runtime_matched/external_runtime_polybench_full_wrap_10seeds_backend_o3_repeat1_adaptive5_20260509/o3/polybench_full/syrk/baseline/none/a.out,/root/exp/RFunipassLab/external_datasets/build/runtime_matched/external_runtime_polybench_full_wrap_10seeds_backend_o3_repeat1_adaptive5_20260509/o3/polybench_full/syrk/baseline/none/none_71f8e7976e4c.ll,/root/exp/RFunipassLab/external_datasets/build/runtime_matched/external_runtime_polybench_full_wrap_10seeds_backend_o3_repeat1_adaptive5_20260509/o3/polybench_full/syrk/baseline/none/runs/run_001/stdout.txt,/root/exp/RFunipassLab/external_datasets/build/runtime_matched/external_runtime_polybench_full_wrap_10seeds_backend_o3_repeat1_adaptive5_20260509/o3/polybench_full/syrk/baseline/none/runs/run_001/stderr.txt,
external_runtime_polybench_full_wrap_10seeds_backend_o3_repeat1_adaptive5_20260509,o3,o3,polybench_full,syrk,,,o3,baseline,1,ok,0.721545,0.7375240908004344,300.0,False,/root/exp/RFunipassLab/external_datasets/build/runtime_matched/external_runtime_polybench_full_wrap_10seeds_backend_o3_repeat1_adaptive5_20260509/o3/polybench_full/syrk/baseline/o3/a.out,/root/exp/RFunipassLab/external_datasets/build/runtime_matched/external_runtime_polybench_full_wrap_10seeds_backend_o3_repeat1_adaptive5_20260509/o3/polybench_full/syrk/baseline/o3/o3_41db216f1b51.ll,/root/exp/RFunipassLab/external_datasets/build/runtime_matched/external_runtime_polybench_full_wrap_10seeds_backend_o3_repeat1_adaptive5_20260509/o3/polybench_full/syrk/baseline/o3/runs/run_001/stdout.txt,/root/exp/RFunipassLab/external_datasets/build/runtime_matched/external_runtime_polybench_full_wrap_10seeds_backend_o3_repeat1_adaptive5_20260509/o3/polybench_full/syrk/baseline/o3/runs/run_001/stderr.txt,
external_runtime_polybench_full_wrap_10seeds_backend_o3_repeat1_adaptive5_20260509,o3,o3,polybench_full,syrk,456,20260423_181846_349217_feature_lite_seed456,universal,rfunipass,1,failed,,,5.0,True,/root/exp/RFunipassLab/external_datasets/build/runtime_matched/external_runtime_polybench_full_wrap_10seeds_backend_o3_repeat1_adaptive5_20260509/o3/polybench_full/syrk/456/universal/a.out,/root/exp/RFunipassLab/external_datasets/build/runtime_matched/external_runtime_polybench_full_wrap_10seeds_backend_o3_repeat1_adaptive5_20260509/o3/polybench_full/syrk/456/universal/universal_1dd8ea870347.ll,/root/exp/RFunipassLab/external_datasets/build/runtime_matched/external_runtime_polybench_full_wrap_10seeds_backend_o3_repeat1_adaptive5_20260509/o3/polybench_full/syrk/456/universal/runs/run_001/stdout.txt,/root/exp/RFunipassLab/external_datasets/build/runtime_matched/external_runtime_polybench_full_wrap_10seeds_backend_o3_repeat1_adaptive5_20260509/o3/polybench_full/syrk/456/universal/runs/run_001/stderr.txt,runtime timeout after 5.0s
external_runtime_polybench_full_wrap_10seeds_backend_o3_repeat1_adaptive5_20260509,o3,o3,polybench_full,syrk,457,20260423_184811_146360_feature_lite_seed457,universal,rfunipass,1,failed,,,5.0,True,/root/exp/RFunipassLab/external_datasets/build/runtime_matched/external_runtime_polybench_full_wrap_10seeds_backend_o3_repeat1_adaptive5_20260509/o3/polybench_full/syrk/457/universal/a.out,/root/exp/RFunipassLab/external_datasets/build/runtime_matched/external_runtime_polybench_full_wrap_10seeds_backend_o3_repeat1_adaptive5_20260509/o3/polybench_full/syrk/457/universal/universal_468197d7c679.ll,/root/exp/RFunipassLab/external_datasets/build/runtime_matched/external_runtime_polybench_full_wrap_10seeds_backend_o3_repeat1_adaptive5_20260509/o3/polybench_full/syrk/457/universal/runs/run_001/stdout.txt,/root/exp/RFunipassLab/external_datasets/build/runtime_matched/external_runtime_polybench_full_wrap_10seeds_backend_o3_repeat1_adaptive5_20260509/o3/polybench_full/syrk/457/universal/runs/run_001/stderr.txt,runtime timeout after 5.0s
external_runtime_polybench_full_wrap_10seeds_backend_o3_repeat1_adaptive5_20260509,o3,o3,polybench_full,syrk,458,20260423_193326_468019_feature_lite_seed458,universal,rfunipass,1,failed,,,5.0,True,/root/exp/RFunipassLab/external_datasets/build/runtime_matched/external_runtime_polybench_full_wrap_10seeds_backend_o3_repeat1_adaptive5_20260509/o3/polybench_full/syrk/458/universal/a.out,/root/exp/RFunipassLab/external_datasets/build/runtime_matched/external_runtime_polybench_full_wrap_10seeds_backend_o3_repeat1_adaptive5_20260509/o3/polybench_full/syrk/458/universal/universal_bac1dd97c06b.ll,/root/exp/RFunipassLab/external_datasets/build/runtime_matched/external_runtime_polybench_full_wrap_10seeds_backend_o3_repeat1_adaptive5_20260509/o3/polybench_full/syrk/458/universal/runs/run_001/stdout.txt,/root/exp/RFunipassLab/external_datasets/build/runtime_matched/external_runtime_polybench_full_wrap_10seeds_backend_o3_repeat1_adaptive5_20260509/o3/polybench_full/syrk/458/universal/runs/run_001/stderr.txt,runtime timeout after 5.0s
external_runtime_polybench_full_wrap_10seeds_backend_o3_repeat1_adaptive5_20260509,o3,o3,polybench_full,syrk,459,20260423_203402_518521_feature_lite_seed459,universal,rfunipass,1,failed,,,5.0,False,/root/exp/RFunipassLab/external_datasets/build/runtime_matched/external_runtime_polybench_full_wrap_10seeds_backend_o3_repeat1_adaptive5_20260509/o3/polybench_full/syrk/459/universal/a.out,/root/exp/RFunipassLab/external_datasets/build/runtime_matched/external_runtime_polybench_full_wrap_10seeds_backend_o3_repeat1_adaptive5_20260509/o3/polybench_full/syrk/459/universal/universal_6d5271a22f91.ll,/root/exp/RFunipassLab/external_datasets/build/runtime_matched/external_runtime_polybench_full_wrap_10seeds_backend_o3_repeat1_adaptive5_20260509/o3/polybench_full/syrk/459/universal/runs/run_001/stdout.txt,/root/exp/RFunipassLab/external_datasets/build/runtime_matched/external_runtime_polybench_full_wrap_10seeds_backend_o3_repeat1_adaptive5_20260509/o3/polybench_full/syrk/459/universal/runs/run_001/stderr.txt,binary exited with returncode=-11
external_runtime_polybench_full_wrap_10seeds_backend_o3_repeat1_adaptive5_20260509,o3,o3,polybench_full,syrk,460,20260423_205014_703926_feature_lite_seed460,universal,rfunipass,1,failed,,,5.0,False,/root/exp/RFunipassLab/external_datasets/build/runtime_matched/external_runtime_polybench_full_wrap_10seeds_backend_o3_repeat1_adaptive5_20260509/o3/polybench_full/syrk/460/universal/a.out,/root/exp/RFunipassLab/external_datasets/build/runtime_matched/external_runtime_polybench_full_wrap_10seeds_backend_o3_repeat1_adaptive5_20260509/o3/polybench_full/syrk/460/universal/universal_aa7d5985738b.ll,/root/exp/RFunipassLab/external_datasets/build/runtime_matched/external_runtime_polybench_full_wrap_10seeds_backend_o3_repeat1_adaptive5_20260509/o3/polybench_full/syrk/460/universal/runs/run_001/stdout.txt,/root/exp/RFunipassLab/external_datasets/build/runtime_matched/external_runtime_polybench_full_wrap_10seeds_backend_o3_repeat1_adaptive5_20260509/o3/polybench_full/syrk/460/universal/runs/run_001/stderr.txt,binary exited with returncode=-11
external_runtime_polybench_full_wrap_10seeds_backend_o3_repeat1_adaptive5_20260509,o3,o3,polybench_full,syrk,461,20260423_211628_575222_feature_lite_seed461,universal,rfunipass,1,ok,0.805327,0.8228400778025389,5.0,False,/root/exp/RFunipassLab/external_datasets/build/runtime_matched/external_runtime_polybench_full_wrap_10seeds_backend_o3_repeat1_adaptive5_20260509/o3/polybench_full/syrk/461/universal/a.out,/root/exp/RFunipassLab/external_datasets/build/runtime_matched/external_runtime_polybench_full_wrap_10seeds_backend_o3_repeat1_adaptive5_20260509/o3/polybench_full/syrk/461/universal/universal_c3b20e7655ed.ll,/root/exp/RFunipassLab/external_datasets/build/runtime_matched/external_runtime_polybench_full_wrap_10seeds_backend_o3_repeat1_adaptive5_20260509/o3/polybench_full/syrk/461/universal/runs/run_001/stdout.txt,/root/exp/RFunipassLab/external_datasets/build/runtime_matched/external_runtime_polybench_full_wrap_10seeds_backend_o3_repeat1_adaptive5_20260509/o3/polybench_full/syrk/461/universal/runs/run_001/stderr.txt,
external_runtime_polybench_full_wrap_10seeds_backend_o3_repeat1_adaptive5_20260509,o3,o3,polybench_full,syrk,462,20260423_214113_355045_feature_lite_seed462,universal,rfunipass,1,failed,,,5.0,False,/root/exp/RFunipassLab/external_datasets/build/runtime_matched/external_runtime_polybench_full_wrap_10seeds_backend_o3_repeat1_adaptive5_20260509/o3/polybench_full/syrk/462/universal/a.out,/root/exp/RFunipassLab/external_datasets/build/runtime_matched/external_runtime_polybench_full_wrap_10seeds_backend_o3_repeat1_adaptive5_20260509/o3/polybench_full/syrk/462/universal/universal_4da41e9006a8.ll,/root/exp/RFunipassLab/external_datasets/build/runtime_matched/external_runtime_polybench_full_wrap_10seeds_backend_o3_repeat1_adaptive5_20260509/o3/polybench_full/syrk/462/universal/runs/run_001/stdout.txt,/root/exp/RFunipassLab/external_datasets/build/runtime_matched/external_runtime_polybench_full_wrap_10seeds_backend_o3_repeat1_adaptive5_20260509/o3/polybench_full/syrk/462/universal/runs/run_001/stderr.txt,binary exited with returncode=-11
external_runtime_polybench_full_wrap_10seeds_backend_o3_repeat1_adaptive5_20260509,o3,o3,polybench_full,syrk,463,20260423_221353_240005_feature_lite_seed463,universal,rfunipass,1,failed,,,5.0,True,/root/exp/RFunipassLab/external_datasets/build/runtime_matched/external_runtime_polybench_full_wrap_10seeds_backend_o3_repeat1_adaptive5_20260509/o3/polybench_full/syrk/463/universal/a.out,/root/exp/RFunipassLab/external_datasets/build/runtime_matched/external_runtime_polybench_full_wrap_10seeds_backend_o3_repeat1_adaptive5_20260509/o3/polybench_full/syrk/463/universal/universal_3c6e71c0df8d.ll,/root/exp/RFunipassLab/external_datasets/build/runtime_matched/external_runtime_polybench_full_wrap_10seeds_backend_o3_repeat1_adaptive5_20260509/o3/polybench_full/syrk/463/universal/runs/run_001/stdout.txt,/root/exp/RFunipassLab/external_datasets/build/runtime_matched/external_runtime_polybench_full_wrap_10seeds_backend_o3_repeat1_adaptive5_20260509/o3/polybench_full/syrk/463/universal/runs/run_001/stderr.txt,runtime timeout after 5.0s
external_runtime_polybench_full_wrap_10seeds_backend_o3_repeat1_adaptive5_20260509,o3,o3,polybench_full,syrk,464,20260423_230444_536999_feature_lite_seed464,universal,rfunipass,1,failed,,,5.0,True,/root/exp/RFunipassLab/external_datasets/build/runtime_matched/external_runtime_polybench_full_wrap_10seeds_backend_o3_repeat1_adaptive5_20260509/o3/polybench_full/syrk/464/universal/a.out,/root/exp/RFunipassLab/external_datasets/build/runtime_matched/external_runtime_polybench_full_wrap_10seeds_backend_o3_repeat1_adaptive5_20260509/o3/polybench_full/syrk/464/universal/universal_58aea292ea66.ll,/root/exp/RFunipassLab/external_datasets/build/runtime_matched/external_runtime_polybench_full_wrap_10seeds_backend_o3_repeat1_adaptive5_20260509/o3/polybench_full/syrk/464/universal/runs/run_001/stdout.txt,/root/exp/RFunipassLab/external_datasets/build/runtime_matched/external_runtime_polybench_full_wrap_10seeds_backend_o3_repeat1_adaptive5_20260509/o3/polybench_full/syrk/464/universal/runs/run_001/stderr.txt,runtime timeout after 5.0s
external_runtime_polybench_full_wrap_10seeds_backend_o3_repeat1_adaptive5_20260509,o3,o3,polybench_full,syrk,465,20260423_231957_016941_feature_lite_seed465,universal,rfunipass,1,failed,,,5.0,False,/root/exp/RFunipassLab/external_datasets/build/runtime_matched/external_runtime_polybench_full_wrap_10seeds_backend_o3_repeat1_adaptive5_20260509/o3/polybench_full/syrk/465/universal/a.out,/root/exp/RFunipassLab/external_datasets/build/runtime_matched/external_runtime_polybench_full_wrap_10seeds_backend_o3_repeat1_adaptive5_20260509/o3/polybench_full/syrk/465/universal/universal_e2fa59514181.ll,/root/exp/RFunipassLab/external_datasets/build/runtime_matched/external_runtime_polybench_full_wrap_10seeds_backend_o3_repeat1_adaptive5_20260509/o3/polybench_full/syrk/465/universal/runs/run_001/stdout.txt,/root/exp/RFunipassLab/external_datasets/build/runtime_matched/external_runtime_polybench_full_wrap_10seeds_backend_o3_repeat1_adaptive5_20260509/o3/polybench_full/syrk/465/universal/runs/run_001/stderr.txt,binary exited with returncode=-11
external_runtime_polybench_full_wrap_10seeds_backend_o3_repeat1_adaptive5_20260509,o3,o3,polybench_full,trmm,,,none,baseline,1,ok,2.181893,2.214844153029844,300.0,False,/root/exp/RFunipassLab/external_datasets/build/runtime_matched/external_runtime_polybench_full_wrap_10seeds_backend_o3_repeat1_adaptive5_20260509/o3/polybench_full/trmm/baseline/none/a.out,/root/exp/RFunipassLab/external_datasets/build/runtime_matched/external_runtime_polybench_full_wrap_10seeds_backend_o3_repeat1_adaptive5_20260509/o3/polybench_full/trmm/baseline/none/none_71f8e7976e4c.ll,/root/exp/RFunipassLab/external_datasets/build/runtime_matched/external_runtime_polybench_full_wrap_10seeds_backend_o3_repeat1_adaptive5_20260509/o3/polybench_full/trmm/baseline/none/runs/run_001/stdout.txt,/root/exp/RFunipassLab/external_datasets/build/runtime_matched/external_runtime_polybench_full_wrap_10seeds_backend_o3_repeat1_adaptive5_20260509/o3/polybench_full/trmm/baseline/none/runs/run_001/stderr.txt,
external_runtime_polybench_full_wrap_10seeds_backend_o3_repeat1_adaptive5_20260509,o3,o3,polybench_full,trmm,,,o3,baseline,1,ok,1.732081,1.746630433946848,300.0,False,/root/exp/RFunipassLab/external_datasets/build/runtime_matched/external_runtime_polybench_full_wrap_10seeds_backend_o3_repeat1_adaptive5_20260509/o3/polybench_full/trmm/baseline/o3/a.out,/root/exp/RFunipassLab/external_datasets/build/runtime_matched/external_runtime_polybench_full_wrap_10seeds_backend_o3_repeat1_adaptive5_20260509/o3/polybench_full/trmm/baseline/o3/o3_41db216f1b51.ll,/root/exp/RFunipassLab/external_datasets/build/runtime_matched/external_runtime_polybench_full_wrap_10seeds_backend_o3_repeat1_adaptive5_20260509/o3/polybench_full/trmm/baseline/o3/runs/run_001/stdout.txt,/root/exp/RFunipassLab/external_datasets/build/runtime_matched/external_runtime_polybench_full_wrap_10seeds_backend_o3_repeat1_adaptive5_20260509/o3/polybench_full/trmm/baseline/o3/runs/run_001/stderr.txt,
external_runtime_polybench_full_wrap_10seeds_backend_o3_repeat1_adaptive5_20260509,o3,o3,polybench_full,trmm,456,20260423_181846_349217_feature_lite_seed456,universal,rfunipass,1,ok,2.119939,2.1409337860532105,8.660405,False,/root/exp/RFunipassLab/external_datasets/build/runtime_matched/external_runtime_polybench_full_wrap_10seeds_backend_o3_repeat1_adaptive5_20260509/o3/polybench_full/trmm/456/universal/a.out,/root/exp/RFunipassLab/external_datasets/build/runtime_matched/external_runtime_polybench_full_wrap_10seeds_backend_o3_repeat1_adaptive5_20260509/o3/polybench_full/trmm/456/universal/universal_1dd8ea870347.ll,/root/exp/RFunipassLab/external_datasets/build/runtime_matched/external_runtime_polybench_full_wrap_10seeds_backend_o3_repeat1_adaptive5_20260509/o3/polybench_full/trmm/456/universal/runs/run_001/stdout.txt,/root/exp/RFunipassLab/external_datasets/build/runtime_matched/external_runtime_polybench_full_wrap_10seeds_backend_o3_repeat1_adaptive5_20260509/o3/polybench_full/trmm/456/universal/runs/run_001/stderr.txt,
external_runtime_polybench_full_wrap_10seeds_backend_o3_repeat1_adaptive5_20260509,o3,o3,polybench_full,trmm,457,20260423_184811_146360_feature_lite_seed457,universal,rfunipass,1,failed,,,8.660405,True,/root/exp/RFunipassLab/external_datasets/build/runtime_matched/external_runtime_polybench_full_wrap_10seeds_backend_o3_repeat1_adaptive5_20260509/o3/polybench_full/trmm/457/universal/a.out,/root/exp/RFunipassLab/external_datasets/build/runtime_matched/external_runtime_polybench_full_wrap_10seeds_backend_o3_repeat1_adaptive5_20260509/o3/polybench_full/trmm/457/universal/universal_468197d7c679.ll,/root/exp/RFunipassLab/external_datasets/build/runtime_matched/external_runtime_polybench_full_wrap_10seeds_backend_o3_repeat1_adaptive5_20260509/o3/polybench_full/trmm/457/universal/runs/run_001/stdout.txt,/root/exp/RFunipassLab/external_datasets/build/runtime_matched/external_runtime_polybench_full_wrap_10seeds_backend_o3_repeat1_adaptive5_20260509/o3/polybench_full/trmm/457/universal/runs/run_001/stderr.txt,runtime timeout after 8.660405s
external_runtime_polybench_full_wrap_10seeds_backend_o3_repeat1_adaptive5_20260509,o3,o3,polybench_full,trmm,458,20260423_193326_468019_feature_lite_seed458,universal,rfunipass,1,failed,,,8.660405,False,/root/exp/RFunipassLab/external_datasets/build/runtime_matched/external_runtime_polybench_full_wrap_10seeds_backend_o3_repeat1_adaptive5_20260509/o3/polybench_full/trmm/458/universal/a.out,/root/exp/RFunipassLab/external_datasets/build/runtime_matched/external_runtime_polybench_full_wrap_10seeds_backend_o3_repeat1_adaptive5_20260509/o3/polybench_full/trmm/458/universal/universal_bac1dd97c06b.ll,/root/exp/RFunipassLab/external_datasets/build/runtime_matched/external_runtime_polybench_full_wrap_10seeds_backend_o3_repeat1_adaptive5_20260509/o3/polybench_full/trmm/458/universal/runs/run_001/stdout.txt,/root/exp/RFunipassLab/external_datasets/build/runtime_matched/external_runtime_polybench_full_wrap_10seeds_backend_o3_repeat1_adaptive5_20260509/o3/polybench_full/trmm/458/universal/runs/run_001/stderr.txt,binary exited with returncode=-11
external_runtime_polybench_full_wrap_10seeds_backend_o3_repeat1_adaptive5_20260509,o3,o3,polybench_full,trmm,459,20260423_203402_518521_feature_lite_seed459,universal,rfunipass,1,ok,2.101634,2.122767433989793,8.660405,False,/root/exp/RFunipassLab/external_datasets/build/runtime_matched/external_runtime_polybench_full_wrap_10seeds_backend_o3_repeat1_adaptive5_20260509/o3/polybench_full/trmm/459/universal/a.out,/root/exp/RFunipassLab/external_datasets/build/runtime_matched/external_runtime_polybench_full_wrap_10seeds_backend_o3_repeat1_adaptive5_20260509/o3/polybench_full/trmm/459/universal/universal_6d5271a22f91.ll,/root/exp/RFunipassLab/external_datasets/build/runtime_matched/external_runtime_polybench_full_wrap_10seeds_backend_o3_repeat1_adaptive5_20260509/o3/polybench_full/trmm/459/universal/runs/run_001/stdout.txt,/root/exp/RFunipassLab/external_datasets/build/runtime_matched/external_runtime_polybench_full_wrap_10seeds_backend_o3_repeat1_adaptive5_20260509/o3/polybench_full/trmm/459/universal/runs/run_001/stderr.txt,
external_runtime_polybench_full_wrap_10seeds_backend_o3_repeat1_adaptive5_20260509,o3,o3,polybench_full,trmm,460,20260423_205014_703926_feature_lite_seed460,universal,rfunipass,1,ok,2.103213,2.1271420780103654,8.660405,False,/root/exp/RFunipassLab/external_datasets/build/runtime_matched/external_runtime_polybench_full_wrap_10seeds_backend_o3_repeat1_adaptive5_20260509/o3/polybench_full/trmm/460/universal/a.out,/root/exp/RFunipassLab/external_datasets/build/runtime_matched/external_runtime_polybench_full_wrap_10seeds_backend_o3_repeat1_adaptive5_20260509/o3/polybench_full/trmm/460/universal/universal_aa7d5985738b.ll,/root/exp/RFunipassLab/external_datasets/build/runtime_matched/external_runtime_polybench_full_wrap_10seeds_backend_o3_repeat1_adaptive5_20260509/o3/polybench_full/trmm/460/universal/runs/run_001/stdout.txt,/root/exp/RFunipassLab/external_datasets/build/runtime_matched/external_runtime_polybench_full_wrap_10seeds_backend_o3_repeat1_adaptive5_20260509/o3/polybench_full/trmm/460/universal/runs/run_001/stderr.txt,
external_runtime_polybench_full_wrap_10seeds_backend_o3_repeat1_adaptive5_20260509,o3,o3,polybench_full,trmm,461,20260423_211628_575222_feature_lite_seed461,universal,rfunipass,1,ok,1.804158,1.8156208670698106,8.660405,False,/root/exp/RFunipassLab/external_datasets/build/runtime_matched/external_runtime_polybench_full_wrap_10seeds_backend_o3_repeat1_adaptive5_20260509/o3/polybench_full/trmm/461/universal/a.out,/root/exp/RFunipassLab/external_datasets/build/runtime_matched/external_runtime_polybench_full_wrap_10seeds_backend_o3_repeat1_adaptive5_20260509/o3/polybench_full/trmm/461/universal/universal_c3b20e7655ed.ll,/root/exp/RFunipassLab/external_datasets/build/runtime_matched/external_runtime_polybench_full_wrap_10seeds_backend_o3_repeat1_adaptive5_20260509/o3/polybench_full/trmm/461/universal/runs/run_001/stdout.txt,/root/exp/RFunipassLab/external_datasets/build/runtime_matched/external_runtime_polybench_full_wrap_10seeds_backend_o3_repeat1_adaptive5_20260509/o3/polybench_full/trmm/461/universal/runs/run_001/stderr.txt,
external_runtime_polybench_full_wrap_10seeds_backend_o3_repeat1_adaptive5_20260509,o3,o3,polybench_full,trmm,462,20260423_214113_355045_feature_lite_seed462,universal,rfunipass,1,failed,,,8.660405,False,/root/exp/RFunipassLab/external_datasets/build/runtime_matched/external_runtime_polybench_full_wrap_10seeds_backend_o3_repeat1_adaptive5_20260509/o3/polybench_full/trmm/462/universal/a.out,/root/exp/RFunipassLab/external_datasets/build/runtime_matched/external_runtime_polybench_full_wrap_10seeds_backend_o3_repeat1_adaptive5_20260509/o3/polybench_full/trmm/462/universal/universal_4da41e9006a8.ll,/root/exp/RFunipassLab/external_datasets/build/runtime_matched/external_runtime_polybench_full_wrap_10seeds_backend_o3_repeat1_adaptive5_20260509/o3/polybench_full/trmm/462/universal/runs/run_001/stdout.txt,/root/exp/RFunipassLab/external_datasets/build/runtime_matched/external_runtime_polybench_full_wrap_10seeds_backend_o3_repeat1_adaptive5_20260509/o3/polybench_full/trmm/462/universal/runs/run_001/stderr.txt,binary exited with returncode=-11
external_runtime_polybench_full_wrap_10seeds_backend_o3_repeat1_adaptive5_20260509,o3,o3,polybench_full,trmm,463,20260423_221353_240005_feature_lite_seed463,universal,rfunipass,1,failed,,,8.660405,True,/root/exp/RFunipassLab/external_datasets/build/runtime_matched/external_runtime_polybench_full_wrap_10seeds_backend_o3_repeat1_adaptive5_20260509/o3/polybench_full/trmm/463/universal/a.out,/root/exp/RFunipassLab/external_datasets/build/runtime_matched/external_runtime_polybench_full_wrap_10seeds_backend_o3_repeat1_adaptive5_20260509/o3/polybench_full/trmm/463/universal/universal_3c6e71c0df8d.ll,/root/exp/RFunipassLab/external_datasets/build/runtime_matched/external_runtime_polybench_full_wrap_10seeds_backend_o3_repeat1_adaptive5_20260509/o3/polybench_full/trmm/463/universal/runs/run_001/stdout.txt,/root/exp/RFunipassLab/external_datasets/build/runtime_matched/external_runtime_polybench_full_wrap_10seeds_backend_o3_repeat1_adaptive5_20260509/o3/polybench_full/trmm/463/universal/runs/run_001/stderr.txt,runtime timeout after 8.660405s
external_runtime_polybench_full_wrap_10seeds_backend_o3_repeat1_adaptive5_20260509,o3,o3,polybench_full,trmm,464,20260423_230444_536999_feature_lite_seed464,universal,rfunipass,1,ok,2.133107,2.154355032136664,8.660405,False,/root/exp/RFunipassLab/external_datasets/build/runtime_matched/external_runtime_polybench_full_wrap_10seeds_backend_o3_repeat1_adaptive5_20260509/o3/polybench_full/trmm/464/universal/a.out,/root/exp/RFunipassLab/external_datasets/build/runtime_matched/external_runtime_polybench_full_wrap_10seeds_backend_o3_repeat1_adaptive5_20260509/o3/polybench_full/trmm/464/universal/universal_58aea292ea66.ll,/root/exp/RFunipassLab/external_datasets/build/runtime_matched/external_runtime_polybench_full_wrap_10seeds_backend_o3_repeat1_adaptive5_20260509/o3/polybench_full/trmm/464/universal/runs/run_001/stdout.txt,/root/exp/RFunipassLab/external_datasets/build/runtime_matched/external_runtime_polybench_full_wrap_10seeds_backend_o3_repeat1_adaptive5_20260509/o3/polybench_full/trmm/464/universal/runs/run_001/stderr.txt,
external_runtime_polybench_full_wrap_10seeds_backend_o3_repeat1_adaptive5_20260509,o3,o3,polybench_full,trmm,465,20260423_231957_016941_feature_lite_seed465,universal,rfunipass,1,failed,,,8.660405,False,/root/exp/RFunipassLab/external_datasets/build/runtime_matched/external_runtime_polybench_full_wrap_10seeds_backend_o3_repeat1_adaptive5_20260509/o3/polybench_full/trmm/465/universal/a.out,/root/exp/RFunipassLab/external_datasets/build/runtime_matched/external_runtime_polybench_full_wrap_10seeds_backend_o3_repeat1_adaptive5_20260509/o3/polybench_full/trmm/465/universal/universal_e2fa59514181.ll,/root/exp/RFunipassLab/external_datasets/build/runtime_matched/external_runtime_polybench_full_wrap_10seeds_backend_o3_repeat1_adaptive5_20260509/o3/polybench_full/trmm/465/universal/runs/run_001/stdout.txt,/root/exp/RFunipassLab/external_datasets/build/runtime_matched/external_runtime_polybench_full_wrap_10seeds_backend_o3_repeat1_adaptive5_20260509/o3/polybench_full/trmm/465/universal/runs/run_001/stderr.txt,binary exited with returncode=-11
external_runtime_polybench_full_wrap_10seeds_backend_o3_repeat1_adaptive5_20260509,o3,o3,polybench_full,cholesky,,,none,baseline,1,ok,4.179101,24.94391935202293,300.0,False,/root/exp/RFunipassLab/external_datasets/build/runtime_matched/external_runtime_polybench_full_wrap_10seeds_backend_o3_repeat1_adaptive5_20260509/o3/polybench_full/cholesky/baseline/none/a.out,/root/exp/RFunipassLab/external_datasets/build/runtime_matched/external_runtime_polybench_full_wrap_10seeds_backend_o3_repeat1_adaptive5_20260509/o3/polybench_full/cholesky/baseline/none/none_71f8e7976e4c.ll,/root/exp/RFunipassLab/external_datasets/build/runtime_matched/external_runtime_polybench_full_wrap_10seeds_backend_o3_repeat1_adaptive5_20260509/o3/polybench_full/cholesky/baseline/none/runs/run_001/stdout.txt,/root/exp/RFunipassLab/external_datasets/build/runtime_matched/external_runtime_polybench_full_wrap_10seeds_backend_o3_repeat1_adaptive5_20260509/o3/polybench_full/cholesky/baseline/none/runs/run_001/stderr.txt,
external_runtime_polybench_full_wrap_10seeds_backend_o3_repeat1_adaptive5_20260509,o3,o3,polybench_full,cholesky,,,o3,baseline,1,ok,1.138337,18.365058022085577,300.0,False,/root/exp/RFunipassLab/external_datasets/build/runtime_matched/external_runtime_polybench_full_wrap_10seeds_backend_o3_repeat1_adaptive5_20260509/o3/polybench_full/cholesky/baseline/o3/a.out,/root/exp/RFunipassLab/external_datasets/build/runtime_matched/external_runtime_polybench_full_wrap_10seeds_backend_o3_repeat1_adaptive5_20260509/o3/polybench_full/cholesky/baseline/o3/o3_41db216f1b51.ll,/root/exp/RFunipassLab/external_datasets/build/runtime_matched/external_runtime_polybench_full_wrap_10seeds_backend_o3_repeat1_adaptive5_20260509/o3/polybench_full/cholesky/baseline/o3/runs/run_001/stdout.txt,/root/exp/RFunipassLab/external_datasets/build/runtime_matched/external_runtime_polybench_full_wrap_10seeds_backend_o3_repeat1_adaptive5_20260509/o3/polybench_full/cholesky/baseline/o3/runs/run_001/stderr.txt,
external_runtime_polybench_full_wrap_10seeds_backend_o3_repeat1_adaptive5_20260509,o3,o3,polybench_full,cholesky,456,20260423_181846_349217_feature_lite_seed456,universal,rfunipass,1,failed,,,5.691685,False,/root/exp/RFunipassLab/external_datasets/build/runtime_matched/external_runtime_polybench_full_wrap_10seeds_backend_o3_repeat1_adaptive5_20260509/o3/polybench_full/cholesky/456/universal/a.out,/root/exp/RFunipassLab/external_datasets/build/runtime_matched/external_runtime_polybench_full_wrap_10seeds_backend_o3_repeat1_adaptive5_20260509/o3/polybench_full/cholesky/456/universal/universal_1dd8ea870347.ll,/root/exp/RFunipassLab/external_datasets/build/runtime_matched/external_runtime_polybench_full_wrap_10seeds_backend_o3_repeat1_adaptive5_20260509/o3/polybench_full/cholesky/456/universal/runs/run_001/stdout.txt,/root/exp/RFunipassLab/external_datasets/build/runtime_matched/external_runtime_polybench_full_wrap_10seeds_backend_o3_repeat1_adaptive5_20260509/o3/polybench_full/cholesky/456/universal/runs/run_001/stderr.txt,binary exited with returncode=-11
external_runtime_polybench_full_wrap_10seeds_backend_o3_repeat1_adaptive5_20260509,o3,o3,polybench_full,cholesky,457,20260423_184811_146360_feature_lite_seed457,universal,rfunipass,1,failed,,,5.691685,True,/root/exp/RFunipassLab/external_datasets/build/runtime_matched/external_runtime_polybench_full_wrap_10seeds_backend_o3_repeat1_adaptive5_20260509/o3/polybench_full/cholesky/457/universal/a.out,/root/exp/RFunipassLab/external_datasets/build/runtime_matched/external_runtime_polybench_full_wrap_10seeds_backend_o3_repeat1_adaptive5_20260509/o3/polybench_full/cholesky/457/universal/universal_468197d7c679.ll,/root/exp/RFunipassLab/external_datasets/build/runtime_matched/external_runtime_polybench_full_wrap_10seeds_backend_o3_repeat1_adaptive5_20260509/o3/polybench_full/cholesky/457/universal/runs/run_001/stdout.txt,/root/exp/RFunipassLab/external_datasets/build/runtime_matched/external_runtime_polybench_full_wrap_10seeds_backend_o3_repeat1_adaptive5_20260509/o3/polybench_full/cholesky/457/universal/runs/run_001/stderr.txt,runtime timeout after 5.691685s
external_runtime_polybench_full_wrap_10seeds_backend_o3_repeat1_adaptive5_20260509,o3,o3,polybench_full,cholesky,458,20260423_193326_468019_feature_lite_seed458,universal,rfunipass,1,failed,,,5.691685,False,/root/exp/RFunipassLab/external_datasets/build/runtime_matched/external_runtime_polybench_full_wrap_10seeds_backend_o3_repeat1_adaptive5_20260509/o3/polybench_full/cholesky/458/universal/a.out,/root/exp/RFunipassLab/external_datasets/build/runtime_matched/external_runtime_polybench_full_wrap_10seeds_backend_o3_repeat1_adaptive5_20260509/o3/polybench_full/cholesky/458/universal/universal_bac1dd97c06b.ll,/root/exp/RFunipassLab/external_datasets/build/runtime_matched/external_runtime_polybench_full_wrap_10seeds_backend_o3_repeat1_adaptive5_20260509/o3/polybench_full/cholesky/458/universal/runs/run_001/stdout.txt,/root/exp/RFunipassLab/external_datasets/build/runtime_matched/external_runtime_polybench_full_wrap_10seeds_backend_o3_repeat1_adaptive5_20260509/o3/polybench_full/cholesky/458/universal/runs/run_001/stderr.txt,binary exited with returncode=-11
external_runtime_polybench_full_wrap_10seeds_backend_o3_repeat1_adaptive5_20260509,o3,o3,polybench_full,cholesky,459,20260423_203402_518521_feature_lite_seed459,universal,rfunipass,1,failed,,,5.691685,False,/root/exp/RFunipassLab/external_datasets/build/runtime_matched/external_runtime_polybench_full_wrap_10seeds_backend_o3_repeat1_adaptive5_20260509/o3/polybench_full/cholesky/459/universal/a.out,/root/exp/RFunipassLab/external_datasets/build/runtime_matched/external_runtime_polybench_full_wrap_10seeds_backend_o3_repeat1_adaptive5_20260509/o3/polybench_full/cholesky/459/universal/universal_6d5271a22f91.ll,/root/exp/RFunipassLab/external_datasets/build/runtime_matched/external_runtime_polybench_full_wrap_10seeds_backend_o3_repeat1_adaptive5_20260509/o3/polybench_full/cholesky/459/universal/runs/run_001/stdout.txt,/root/exp/RFunipassLab/external_datasets/build/runtime_matched/external_runtime_polybench_full_wrap_10seeds_backend_o3_repeat1_adaptive5_20260509/o3/polybench_full/cholesky/459/universal/runs/run_001/stderr.txt,binary exited with returncode=-11
external_runtime_polybench_full_wrap_10seeds_backend_o3_repeat1_adaptive5_20260509,o3,o3,polybench_full,cholesky,460,20260423_205014_703926_feature_lite_seed460,universal,rfunipass,1,failed,,,5.691685,False,/root/exp/RFunipassLab/external_datasets/build/runtime_matched/external_runtime_polybench_full_wrap_10seeds_backend_o3_repeat1_adaptive5_20260509/o3/polybench_full/cholesky/460/universal/a.out,/root/exp/RFunipassLab/external_datasets/build/runtime_matched/external_runtime_polybench_full_wrap_10seeds_backend_o3_repeat1_adaptive5_20260509/o3/polybench_full/cholesky/460/universal/universal_aa7d5985738b.ll,/root/exp/RFunipassLab/external_datasets/build/runtime_matched/external_runtime_polybench_full_wrap_10seeds_backend_o3_repeat1_adaptive5_20260509/o3/polybench_full/cholesky/460/universal/runs/run_001/stdout.txt,/root/exp/RFunipassLab/external_datasets/build/runtime_matched/external_runtime_polybench_full_wrap_10seeds_backend_o3_repeat1_adaptive5_20260509/o3/polybench_full/cholesky/460/universal/runs/run_001/stderr.txt,binary exited with returncode=-11
external_runtime_polybench_full_wrap_10seeds_backend_o3_repeat1_adaptive5_20260509,o3,o3,polybench_full,cholesky,461,20260423_211628_575222_feature_lite_seed461,universal,rfunipass,1,failed,,,5.691685,True,/root/exp/RFunipassLab/external_datasets/build/runtime_matched/external_runtime_polybench_full_wrap_10seeds_backend_o3_repeat1_adaptive5_20260509/o3/polybench_full/cholesky/461/universal/a.out,/root/exp/RFunipassLab/external_datasets/build/runtime_matched/external_runtime_polybench_full_wrap_10seeds_backend_o3_repeat1_adaptive5_20260509/o3/polybench_full/cholesky/461/universal/universal_c3b20e7655ed.ll,/root/exp/RFunipassLab/external_datasets/build/runtime_matched/external_runtime_polybench_full_wrap_10seeds_backend_o3_repeat1_adaptive5_20260509/o3/polybench_full/cholesky/461/universal/runs/run_001/stdout.txt,/root/exp/RFunipassLab/external_datasets/build/runtime_matched/external_runtime_polybench_full_wrap_10seeds_backend_o3_repeat1_adaptive5_20260509/o3/polybench_full/cholesky/461/universal/runs/run_001/stderr.txt,runtime timeout after 5.691685s
external_runtime_polybench_full_wrap_10seeds_backend_o3_repeat1_adaptive5_20260509,o3,o3,polybench_full,cholesky,462,20260423_214113_355045_feature_lite_seed462,universal,rfunipass,1,failed,,,5.691685,False,/root/exp/RFunipassLab/external_datasets/build/runtime_matched/external_runtime_polybench_full_wrap_10seeds_backend_o3_repeat1_adaptive5_20260509/o3/polybench_full/cholesky/462/universal/a.out,/root/exp/RFunipassLab/external_datasets/build/runtime_matched/external_runtime_polybench_full_wrap_10seeds_backend_o3_repeat1_adaptive5_20260509/o3/polybench_full/cholesky/462/universal/universal_4da41e9006a8.ll,/root/exp/RFunipassLab/external_datasets/build/runtime_matched/external_runtime_polybench_full_wrap_10seeds_backend_o3_repeat1_adaptive5_20260509/o3/polybench_full/cholesky/462/universal/runs/run_001/stdout.txt,/root/exp/RFunipassLab/external_datasets/build/runtime_matched/external_runtime_polybench_full_wrap_10seeds_backend_o3_repeat1_adaptive5_20260509/o3/polybench_full/cholesky/462/universal/runs/run_001/stderr.txt,binary exited with returncode=-11
external_runtime_polybench_full_wrap_10seeds_backend_o3_repeat1_adaptive5_20260509,o3,o3,polybench_full,cholesky,463,20260423_221353_240005_feature_lite_seed463,universal,rfunipass,1,failed,,,5.691685,True,/root/exp/RFunipassLab/external_datasets/build/runtime_matched/external_runtime_polybench_full_wrap_10seeds_backend_o3_repeat1_adaptive5_20260509/o3/polybench_full/cholesky/463/universal/a.out,/root/exp/RFunipassLab/external_datasets/build/runtime_matched/external_runtime_polybench_full_wrap_10seeds_backend_o3_repeat1_adaptive5_20260509/o3/polybench_full/cholesky/463/universal/universal_3c6e71c0df8d.ll,/root/exp/RFunipassLab/external_datasets/build/runtime_matched/external_runtime_polybench_full_wrap_10seeds_backend_o3_repeat1_adaptive5_20260509/o3/polybench_full/cholesky/463/universal/runs/run_001/stdout.txt,/root/exp/RFunipassLab/external_datasets/build/runtime_matched/external_runtime_polybench_full_wrap_10seeds_backend_o3_repeat1_adaptive5_20260509/o3/polybench_full/cholesky/463/universal/runs/run_001/stderr.txt,runtime timeout after 5.691685s
external_runtime_polybench_full_wrap_10seeds_backend_o3_repeat1_adaptive5_20260509,o3,o3,polybench_full,cholesky,464,20260423_230444_536999_feature_lite_seed464,universal,rfunipass,1,failed,,,5.691685,False,/root/exp/RFunipassLab/external_datasets/build/runtime_matched/external_runtime_polybench_full_wrap_10seeds_backend_o3_repeat1_adaptive5_20260509/o3/polybench_full/cholesky/464/universal/a.out,/root/exp/RFunipassLab/external_datasets/build/runtime_matched/external_runtime_polybench_full_wrap_10seeds_backend_o3_repeat1_adaptive5_20260509/o3/polybench_full/cholesky/464/universal/universal_58aea292ea66.ll,/root/exp/RFunipassLab/external_datasets/build/runtime_matched/external_runtime_polybench_full_wrap_10seeds_backend_o3_repeat1_adaptive5_20260509/o3/polybench_full/cholesky/464/universal/runs/run_001/stdout.txt,/root/exp/RFunipassLab/external_datasets/build/runtime_matched/external_runtime_polybench_full_wrap_10seeds_backend_o3_repeat1_adaptive5_20260509/o3/polybench_full/cholesky/464/universal/runs/run_001/stderr.txt,binary exited with returncode=-11
external_runtime_polybench_full_wrap_10seeds_backend_o3_repeat1_adaptive5_20260509,o3,o3,polybench_full,cholesky,465,20260423_231957_016941_feature_lite_seed465,universal,rfunipass,1,failed,,,5.691685,False,/root/exp/RFunipassLab/external_datasets/build/runtime_matched/external_runtime_polybench_full_wrap_10seeds_backend_o3_repeat1_adaptive5_20260509/o3/polybench_full/cholesky/465/universal/a.out,/root/exp/RFunipassLab/external_datasets/build/runtime_matched/external_runtime_polybench_full_wrap_10seeds_backend_o3_repeat1_adaptive5_20260509/o3/polybench_full/cholesky/465/universal/universal_e2fa59514181.ll,/root/exp/RFunipassLab/external_datasets/build/runtime_matched/external_runtime_polybench_full_wrap_10seeds_backend_o3_repeat1_adaptive5_20260509/o3/polybench_full/cholesky/465/universal/runs/run_001/stdout.txt,/root/exp/RFunipassLab/external_datasets/build/runtime_matched/external_runtime_polybench_full_wrap_10seeds_backend_o3_repeat1_adaptive5_20260509/o3/polybench_full/cholesky/465/universal/runs/run_001/stderr.txt,binary exited with returncode=-11
external_runtime_polybench_full_wrap_10seeds_backend_o3_repeat1_adaptive5_20260509,o3,o3,polybench_full,durbin,,,none,baseline,1,ok,0.014753,0.034474917920306325,300.0,False,/root/exp/RFunipassLab/external_datasets/build/runtime_matched/external_runtime_polybench_full_wrap_10seeds_backend_o3_repeat1_adaptive5_20260509/o3/polybench_full/durbin/baseline/none/a.out,/root/exp/RFunipassLab/external_datasets/build/runtime_matched/external_runtime_polybench_full_wrap_10seeds_backend_o3_repeat1_adaptive5_20260509/o3/polybench_full/durbin/baseline/none/none_71f8e7976e4c.ll,/root/exp/RFunipassLab/external_datasets/build/runtime_matched/external_runtime_polybench_full_wrap_10seeds_backend_o3_repeat1_adaptive5_20260509/o3/polybench_full/durbin/baseline/none/runs/run_001/stdout.txt,/root/exp/RFunipassLab/external_datasets/build/runtime_matched/external_runtime_polybench_full_wrap_10seeds_backend_o3_repeat1_adaptive5_20260509/o3/polybench_full/durbin/baseline/none/runs/run_001/stderr.txt,
external_runtime_polybench_full_wrap_10seeds_backend_o3_repeat1_adaptive5_20260509,o3,o3,polybench_full,durbin,,,o3,baseline,1,ok,0.002575,0.003460570005699992,300.0,False,/root/exp/RFunipassLab/external_datasets/build/runtime_matched/external_runtime_polybench_full_wrap_10seeds_backend_o3_repeat1_adaptive5_20260509/o3/polybench_full/durbin/baseline/o3/a.out,/root/exp/RFunipassLab/external_datasets/build/runtime_matched/external_runtime_polybench_full_wrap_10seeds_backend_o3_repeat1_adaptive5_20260509/o3/polybench_full/durbin/baseline/o3/o3_41db216f1b51.ll,/root/exp/RFunipassLab/external_datasets/build/runtime_matched/external_runtime_polybench_full_wrap_10seeds_backend_o3_repeat1_adaptive5_20260509/o3/polybench_full/durbin/baseline/o3/runs/run_001/stdout.txt,/root/exp/RFunipassLab/external_datasets/build/runtime_matched/external_runtime_polybench_full_wrap_10seeds_backend_o3_repeat1_adaptive5_20260509/o3/polybench_full/durbin/baseline/o3/runs/run_001/stderr.txt,
external_runtime_polybench_full_wrap_10seeds_backend_o3_repeat1_adaptive5_20260509,o3,o3,polybench_full,durbin,456,20260423_181846_349217_feature_lite_seed456,universal,rfunipass,1,failed,,,5.0,True,/root/exp/RFunipassLab/external_datasets/build/runtime_matched/external_runtime_polybench_full_wrap_10seeds_backend_o3_repeat1_adaptive5_20260509/o3/polybench_full/durbin/456/universal/a.out,/root/exp/RFunipassLab/external_datasets/build/runtime_matched/external_runtime_polybench_full_wrap_10seeds_backend_o3_repeat1_adaptive5_20260509/o3/polybench_full/durbin/456/universal/universal_1dd8ea870347.ll,/root/exp/RFunipassLab/external_datasets/build/runtime_matched/external_runtime_polybench_full_wrap_10seeds_backend_o3_repeat1_adaptive5_20260509/o3/polybench_full/durbin/456/universal/runs/run_001/stdout.txt,/root/exp/RFunipassLab/external_datasets/build/runtime_matched/external_runtime_polybench_full_wrap_10seeds_backend_o3_repeat1_adaptive5_20260509/o3/polybench_full/durbin/456/universal/runs/run_001/stderr.txt,runtime timeout after 5.0s
external_runtime_polybench_full_wrap_10seeds_backend_o3_repeat1_adaptive5_20260509,o3,o3,polybench_full,durbin,457,20260423_184811_146360_feature_lite_seed457,universal,rfunipass,1,failed,,,5.0,True,/root/exp/RFunipassLab/external_datasets/build/runtime_matched/external_runtime_polybench_full_wrap_10seeds_backend_o3_repeat1_adaptive5_20260509/o3/polybench_full/durbin/457/universal/a.out,/root/exp/RFunipassLab/external_datasets/build/runtime_matched/external_runtime_polybench_full_wrap_10seeds_backend_o3_repeat1_adaptive5_20260509/o3/polybench_full/durbin/457/universal/universal_468197d7c679.ll,/root/exp/RFunipassLab/external_datasets/build/runtime_matched/external_runtime_polybench_full_wrap_10seeds_backend_o3_repeat1_adaptive5_20260509/o3/polybench_full/durbin/457/universal/runs/run_001/stdout.txt,/root/exp/RFunipassLab/external_datasets/build/runtime_matched/external_runtime_polybench_full_wrap_10seeds_backend_o3_repeat1_adaptive5_20260509/o3/polybench_full/durbin/457/universal/runs/run_001/stderr.txt,runtime timeout after 5.0s
external_runtime_polybench_full_wrap_10seeds_backend_o3_repeat1_adaptive5_20260509,o3,o3,polybench_full,durbin,458,20260423_193326_468019_feature_lite_seed458,universal,rfunipass,1,failed,,,5.0,True,/root/exp/RFunipassLab/external_datasets/build/runtime_matched/external_runtime_polybench_full_wrap_10seeds_backend_o3_repeat1_adaptive5_20260509/o3/polybench_full/durbin/458/universal/a.out,/root/exp/RFunipassLab/external_datasets/build/runtime_matched/external_runtime_polybench_full_wrap_10seeds_backend_o3_repeat1_adaptive5_20260509/o3/polybench_full/durbin/458/universal/universal_bac1dd97c06b.ll,/root/exp/RFunipassLab/external_datasets/build/runtime_matched/external_runtime_polybench_full_wrap_10seeds_backend_o3_repeat1_adaptive5_20260509/o3/polybench_full/durbin/458/universal/runs/run_001/stdout.txt,/root/exp/RFunipassLab/external_datasets/build/runtime_matched/external_runtime_polybench_full_wrap_10seeds_backend_o3_repeat1_adaptive5_20260509/o3/polybench_full/durbin/458/universal/runs/run_001/stderr.txt,runtime timeout after 5.0s
external_runtime_polybench_full_wrap_10seeds_backend_o3_repeat1_adaptive5_20260509,o3,o3,polybench_full,durbin,459,20260423_203402_518521_feature_lite_seed459,universal,rfunipass,1,failed,,,5.0,True,/root/exp/RFunipassLab/external_datasets/build/runtime_matched/external_runtime_polybench_full_wrap_10seeds_backend_o3_repeat1_adaptive5_20260509/o3/polybench_full/durbin/459/universal/a.out,/root/exp/RFunipassLab/external_datasets/build/runtime_matched/external_runtime_polybench_full_wrap_10seeds_backend_o3_repeat1_adaptive5_20260509/o3/polybench_full/durbin/459/universal/universal_6d5271a22f91.ll,/root/exp/RFunipassLab/external_datasets/build/runtime_matched/external_runtime_polybench_full_wrap_10seeds_backend_o3_repeat1_adaptive5_20260509/o3/polybench_full/durbin/459/universal/runs/run_001/stdout.txt,/root/exp/RFunipassLab/external_datasets/build/runtime_matched/external_runtime_polybench_full_wrap_10seeds_backend_o3_repeat1_adaptive5_20260509/o3/polybench_full/durbin/459/universal/runs/run_001/stderr.txt,runtime timeout after 5.0s
external_runtime_polybench_full_wrap_10seeds_backend_o3_repeat1_adaptive5_20260509,o3,o3,polybench_full,durbin,460,20260423_205014_703926_feature_lite_seed460,universal,rfunipass,1,failed,,,5.0,True,/root/exp/RFunipassLab/external_datasets/build/runtime_matched/external_runtime_polybench_full_wrap_10seeds_backend_o3_repeat1_adaptive5_20260509/o3/polybench_full/durbin/460/universal/a.out,/root/exp/RFunipassLab/external_datasets/build/runtime_matched/external_runtime_polybench_full_wrap_10seeds_backend_o3_repeat1_adaptive5_20260509/o3/polybench_full/durbin/460/universal/universal_aa7d5985738b.ll,/root/exp/RFunipassLab/external_datasets/build/runtime_matched/external_runtime_polybench_full_wrap_10seeds_backend_o3_repeat1_adaptive5_20260509/o3/polybench_full/durbin/460/universal/runs/run_001/stdout.txt,/root/exp/RFunipassLab/external_datasets/build/runtime_matched/external_runtime_polybench_full_wrap_10seeds_backend_o3_repeat1_adaptive5_20260509/o3/polybench_full/durbin/460/universal/runs/run_001/stderr.txt,runtime timeout after 5.0s
external_runtime_polybench_full_wrap_10seeds_backend_o3_repeat1_adaptive5_20260509,o3,o3,polybench_full,durbin,461,20260423_211628_575222_feature_lite_seed461,universal,rfunipass,1,failed,,,5.0,True,/root/exp/RFunipassLab/external_datasets/build/runtime_matched/external_runtime_polybench_full_wrap_10seeds_backend_o3_repeat1_adaptive5_20260509/o3/polybench_full/durbin/461/universal/a.out,/root/exp/RFunipassLab/external_datasets/build/runtime_matched/external_runtime_polybench_full_wrap_10seeds_backend_o3_repeat1_adaptive5_20260509/o3/polybench_full/durbin/461/universal/universal_c3b20e7655ed.ll,/root/exp/RFunipassLab/external_datasets/build/runtime_matched/external_runtime_polybench_full_wrap_10seeds_backend_o3_repeat1_adaptive5_20260509/o3/polybench_full/durbin/461/universal/runs/run_001/stdout.txt,/root/exp/RFunipassLab/external_datasets/build/runtime_matched/external_runtime_polybench_full_wrap_10seeds_backend_o3_repeat1_adaptive5_20260509/o3/polybench_full/durbin/461/universal/runs/run_001/stderr.txt,runtime timeout after 5.0s
external_runtime_polybench_full_wrap_10seeds_backend_o3_repeat1_adaptive5_20260509,o3,o3,polybench_full,durbin,462,20260423_214113_355045_feature_lite_seed462,universal,rfunipass,1,failed,,,5.0,True,/root/exp/RFunipassLab/external_datasets/build/runtime_matched/external_runtime_polybench_full_wrap_10seeds_backend_o3_repeat1_adaptive5_20260509/o3/polybench_full/durbin/462/universal/a.out,/root/exp/RFunipassLab/external_datasets/build/runtime_matched/external_runtime_polybench_full_wrap_10seeds_backend_o3_repeat1_adaptive5_20260509/o3/polybench_full/durbin/462/universal/universal_4da41e9006a8.ll,/root/exp/RFunipassLab/external_datasets/build/runtime_matched/external_runtime_polybench_full_wrap_10seeds_backend_o3_repeat1_adaptive5_20260509/o3/polybench_full/durbin/462/universal/runs/run_001/stdout.txt,/root/exp/RFunipassLab/external_datasets/build/runtime_matched/external_runtime_polybench_full_wrap_10seeds_backend_o3_repeat1_adaptive5_20260509/o3/polybench_full/durbin/462/universal/runs/run_001/stderr.txt,runtime timeout after 5.0s
external_runtime_polybench_full_wrap_10seeds_backend_o3_repeat1_adaptive5_20260509,o3,o3,polybench_full,durbin,463,20260423_221353_240005_feature_lite_seed463,universal,rfunipass,1,failed,,,5.0,False,/root/exp/RFunipassLab/external_datasets/build/runtime_matched/external_runtime_polybench_full_wrap_10seeds_backend_o3_repeat1_adaptive5_20260509/o3/polybench_full/durbin/463/universal/a.out,/root/exp/RFunipassLab/external_datasets/build/runtime_matched/external_runtime_polybench_full_wrap_10seeds_backend_o3_repeat1_adaptive5_20260509/o3/polybench_full/durbin/463/universal/universal_3c6e71c0df8d.ll,/root/exp/RFunipassLab/external_datasets/build/runtime_matched/external_runtime_polybench_full_wrap_10seeds_backend_o3_repeat1_adaptive5_20260509/o3/polybench_full/durbin/463/universal/runs/run_001/stdout.txt,/root/exp/RFunipassLab/external_datasets/build/runtime_matched/external_runtime_polybench_full_wrap_10seeds_backend_o3_repeat1_adaptive5_20260509/o3/polybench_full/durbin/463/universal/runs/run_001/stderr.txt,binary exited with returncode=-11
external_runtime_polybench_full_wrap_10seeds_backend_o3_repeat1_adaptive5_20260509,o3,o3,polybench_full,durbin,464,20260423_230444_536999_feature_lite_seed464,universal,rfunipass,1,ok,0.003413,0.015788476914167404,5.0,False,/root/exp/RFunipassLab/external_datasets/build/runtime_matched/external_runtime_polybench_full_wrap_10seeds_backend_o3_repeat1_adaptive5_20260509/o3/polybench_full/durbin/464/universal/a.out,/root/exp/RFunipassLab/external_datasets/build/runtime_matched/external_runtime_polybench_full_wrap_10seeds_backend_o3_repeat1_adaptive5_20260509/o3/polybench_full/durbin/464/universal/universal_58aea292ea66.ll,/root/exp/RFunipassLab/external_datasets/build/runtime_matched/external_runtime_polybench_full_wrap_10seeds_backend_o3_repeat1_adaptive5_20260509/o3/polybench_full/durbin/464/universal/runs/run_001/stdout.txt,/root/exp/RFunipassLab/external_datasets/build/runtime_matched/external_runtime_polybench_full_wrap_10seeds_backend_o3_repeat1_adaptive5_20260509/o3/polybench_full/durbin/464/universal/runs/run_001/stderr.txt,
external_runtime_polybench_full_wrap_10seeds_backend_o3_repeat1_adaptive5_20260509,o3,o3,polybench_full,durbin,465,20260423_231957_016941_feature_lite_seed465,universal,rfunipass,1,failed,,,5.0,True,/root/exp/RFunipassLab/external_datasets/build/runtime_matched/external_runtime_polybench_full_wrap_10seeds_backend_o3_repeat1_adaptive5_20260509/o3/polybench_full/durbin/465/universal/a.out,/root/exp/RFunipassLab/external_datasets/build/runtime_matched/external_runtime_polybench_full_wrap_10seeds_backend_o3_repeat1_adaptive5_20260509/o3/polybench_full/durbin/465/universal/universal_e2fa59514181.ll,/root/exp/RFunipassLab/external_datasets/build/runtime_matched/external_runtime_polybench_full_wrap_10seeds_backend_o3_repeat1_adaptive5_20260509/o3/polybench_full/durbin/465/universal/runs/run_001/stdout.txt,/root/exp/RFunipassLab/external_datasets/build/runtime_matched/external_runtime_polybench_full_wrap_10seeds_backend_o3_repeat1_adaptive5_20260509/o3/polybench_full/durbin/465/universal/runs/run_001/stderr.txt,runtime timeout after 5.0s
external_runtime_polybench_full_wrap_10seeds_backend_o3_repeat1_adaptive5_20260509,o3,o3,polybench_full,gramschmidt,,,none,baseline,1,ok,5.336244,5.378827114822343,300.0,False,/root/exp/RFunipassLab/external_datasets/build/runtime_matched/external_runtime_polybench_full_wrap_10seeds_backend_o3_repeat1_adaptive5_20260509/o3/polybench_full/gramschmidt/baseline/none/a.out,/root/exp/RFunipassLab/external_datasets/build/runtime_matched/external_runtime_polybench_full_wrap_10seeds_backend_o3_repeat1_adaptive5_20260509/o3/polybench_full/gramschmidt/baseline/none/none_71f8e7976e4c.ll,/root/exp/RFunipassLab/external_datasets/build/runtime_matched/external_runtime_polybench_full_wrap_10seeds_backend_o3_repeat1_adaptive5_20260509/o3/polybench_full/gramschmidt/baseline/none/runs/run_001/stdout.txt,/root/exp/RFunipassLab/external_datasets/build/runtime_matched/external_runtime_polybench_full_wrap_10seeds_backend_o3_repeat1_adaptive5_20260509/o3/polybench_full/gramschmidt/baseline/none/runs/run_001/stderr.txt,
external_runtime_polybench_full_wrap_10seeds_backend_o3_repeat1_adaptive5_20260509,o3,o3,polybench_full,gramschmidt,,,o3,baseline,1,ok,6.018405,6.041074094129726,300.0,False,/root/exp/RFunipassLab/external_datasets/build/runtime_matched/external_runtime_polybench_full_wrap_10seeds_backend_o3_repeat1_adaptive5_20260509/o3/polybench_full/gramschmidt/baseline/o3/a.out,/root/exp/RFunipassLab/external_datasets/build/runtime_matched/external_runtime_polybench_full_wrap_10seeds_backend_o3_repeat1_adaptive5_20260509/o3/polybench_full/gramschmidt/baseline/o3/o3_41db216f1b51.ll,/root/exp/RFunipassLab/external_datasets/build/runtime_matched/external_runtime_polybench_full_wrap_10seeds_backend_o3_repeat1_adaptive5_20260509/o3/polybench_full/gramschmidt/baseline/o3/runs/run_001/stdout.txt,/root/exp/RFunipassLab/external_datasets/build/runtime_matched/external_runtime_polybench_full_wrap_10seeds_backend_o3_repeat1_adaptive5_20260509/o3/polybench_full/gramschmidt/baseline/o3/runs/run_001/stderr.txt,
external_runtime_polybench_full_wrap_10seeds_backend_o3_repeat1_adaptive5_20260509,o3,o3,polybench_full,gramschmidt,456,20260423_181846_349217_feature_lite_seed456,universal,rfunipass,1,ok,7.058635,7.089653675910085,30.092025,False,/root/exp/RFunipassLab/external_datasets/build/runtime_matched/external_runtime_polybench_full_wrap_10seeds_backend_o3_repeat1_adaptive5_20260509/o3/polybench_full/gramschmidt/456/universal/a.out,/root/exp/RFunipassLab/external_datasets/build/runtime_matched/external_runtime_polybench_full_wrap_10seeds_backend_o3_repeat1_adaptive5_20260509/o3/polybench_full/gramschmidt/456/universal/universal_1dd8ea870347.ll,/root/exp/RFunipassLab/external_datasets/build/runtime_matched/external_runtime_polybench_full_wrap_10seeds_backend_o3_repeat1_adaptive5_20260509/o3/polybench_full/gramschmidt/456/universal/runs/run_001/stdout.txt,/root/exp/RFunipassLab/external_datasets/build/runtime_matched/external_runtime_polybench_full_wrap_10seeds_backend_o3_repeat1_adaptive5_20260509/o3/polybench_full/gramschmidt/456/universal/runs/run_001/stderr.txt,
external_runtime_polybench_full_wrap_10seeds_backend_o3_repeat1_adaptive5_20260509,o3,o3,polybench_full,gramschmidt,457,20260423_184811_146360_feature_lite_seed457,universal,rfunipass,1,failed,,,30.092025,True,/root/exp/RFunipassLab/external_datasets/build/runtime_matched/external_runtime_polybench_full_wrap_10seeds_backend_o3_repeat1_adaptive5_20260509/o3/polybench_full/gramschmidt/457/universal/a.out,/root/exp/RFunipassLab/external_datasets/build/runtime_matched/external_runtime_polybench_full_wrap_10seeds_backend_o3_repeat1_adaptive5_20260509/o3/polybench_full/gramschmidt/457/universal/universal_468197d7c679.ll,/root/exp/RFunipassLab/external_datasets/build/runtime_matched/external_runtime_polybench_full_wrap_10seeds_backend_o3_repeat1_adaptive5_20260509/o3/polybench_full/gramschmidt/457/universal/runs/run_001/stdout.txt,/root/exp/RFunipassLab/external_datasets/build/runtime_matched/external_runtime_polybench_full_wrap_10seeds_backend_o3_repeat1_adaptive5_20260509/o3/polybench_full/gramschmidt/457/universal/runs/run_001/stderr.txt,runtime timeout after 30.092025s
external_runtime_polybench_full_wrap_10seeds_backend_o3_repeat1_adaptive5_20260509,o3,o3,polybench_full,gramschmidt,458,20260423_193326_468019_feature_lite_seed458,universal,rfunipass,1,ok,6.638534,6.669137301854789,30.092025,False,/root/exp/RFunipassLab/external_datasets/build/runtime_matched/external_runtime_polybench_full_wrap_10seeds_backend_o3_repeat1_adaptive5_20260509/o3/polybench_full/gramschmidt/458/universal/a.out,/root/exp/RFunipassLab/external_datasets/build/runtime_matched/external_runtime_polybench_full_wrap_10seeds_backend_o3_repeat1_adaptive5_20260509/o3/polybench_full/gramschmidt/458/universal/universal_bac1dd97c06b.ll,/root/exp/RFunipassLab/external_datasets/build/runtime_matched/external_runtime_polybench_full_wrap_10seeds_backend_o3_repeat1_adaptive5_20260509/o3/polybench_full/gramschmidt/458/universal/runs/run_001/stdout.txt,/root/exp/RFunipassLab/external_datasets/build/runtime_matched/external_runtime_polybench_full_wrap_10seeds_backend_o3_repeat1_adaptive5_20260509/o3/polybench_full/gramschmidt/458/universal/runs/run_001/stderr.txt,
external_runtime_polybench_full_wrap_10seeds_backend_o3_repeat1_adaptive5_20260509,o3,o3,polybench_full,gramschmidt,459,20260423_203402_518521_feature_lite_seed459,universal,rfunipass,1,ok,6.612446,6.643256840994582,30.092025,False,/root/exp/RFunipassLab/external_datasets/build/runtime_matched/external_runtime_polybench_full_wrap_10seeds_backend_o3_repeat1_adaptive5_20260509/o3/polybench_full/gramschmidt/459/universal/a.out,/root/exp/RFunipassLab/external_datasets/build/runtime_matched/external_runtime_polybench_full_wrap_10seeds_backend_o3_repeat1_adaptive5_20260509/o3/polybench_full/gramschmidt/459/universal/universal_6d5271a22f91.ll,/root/exp/RFunipassLab/external_datasets/build/runtime_matched/external_runtime_polybench_full_wrap_10seeds_backend_o3_repeat1_adaptive5_20260509/o3/polybench_full/gramschmidt/459/universal/runs/run_001/stdout.txt,/root/exp/RFunipassLab/external_datasets/build/runtime_matched/external_runtime_polybench_full_wrap_10seeds_backend_o3_repeat1_adaptive5_20260509/o3/polybench_full/gramschmidt/459/universal/runs/run_001/stderr.txt,
external_runtime_polybench_full_wrap_10seeds_backend_o3_repeat1_adaptive5_20260509,o3,o3,polybench_full,gramschmidt,460,20260423_205014_703926_feature_lite_seed460,universal,rfunipass,1,ok,6.74439,6.7744490809272975,30.092025,False,/root/exp/RFunipassLab/external_datasets/build/runtime_matched/external_runtime_polybench_full_wrap_10seeds_backend_o3_repeat1_adaptive5_20260509/o3/polybench_full/gramschmidt/460/universal/a.out,/root/exp/RFunipassLab/external_datasets/build/runtime_matched/external_runtime_polybench_full_wrap_10seeds_backend_o3_repeat1_adaptive5_20260509/o3/polybench_full/gramschmidt/460/universal/universal_aa7d5985738b.ll,/root/exp/RFunipassLab/external_datasets/build/runtime_matched/external_runtime_polybench_full_wrap_10seeds_backend_o3_repeat1_adaptive5_20260509/o3/polybench_full/gramschmidt/460/universal/runs/run_001/stdout.txt,/root/exp/RFunipassLab/external_datasets/build/runtime_matched/external_runtime_polybench_full_wrap_10seeds_backend_o3_repeat1_adaptive5_20260509/o3/polybench_full/gramschmidt/460/universal/runs/run_001/stderr.txt,
external_runtime_polybench_full_wrap_10seeds_backend_o3_repeat1_adaptive5_20260509,o3,o3,polybench_full,gramschmidt,461,20260423_211628_575222_feature_lite_seed461,universal,rfunipass,1,failed,,,30.092025,False,/root/exp/RFunipassLab/external_datasets/build/runtime_matched/external_runtime_polybench_full_wrap_10seeds_backend_o3_repeat1_adaptive5_20260509/o3/polybench_full/gramschmidt/461/universal/a.out,/root/exp/RFunipassLab/external_datasets/build/runtime_matched/external_runtime_polybench_full_wrap_10seeds_backend_o3_repeat1_adaptive5_20260509/o3/polybench_full/gramschmidt/461/universal/universal_c3b20e7655ed.ll,/root/exp/RFunipassLab/external_datasets/build/runtime_matched/external_runtime_polybench_full_wrap_10seeds_backend_o3_repeat1_adaptive5_20260509/o3/polybench_full/gramschmidt/461/universal/runs/run_001/stdout.txt,/root/exp/RFunipassLab/external_datasets/build/runtime_matched/external_runtime_polybench_full_wrap_10seeds_backend_o3_repeat1_adaptive5_20260509/o3/polybench_full/gramschmidt/461/universal/runs/run_001/stderr.txt,binary exited with returncode=-11
external_runtime_polybench_full_wrap_10seeds_backend_o3_repeat1_adaptive5_20260509,o3,o3,polybench_full,gramschmidt,462,20260423_214113_355045_feature_lite_seed462,universal,rfunipass,1,ok,6.74065,6.771339704981074,30.092025,False,/root/exp/RFunipassLab/external_datasets/build/runtime_matched/external_runtime_polybench_full_wrap_10seeds_backend_o3_repeat1_adaptive5_20260509/o3/polybench_full/gramschmidt/462/universal/a.out,/root/exp/RFunipassLab/external_datasets/build/runtime_matched/external_runtime_polybench_full_wrap_10seeds_backend_o3_repeat1_adaptive5_20260509/o3/polybench_full/gramschmidt/462/universal/universal_4da41e9006a8.ll,/root/exp/RFunipassLab/external_datasets/build/runtime_matched/external_runtime_polybench_full_wrap_10seeds_backend_o3_repeat1_adaptive5_20260509/o3/polybench_full/gramschmidt/462/universal/runs/run_001/stdout.txt,/root/exp/RFunipassLab/external_datasets/build/runtime_matched/external_runtime_polybench_full_wrap_10seeds_backend_o3_repeat1_adaptive5_20260509/o3/polybench_full/gramschmidt/462/universal/runs/run_001/stderr.txt,
external_runtime_polybench_full_wrap_10seeds_backend_o3_repeat1_adaptive5_20260509,o3,o3,polybench_full,gramschmidt,463,20260423_221353_240005_feature_lite_seed463,universal,rfunipass,1,failed,,,30.092025,True,/root/exp/RFunipassLab/external_datasets/build/runtime_matched/external_runtime_polybench_full_wrap_10seeds_backend_o3_repeat1_adaptive5_20260509/o3/polybench_full/gramschmidt/463/universal/a.out,/root/exp/RFunipassLab/external_datasets/build/runtime_matched/external_runtime_polybench_full_wrap_10seeds_backend_o3_repeat1_adaptive5_20260509/o3/polybench_full/gramschmidt/463/universal/universal_3c6e71c0df8d.ll,/root/exp/RFunipassLab/external_datasets/build/runtime_matched/external_runtime_polybench_full_wrap_10seeds_backend_o3_repeat1_adaptive5_20260509/o3/polybench_full/gramschmidt/463/universal/runs/run_001/stdout.txt,/root/exp/RFunipassLab/external_datasets/build/runtime_matched/external_runtime_polybench_full_wrap_10seeds_backend_o3_repeat1_adaptive5_20260509/o3/polybench_full/gramschmidt/463/universal/runs/run_001/stderr.txt,runtime timeout after 30.092025s
external_runtime_polybench_full_wrap_10seeds_backend_o3_repeat1_adaptive5_20260509,o3,o3,polybench_full,gramschmidt,464,20260423_230444_536999_feature_lite_seed464,universal,rfunipass,1,ok,6.673272,6.701009258860722,30.092025,False,/root/exp/RFunipassLab/external_datasets/build/runtime_matched/external_runtime_polybench_full_wrap_10seeds_backend_o3_repeat1_adaptive5_20260509/o3/polybench_full/gramschmidt/464/universal/a.out,/root/exp/RFunipassLab/external_datasets/build/runtime_matched/external_runtime_polybench_full_wrap_10seeds_backend_o3_repeat1_adaptive5_20260509/o3/polybench_full/gramschmidt/464/universal/universal_58aea292ea66.ll,/root/exp/RFunipassLab/external_datasets/build/runtime_matched/external_runtime_polybench_full_wrap_10seeds_backend_o3_repeat1_adaptive5_20260509/o3/polybench_full/gramschmidt/464/universal/runs/run_001/stdout.txt,/root/exp/RFunipassLab/external_datasets/build/runtime_matched/external_runtime_polybench_full_wrap_10seeds_backend_o3_repeat1_adaptive5_20260509/o3/polybench_full/gramschmidt/464/universal/runs/run_001/stderr.txt,
external_runtime_polybench_full_wrap_10seeds_backend_o3_repeat1_adaptive5_20260509,o3,o3,polybench_full,gramschmidt,465,20260423_231957_016941_feature_lite_seed465,universal,rfunipass,1,ok,6.652613,6.674865029985085,30.092025,False,/root/exp/RFunipassLab/external_datasets/build/runtime_matched/external_runtime_polybench_full_wrap_10seeds_backend_o3_repeat1_adaptive5_20260509/o3/polybench_full/gramschmidt/465/universal/a.out,/root/exp/RFunipassLab/external_datasets/build/runtime_matched/external_runtime_polybench_full_wrap_10seeds_backend_o3_repeat1_adaptive5_20260509/o3/polybench_full/gramschmidt/465/universal/universal_e2fa59514181.ll,/root/exp/RFunipassLab/external_datasets/build/runtime_matched/external_runtime_polybench_full_wrap_10seeds_backend_o3_repeat1_adaptive5_20260509/o3/polybench_full/gramschmidt/465/universal/runs/run_001/stdout.txt,/root/exp/RFunipassLab/external_datasets/build/runtime_matched/external_runtime_polybench_full_wrap_10seeds_backend_o3_repeat1_adaptive5_20260509/o3/polybench_full/gramschmidt/465/universal/runs/run_001/stderr.txt,
external_runtime_polybench_full_wrap_10seeds_backend_o3_repeat1_adaptive5_20260509,o3,o3,polybench_full,lu,,,none,baseline,1,ok,9.352303,29.849914992926642,300.0,False,/root/exp/RFunipassLab/external_datasets/build/runtime_matched/external_runtime_polybench_full_wrap_10seeds_backend_o3_repeat1_adaptive5_20260509/o3/polybench_full/lu/baseline/none/a.out,/root/exp/RFunipassLab/external_datasets/build/runtime_matched/external_runtime_polybench_full_wrap_10seeds_backend_o3_repeat1_adaptive5_20260509/o3/polybench_full/lu/baseline/none/none_71f8e7976e4c.ll,/root/exp/RFunipassLab/external_datasets/build/runtime_matched/external_runtime_polybench_full_wrap_10seeds_backend_o3_repeat1_adaptive5_20260509/o3/polybench_full/lu/baseline/none/runs/run_001/stdout.txt,/root/exp/RFunipassLab/external_datasets/build/runtime_matched/external_runtime_polybench_full_wrap_10seeds_backend_o3_repeat1_adaptive5_20260509/o3/polybench_full/lu/baseline/none/runs/run_001/stderr.txt,
external_runtime_polybench_full_wrap_10seeds_backend_o3_repeat1_adaptive5_20260509,o3,o3,polybench_full,lu,,,o3,baseline,1,ok,4.353377,21.66202224814333,300.0,False,/root/exp/RFunipassLab/external_datasets/build/runtime_matched/external_runtime_polybench_full_wrap_10seeds_backend_o3_repeat1_adaptive5_20260509/o3/polybench_full/lu/baseline/o3/a.out,/root/exp/RFunipassLab/external_datasets/build/runtime_matched/external_runtime_polybench_full_wrap_10seeds_backend_o3_repeat1_adaptive5_20260509/o3/polybench_full/lu/baseline/o3/o3_41db216f1b51.ll,/root/exp/RFunipassLab/external_datasets/build/runtime_matched/external_runtime_polybench_full_wrap_10seeds_backend_o3_repeat1_adaptive5_20260509/o3/polybench_full/lu/baseline/o3/runs/run_001/stdout.txt,/root/exp/RFunipassLab/external_datasets/build/runtime_matched/external_runtime_polybench_full_wrap_10seeds_backend_o3_repeat1_adaptive5_20260509/o3/polybench_full/lu/baseline/o3/runs/run_001/stderr.txt,
external_runtime_polybench_full_wrap_10seeds_backend_o3_repeat1_adaptive5_20260509,o3,o3,polybench_full,lu,456,20260423_181846_349217_feature_lite_seed456,universal,rfunipass,1,failed,,,21.766885000000002,False,/root/exp/RFunipassLab/external_datasets/build/runtime_matched/external_runtime_polybench_full_wrap_10seeds_backend_o3_repeat1_adaptive5_20260509/o3/polybench_full/lu/456/universal/a.out,/root/exp/RFunipassLab/external_datasets/build/runtime_matched/external_runtime_polybench_full_wrap_10seeds_backend_o3_repeat1_adaptive5_20260509/o3/polybench_full/lu/456/universal/universal_1dd8ea870347.ll,/root/exp/RFunipassLab/external_datasets/build/runtime_matched/external_runtime_polybench_full_wrap_10seeds_backend_o3_repeat1_adaptive5_20260509/o3/polybench_full/lu/456/universal/runs/run_001/stdout.txt,/root/exp/RFunipassLab/external_datasets/build/runtime_matched/external_runtime_polybench_full_wrap_10seeds_backend_o3_repeat1_adaptive5_20260509/o3/polybench_full/lu/456/universal/runs/run_001/stderr.txt,binary exited with returncode=-11
external_runtime_polybench_full_wrap_10seeds_backend_o3_repeat1_adaptive5_20260509,o3,o3,polybench_full,lu,457,20260423_184811_146360_feature_lite_seed457,universal,rfunipass,1,failed,,,21.766885000000002,True,/root/exp/RFunipassLab/external_datasets/build/runtime_matched/external_runtime_polybench_full_wrap_10seeds_backend_o3_repeat1_adaptive5_20260509/o3/polybench_full/lu/457/universal/a.out,/root/exp/RFunipassLab/external_datasets/build/runtime_matched/external_runtime_polybench_full_wrap_10seeds_backend_o3_repeat1_adaptive5_20260509/o3/polybench_full/lu/457/universal/universal_468197d7c679.ll,/root/exp/RFunipassLab/external_datasets/build/runtime_matched/external_runtime_polybench_full_wrap_10seeds_backend_o3_repeat1_adaptive5_20260509/o3/polybench_full/lu/457/universal/runs/run_001/stdout.txt,/root/exp/RFunipassLab/external_datasets/build/runtime_matched/external_runtime_polybench_full_wrap_10seeds_backend_o3_repeat1_adaptive5_20260509/o3/polybench_full/lu/457/universal/runs/run_001/stderr.txt,runtime timeout after 21.766885000000002s
external_runtime_polybench_full_wrap_10seeds_backend_o3_repeat1_adaptive5_20260509,o3,o3,polybench_full,lu,458,20260423_193326_468019_feature_lite_seed458,universal,rfunipass,1,failed,,,21.766885000000002,False,/root/exp/RFunipassLab/external_datasets/build/runtime_matched/external_runtime_polybench_full_wrap_10seeds_backend_o3_repeat1_adaptive5_20260509/o3/polybench_full/lu/458/universal/a.out,/root/exp/RFunipassLab/external_datasets/build/runtime_matched/external_runtime_polybench_full_wrap_10seeds_backend_o3_repeat1_adaptive5_20260509/o3/polybench_full/lu/458/universal/universal_bac1dd97c06b.ll,/root/exp/RFunipassLab/external_datasets/build/runtime_matched/external_runtime_polybench_full_wrap_10seeds_backend_o3_repeat1_adaptive5_20260509/o3/polybench_full/lu/458/universal/runs/run_001/stdout.txt,/root/exp/RFunipassLab/external_datasets/build/runtime_matched/external_runtime_polybench_full_wrap_10seeds_backend_o3_repeat1_adaptive5_20260509/o3/polybench_full/lu/458/universal/runs/run_001/stderr.txt,binary exited with returncode=-11
external_runtime_polybench_full_wrap_10seeds_backend_o3_repeat1_adaptive5_20260509,o3,o3,polybench_full,lu,459,20260423_203402_518521_feature_lite_seed459,universal,rfunipass,1,failed,,,21.766885000000002,False,/root/exp/RFunipassLab/external_datasets/build/runtime_matched/external_runtime_polybench_full_wrap_10seeds_backend_o3_repeat1_adaptive5_20260509/o3/polybench_full/lu/459/universal/a.out,/root/exp/RFunipassLab/external_datasets/build/runtime_matched/external_runtime_polybench_full_wrap_10seeds_backend_o3_repeat1_adaptive5_20260509/o3/polybench_full/lu/459/universal/universal_6d5271a22f91.ll,/root/exp/RFunipassLab/external_datasets/build/runtime_matched/external_runtime_polybench_full_wrap_10seeds_backend_o3_repeat1_adaptive5_20260509/o3/polybench_full/lu/459/universal/runs/run_001/stdout.txt,/root/exp/RFunipassLab/external_datasets/build/runtime_matched/external_runtime_polybench_full_wrap_10seeds_backend_o3_repeat1_adaptive5_20260509/o3/polybench_full/lu/459/universal/runs/run_001/stderr.txt,binary exited with returncode=-11
external_runtime_polybench_full_wrap_10seeds_backend_o3_repeat1_adaptive5_20260509,o3,o3,polybench_full,lu,460,20260423_205014_703926_feature_lite_seed460,universal,rfunipass,1,failed,,,21.766885000000002,False,/root/exp/RFunipassLab/external_datasets/build/runtime_matched/external_runtime_polybench_full_wrap_10seeds_backend_o3_repeat1_adaptive5_20260509/o3/polybench_full/lu/460/universal/a.out,/root/exp/RFunipassLab/external_datasets/build/runtime_matched/external_runtime_polybench_full_wrap_10seeds_backend_o3_repeat1_adaptive5_20260509/o3/polybench_full/lu/460/universal/universal_aa7d5985738b.ll,/root/exp/RFunipassLab/external_datasets/build/runtime_matched/external_runtime_polybench_full_wrap_10seeds_backend_o3_repeat1_adaptive5_20260509/o3/polybench_full/lu/460/universal/runs/run_001/stdout.txt,/root/exp/RFunipassLab/external_datasets/build/runtime_matched/external_runtime_polybench_full_wrap_10seeds_backend_o3_repeat1_adaptive5_20260509/o3/polybench_full/lu/460/universal/runs/run_001/stderr.txt,binary exited with returncode=-11
external_runtime_polybench_full_wrap_10seeds_backend_o3_repeat1_adaptive5_20260509,o3,o3,polybench_full,lu,461,20260423_211628_575222_feature_lite_seed461,universal,rfunipass,1,failed,,,21.766885000000002,True,/root/exp/RFunipassLab/external_datasets/build/runtime_matched/external_runtime_polybench_full_wrap_10seeds_backend_o3_repeat1_adaptive5_20260509/o3/polybench_full/lu/461/universal/a.out,/root/exp/RFunipassLab/external_datasets/build/runtime_matched/external_runtime_polybench_full_wrap_10seeds_backend_o3_repeat1_adaptive5_20260509/o3/polybench_full/lu/461/universal/universal_c3b20e7655ed.ll,/root/exp/RFunipassLab/external_datasets/build/runtime_matched/external_runtime_polybench_full_wrap_10seeds_backend_o3_repeat1_adaptive5_20260509/o3/polybench_full/lu/461/universal/runs/run_001/stdout.txt,/root/exp/RFunipassLab/external_datasets/build/runtime_matched/external_runtime_polybench_full_wrap_10seeds_backend_o3_repeat1_adaptive5_20260509/o3/polybench_full/lu/461/universal/runs/run_001/stderr.txt,runtime timeout after 21.766885000000002s
external_runtime_polybench_full_wrap_10seeds_backend_o3_repeat1_adaptive5_20260509,o3,o3,polybench_full,lu,462,20260423_214113_355045_feature_lite_seed462,universal,rfunipass,1,failed,,,21.766885000000002,False,/root/exp/RFunipassLab/external_datasets/build/runtime_matched/external_runtime_polybench_full_wrap_10seeds_backend_o3_repeat1_adaptive5_20260509/o3/polybench_full/lu/462/universal/a.out,/root/exp/RFunipassLab/external_datasets/build/runtime_matched/external_runtime_polybench_full_wrap_10seeds_backend_o3_repeat1_adaptive5_20260509/o3/polybench_full/lu/462/universal/universal_4da41e9006a8.ll,/root/exp/RFunipassLab/external_datasets/build/runtime_matched/external_runtime_polybench_full_wrap_10seeds_backend_o3_repeat1_adaptive5_20260509/o3/polybench_full/lu/462/universal/runs/run_001/stdout.txt,/root/exp/RFunipassLab/external_datasets/build/runtime_matched/external_runtime_polybench_full_wrap_10seeds_backend_o3_repeat1_adaptive5_20260509/o3/polybench_full/lu/462/universal/runs/run_001/stderr.txt,binary exited with returncode=-11
external_runtime_polybench_full_wrap_10seeds_backend_o3_repeat1_adaptive5_20260509,o3,o3,polybench_full,lu,463,20260423_221353_240005_feature_lite_seed463,universal,rfunipass,1,failed,,,21.766885000000002,True,/root/exp/RFunipassLab/external_datasets/build/runtime_matched/external_runtime_polybench_full_wrap_10seeds_backend_o3_repeat1_adaptive5_20260509/o3/polybench_full/lu/463/universal/a.out,/root/exp/RFunipassLab/external_datasets/build/runtime_matched/external_runtime_polybench_full_wrap_10seeds_backend_o3_repeat1_adaptive5_20260509/o3/polybench_full/lu/463/universal/universal_3c6e71c0df8d.ll,/root/exp/RFunipassLab/external_datasets/build/runtime_matched/external_runtime_polybench_full_wrap_10seeds_backend_o3_repeat1_adaptive5_20260509/o3/polybench_full/lu/463/universal/runs/run_001/stdout.txt,/root/exp/RFunipassLab/external_datasets/build/runtime_matched/external_runtime_polybench_full_wrap_10seeds_backend_o3_repeat1_adaptive5_20260509/o3/polybench_full/lu/463/universal/runs/run_001/stderr.txt,runtime timeout after 21.766885000000002s
external_runtime_polybench_full_wrap_10seeds_backend_o3_repeat1_adaptive5_20260509,o3,o3,polybench_full,lu,464,20260423_230444_536999_feature_lite_seed464,universal,rfunipass,1,failed,,,21.766885000000002,False,/root/exp/RFunipassLab/external_datasets/build/runtime_matched/external_runtime_polybench_full_wrap_10seeds_backend_o3_repeat1_adaptive5_20260509/o3/polybench_full/lu/464/universal/a.out,/root/exp/RFunipassLab/external_datasets/build/runtime_matched/external_runtime_polybench_full_wrap_10seeds_backend_o3_repeat1_adaptive5_20260509/o3/polybench_full/lu/464/universal/universal_58aea292ea66.ll,/root/exp/RFunipassLab/external_datasets/build/runtime_matched/external_runtime_polybench_full_wrap_10seeds_backend_o3_repeat1_adaptive5_20260509/o3/polybench_full/lu/464/universal/runs/run_001/stdout.txt,/root/exp/RFunipassLab/external_datasets/build/runtime_matched/external_runtime_polybench_full_wrap_10seeds_backend_o3_repeat1_adaptive5_20260509/o3/polybench_full/lu/464/universal/runs/run_001/stderr.txt,binary exited with returncode=-11
external_runtime_polybench_full_wrap_10seeds_backend_o3_repeat1_adaptive5_20260509,o3,o3,polybench_full,lu,465,20260423_231957_016941_feature_lite_seed465,universal,rfunipass,1,failed,,,21.766885000000002,False,/root/exp/RFunipassLab/external_datasets/build/runtime_matched/external_runtime_polybench_full_wrap_10seeds_backend_o3_repeat1_adaptive5_20260509/o3/polybench_full/lu/465/universal/a.out,/root/exp/RFunipassLab/external_datasets/build/runtime_matched/external_runtime_polybench_full_wrap_10seeds_backend_o3_repeat1_adaptive5_20260509/o3/polybench_full/lu/465/universal/universal_e2fa59514181.ll,/root/exp/RFunipassLab/external_datasets/build/runtime_matched/external_runtime_polybench_full_wrap_10seeds_backend_o3_repeat1_adaptive5_20260509/o3/polybench_full/lu/465/universal/runs/run_001/stdout.txt,/root/exp/RFunipassLab/external_datasets/build/runtime_matched/external_runtime_polybench_full_wrap_10seeds_backend_o3_repeat1_adaptive5_20260509/o3/polybench_full/lu/465/universal/runs/run_001/stderr.txt,binary exited with returncode=-11
external_runtime_polybench_full_wrap_10seeds_backend_o3_repeat1_adaptive5_20260509,o3,o3,polybench_full,ludcmp,,,none,baseline,1,ok,9.531187,30.5070632470306,300.0,False,/root/exp/RFunipassLab/external_datasets/build/runtime_matched/external_runtime_polybench_full_wrap_10seeds_backend_o3_repeat1_adaptive5_20260509/o3/polybench_full/ludcmp/baseline/none/a.out,/root/exp/RFunipassLab/external_datasets/build/runtime_matched/external_runtime_polybench_full_wrap_10seeds_backend_o3_repeat1_adaptive5_20260509/o3/polybench_full/ludcmp/baseline/none/none_71f8e7976e4c.ll,/root/exp/RFunipassLab/external_datasets/build/runtime_matched/external_runtime_polybench_full_wrap_10seeds_backend_o3_repeat1_adaptive5_20260509/o3/polybench_full/ludcmp/baseline/none/runs/run_001/stdout.txt,/root/exp/RFunipassLab/external_datasets/build/runtime_matched/external_runtime_polybench_full_wrap_10seeds_backend_o3_repeat1_adaptive5_20260509/o3/polybench_full/ludcmp/baseline/none/runs/run_001/stderr.txt,
external_runtime_polybench_full_wrap_10seeds_backend_o3_repeat1_adaptive5_20260509,o3,o3,polybench_full,ludcmp,,,o3,baseline,1,ok,4.851208,24.061151162022725,300.0,False,/root/exp/RFunipassLab/external_datasets/build/runtime_matched/external_runtime_polybench_full_wrap_10seeds_backend_o3_repeat1_adaptive5_20260509/o3/polybench_full/ludcmp/baseline/o3/a.out,/root/exp/RFunipassLab/external_datasets/build/runtime_matched/external_runtime_polybench_full_wrap_10seeds_backend_o3_repeat1_adaptive5_20260509/o3/polybench_full/ludcmp/baseline/o3/o3_41db216f1b51.ll,/root/exp/RFunipassLab/external_datasets/build/runtime_matched/external_runtime_polybench_full_wrap_10seeds_backend_o3_repeat1_adaptive5_20260509/o3/polybench_full/ludcmp/baseline/o3/runs/run_001/stdout.txt,/root/exp/RFunipassLab/external_datasets/build/runtime_matched/external_runtime_polybench_full_wrap_10seeds_backend_o3_repeat1_adaptive5_20260509/o3/polybench_full/ludcmp/baseline/o3/runs/run_001/stderr.txt,
external_runtime_polybench_full_wrap_10seeds_backend_o3_repeat1_adaptive5_20260509,o3,o3,polybench_full,ludcmp,456,20260423_181846_349217_feature_lite_seed456,universal,rfunipass,1,ok,4.65269,20.888563971035182,24.25604,False,/root/exp/RFunipassLab/external_datasets/build/runtime_matched/external_runtime_polybench_full_wrap_10seeds_backend_o3_repeat1_adaptive5_20260509/o3/polybench_full/ludcmp/456/universal/a.out,/root/exp/RFunipassLab/external_datasets/build/runtime_matched/external_runtime_polybench_full_wrap_10seeds_backend_o3_repeat1_adaptive5_20260509/o3/polybench_full/ludcmp/456/universal/universal_1dd8ea870347.ll,/root/exp/RFunipassLab/external_datasets/build/runtime_matched/external_runtime_polybench_full_wrap_10seeds_backend_o3_repeat1_adaptive5_20260509/o3/polybench_full/ludcmp/456/universal/runs/run_001/stdout.txt,/root/exp/RFunipassLab/external_datasets/build/runtime_matched/external_runtime_polybench_full_wrap_10seeds_backend_o3_repeat1_adaptive5_20260509/o3/polybench_full/ludcmp/456/universal/runs/run_001/stderr.txt,
external_runtime_polybench_full_wrap_10seeds_backend_o3_repeat1_adaptive5_20260509,o3,o3,polybench_full,ludcmp,457,20260423_184811_146360_feature_lite_seed457,universal,rfunipass,1,ok,4.435766,19.268069200916216,24.25604,False,/root/exp/RFunipassLab/external_datasets/build/runtime_matched/external_runtime_polybench_full_wrap_10seeds_backend_o3_repeat1_adaptive5_20260509/o3/polybench_full/ludcmp/457/universal/a.out,/root/exp/RFunipassLab/external_datasets/build/runtime_matched/external_runtime_polybench_full_wrap_10seeds_backend_o3_repeat1_adaptive5_20260509/o3/polybench_full/ludcmp/457/universal/universal_468197d7c679.ll,/root/exp/RFunipassLab/external_datasets/build/runtime_matched/external_runtime_polybench_full_wrap_10seeds_backend_o3_repeat1_adaptive5_20260509/o3/polybench_full/ludcmp/457/universal/runs/run_001/stdout.txt,/root/exp/RFunipassLab/external_datasets/build/runtime_matched/external_runtime_polybench_full_wrap_10seeds_backend_o3_repeat1_adaptive5_20260509/o3/polybench_full/ludcmp/457/universal/runs/run_001/stderr.txt,
external_runtime_polybench_full_wrap_10seeds_backend_o3_repeat1_adaptive5_20260509,o3,o3,polybench_full,ludcmp,458,20260423_193326_468019_feature_lite_seed458,universal,rfunipass,1,failed,,,24.25604,True,/root/exp/RFunipassLab/external_datasets/build/runtime_matched/external_runtime_polybench_full_wrap_10seeds_backend_o3_repeat1_adaptive5_20260509/o3/polybench_full/ludcmp/458/universal/a.out,/root/exp/RFunipassLab/external_datasets/build/runtime_matched/external_runtime_polybench_full_wrap_10seeds_backend_o3_repeat1_adaptive5_20260509/o3/polybench_full/ludcmp/458/universal/universal_bac1dd97c06b.ll,/root/exp/RFunipassLab/external_datasets/build/runtime_matched/external_runtime_polybench_full_wrap_10seeds_backend_o3_repeat1_adaptive5_20260509/o3/polybench_full/ludcmp/458/universal/runs/run_001/stdout.txt,/root/exp/RFunipassLab/external_datasets/build/runtime_matched/external_runtime_polybench_full_wrap_10seeds_backend_o3_repeat1_adaptive5_20260509/o3/polybench_full/ludcmp/458/universal/runs/run_001/stderr.txt,runtime timeout after 24.25604s
external_runtime_polybench_full_wrap_10seeds_backend_o3_repeat1_adaptive5_20260509,o3,o3,polybench_full,ludcmp,459,20260423_203402_518521_feature_lite_seed459,universal,rfunipass,1,failed,,,24.25604,True,/root/exp/RFunipassLab/external_datasets/build/runtime_matched/external_runtime_polybench_full_wrap_10seeds_backend_o3_repeat1_adaptive5_20260509/o3/polybench_full/ludcmp/459/universal/a.out,/root/exp/RFunipassLab/external_datasets/build/runtime_matched/external_runtime_polybench_full_wrap_10seeds_backend_o3_repeat1_adaptive5_20260509/o3/polybench_full/ludcmp/459/universal/universal_6d5271a22f91.ll,/root/exp/RFunipassLab/external_datasets/build/runtime_matched/external_runtime_polybench_full_wrap_10seeds_backend_o3_repeat1_adaptive5_20260509/o3/polybench_full/ludcmp/459/universal/runs/run_001/stdout.txt,/root/exp/RFunipassLab/external_datasets/build/runtime_matched/external_runtime_polybench_full_wrap_10seeds_backend_o3_repeat1_adaptive5_20260509/o3/polybench_full/ludcmp/459/universal/runs/run_001/stderr.txt,runtime timeout after 24.25604s
external_runtime_polybench_full_wrap_10seeds_backend_o3_repeat1_adaptive5_20260509,o3,o3,polybench_full,ludcmp,460,20260423_205014_703926_feature_lite_seed460,universal,rfunipass,1,failed,,,24.25604,True,/root/exp/RFunipassLab/external_datasets/build/runtime_matched/external_runtime_polybench_full_wrap_10seeds_backend_o3_repeat1_adaptive5_20260509/o3/polybench_full/ludcmp/460/universal/a.out,/root/exp/RFunipassLab/external_datasets/build/runtime_matched/external_runtime_polybench_full_wrap_10seeds_backend_o3_repeat1_adaptive5_20260509/o3/polybench_full/ludcmp/460/universal/universal_aa7d5985738b.ll,/root/exp/RFunipassLab/external_datasets/build/runtime_matched/external_runtime_polybench_full_wrap_10seeds_backend_o3_repeat1_adaptive5_20260509/o3/polybench_full/ludcmp/460/universal/runs/run_001/stdout.txt,/root/exp/RFunipassLab/external_datasets/build/runtime_matched/external_runtime_polybench_full_wrap_10seeds_backend_o3_repeat1_adaptive5_20260509/o3/polybench_full/ludcmp/460/universal/runs/run_001/stderr.txt,runtime timeout after 24.25604s
external_runtime_polybench_full_wrap_10seeds_backend_o3_repeat1_adaptive5_20260509,o3,o3,polybench_full,ludcmp,461,20260423_211628_575222_feature_lite_seed461,universal,rfunipass,1,failed,,,24.25604,True,/root/exp/RFunipassLab/external_datasets/build/runtime_matched/external_runtime_polybench_full_wrap_10seeds_backend_o3_repeat1_adaptive5_20260509/o3/polybench_full/ludcmp/461/universal/a.out,/root/exp/RFunipassLab/external_datasets/build/runtime_matched/external_runtime_polybench_full_wrap_10seeds_backend_o3_repeat1_adaptive5_20260509/o3/polybench_full/ludcmp/461/universal/universal_c3b20e7655ed.ll,/root/exp/RFunipassLab/external_datasets/build/runtime_matched/external_runtime_polybench_full_wrap_10seeds_backend_o3_repeat1_adaptive5_20260509/o3/polybench_full/ludcmp/461/universal/runs/run_001/stdout.txt,/root/exp/RFunipassLab/external_datasets/build/runtime_matched/external_runtime_polybench_full_wrap_10seeds_backend_o3_repeat1_adaptive5_20260509/o3/polybench_full/ludcmp/461/universal/runs/run_001/stderr.txt,runtime timeout after 24.25604s
external_runtime_polybench_full_wrap_10seeds_backend_o3_repeat1_adaptive5_20260509,o3,o3,polybench_full,ludcmp,462,20260423_214113_355045_feature_lite_seed462,universal,rfunipass,1,failed,,,24.25604,True,/root/exp/RFunipassLab/external_datasets/build/runtime_matched/external_runtime_polybench_full_wrap_10seeds_backend_o3_repeat1_adaptive5_20260509/o3/polybench_full/ludcmp/462/universal/a.out,/root/exp/RFunipassLab/external_datasets/build/runtime_matched/external_runtime_polybench_full_wrap_10seeds_backend_o3_repeat1_adaptive5_20260509/o3/polybench_full/ludcmp/462/universal/universal_4da41e9006a8.ll,/root/exp/RFunipassLab/external_datasets/build/runtime_matched/external_runtime_polybench_full_wrap_10seeds_backend_o3_repeat1_adaptive5_20260509/o3/polybench_full/ludcmp/462/universal/runs/run_001/stdout.txt,/root/exp/RFunipassLab/external_datasets/build/runtime_matched/external_runtime_polybench_full_wrap_10seeds_backend_o3_repeat1_adaptive5_20260509/o3/polybench_full/ludcmp/462/universal/runs/run_001/stderr.txt,runtime timeout after 24.25604s
external_runtime_polybench_full_wrap_10seeds_backend_o3_repeat1_adaptive5_20260509,o3,o3,polybench_full,ludcmp,463,20260423_221353_240005_feature_lite_seed463,universal,rfunipass,1,ok,4.285718,23.930915960809216,24.25604,False,/root/exp/RFunipassLab/external_datasets/build/runtime_matched/external_runtime_polybench_full_wrap_10seeds_backend_o3_repeat1_adaptive5_20260509/o3/polybench_full/ludcmp/463/universal/a.out,/root/exp/RFunipassLab/external_datasets/build/runtime_matched/external_runtime_polybench_full_wrap_10seeds_backend_o3_repeat1_adaptive5_20260509/o3/polybench_full/ludcmp/463/universal/universal_3c6e71c0df8d.ll,/root/exp/RFunipassLab/external_datasets/build/runtime_matched/external_runtime_polybench_full_wrap_10seeds_backend_o3_repeat1_adaptive5_20260509/o3/polybench_full/ludcmp/463/universal/runs/run_001/stdout.txt,/root/exp/RFunipassLab/external_datasets/build/runtime_matched/external_runtime_polybench_full_wrap_10seeds_backend_o3_repeat1_adaptive5_20260509/o3/polybench_full/ludcmp/463/universal/runs/run_001/stderr.txt,
external_runtime_polybench_full_wrap_10seeds_backend_o3_repeat1_adaptive5_20260509,o3,o3,polybench_full,ludcmp,464,20260423_230444_536999_feature_lite_seed464,universal,rfunipass,1,ok,4.457515,19.689603806938976,24.25604,False,/root/exp/RFunipassLab/external_datasets/build/runtime_matched/external_runtime_polybench_full_wrap_10seeds_backend_o3_repeat1_adaptive5_20260509/o3/polybench_full/ludcmp/464/universal/a.out,/root/exp/RFunipassLab/external_datasets/build/runtime_matched/external_runtime_polybench_full_wrap_10seeds_backend_o3_repeat1_adaptive5_20260509/o3/polybench_full/ludcmp/464/universal/universal_58aea292ea66.ll,/root/exp/RFunipassLab/external_datasets/build/runtime_matched/external_runtime_polybench_full_wrap_10seeds_backend_o3_repeat1_adaptive5_20260509/o3/polybench_full/ludcmp/464/universal/runs/run_001/stdout.txt,/root/exp/RFunipassLab/external_datasets/build/runtime_matched/external_runtime_polybench_full_wrap_10seeds_backend_o3_repeat1_adaptive5_20260509/o3/polybench_full/ludcmp/464/universal/runs/run_001/stderr.txt,
external_runtime_polybench_full_wrap_10seeds_backend_o3_repeat1_adaptive5_20260509,o3,o3,polybench_full,ludcmp,465,20260423_231957_016941_feature_lite_seed465,universal,rfunipass,1,failed,,,24.25604,True,/root/exp/RFunipassLab/external_datasets/build/runtime_matched/external_runtime_polybench_full_wrap_10seeds_backend_o3_repeat1_adaptive5_20260509/o3/polybench_full/ludcmp/465/universal/a.out,/root/exp/RFunipassLab/external_datasets/build/runtime_matched/external_runtime_polybench_full_wrap_10seeds_backend_o3_repeat1_adaptive5_20260509/o3/polybench_full/ludcmp/465/universal/universal_e2fa59514181.ll,/root/exp/RFunipassLab/external_datasets/build/runtime_matched/external_runtime_polybench_full_wrap_10seeds_backend_o3_repeat1_adaptive5_20260509/o3/polybench_full/ludcmp/465/universal/runs/run_001/stdout.txt,/root/exp/RFunipassLab/external_datasets/build/runtime_matched/external_runtime_polybench_full_wrap_10seeds_backend_o3_repeat1_adaptive5_20260509/o3/polybench_full/ludcmp/465/universal/runs/run_001/stderr.txt,runtime timeout after 24.25604s
external_runtime_polybench_full_wrap_10seeds_backend_o3_repeat1_adaptive5_20260509,o3,o3,polybench_full,trisolv,,,none,baseline,1,ok,0.006768,0.04712535417638719,300.0,False,/root/exp/RFunipassLab/external_datasets/build/runtime_matched/external_runtime_polybench_full_wrap_10seeds_backend_o3_repeat1_adaptive5_20260509/o3/polybench_full/trisolv/baseline/none/a.out,/root/exp/RFunipassLab/external_datasets/build/runtime_matched/external_runtime_polybench_full_wrap_10seeds_backend_o3_repeat1_adaptive5_20260509/o3/polybench_full/trisolv/baseline/none/none_71f8e7976e4c.ll,/root/exp/RFunipassLab/external_datasets/build/runtime_matched/external_runtime_polybench_full_wrap_10seeds_backend_o3_repeat1_adaptive5_20260509/o3/polybench_full/trisolv/baseline/none/runs/run_001/stdout.txt,/root/exp/RFunipassLab/external_datasets/build/runtime_matched/external_runtime_polybench_full_wrap_10seeds_backend_o3_repeat1_adaptive5_20260509/o3/polybench_full/trisolv/baseline/none/runs/run_001/stderr.txt,
external_runtime_polybench_full_wrap_10seeds_backend_o3_repeat1_adaptive5_20260509,o3,o3,polybench_full,trisolv,,,o3,baseline,1,ok,0.003435,0.019901700085029006,300.0,False,/root/exp/RFunipassLab/external_datasets/build/runtime_matched/external_runtime_polybench_full_wrap_10seeds_backend_o3_repeat1_adaptive5_20260509/o3/polybench_full/trisolv/baseline/o3/a.out,/root/exp/RFunipassLab/external_datasets/build/runtime_matched/external_runtime_polybench_full_wrap_10seeds_backend_o3_repeat1_adaptive5_20260509/o3/polybench_full/trisolv/baseline/o3/o3_41db216f1b51.ll,/root/exp/RFunipassLab/external_datasets/build/runtime_matched/external_runtime_polybench_full_wrap_10seeds_backend_o3_repeat1_adaptive5_20260509/o3/polybench_full/trisolv/baseline/o3/runs/run_001/stdout.txt,/root/exp/RFunipassLab/external_datasets/build/runtime_matched/external_runtime_polybench_full_wrap_10seeds_backend_o3_repeat1_adaptive5_20260509/o3/polybench_full/trisolv/baseline/o3/runs/run_001/stderr.txt,
external_runtime_polybench_full_wrap_10seeds_backend_o3_repeat1_adaptive5_20260509,o3,o3,polybench_full,trisolv,456,20260423_181846_349217_feature_lite_seed456,universal,rfunipass,1,failed,,,5.0,True,/root/exp/RFunipassLab/external_datasets/build/runtime_matched/external_runtime_polybench_full_wrap_10seeds_backend_o3_repeat1_adaptive5_20260509/o3/polybench_full/trisolv/456/universal/a.out,/root/exp/RFunipassLab/external_datasets/build/runtime_matched/external_runtime_polybench_full_wrap_10seeds_backend_o3_repeat1_adaptive5_20260509/o3/polybench_full/trisolv/456/universal/universal_1dd8ea870347.ll,/root/exp/RFunipassLab/external_datasets/build/runtime_matched/external_runtime_polybench_full_wrap_10seeds_backend_o3_repeat1_adaptive5_20260509/o3/polybench_full/trisolv/456/universal/runs/run_001/stdout.txt,/root/exp/RFunipassLab/external_datasets/build/runtime_matched/external_runtime_polybench_full_wrap_10seeds_backend_o3_repeat1_adaptive5_20260509/o3/polybench_full/trisolv/456/universal/runs/run_001/stderr.txt,runtime timeout after 5.0s
external_runtime_polybench_full_wrap_10seeds_backend_o3_repeat1_adaptive5_20260509,o3,o3,polybench_full,trisolv,457,20260423_184811_146360_feature_lite_seed457,universal,rfunipass,1,failed,,,5.0,True,/root/exp/RFunipassLab/external_datasets/build/runtime_matched/external_runtime_polybench_full_wrap_10seeds_backend_o3_repeat1_adaptive5_20260509/o3/polybench_full/trisolv/457/universal/a.out,/root/exp/RFunipassLab/external_datasets/build/runtime_matched/external_runtime_polybench_full_wrap_10seeds_backend_o3_repeat1_adaptive5_20260509/o3/polybench_full/trisolv/457/universal/universal_468197d7c679.ll,/root/exp/RFunipassLab/external_datasets/build/runtime_matched/external_runtime_polybench_full_wrap_10seeds_backend_o3_repeat1_adaptive5_20260509/o3/polybench_full/trisolv/457/universal/runs/run_001/stdout.txt,/root/exp/RFunipassLab/external_datasets/build/runtime_matched/external_runtime_polybench_full_wrap_10seeds_backend_o3_repeat1_adaptive5_20260509/o3/polybench_full/trisolv/457/universal/runs/run_001/stderr.txt,runtime timeout after 5.0s
external_runtime_polybench_full_wrap_10seeds_backend_o3_repeat1_adaptive5_20260509,o3,o3,polybench_full,trisolv,458,20260423_193326_468019_feature_lite_seed458,universal,rfunipass,1,failed,,,5.0,False,/root/exp/RFunipassLab/external_datasets/build/runtime_matched/external_runtime_polybench_full_wrap_10seeds_backend_o3_repeat1_adaptive5_20260509/o3/polybench_full/trisolv/458/universal/a.out,/root/exp/RFunipassLab/external_datasets/build/runtime_matched/external_runtime_polybench_full_wrap_10seeds_backend_o3_repeat1_adaptive5_20260509/o3/polybench_full/trisolv/458/universal/universal_bac1dd97c06b.ll,/root/exp/RFunipassLab/external_datasets/build/runtime_matched/external_runtime_polybench_full_wrap_10seeds_backend_o3_repeat1_adaptive5_20260509/o3/polybench_full/trisolv/458/universal/runs/run_001/stdout.txt,/root/exp/RFunipassLab/external_datasets/build/runtime_matched/external_runtime_polybench_full_wrap_10seeds_backend_o3_repeat1_adaptive5_20260509/o3/polybench_full/trisolv/458/universal/runs/run_001/stderr.txt,binary exited with returncode=-11
external_runtime_polybench_full_wrap_10seeds_backend_o3_repeat1_adaptive5_20260509,o3,o3,polybench_full,trisolv,459,20260423_203402_518521_feature_lite_seed459,universal,rfunipass,1,failed,,,5.0,True,/root/exp/RFunipassLab/external_datasets/build/runtime_matched/external_runtime_polybench_full_wrap_10seeds_backend_o3_repeat1_adaptive5_20260509/o3/polybench_full/trisolv/459/universal/a.out,/root/exp/RFunipassLab/external_datasets/build/runtime_matched/external_runtime_polybench_full_wrap_10seeds_backend_o3_repeat1_adaptive5_20260509/o3/polybench_full/trisolv/459/universal/universal_6d5271a22f91.ll,/root/exp/RFunipassLab/external_datasets/build/runtime_matched/external_runtime_polybench_full_wrap_10seeds_backend_o3_repeat1_adaptive5_20260509/o3/polybench_full/trisolv/459/universal/runs/run_001/stdout.txt,/root/exp/RFunipassLab/external_datasets/build/runtime_matched/external_runtime_polybench_full_wrap_10seeds_backend_o3_repeat1_adaptive5_20260509/o3/polybench_full/trisolv/459/universal/runs/run_001/stderr.txt,runtime timeout after 5.0s
external_runtime_polybench_full_wrap_10seeds_backend_o3_repeat1_adaptive5_20260509,o3,o3,polybench_full,trisolv,460,20260423_205014_703926_feature_lite_seed460,universal,rfunipass,1,failed,,,5.0,False,/root/exp/RFunipassLab/external_datasets/build/runtime_matched/external_runtime_polybench_full_wrap_10seeds_backend_o3_repeat1_adaptive5_20260509/o3/polybench_full/trisolv/460/universal/a.out,/root/exp/RFunipassLab/external_datasets/build/runtime_matched/external_runtime_polybench_full_wrap_10seeds_backend_o3_repeat1_adaptive5_20260509/o3/polybench_full/trisolv/460/universal/universal_aa7d5985738b.ll,/root/exp/RFunipassLab/external_datasets/build/runtime_matched/external_runtime_polybench_full_wrap_10seeds_backend_o3_repeat1_adaptive5_20260509/o3/polybench_full/trisolv/460/universal/runs/run_001/stdout.txt,/root/exp/RFunipassLab/external_datasets/build/runtime_matched/external_runtime_polybench_full_wrap_10seeds_backend_o3_repeat1_adaptive5_20260509/o3/polybench_full/trisolv/460/universal/runs/run_001/stderr.txt,binary exited with returncode=-11
external_runtime_polybench_full_wrap_10seeds_backend_o3_repeat1_adaptive5_20260509,o3,o3,polybench_full,trisolv,461,20260423_211628_575222_feature_lite_seed461,universal,rfunipass,1,ok,0.002955,0.018171530915424228,5.0,False,/root/exp/RFunipassLab/external_datasets/build/runtime_matched/external_runtime_polybench_full_wrap_10seeds_backend_o3_repeat1_adaptive5_20260509/o3/polybench_full/trisolv/461/universal/a.out,/root/exp/RFunipassLab/external_datasets/build/runtime_matched/external_runtime_polybench_full_wrap_10seeds_backend_o3_repeat1_adaptive5_20260509/o3/polybench_full/trisolv/461/universal/universal_c3b20e7655ed.ll,/root/exp/RFunipassLab/external_datasets/build/runtime_matched/external_runtime_polybench_full_wrap_10seeds_backend_o3_repeat1_adaptive5_20260509/o3/polybench_full/trisolv/461/universal/runs/run_001/stdout.txt,/root/exp/RFunipassLab/external_datasets/build/runtime_matched/external_runtime_polybench_full_wrap_10seeds_backend_o3_repeat1_adaptive5_20260509/o3/polybench_full/trisolv/461/universal/runs/run_001/stderr.txt,
external_runtime_polybench_full_wrap_10seeds_backend_o3_repeat1_adaptive5_20260509,o3,o3,polybench_full,trisolv,462,20260423_214113_355045_feature_lite_seed462,universal,rfunipass,1,failed,,,5.0,True,/root/exp/RFunipassLab/external_datasets/build/runtime_matched/external_runtime_polybench_full_wrap_10seeds_backend_o3_repeat1_adaptive5_20260509/o3/polybench_full/trisolv/462/universal/a.out,/root/exp/RFunipassLab/external_datasets/build/runtime_matched/external_runtime_polybench_full_wrap_10seeds_backend_o3_repeat1_adaptive5_20260509/o3/polybench_full/trisolv/462/universal/universal_4da41e9006a8.ll,/root/exp/RFunipassLab/external_datasets/build/runtime_matched/external_runtime_polybench_full_wrap_10seeds_backend_o3_repeat1_adaptive5_20260509/o3/polybench_full/trisolv/462/universal/runs/run_001/stdout.txt,/root/exp/RFunipassLab/external_datasets/build/runtime_matched/external_runtime_polybench_full_wrap_10seeds_backend_o3_repeat1_adaptive5_20260509/o3/polybench_full/trisolv/462/universal/runs/run_001/stderr.txt,runtime timeout after 5.0s
external_runtime_polybench_full_wrap_10seeds_backend_o3_repeat1_adaptive5_20260509,o3,o3,polybench_full,trisolv,463,20260423_221353_240005_feature_lite_seed463,universal,rfunipass,1,failed,,,5.0,False,/root/exp/RFunipassLab/external_datasets/build/runtime_matched/external_runtime_polybench_full_wrap_10seeds_backend_o3_repeat1_adaptive5_20260509/o3/polybench_full/trisolv/463/universal/a.out,/root/exp/RFunipassLab/external_datasets/build/runtime_matched/external_runtime_polybench_full_wrap_10seeds_backend_o3_repeat1_adaptive5_20260509/o3/polybench_full/trisolv/463/universal/universal_3c6e71c0df8d.ll,/root/exp/RFunipassLab/external_datasets/build/runtime_matched/external_runtime_polybench_full_wrap_10seeds_backend_o3_repeat1_adaptive5_20260509/o3/polybench_full/trisolv/463/universal/runs/run_001/stdout.txt,/root/exp/RFunipassLab/external_datasets/build/runtime_matched/external_runtime_polybench_full_wrap_10seeds_backend_o3_repeat1_adaptive5_20260509/o3/polybench_full/trisolv/463/universal/runs/run_001/stderr.txt,binary exited with returncode=-11
external_runtime_polybench_full_wrap_10seeds_backend_o3_repeat1_adaptive5_20260509,o3,o3,polybench_full,trisolv,464,20260423_230444_536999_feature_lite_seed464,universal,rfunipass,1,failed,,,5.0,True,/root/exp/RFunipassLab/external_datasets/build/runtime_matched/external_runtime_polybench_full_wrap_10seeds_backend_o3_repeat1_adaptive5_20260509/o3/polybench_full/trisolv/464/universal/a.out,/root/exp/RFunipassLab/external_datasets/build/runtime_matched/external_runtime_polybench_full_wrap_10seeds_backend_o3_repeat1_adaptive5_20260509/o3/polybench_full/trisolv/464/universal/universal_58aea292ea66.ll,/root/exp/RFunipassLab/external_datasets/build/runtime_matched/external_runtime_polybench_full_wrap_10seeds_backend_o3_repeat1_adaptive5_20260509/o3/polybench_full/trisolv/464/universal/runs/run_001/stdout.txt,/root/exp/RFunipassLab/external_datasets/build/runtime_matched/external_runtime_polybench_full_wrap_10seeds_backend_o3_repeat1_adaptive5_20260509/o3/polybench_full/trisolv/464/universal/runs/run_001/stderr.txt,runtime timeout after 5.0s
external_runtime_polybench_full_wrap_10seeds_backend_o3_repeat1_adaptive5_20260509,o3,o3,polybench_full,trisolv,465,20260423_231957_016941_feature_lite_seed465,universal,rfunipass,1,failed,,,5.0,True,/root/exp/RFunipassLab/external_datasets/build/runtime_matched/external_runtime_polybench_full_wrap_10seeds_backend_o3_repeat1_adaptive5_20260509/o3/polybench_full/trisolv/465/universal/a.out,/root/exp/RFunipassLab/external_datasets/build/runtime_matched/external_runtime_polybench_full_wrap_10seeds_backend_o3_repeat1_adaptive5_20260509/o3/polybench_full/trisolv/465/universal/universal_e2fa59514181.ll,/root/exp/RFunipassLab/external_datasets/build/runtime_matched/external_runtime_polybench_full_wrap_10seeds_backend_o3_repeat1_adaptive5_20260509/o3/polybench_full/trisolv/465/universal/runs/run_001/stdout.txt,/root/exp/RFunipassLab/external_datasets/build/runtime_matched/external_runtime_polybench_full_wrap_10seeds_backend_o3_repeat1_adaptive5_20260509/o3/polybench_full/trisolv/465/universal/runs/run_001/stderr.txt,runtime timeout after 5.0s
external_runtime_polybench_full_wrap_10seeds_backend_o3_repeat1_adaptive5_20260509,o3,o3,polybench_full,deriche,,,none,baseline,1,ok,0.419108,0.4816066350322217,300.0,False,/root/exp/RFunipassLab/external_datasets/build/runtime_matched/external_runtime_polybench_full_wrap_10seeds_backend_o3_repeat1_adaptive5_20260509/o3/polybench_full/deriche/baseline/none/a.out,/root/exp/RFunipassLab/external_datasets/build/runtime_matched/external_runtime_polybench_full_wrap_10seeds_backend_o3_repeat1_adaptive5_20260509/o3/polybench_full/deriche/baseline/none/none_71f8e7976e4c.ll,/root/exp/RFunipassLab/external_datasets/build/runtime_matched/external_runtime_polybench_full_wrap_10seeds_backend_o3_repeat1_adaptive5_20260509/o3/polybench_full/deriche/baseline/none/runs/run_001/stdout.txt,/root/exp/RFunipassLab/external_datasets/build/runtime_matched/external_runtime_polybench_full_wrap_10seeds_backend_o3_repeat1_adaptive5_20260509/o3/polybench_full/deriche/baseline/none/runs/run_001/stderr.txt,
external_runtime_polybench_full_wrap_10seeds_backend_o3_repeat1_adaptive5_20260509,o3,o3,polybench_full,deriche,,,o3,baseline,1,ok,0.286061,0.3134597761090845,300.0,False,/root/exp/RFunipassLab/external_datasets/build/runtime_matched/external_runtime_polybench_full_wrap_10seeds_backend_o3_repeat1_adaptive5_20260509/o3/polybench_full/deriche/baseline/o3/a.out,/root/exp/RFunipassLab/external_datasets/build/runtime_matched/external_runtime_polybench_full_wrap_10seeds_backend_o3_repeat1_adaptive5_20260509/o3/polybench_full/deriche/baseline/o3/o3_41db216f1b51.ll,/root/exp/RFunipassLab/external_datasets/build/runtime_matched/external_runtime_polybench_full_wrap_10seeds_backend_o3_repeat1_adaptive5_20260509/o3/polybench_full/deriche/baseline/o3/runs/run_001/stdout.txt,/root/exp/RFunipassLab/external_datasets/build/runtime_matched/external_runtime_polybench_full_wrap_10seeds_backend_o3_repeat1_adaptive5_20260509/o3/polybench_full/deriche/baseline/o3/runs/run_001/stderr.txt,
external_runtime_polybench_full_wrap_10seeds_backend_o3_repeat1_adaptive5_20260509,o3,o3,polybench_full,deriche,456,20260423_181846_349217_feature_lite_seed456,universal,rfunipass,1,failed,,,5.0,True,/root/exp/RFunipassLab/external_datasets/build/runtime_matched/external_runtime_polybench_full_wrap_10seeds_backend_o3_repeat1_adaptive5_20260509/o3/polybench_full/deriche/456/universal/a.out,/root/exp/RFunipassLab/external_datasets/build/runtime_matched/external_runtime_polybench_full_wrap_10seeds_backend_o3_repeat1_adaptive5_20260509/o3/polybench_full/deriche/456/universal/universal_1dd8ea870347.ll,/root/exp/RFunipassLab/external_datasets/build/runtime_matched/external_runtime_polybench_full_wrap_10seeds_backend_o3_repeat1_adaptive5_20260509/o3/polybench_full/deriche/456/universal/runs/run_001/stdout.txt,/root/exp/RFunipassLab/external_datasets/build/runtime_matched/external_runtime_polybench_full_wrap_10seeds_backend_o3_repeat1_adaptive5_20260509/o3/polybench_full/deriche/456/universal/runs/run_001/stderr.txt,runtime timeout after 5.0s
external_runtime_polybench_full_wrap_10seeds_backend_o3_repeat1_adaptive5_20260509,o3,o3,polybench_full,deriche,457,20260423_184811_146360_feature_lite_seed457,universal,rfunipass,1,failed,,,5.0,True,/root/exp/RFunipassLab/external_datasets/build/runtime_matched/external_runtime_polybench_full_wrap_10seeds_backend_o3_repeat1_adaptive5_20260509/o3/polybench_full/deriche/457/universal/a.out,/root/exp/RFunipassLab/external_datasets/build/runtime_matched/external_runtime_polybench_full_wrap_10seeds_backend_o3_repeat1_adaptive5_20260509/o3/polybench_full/deriche/457/universal/universal_468197d7c679.ll,/root/exp/RFunipassLab/external_datasets/build/runtime_matched/external_runtime_polybench_full_wrap_10seeds_backend_o3_repeat1_adaptive5_20260509/o3/polybench_full/deriche/457/universal/runs/run_001/stdout.txt,/root/exp/RFunipassLab/external_datasets/build/runtime_matched/external_runtime_polybench_full_wrap_10seeds_backend_o3_repeat1_adaptive5_20260509/o3/polybench_full/deriche/457/universal/runs/run_001/stderr.txt,runtime timeout after 5.0s
external_runtime_polybench_full_wrap_10seeds_backend_o3_repeat1_adaptive5_20260509,o3,o3,polybench_full,deriche,458,20260423_193326_468019_feature_lite_seed458,universal,rfunipass,1,failed,,,5.0,True,/root/exp/RFunipassLab/external_datasets/build/runtime_matched/external_runtime_polybench_full_wrap_10seeds_backend_o3_repeat1_adaptive5_20260509/o3/polybench_full/deriche/458/universal/a.out,/root/exp/RFunipassLab/external_datasets/build/runtime_matched/external_runtime_polybench_full_wrap_10seeds_backend_o3_repeat1_adaptive5_20260509/o3/polybench_full/deriche/458/universal/universal_bac1dd97c06b.ll,/root/exp/RFunipassLab/external_datasets/build/runtime_matched/external_runtime_polybench_full_wrap_10seeds_backend_o3_repeat1_adaptive5_20260509/o3/polybench_full/deriche/458/universal/runs/run_001/stdout.txt,/root/exp/RFunipassLab/external_datasets/build/runtime_matched/external_runtime_polybench_full_wrap_10seeds_backend_o3_repeat1_adaptive5_20260509/o3/polybench_full/deriche/458/universal/runs/run_001/stderr.txt,runtime timeout after 5.0s
external_runtime_polybench_full_wrap_10seeds_backend_o3_repeat1_adaptive5_20260509,o3,o3,polybench_full,deriche,459,20260423_203402_518521_feature_lite_seed459,universal,rfunipass,1,ok,0.283519,0.3269521789625287,5.0,False,/root/exp/RFunipassLab/external_datasets/build/runtime_matched/external_runtime_polybench_full_wrap_10seeds_backend_o3_repeat1_adaptive5_20260509/o3/polybench_full/deriche/459/universal/a.out,/root/exp/RFunipassLab/external_datasets/build/runtime_matched/external_runtime_polybench_full_wrap_10seeds_backend_o3_repeat1_adaptive5_20260509/o3/polybench_full/deriche/459/universal/universal_6d5271a22f91.ll,/root/exp/RFunipassLab/external_datasets/build/runtime_matched/external_runtime_polybench_full_wrap_10seeds_backend_o3_repeat1_adaptive5_20260509/o3/polybench_full/deriche/459/universal/runs/run_001/stdout.txt,/root/exp/RFunipassLab/external_datasets/build/runtime_matched/external_runtime_polybench_full_wrap_10seeds_backend_o3_repeat1_adaptive5_20260509/o3/polybench_full/deriche/459/universal/runs/run_001/stderr.txt,
external_runtime_polybench_full_wrap_10seeds_backend_o3_repeat1_adaptive5_20260509,o3,o3,polybench_full,deriche,460,20260423_205014_703926_feature_lite_seed460,universal,rfunipass,1,failed,,,5.0,True,/root/exp/RFunipassLab/external_datasets/build/runtime_matched/external_runtime_polybench_full_wrap_10seeds_backend_o3_repeat1_adaptive5_20260509/o3/polybench_full/deriche/460/universal/a.out,/root/exp/RFunipassLab/external_datasets/build/runtime_matched/external_runtime_polybench_full_wrap_10seeds_backend_o3_repeat1_adaptive5_20260509/o3/polybench_full/deriche/460/universal/universal_aa7d5985738b.ll,/root/exp/RFunipassLab/external_datasets/build/runtime_matched/external_runtime_polybench_full_wrap_10seeds_backend_o3_repeat1_adaptive5_20260509/o3/polybench_full/deriche/460/universal/runs/run_001/stdout.txt,/root/exp/RFunipassLab/external_datasets/build/runtime_matched/external_runtime_polybench_full_wrap_10seeds_backend_o3_repeat1_adaptive5_20260509/o3/polybench_full/deriche/460/universal/runs/run_001/stderr.txt,runtime timeout after 5.0s
external_runtime_polybench_full_wrap_10seeds_backend_o3_repeat1_adaptive5_20260509,o3,o3,polybench_full,deriche,461,20260423_211628_575222_feature_lite_seed461,universal,rfunipass,1,ok,0.283496,0.3161820280365646,5.0,False,/root/exp/RFunipassLab/external_datasets/build/runtime_matched/external_runtime_polybench_full_wrap_10seeds_backend_o3_repeat1_adaptive5_20260509/o3/polybench_full/deriche/461/universal/a.out,/root/exp/RFunipassLab/external_datasets/build/runtime_matched/external_runtime_polybench_full_wrap_10seeds_backend_o3_repeat1_adaptive5_20260509/o3/polybench_full/deriche/461/universal/universal_c3b20e7655ed.ll,/root/exp/RFunipassLab/external_datasets/build/runtime_matched/external_runtime_polybench_full_wrap_10seeds_backend_o3_repeat1_adaptive5_20260509/o3/polybench_full/deriche/461/universal/runs/run_001/stdout.txt,/root/exp/RFunipassLab/external_datasets/build/runtime_matched/external_runtime_polybench_full_wrap_10seeds_backend_o3_repeat1_adaptive5_20260509/o3/polybench_full/deriche/461/universal/runs/run_001/stderr.txt,
external_runtime_polybench_full_wrap_10seeds_backend_o3_repeat1_adaptive5_20260509,o3,o3,polybench_full,deriche,462,20260423_214113_355045_feature_lite_seed462,universal,rfunipass,1,failed,,,5.0,True,/root/exp/RFunipassLab/external_datasets/build/runtime_matched/external_runtime_polybench_full_wrap_10seeds_backend_o3_repeat1_adaptive5_20260509/o3/polybench_full/deriche/462/universal/a.out,/root/exp/RFunipassLab/external_datasets/build/runtime_matched/external_runtime_polybench_full_wrap_10seeds_backend_o3_repeat1_adaptive5_20260509/o3/polybench_full/deriche/462/universal/universal_4da41e9006a8.ll,/root/exp/RFunipassLab/external_datasets/build/runtime_matched/external_runtime_polybench_full_wrap_10seeds_backend_o3_repeat1_adaptive5_20260509/o3/polybench_full/deriche/462/universal/runs/run_001/stdout.txt,/root/exp/RFunipassLab/external_datasets/build/runtime_matched/external_runtime_polybench_full_wrap_10seeds_backend_o3_repeat1_adaptive5_20260509/o3/polybench_full/deriche/462/universal/runs/run_001/stderr.txt,runtime timeout after 5.0s
external_runtime_polybench_full_wrap_10seeds_backend_o3_repeat1_adaptive5_20260509,o3,o3,polybench_full,deriche,463,20260423_221353_240005_feature_lite_seed463,universal,rfunipass,1,failed,,,5.0,True,/root/exp/RFunipassLab/external_datasets/build/runtime_matched/external_runtime_polybench_full_wrap_10seeds_backend_o3_repeat1_adaptive5_20260509/o3/polybench_full/deriche/463/universal/a.out,/root/exp/RFunipassLab/external_datasets/build/runtime_matched/external_runtime_polybench_full_wrap_10seeds_backend_o3_repeat1_adaptive5_20260509/o3/polybench_full/deriche/463/universal/universal_3c6e71c0df8d.ll,/root/exp/RFunipassLab/external_datasets/build/runtime_matched/external_runtime_polybench_full_wrap_10seeds_backend_o3_repeat1_adaptive5_20260509/o3/polybench_full/deriche/463/universal/runs/run_001/stdout.txt,/root/exp/RFunipassLab/external_datasets/build/runtime_matched/external_runtime_polybench_full_wrap_10seeds_backend_o3_repeat1_adaptive5_20260509/o3/polybench_full/deriche/463/universal/runs/run_001/stderr.txt,runtime timeout after 5.0s
external_runtime_polybench_full_wrap_10seeds_backend_o3_repeat1_adaptive5_20260509,o3,o3,polybench_full,deriche,464,20260423_230444_536999_feature_lite_seed464,universal,rfunipass,1,failed,,,5.0,True,/root/exp/RFunipassLab/external_datasets/build/runtime_matched/external_runtime_polybench_full_wrap_10seeds_backend_o3_repeat1_adaptive5_20260509/o3/polybench_full/deriche/464/universal/a.out,/root/exp/RFunipassLab/external_datasets/build/runtime_matched/external_runtime_polybench_full_wrap_10seeds_backend_o3_repeat1_adaptive5_20260509/o3/polybench_full/deriche/464/universal/universal_58aea292ea66.ll,/root/exp/RFunipassLab/external_datasets/build/runtime_matched/external_runtime_polybench_full_wrap_10seeds_backend_o3_repeat1_adaptive5_20260509/o3/polybench_full/deriche/464/universal/runs/run_001/stdout.txt,/root/exp/RFunipassLab/external_datasets/build/runtime_matched/external_runtime_polybench_full_wrap_10seeds_backend_o3_repeat1_adaptive5_20260509/o3/polybench_full/deriche/464/universal/runs/run_001/stderr.txt,runtime timeout after 5.0s
external_runtime_polybench_full_wrap_10seeds_backend_o3_repeat1_adaptive5_20260509,o3,o3,polybench_full,deriche,465,20260423_231957_016941_feature_lite_seed465,universal,rfunipass,1,ok,1778327769.641174,0.3182901518885046,5.0,False,/root/exp/RFunipassLab/external_datasets/build/runtime_matched/external_runtime_polybench_full_wrap_10seeds_backend_o3_repeat1_adaptive5_20260509/o3/polybench_full/deriche/465/universal/a.out,/root/exp/RFunipassLab/external_datasets/build/runtime_matched/external_runtime_polybench_full_wrap_10seeds_backend_o3_repeat1_adaptive5_20260509/o3/polybench_full/deriche/465/universal/universal_e2fa59514181.ll,/root/exp/RFunipassLab/external_datasets/build/runtime_matched/external_runtime_polybench_full_wrap_10seeds_backend_o3_repeat1_adaptive5_20260509/o3/polybench_full/deriche/465/universal/runs/run_001/stdout.txt,/root/exp/RFunipassLab/external_datasets/build/runtime_matched/external_runtime_polybench_full_wrap_10seeds_backend_o3_repeat1_adaptive5_20260509/o3/polybench_full/deriche/465/universal/runs/run_001/stderr.txt,
external_runtime_polybench_full_wrap_10seeds_backend_o3_repeat1_adaptive5_20260509,o3,o3,polybench_full,floyd-warshall,,,none,baseline,1,ok,61.08341,61.15068362513557,300.0,False,/root/exp/RFunipassLab/external_datasets/build/runtime_matched/external_runtime_polybench_full_wrap_10seeds_backend_o3_repeat1_adaptive5_20260509/o3/polybench_full/floyd-warshall/baseline/none/a.out,/root/exp/RFunipassLab/external_datasets/build/runtime_matched/external_runtime_polybench_full_wrap_10seeds_backend_o3_repeat1_adaptive5_20260509/o3/polybench_full/floyd-warshall/baseline/none/none_71f8e7976e4c.ll,/root/exp/RFunipassLab/external_datasets/build/runtime_matched/external_runtime_polybench_full_wrap_10seeds_backend_o3_repeat1_adaptive5_20260509/o3/polybench_full/floyd-warshall/baseline/none/runs/run_001/stdout.txt,/root/exp/RFunipassLab/external_datasets/build/runtime_matched/external_runtime_polybench_full_wrap_10seeds_backend_o3_repeat1_adaptive5_20260509/o3/polybench_full/floyd-warshall/baseline/none/runs/run_001/stderr.txt,
external_runtime_polybench_full_wrap_10seeds_backend_o3_repeat1_adaptive5_20260509,o3,o3,polybench_full,floyd-warshall,,,o3,baseline,1,ok,14.89823,14.933524986961856,300.0,False,/root/exp/RFunipassLab/external_datasets/build/runtime_matched/external_runtime_polybench_full_wrap_10seeds_backend_o3_repeat1_adaptive5_20260509/o3/polybench_full/floyd-warshall/baseline/o3/a.out,/root/exp/RFunipassLab/external_datasets/build/runtime_matched/external_runtime_polybench_full_wrap_10seeds_backend_o3_repeat1_adaptive5_20260509/o3/polybench_full/floyd-warshall/baseline/o3/o3_41db216f1b51.ll,/root/exp/RFunipassLab/external_datasets/build/runtime_matched/external_runtime_polybench_full_wrap_10seeds_backend_o3_repeat1_adaptive5_20260509/o3/polybench_full/floyd-warshall/baseline/o3/runs/run_001/stdout.txt,/root/exp/RFunipassLab/external_datasets/build/runtime_matched/external_runtime_polybench_full_wrap_10seeds_backend_o3_repeat1_adaptive5_20260509/o3/polybench_full/floyd-warshall/baseline/o3/runs/run_001/stderr.txt,
external_runtime_polybench_full_wrap_10seeds_backend_o3_repeat1_adaptive5_20260509,o3,o3,polybench_full,floyd-warshall,456,20260423_181846_349217_feature_lite_seed456,universal,rfunipass,1,failed,,,74.49115,True,/root/exp/RFunipassLab/external_datasets/build/runtime_matched/external_runtime_polybench_full_wrap_10seeds_backend_o3_repeat1_adaptive5_20260509/o3/polybench_full/floyd-warshall/456/universal/a.out,/root/exp/RFunipassLab/external_datasets/build/runtime_matched/external_runtime_polybench_full_wrap_10seeds_backend_o3_repeat1_adaptive5_20260509/o3/polybench_full/floyd-warshall/456/universal/universal_1dd8ea870347.ll,/root/exp/RFunipassLab/external_datasets/build/runtime_matched/external_runtime_polybench_full_wrap_10seeds_backend_o3_repeat1_adaptive5_20260509/o3/polybench_full/floyd-warshall/456/universal/runs/run_001/stdout.txt,/root/exp/RFunipassLab/external_datasets/build/runtime_matched/external_runtime_polybench_full_wrap_10seeds_backend_o3_repeat1_adaptive5_20260509/o3/polybench_full/floyd-warshall/456/universal/runs/run_001/stderr.txt,runtime timeout after 74.49115s
external_runtime_polybench_full_wrap_10seeds_backend_o3_repeat1_adaptive5_20260509,o3,o3,polybench_full,floyd-warshall,457,20260423_184811_146360_feature_lite_seed457,universal,rfunipass,1,failed,,,74.49115,False,/root/exp/RFunipassLab/external_datasets/build/runtime_matched/external_runtime_polybench_full_wrap_10seeds_backend_o3_repeat1_adaptive5_20260509/o3/polybench_full/floyd-warshall/457/universal/a.out,/root/exp/RFunipassLab/external_datasets/build/runtime_matched/external_runtime_polybench_full_wrap_10seeds_backend_o3_repeat1_adaptive5_20260509/o3/polybench_full/floyd-warshall/457/universal/universal_468197d7c679.ll,/root/exp/RFunipassLab/external_datasets/build/runtime_matched/external_runtime_polybench_full_wrap_10seeds_backend_o3_repeat1_adaptive5_20260509/o3/polybench_full/floyd-warshall/457/universal/runs/run_001/stdout.txt,/root/exp/RFunipassLab/external_datasets/build/runtime_matched/external_runtime_polybench_full_wrap_10seeds_backend_o3_repeat1_adaptive5_20260509/o3/polybench_full/floyd-warshall/457/universal/runs/run_001/stderr.txt,binary exited with returncode=-11
external_runtime_polybench_full_wrap_10seeds_backend_o3_repeat1_adaptive5_20260509,o3,o3,polybench_full,floyd-warshall,458,20260423_193326_468019_feature_lite_seed458,universal,rfunipass,1,failed,,,74.49115,False,/root/exp/RFunipassLab/external_datasets/build/runtime_matched/external_runtime_polybench_full_wrap_10seeds_backend_o3_repeat1_adaptive5_20260509/o3/polybench_full/floyd-warshall/458/universal/a.out,/root/exp/RFunipassLab/external_datasets/build/runtime_matched/external_runtime_polybench_full_wrap_10seeds_backend_o3_repeat1_adaptive5_20260509/o3/polybench_full/floyd-warshall/458/universal/universal_bac1dd97c06b.ll,/root/exp/RFunipassLab/external_datasets/build/runtime_matched/external_runtime_polybench_full_wrap_10seeds_backend_o3_repeat1_adaptive5_20260509/o3/polybench_full/floyd-warshall/458/universal/runs/run_001/stdout.txt,/root/exp/RFunipassLab/external_datasets/build/runtime_matched/external_runtime_polybench_full_wrap_10seeds_backend_o3_repeat1_adaptive5_20260509/o3/polybench_full/floyd-warshall/458/universal/runs/run_001/stderr.txt,binary exited with returncode=-11
external_runtime_polybench_full_wrap_10seeds_backend_o3_repeat1_adaptive5_20260509,o3,o3,polybench_full,floyd-warshall,459,20260423_203402_518521_feature_lite_seed459,universal,rfunipass,1,failed,,,74.49115,False,/root/exp/RFunipassLab/external_datasets/build/runtime_matched/external_runtime_polybench_full_wrap_10seeds_backend_o3_repeat1_adaptive5_20260509/o3/polybench_full/floyd-warshall/459/universal/a.out,/root/exp/RFunipassLab/external_datasets/build/runtime_matched/external_runtime_polybench_full_wrap_10seeds_backend_o3_repeat1_adaptive5_20260509/o3/polybench_full/floyd-warshall/459/universal/universal_6d5271a22f91.ll,/root/exp/RFunipassLab/external_datasets/build/runtime_matched/external_runtime_polybench_full_wrap_10seeds_backend_o3_repeat1_adaptive5_20260509/o3/polybench_full/floyd-warshall/459/universal/runs/run_001/stdout.txt,/root/exp/RFunipassLab/external_datasets/build/runtime_matched/external_runtime_polybench_full_wrap_10seeds_backend_o3_repeat1_adaptive5_20260509/o3/polybench_full/floyd-warshall/459/universal/runs/run_001/stderr.txt,binary exited with returncode=-11
external_runtime_polybench_full_wrap_10seeds_backend_o3_repeat1_adaptive5_20260509,o3,o3,polybench_full,floyd-warshall,460,20260423_205014_703926_feature_lite_seed460,universal,rfunipass,1,failed,,,74.49115,False,/root/exp/RFunipassLab/external_datasets/build/runtime_matched/external_runtime_polybench_full_wrap_10seeds_backend_o3_repeat1_adaptive5_20260509/o3/polybench_full/floyd-warshall/460/universal/a.out,/root/exp/RFunipassLab/external_datasets/build/runtime_matched/external_runtime_polybench_full_wrap_10seeds_backend_o3_repeat1_adaptive5_20260509/o3/polybench_full/floyd-warshall/460/universal/universal_aa7d5985738b.ll,/root/exp/RFunipassLab/external_datasets/build/runtime_matched/external_runtime_polybench_full_wrap_10seeds_backend_o3_repeat1_adaptive5_20260509/o3/polybench_full/floyd-warshall/460/universal/runs/run_001/stdout.txt,/root/exp/RFunipassLab/external_datasets/build/runtime_matched/external_runtime_polybench_full_wrap_10seeds_backend_o3_repeat1_adaptive5_20260509/o3/polybench_full/floyd-warshall/460/universal/runs/run_001/stderr.txt,binary exited with returncode=-11
external_runtime_polybench_full_wrap_10seeds_backend_o3_repeat1_adaptive5_20260509,o3,o3,polybench_full,floyd-warshall,461,20260423_211628_575222_feature_lite_seed461,universal,rfunipass,1,failed,,,74.49115,False,/root/exp/RFunipassLab/external_datasets/build/runtime_matched/external_runtime_polybench_full_wrap_10seeds_backend_o3_repeat1_adaptive5_20260509/o3/polybench_full/floyd-warshall/461/universal/a.out,/root/exp/RFunipassLab/external_datasets/build/runtime_matched/external_runtime_polybench_full_wrap_10seeds_backend_o3_repeat1_adaptive5_20260509/o3/polybench_full/floyd-warshall/461/universal/universal_c3b20e7655ed.ll,/root/exp/RFunipassLab/external_datasets/build/runtime_matched/external_runtime_polybench_full_wrap_10seeds_backend_o3_repeat1_adaptive5_20260509/o3/polybench_full/floyd-warshall/461/universal/runs/run_001/stdout.txt,/root/exp/RFunipassLab/external_datasets/build/runtime_matched/external_runtime_polybench_full_wrap_10seeds_backend_o3_repeat1_adaptive5_20260509/o3/polybench_full/floyd-warshall/461/universal/runs/run_001/stderr.txt,binary exited with returncode=-11
external_runtime_polybench_full_wrap_10seeds_backend_o3_repeat1_adaptive5_20260509,o3,o3,polybench_full,floyd-warshall,462,20260423_214113_355045_feature_lite_seed462,universal,rfunipass,1,failed,,,74.49115,False,/root/exp/RFunipassLab/external_datasets/build/runtime_matched/external_runtime_polybench_full_wrap_10seeds_backend_o3_repeat1_adaptive5_20260509/o3/polybench_full/floyd-warshall/462/universal/a.out,/root/exp/RFunipassLab/external_datasets/build/runtime_matched/external_runtime_polybench_full_wrap_10seeds_backend_o3_repeat1_adaptive5_20260509/o3/polybench_full/floyd-warshall/462/universal/universal_4da41e9006a8.ll,/root/exp/RFunipassLab/external_datasets/build/runtime_matched/external_runtime_polybench_full_wrap_10seeds_backend_o3_repeat1_adaptive5_20260509/o3/polybench_full/floyd-warshall/462/universal/runs/run_001/stdout.txt,/root/exp/RFunipassLab/external_datasets/build/runtime_matched/external_runtime_polybench_full_wrap_10seeds_backend_o3_repeat1_adaptive5_20260509/o3/polybench_full/floyd-warshall/462/universal/runs/run_001/stderr.txt,binary exited with returncode=-11
external_runtime_polybench_full_wrap_10seeds_backend_o3_repeat1_adaptive5_20260509,o3,o3,polybench_full,floyd-warshall,463,20260423_221353_240005_feature_lite_seed463,universal,rfunipass,1,failed,,,74.49115,True,/root/exp/RFunipassLab/external_datasets/build/runtime_matched/external_runtime_polybench_full_wrap_10seeds_backend_o3_repeat1_adaptive5_20260509/o3/polybench_full/floyd-warshall/463/universal/a.out,/root/exp/RFunipassLab/external_datasets/build/runtime_matched/external_runtime_polybench_full_wrap_10seeds_backend_o3_repeat1_adaptive5_20260509/o3/polybench_full/floyd-warshall/463/universal/universal_3c6e71c0df8d.ll,/root/exp/RFunipassLab/external_datasets/build/runtime_matched/external_runtime_polybench_full_wrap_10seeds_backend_o3_repeat1_adaptive5_20260509/o3/polybench_full/floyd-warshall/463/universal/runs/run_001/stdout.txt,/root/exp/RFunipassLab/external_datasets/build/runtime_matched/external_runtime_polybench_full_wrap_10seeds_backend_o3_repeat1_adaptive5_20260509/o3/polybench_full/floyd-warshall/463/universal/runs/run_001/stderr.txt,runtime timeout after 74.49115s
external_runtime_polybench_full_wrap_10seeds_backend_o3_repeat1_adaptive5_20260509,o3,o3,polybench_full,floyd-warshall,464,20260423_230444_536999_feature_lite_seed464,universal,rfunipass,1,failed,,,74.49115,True,/root/exp/RFunipassLab/external_datasets/build/runtime_matched/external_runtime_polybench_full_wrap_10seeds_backend_o3_repeat1_adaptive5_20260509/o3/polybench_full/floyd-warshall/464/universal/a.out,/root/exp/RFunipassLab/external_datasets/build/runtime_matched/external_runtime_polybench_full_wrap_10seeds_backend_o3_repeat1_adaptive5_20260509/o3/polybench_full/floyd-warshall/464/universal/universal_58aea292ea66.ll,/root/exp/RFunipassLab/external_datasets/build/runtime_matched/external_runtime_polybench_full_wrap_10seeds_backend_o3_repeat1_adaptive5_20260509/o3/polybench_full/floyd-warshall/464/universal/runs/run_001/stdout.txt,/root/exp/RFunipassLab/external_datasets/build/runtime_matched/external_runtime_polybench_full_wrap_10seeds_backend_o3_repeat1_adaptive5_20260509/o3/polybench_full/floyd-warshall/464/universal/runs/run_001/stderr.txt,runtime timeout after 74.49115s
external_runtime_polybench_full_wrap_10seeds_backend_o3_repeat1_adaptive5_20260509,o3,o3,polybench_full,floyd-warshall,465,20260423_231957_016941_feature_lite_seed465,universal,rfunipass,1,failed,,,74.49115,False,/root/exp/RFunipassLab/external_datasets/build/runtime_matched/external_runtime_polybench_full_wrap_10seeds_backend_o3_repeat1_adaptive5_20260509/o3/polybench_full/floyd-warshall/465/universal/a.out,/root/exp/RFunipassLab/external_datasets/build/runtime_matched/external_runtime_polybench_full_wrap_10seeds_backend_o3_repeat1_adaptive5_20260509/o3/polybench_full/floyd-warshall/465/universal/universal_e2fa59514181.ll,/root/exp/RFunipassLab/external_datasets/build/runtime_matched/external_runtime_polybench_full_wrap_10seeds_backend_o3_repeat1_adaptive5_20260509/o3/polybench_full/floyd-warshall/465/universal/runs/run_001/stdout.txt,/root/exp/RFunipassLab/external_datasets/build/runtime_matched/external_runtime_polybench_full_wrap_10seeds_backend_o3_repeat1_adaptive5_20260509/o3/polybench_full/floyd-warshall/465/universal/runs/run_001/stderr.txt,binary exited with returncode=-11
external_runtime_polybench_full_wrap_10seeds_backend_o3_repeat1_adaptive5_20260509,o3,o3,polybench_full,nussinov,,,none,baseline,1,ok,9.278706,9.327116317115724,300.0,False,/root/exp/RFunipassLab/external_datasets/build/runtime_matched/external_runtime_polybench_full_wrap_10seeds_backend_o3_repeat1_adaptive5_20260509/o3/polybench_full/nussinov/baseline/none/a.out,/root/exp/RFunipassLab/external_datasets/build/runtime_matched/external_runtime_polybench_full_wrap_10seeds_backend_o3_repeat1_adaptive5_20260509/o3/polybench_full/nussinov/baseline/none/none_71f8e7976e4c.ll,/root/exp/RFunipassLab/external_datasets/build/runtime_matched/external_runtime_polybench_full_wrap_10seeds_backend_o3_repeat1_adaptive5_20260509/o3/polybench_full/nussinov/baseline/none/runs/run_001/stdout.txt,/root/exp/RFunipassLab/external_datasets/build/runtime_matched/external_runtime_polybench_full_wrap_10seeds_backend_o3_repeat1_adaptive5_20260509/o3/polybench_full/nussinov/baseline/none/runs/run_001/stderr.txt,
external_runtime_polybench_full_wrap_10seeds_backend_o3_repeat1_adaptive5_20260509,o3,o3,polybench_full,nussinov,,,o3,baseline,1,ok,3.183512,3.2019688410218805,300.0,False,/root/exp/RFunipassLab/external_datasets/build/runtime_matched/external_runtime_polybench_full_wrap_10seeds_backend_o3_repeat1_adaptive5_20260509/o3/polybench_full/nussinov/baseline/o3/a.out,/root/exp/RFunipassLab/external_datasets/build/runtime_matched/external_runtime_polybench_full_wrap_10seeds_backend_o3_repeat1_adaptive5_20260509/o3/polybench_full/nussinov/baseline/o3/o3_41db216f1b51.ll,/root/exp/RFunipassLab/external_datasets/build/runtime_matched/external_runtime_polybench_full_wrap_10seeds_backend_o3_repeat1_adaptive5_20260509/o3/polybench_full/nussinov/baseline/o3/runs/run_001/stdout.txt,/root/exp/RFunipassLab/external_datasets/build/runtime_matched/external_runtime_polybench_full_wrap_10seeds_backend_o3_repeat1_adaptive5_20260509/o3/polybench_full/nussinov/baseline/o3/runs/run_001/stderr.txt,
external_runtime_polybench_full_wrap_10seeds_backend_o3_repeat1_adaptive5_20260509,o3,o3,polybench_full,nussinov,456,20260423_181846_349217_feature_lite_seed456,universal,rfunipass,1,ok,3.417194,3.4435729251708835,15.91756,False,/root/exp/RFunipassLab/external_datasets/build/runtime_matched/external_runtime_polybench_full_wrap_10seeds_backend_o3_repeat1_adaptive5_20260509/o3/polybench_full/nussinov/456/universal/a.out,/root/exp/RFunipassLab/external_datasets/build/runtime_matched/external_runtime_polybench_full_wrap_10seeds_backend_o3_repeat1_adaptive5_20260509/o3/polybench_full/nussinov/456/universal/universal_1dd8ea870347.ll,/root/exp/RFunipassLab/external_datasets/build/runtime_matched/external_runtime_polybench_full_wrap_10seeds_backend_o3_repeat1_adaptive5_20260509/o3/polybench_full/nussinov/456/universal/runs/run_001/stdout.txt,/root/exp/RFunipassLab/external_datasets/build/runtime_matched/external_runtime_polybench_full_wrap_10seeds_backend_o3_repeat1_adaptive5_20260509/o3/polybench_full/nussinov/456/universal/runs/run_001/stderr.txt,
external_runtime_polybench_full_wrap_10seeds_backend_o3_repeat1_adaptive5_20260509,o3,o3,polybench_full,nussinov,457,20260423_184811_146360_feature_lite_seed457,universal,rfunipass,1,ok,3.418733,3.434383591171354,15.91756,False,/root/exp/RFunipassLab/external_datasets/build/runtime_matched/external_runtime_polybench_full_wrap_10seeds_backend_o3_repeat1_adaptive5_20260509/o3/polybench_full/nussinov/457/universal/a.out,/root/exp/RFunipassLab/external_datasets/build/runtime_matched/external_runtime_polybench_full_wrap_10seeds_backend_o3_repeat1_adaptive5_20260509/o3/polybench_full/nussinov/457/universal/universal_468197d7c679.ll,/root/exp/RFunipassLab/external_datasets/build/runtime_matched/external_runtime_polybench_full_wrap_10seeds_backend_o3_repeat1_adaptive5_20260509/o3/polybench_full/nussinov/457/universal/runs/run_001/stdout.txt,/root/exp/RFunipassLab/external_datasets/build/runtime_matched/external_runtime_polybench_full_wrap_10seeds_backend_o3_repeat1_adaptive5_20260509/o3/polybench_full/nussinov/457/universal/runs/run_001/stderr.txt,
external_runtime_polybench_full_wrap_10seeds_backend_o3_repeat1_adaptive5_20260509,o3,o3,polybench_full,nussinov,458,20260423_193326_468019_feature_lite_seed458,universal,rfunipass,1,ok,3.388568,3.4135923269204795,15.91756,False,/root/exp/RFunipassLab/external_datasets/build/runtime_matched/external_runtime_polybench_full_wrap_10seeds_backend_o3_repeat1_adaptive5_20260509/o3/polybench_full/nussinov/458/universal/a.out,/root/exp/RFunipassLab/external_datasets/build/runtime_matched/external_runtime_polybench_full_wrap_10seeds_backend_o3_repeat1_adaptive5_20260509/o3/polybench_full/nussinov/458/universal/universal_bac1dd97c06b.ll,/root/exp/RFunipassLab/external_datasets/build/runtime_matched/external_runtime_polybench_full_wrap_10seeds_backend_o3_repeat1_adaptive5_20260509/o3/polybench_full/nussinov/458/universal/runs/run_001/stdout.txt,/root/exp/RFunipassLab/external_datasets/build/runtime_matched/external_runtime_polybench_full_wrap_10seeds_backend_o3_repeat1_adaptive5_20260509/o3/polybench_full/nussinov/458/universal/runs/run_001/stderr.txt,
external_runtime_polybench_full_wrap_10seeds_backend_o3_repeat1_adaptive5_20260509,o3,o3,polybench_full,nussinov,459,20260423_203402_518521_feature_lite_seed459,universal,rfunipass,1,ok,3.458393,3.4861130008939654,15.91756,False,/root/exp/RFunipassLab/external_datasets/build/runtime_matched/external_runtime_polybench_full_wrap_10seeds_backend_o3_repeat1_adaptive5_20260509/o3/polybench_full/nussinov/459/universal/a.out,/root/exp/RFunipassLab/external_datasets/build/runtime_matched/external_runtime_polybench_full_wrap_10seeds_backend_o3_repeat1_adaptive5_20260509/o3/polybench_full/nussinov/459/universal/universal_6d5271a22f91.ll,/root/exp/RFunipassLab/external_datasets/build/runtime_matched/external_runtime_polybench_full_wrap_10seeds_backend_o3_repeat1_adaptive5_20260509/o3/polybench_full/nussinov/459/universal/runs/run_001/stdout.txt,/root/exp/RFunipassLab/external_datasets/build/runtime_matched/external_runtime_polybench_full_wrap_10seeds_backend_o3_repeat1_adaptive5_20260509/o3/polybench_full/nussinov/459/universal/runs/run_001/stderr.txt,
external_runtime_polybench_full_wrap_10seeds_backend_o3_repeat1_adaptive5_20260509,o3,o3,polybench_full,nussinov,460,20260423_205014_703926_feature_lite_seed460,universal,rfunipass,1,ok,3.496374,3.524614794179797,15.91756,False,/root/exp/RFunipassLab/external_datasets/build/runtime_matched/external_runtime_polybench_full_wrap_10seeds_backend_o3_repeat1_adaptive5_20260509/o3/polybench_full/nussinov/460/universal/a.out,/root/exp/RFunipassLab/external_datasets/build/runtime_matched/external_runtime_polybench_full_wrap_10seeds_backend_o3_repeat1_adaptive5_20260509/o3/polybench_full/nussinov/460/universal/universal_aa7d5985738b.ll,/root/exp/RFunipassLab/external_datasets/build/runtime_matched/external_runtime_polybench_full_wrap_10seeds_backend_o3_repeat1_adaptive5_20260509/o3/polybench_full/nussinov/460/universal/runs/run_001/stdout.txt,/root/exp/RFunipassLab/external_datasets/build/runtime_matched/external_runtime_polybench_full_wrap_10seeds_backend_o3_repeat1_adaptive5_20260509/o3/polybench_full/nussinov/460/universal/runs/run_001/stderr.txt,
external_runtime_polybench_full_wrap_10seeds_backend_o3_repeat1_adaptive5_20260509,o3,o3,polybench_full,nussinov,461,20260423_211628_575222_feature_lite_seed461,universal,rfunipass,1,ok,3.438104,3.4600782447960228,15.91756,False,/root/exp/RFunipassLab/external_datasets/build/runtime_matched/external_runtime_polybench_full_wrap_10seeds_backend_o3_repeat1_adaptive5_20260509/o3/polybench_full/nussinov/461/universal/a.out,/root/exp/RFunipassLab/external_datasets/build/runtime_matched/external_runtime_polybench_full_wrap_10seeds_backend_o3_repeat1_adaptive5_20260509/o3/polybench_full/nussinov/461/universal/universal_c3b20e7655ed.ll,/root/exp/RFunipassLab/external_datasets/build/runtime_matched/external_runtime_polybench_full_wrap_10seeds_backend_o3_repeat1_adaptive5_20260509/o3/polybench_full/nussinov/461/universal/runs/run_001/stdout.txt,/root/exp/RFunipassLab/external_datasets/build/runtime_matched/external_runtime_polybench_full_wrap_10seeds_backend_o3_repeat1_adaptive5_20260509/o3/polybench_full/nussinov/461/universal/runs/run_001/stderr.txt,
external_runtime_polybench_full_wrap_10seeds_backend_o3_repeat1_adaptive5_20260509,o3,o3,polybench_full,nussinov,462,20260423_214113_355045_feature_lite_seed462,universal,rfunipass,1,ok,3.485039,3.5114674491342157,15.91756,False,/root/exp/RFunipassLab/external_datasets/build/runtime_matched/external_runtime_polybench_full_wrap_10seeds_backend_o3_repeat1_adaptive5_20260509/o3/polybench_full/nussinov/462/universal/a.out,/root/exp/RFunipassLab/external_datasets/build/runtime_matched/external_runtime_polybench_full_wrap_10seeds_backend_o3_repeat1_adaptive5_20260509/o3/polybench_full/nussinov/462/universal/universal_4da41e9006a8.ll,/root/exp/RFunipassLab/external_datasets/build/runtime_matched/external_runtime_polybench_full_wrap_10seeds_backend_o3_repeat1_adaptive5_20260509/o3/polybench_full/nussinov/462/universal/runs/run_001/stdout.txt,/root/exp/RFunipassLab/external_datasets/build/runtime_matched/external_runtime_polybench_full_wrap_10seeds_backend_o3_repeat1_adaptive5_20260509/o3/polybench_full/nussinov/462/universal/runs/run_001/stderr.txt,
external_runtime_polybench_full_wrap_10seeds_backend_o3_repeat1_adaptive5_20260509,o3,o3,polybench_full,nussinov,463,20260423_221353_240005_feature_lite_seed463,universal,rfunipass,1,ok,3.52408,3.551803583977744,15.91756,False,/root/exp/RFunipassLab/external_datasets/build/runtime_matched/external_runtime_polybench_full_wrap_10seeds_backend_o3_repeat1_adaptive5_20260509/o3/polybench_full/nussinov/463/universal/a.out,/root/exp/RFunipassLab/external_datasets/build/runtime_matched/external_runtime_polybench_full_wrap_10seeds_backend_o3_repeat1_adaptive5_20260509/o3/polybench_full/nussinov/463/universal/universal_3c6e71c0df8d.ll,/root/exp/RFunipassLab/external_datasets/build/runtime_matched/external_runtime_polybench_full_wrap_10seeds_backend_o3_repeat1_adaptive5_20260509/o3/polybench_full/nussinov/463/universal/runs/run_001/stdout.txt,/root/exp/RFunipassLab/external_datasets/build/runtime_matched/external_runtime_polybench_full_wrap_10seeds_backend_o3_repeat1_adaptive5_20260509/o3/polybench_full/nussinov/463/universal/runs/run_001/stderr.txt,
external_runtime_polybench_full_wrap_10seeds_backend_o3_repeat1_adaptive5_20260509,o3,o3,polybench_full,nussinov,464,20260423_230444_536999_feature_lite_seed464,universal,rfunipass,1,ok,3.400067,3.430015569087118,15.91756,False,/root/exp/RFunipassLab/external_datasets/build/runtime_matched/external_runtime_polybench_full_wrap_10seeds_backend_o3_repeat1_adaptive5_20260509/o3/polybench_full/nussinov/464/universal/a.out,/root/exp/RFunipassLab/external_datasets/build/runtime_matched/external_runtime_polybench_full_wrap_10seeds_backend_o3_repeat1_adaptive5_20260509/o3/polybench_full/nussinov/464/universal/universal_58aea292ea66.ll,/root/exp/RFunipassLab/external_datasets/build/runtime_matched/external_runtime_polybench_full_wrap_10seeds_backend_o3_repeat1_adaptive5_20260509/o3/polybench_full/nussinov/464/universal/runs/run_001/stdout.txt,/root/exp/RFunipassLab/external_datasets/build/runtime_matched/external_runtime_polybench_full_wrap_10seeds_backend_o3_repeat1_adaptive5_20260509/o3/polybench_full/nussinov/464/universal/runs/run_001/stderr.txt,
external_runtime_polybench_full_wrap_10seeds_backend_o3_repeat1_adaptive5_20260509,o3,o3,polybench_full,nussinov,465,20260423_231957_016941_feature_lite_seed465,universal,rfunipass,1,ok,3.458443,3.4768232461065054,15.91756,False,/root/exp/RFunipassLab/external_datasets/build/runtime_matched/external_runtime_polybench_full_wrap_10seeds_backend_o3_repeat1_adaptive5_20260509/o3/polybench_full/nussinov/465/universal/a.out,/root/exp/RFunipassLab/external_datasets/build/runtime_matched/external_runtime_polybench_full_wrap_10seeds_backend_o3_repeat1_adaptive5_20260509/o3/polybench_full/nussinov/465/universal/universal_e2fa59514181.ll,/root/exp/RFunipassLab/external_datasets/build/runtime_matched/external_runtime_polybench_full_wrap_10seeds_backend_o3_repeat1_adaptive5_20260509/o3/polybench_full/nussinov/465/universal/runs/run_001/stdout.txt,/root/exp/RFunipassLab/external_datasets/build/runtime_matched/external_runtime_polybench_full_wrap_10seeds_backend_o3_repeat1_adaptive5_20260509/o3/polybench_full/nussinov/465/universal/runs/run_001/stderr.txt,
external_runtime_polybench_full_wrap_10seeds_backend_o3_repeat1_adaptive5_20260509,o3,o3,polybench_full,adi,,,none,baseline,1,ok,14.834219,14.865321825025603,300.0,False,/root/exp/RFunipassLab/external_datasets/build/runtime_matched/external_runtime_polybench_full_wrap_10seeds_backend_o3_repeat1_adaptive5_20260509/o3/polybench_full/adi/baseline/none/a.out,/root/exp/RFunipassLab/external_datasets/build/runtime_matched/external_runtime_polybench_full_wrap_10seeds_backend_o3_repeat1_adaptive5_20260509/o3/polybench_full/adi/baseline/none/none_71f8e7976e4c.ll,/root/exp/RFunipassLab/external_datasets/build/runtime_matched/external_runtime_polybench_full_wrap_10seeds_backend_o3_repeat1_adaptive5_20260509/o3/polybench_full/adi/baseline/none/runs/run_001/stdout.txt,/root/exp/RFunipassLab/external_datasets/build/runtime_matched/external_runtime_polybench_full_wrap_10seeds_backend_o3_repeat1_adaptive5_20260509/o3/polybench_full/adi/baseline/none/runs/run_001/stderr.txt,
external_runtime_polybench_full_wrap_10seeds_backend_o3_repeat1_adaptive5_20260509,o3,o3,polybench_full,adi,,,o3,baseline,1,ok,12.046479,12.057461848016828,300.0,False,/root/exp/RFunipassLab/external_datasets/build/runtime_matched/external_runtime_polybench_full_wrap_10seeds_backend_o3_repeat1_adaptive5_20260509/o3/polybench_full/adi/baseline/o3/a.out,/root/exp/RFunipassLab/external_datasets/build/runtime_matched/external_runtime_polybench_full_wrap_10seeds_backend_o3_repeat1_adaptive5_20260509/o3/polybench_full/adi/baseline/o3/o3_41db216f1b51.ll,/root/exp/RFunipassLab/external_datasets/build/runtime_matched/external_runtime_polybench_full_wrap_10seeds_backend_o3_repeat1_adaptive5_20260509/o3/polybench_full/adi/baseline/o3/runs/run_001/stdout.txt,/root/exp/RFunipassLab/external_datasets/build/runtime_matched/external_runtime_polybench_full_wrap_10seeds_backend_o3_repeat1_adaptive5_20260509/o3/polybench_full/adi/baseline/o3/runs/run_001/stderr.txt,
external_runtime_polybench_full_wrap_10seeds_backend_o3_repeat1_adaptive5_20260509,o3,o3,polybench_full,adi,456,20260423_181846_349217_feature_lite_seed456,universal,rfunipass,1,failed,,,60.232395,True,/root/exp/RFunipassLab/external_datasets/build/runtime_matched/external_runtime_polybench_full_wrap_10seeds_backend_o3_repeat1_adaptive5_20260509/o3/polybench_full/adi/456/universal/a.out,/root/exp/RFunipassLab/external_datasets/build/runtime_matched/external_runtime_polybench_full_wrap_10seeds_backend_o3_repeat1_adaptive5_20260509/o3/polybench_full/adi/456/universal/universal_1dd8ea870347.ll,/root/exp/RFunipassLab/external_datasets/build/runtime_matched/external_runtime_polybench_full_wrap_10seeds_backend_o3_repeat1_adaptive5_20260509/o3/polybench_full/adi/456/universal/runs/run_001/stdout.txt,/root/exp/RFunipassLab/external_datasets/build/runtime_matched/external_runtime_polybench_full_wrap_10seeds_backend_o3_repeat1_adaptive5_20260509/o3/polybench_full/adi/456/universal/runs/run_001/stderr.txt,runtime timeout after 60.232395s
external_runtime_polybench_full_wrap_10seeds_backend_o3_repeat1_adaptive5_20260509,o3,o3,polybench_full,adi,457,20260423_184811_146360_feature_lite_seed457,universal,rfunipass,1,failed,,,60.232395,True,/root/exp/RFunipassLab/external_datasets/build/runtime_matched/external_runtime_polybench_full_wrap_10seeds_backend_o3_repeat1_adaptive5_20260509/o3/polybench_full/adi/457/universal/a.out,/root/exp/RFunipassLab/external_datasets/build/runtime_matched/external_runtime_polybench_full_wrap_10seeds_backend_o3_repeat1_adaptive5_20260509/o3/polybench_full/adi/457/universal/universal_468197d7c679.ll,/root/exp/RFunipassLab/external_datasets/build/runtime_matched/external_runtime_polybench_full_wrap_10seeds_backend_o3_repeat1_adaptive5_20260509/o3/polybench_full/adi/457/universal/runs/run_001/stdout.txt,/root/exp/RFunipassLab/external_datasets/build/runtime_matched/external_runtime_polybench_full_wrap_10seeds_backend_o3_repeat1_adaptive5_20260509/o3/polybench_full/adi/457/universal/runs/run_001/stderr.txt,runtime timeout after 60.232395s
external_runtime_polybench_full_wrap_10seeds_backend_o3_repeat1_adaptive5_20260509,o3,o3,polybench_full,adi,458,20260423_193326_468019_feature_lite_seed458,universal,rfunipass,1,failed,,,60.232395,False,/root/exp/RFunipassLab/external_datasets/build/runtime_matched/external_runtime_polybench_full_wrap_10seeds_backend_o3_repeat1_adaptive5_20260509/o3/polybench_full/adi/458/universal/a.out,/root/exp/RFunipassLab/external_datasets/build/runtime_matched/external_runtime_polybench_full_wrap_10seeds_backend_o3_repeat1_adaptive5_20260509/o3/polybench_full/adi/458/universal/universal_bac1dd97c06b.ll,/root/exp/RFunipassLab/external_datasets/build/runtime_matched/external_runtime_polybench_full_wrap_10seeds_backend_o3_repeat1_adaptive5_20260509/o3/polybench_full/adi/458/universal/runs/run_001/stdout.txt,/root/exp/RFunipassLab/external_datasets/build/runtime_matched/external_runtime_polybench_full_wrap_10seeds_backend_o3_repeat1_adaptive5_20260509/o3/polybench_full/adi/458/universal/runs/run_001/stderr.txt,binary exited with returncode=-11
external_runtime_polybench_full_wrap_10seeds_backend_o3_repeat1_adaptive5_20260509,o3,o3,polybench_full,adi,459,20260423_203402_518521_feature_lite_seed459,universal,rfunipass,1,ok,14.73266,14.752688273089007,60.232395,False,/root/exp/RFunipassLab/external_datasets/build/runtime_matched/external_runtime_polybench_full_wrap_10seeds_backend_o3_repeat1_adaptive5_20260509/o3/polybench_full/adi/459/universal/a.out,/root/exp/RFunipassLab/external_datasets/build/runtime_matched/external_runtime_polybench_full_wrap_10seeds_backend_o3_repeat1_adaptive5_20260509/o3/polybench_full/adi/459/universal/universal_6d5271a22f91.ll,/root/exp/RFunipassLab/external_datasets/build/runtime_matched/external_runtime_polybench_full_wrap_10seeds_backend_o3_repeat1_adaptive5_20260509/o3/polybench_full/adi/459/universal/runs/run_001/stdout.txt,/root/exp/RFunipassLab/external_datasets/build/runtime_matched/external_runtime_polybench_full_wrap_10seeds_backend_o3_repeat1_adaptive5_20260509/o3/polybench_full/adi/459/universal/runs/run_001/stderr.txt,
external_runtime_polybench_full_wrap_10seeds_backend_o3_repeat1_adaptive5_20260509,o3,o3,polybench_full,adi,460,20260423_205014_703926_feature_lite_seed460,universal,rfunipass,1,failed,,,60.232395,False,/root/exp/RFunipassLab/external_datasets/build/runtime_matched/external_runtime_polybench_full_wrap_10seeds_backend_o3_repeat1_adaptive5_20260509/o3/polybench_full/adi/460/universal/a.out,/root/exp/RFunipassLab/external_datasets/build/runtime_matched/external_runtime_polybench_full_wrap_10seeds_backend_o3_repeat1_adaptive5_20260509/o3/polybench_full/adi/460/universal/universal_aa7d5985738b.ll,/root/exp/RFunipassLab/external_datasets/build/runtime_matched/external_runtime_polybench_full_wrap_10seeds_backend_o3_repeat1_adaptive5_20260509/o3/polybench_full/adi/460/universal/runs/run_001/stdout.txt,/root/exp/RFunipassLab/external_datasets/build/runtime_matched/external_runtime_polybench_full_wrap_10seeds_backend_o3_repeat1_adaptive5_20260509/o3/polybench_full/adi/460/universal/runs/run_001/stderr.txt,binary exited with returncode=-11
external_runtime_polybench_full_wrap_10seeds_backend_o3_repeat1_adaptive5_20260509,o3,o3,polybench_full,adi,461,20260423_211628_575222_feature_lite_seed461,universal,rfunipass,1,failed,,,60.232395,False,/root/exp/RFunipassLab/external_datasets/build/runtime_matched/external_runtime_polybench_full_wrap_10seeds_backend_o3_repeat1_adaptive5_20260509/o3/polybench_full/adi/461/universal/a.out,/root/exp/RFunipassLab/external_datasets/build/runtime_matched/external_runtime_polybench_full_wrap_10seeds_backend_o3_repeat1_adaptive5_20260509/o3/polybench_full/adi/461/universal/universal_c3b20e7655ed.ll,/root/exp/RFunipassLab/external_datasets/build/runtime_matched/external_runtime_polybench_full_wrap_10seeds_backend_o3_repeat1_adaptive5_20260509/o3/polybench_full/adi/461/universal/runs/run_001/stdout.txt,/root/exp/RFunipassLab/external_datasets/build/runtime_matched/external_runtime_polybench_full_wrap_10seeds_backend_o3_repeat1_adaptive5_20260509/o3/polybench_full/adi/461/universal/runs/run_001/stderr.txt,binary exited with returncode=-11
external_runtime_polybench_full_wrap_10seeds_backend_o3_repeat1_adaptive5_20260509,o3,o3,polybench_full,adi,462,20260423_214113_355045_feature_lite_seed462,universal,rfunipass,1,failed,,,60.232395,True,/root/exp/RFunipassLab/external_datasets/build/runtime_matched/external_runtime_polybench_full_wrap_10seeds_backend_o3_repeat1_adaptive5_20260509/o3/polybench_full/adi/462/universal/a.out,/root/exp/RFunipassLab/external_datasets/build/runtime_matched/external_runtime_polybench_full_wrap_10seeds_backend_o3_repeat1_adaptive5_20260509/o3/polybench_full/adi/462/universal/universal_4da41e9006a8.ll,/root/exp/RFunipassLab/external_datasets/build/runtime_matched/external_runtime_polybench_full_wrap_10seeds_backend_o3_repeat1_adaptive5_20260509/o3/polybench_full/adi/462/universal/runs/run_001/stdout.txt,/root/exp/RFunipassLab/external_datasets/build/runtime_matched/external_runtime_polybench_full_wrap_10seeds_backend_o3_repeat1_adaptive5_20260509/o3/polybench_full/adi/462/universal/runs/run_001/stderr.txt,runtime timeout after 60.232395s
external_runtime_polybench_full_wrap_10seeds_backend_o3_repeat1_adaptive5_20260509,o3,o3,polybench_full,adi,463,20260423_221353_240005_feature_lite_seed463,universal,rfunipass,1,failed,,,60.232395,True,/root/exp/RFunipassLab/external_datasets/build/runtime_matched/external_runtime_polybench_full_wrap_10seeds_backend_o3_repeat1_adaptive5_20260509/o3/polybench_full/adi/463/universal/a.out,/root/exp/RFunipassLab/external_datasets/build/runtime_matched/external_runtime_polybench_full_wrap_10seeds_backend_o3_repeat1_adaptive5_20260509/o3/polybench_full/adi/463/universal/universal_3c6e71c0df8d.ll,/root/exp/RFunipassLab/external_datasets/build/runtime_matched/external_runtime_polybench_full_wrap_10seeds_backend_o3_repeat1_adaptive5_20260509/o3/polybench_full/adi/463/universal/runs/run_001/stdout.txt,/root/exp/RFunipassLab/external_datasets/build/runtime_matched/external_runtime_polybench_full_wrap_10seeds_backend_o3_repeat1_adaptive5_20260509/o3/polybench_full/adi/463/universal/runs/run_001/stderr.txt,runtime timeout after 60.232395s
external_runtime_polybench_full_wrap_10seeds_backend_o3_repeat1_adaptive5_20260509,o3,o3,polybench_full,adi,464,20260423_230444_536999_feature_lite_seed464,universal,rfunipass,1,failed,,,60.232395,True,/root/exp/RFunipassLab/external_datasets/build/runtime_matched/external_runtime_polybench_full_wrap_10seeds_backend_o3_repeat1_adaptive5_20260509/o3/polybench_full/adi/464/universal/a.out,/root/exp/RFunipassLab/external_datasets/build/runtime_matched/external_runtime_polybench_full_wrap_10seeds_backend_o3_repeat1_adaptive5_20260509/o3/polybench_full/adi/464/universal/universal_58aea292ea66.ll,/root/exp/RFunipassLab/external_datasets/build/runtime_matched/external_runtime_polybench_full_wrap_10seeds_backend_o3_repeat1_adaptive5_20260509/o3/polybench_full/adi/464/universal/runs/run_001/stdout.txt,/root/exp/RFunipassLab/external_datasets/build/runtime_matched/external_runtime_polybench_full_wrap_10seeds_backend_o3_repeat1_adaptive5_20260509/o3/polybench_full/adi/464/universal/runs/run_001/stderr.txt,runtime timeout after 60.232395s
external_runtime_polybench_full_wrap_10seeds_backend_o3_repeat1_adaptive5_20260509,o3,o3,polybench_full,adi,465,20260423_231957_016941_feature_lite_seed465,universal,rfunipass,1,ok,1778328530.400638,14.789017701055855,60.232395,False,/root/exp/RFunipassLab/external_datasets/build/runtime_matched/external_runtime_polybench_full_wrap_10seeds_backend_o3_repeat1_adaptive5_20260509/o3/polybench_full/adi/465/universal/a.out,/root/exp/RFunipassLab/external_datasets/build/runtime_matched/external_runtime_polybench_full_wrap_10seeds_backend_o3_repeat1_adaptive5_20260509/o3/polybench_full/adi/465/universal/universal_e2fa59514181.ll,/root/exp/RFunipassLab/external_datasets/build/runtime_matched/external_runtime_polybench_full_wrap_10seeds_backend_o3_repeat1_adaptive5_20260509/o3/polybench_full/adi/465/universal/runs/run_001/stdout.txt,/root/exp/RFunipassLab/external_datasets/build/runtime_matched/external_runtime_polybench_full_wrap_10seeds_backend_o3_repeat1_adaptive5_20260509/o3/polybench_full/adi/465/universal/runs/run_001/stderr.txt,
external_runtime_polybench_full_wrap_10seeds_backend_o3_repeat1_adaptive5_20260509,o3,o3,polybench_full,fdtd-2d,,,none,baseline,1,ok,4.00748,4.050248921848834,300.0,False,/root/exp/RFunipassLab/external_datasets/build/runtime_matched/external_runtime_polybench_full_wrap_10seeds_backend_o3_repeat1_adaptive5_20260509/o3/polybench_full/fdtd-2d/baseline/none/a.out,/root/exp/RFunipassLab/external_datasets/build/runtime_matched/external_runtime_polybench_full_wrap_10seeds_backend_o3_repeat1_adaptive5_20260509/o3/polybench_full/fdtd-2d/baseline/none/none_71f8e7976e4c.ll,/root/exp/RFunipassLab/external_datasets/build/runtime_matched/external_runtime_polybench_full_wrap_10seeds_backend_o3_repeat1_adaptive5_20260509/o3/polybench_full/fdtd-2d/baseline/none/runs/run_001/stdout.txt,/root/exp/RFunipassLab/external_datasets/build/runtime_matched/external_runtime_polybench_full_wrap_10seeds_backend_o3_repeat1_adaptive5_20260509/o3/polybench_full/fdtd-2d/baseline/none/runs/run_001/stderr.txt,
external_runtime_polybench_full_wrap_10seeds_backend_o3_repeat1_adaptive5_20260509,o3,o3,polybench_full,fdtd-2d,,,o3,baseline,1,ok,1.630005,1.6516783849801868,300.0,False,/root/exp/RFunipassLab/external_datasets/build/runtime_matched/external_runtime_polybench_full_wrap_10seeds_backend_o3_repeat1_adaptive5_20260509/o3/polybench_full/fdtd-2d/baseline/o3/a.out,/root/exp/RFunipassLab/external_datasets/build/runtime_matched/external_runtime_polybench_full_wrap_10seeds_backend_o3_repeat1_adaptive5_20260509/o3/polybench_full/fdtd-2d/baseline/o3/o3_41db216f1b51.ll,/root/exp/RFunipassLab/external_datasets/build/runtime_matched/external_runtime_polybench_full_wrap_10seeds_backend_o3_repeat1_adaptive5_20260509/o3/polybench_full/fdtd-2d/baseline/o3/runs/run_001/stdout.txt,/root/exp/RFunipassLab/external_datasets/build/runtime_matched/external_runtime_polybench_full_wrap_10seeds_backend_o3_repeat1_adaptive5_20260509/o3/polybench_full/fdtd-2d/baseline/o3/runs/run_001/stderr.txt,
external_runtime_polybench_full_wrap_10seeds_backend_o3_repeat1_adaptive5_20260509,o3,o3,polybench_full,fdtd-2d,456,20260423_181846_349217_feature_lite_seed456,universal,rfunipass,1,failed,,,8.150025,True,/root/exp/RFunipassLab/external_datasets/build/runtime_matched/external_runtime_polybench_full_wrap_10seeds_backend_o3_repeat1_adaptive5_20260509/o3/polybench_full/fdtd-2d/456/universal/a.out,/root/exp/RFunipassLab/external_datasets/build/runtime_matched/external_runtime_polybench_full_wrap_10seeds_backend_o3_repeat1_adaptive5_20260509/o3/polybench_full/fdtd-2d/456/universal/universal_1dd8ea870347.ll,/root/exp/RFunipassLab/external_datasets/build/runtime_matched/external_runtime_polybench_full_wrap_10seeds_backend_o3_repeat1_adaptive5_20260509/o3/polybench_full/fdtd-2d/456/universal/runs/run_001/stdout.txt,/root/exp/RFunipassLab/external_datasets/build/runtime_matched/external_runtime_polybench_full_wrap_10seeds_backend_o3_repeat1_adaptive5_20260509/o3/polybench_full/fdtd-2d/456/universal/runs/run_001/stderr.txt,runtime timeout after 8.150025s
external_runtime_polybench_full_wrap_10seeds_backend_o3_repeat1_adaptive5_20260509,o3,o3,polybench_full,fdtd-2d,457,20260423_184811_146360_feature_lite_seed457,universal,rfunipass,1,failed,,,8.150025,True,/root/exp/RFunipassLab/external_datasets/build/runtime_matched/external_runtime_polybench_full_wrap_10seeds_backend_o3_repeat1_adaptive5_20260509/o3/polybench_full/fdtd-2d/457/universal/a.out,/root/exp/RFunipassLab/external_datasets/build/runtime_matched/external_runtime_polybench_full_wrap_10seeds_backend_o3_repeat1_adaptive5_20260509/o3/polybench_full/fdtd-2d/457/universal/universal_468197d7c679.ll,/root/exp/RFunipassLab/external_datasets/build/runtime_matched/external_runtime_polybench_full_wrap_10seeds_backend_o3_repeat1_adaptive5_20260509/o3/polybench_full/fdtd-2d/457/universal/runs/run_001/stdout.txt,/root/exp/RFunipassLab/external_datasets/build/runtime_matched/external_runtime_polybench_full_wrap_10seeds_backend_o3_repeat1_adaptive5_20260509/o3/polybench_full/fdtd-2d/457/universal/runs/run_001/stderr.txt,runtime timeout after 8.150025s
external_runtime_polybench_full_wrap_10seeds_backend_o3_repeat1_adaptive5_20260509,o3,o3,polybench_full,fdtd-2d,458,20260423_193326_468019_feature_lite_seed458,universal,rfunipass,1,failed,,,8.150025,True,/root/exp/RFunipassLab/external_datasets/build/runtime_matched/external_runtime_polybench_full_wrap_10seeds_backend_o3_repeat1_adaptive5_20260509/o3/polybench_full/fdtd-2d/458/universal/a.out,/root/exp/RFunipassLab/external_datasets/build/runtime_matched/external_runtime_polybench_full_wrap_10seeds_backend_o3_repeat1_adaptive5_20260509/o3/polybench_full/fdtd-2d/458/universal/universal_bac1dd97c06b.ll,/root/exp/RFunipassLab/external_datasets/build/runtime_matched/external_runtime_polybench_full_wrap_10seeds_backend_o3_repeat1_adaptive5_20260509/o3/polybench_full/fdtd-2d/458/universal/runs/run_001/stdout.txt,/root/exp/RFunipassLab/external_datasets/build/runtime_matched/external_runtime_polybench_full_wrap_10seeds_backend_o3_repeat1_adaptive5_20260509/o3/polybench_full/fdtd-2d/458/universal/runs/run_001/stderr.txt,runtime timeout after 8.150025s
external_runtime_polybench_full_wrap_10seeds_backend_o3_repeat1_adaptive5_20260509,o3,o3,polybench_full,fdtd-2d,459,20260423_203402_518521_feature_lite_seed459,universal,rfunipass,1,ok,2.117622,2.147163467016071,8.150025,False,/root/exp/RFunipassLab/external_datasets/build/runtime_matched/external_runtime_polybench_full_wrap_10seeds_backend_o3_repeat1_adaptive5_20260509/o3/polybench_full/fdtd-2d/459/universal/a.out,/root/exp/RFunipassLab/external_datasets/build/runtime_matched/external_runtime_polybench_full_wrap_10seeds_backend_o3_repeat1_adaptive5_20260509/o3/polybench_full/fdtd-2d/459/universal/universal_6d5271a22f91.ll,/root/exp/RFunipassLab/external_datasets/build/runtime_matched/external_runtime_polybench_full_wrap_10seeds_backend_o3_repeat1_adaptive5_20260509/o3/polybench_full/fdtd-2d/459/universal/runs/run_001/stdout.txt,/root/exp/RFunipassLab/external_datasets/build/runtime_matched/external_runtime_polybench_full_wrap_10seeds_backend_o3_repeat1_adaptive5_20260509/o3/polybench_full/fdtd-2d/459/universal/runs/run_001/stderr.txt,
external_runtime_polybench_full_wrap_10seeds_backend_o3_repeat1_adaptive5_20260509,o3,o3,polybench_full,fdtd-2d,460,20260423_205014_703926_feature_lite_seed460,universal,rfunipass,1,failed,,,8.150025,False,/root/exp/RFunipassLab/external_datasets/build/runtime_matched/external_runtime_polybench_full_wrap_10seeds_backend_o3_repeat1_adaptive5_20260509/o3/polybench_full/fdtd-2d/460/universal/a.out,/root/exp/RFunipassLab/external_datasets/build/runtime_matched/external_runtime_polybench_full_wrap_10seeds_backend_o3_repeat1_adaptive5_20260509/o3/polybench_full/fdtd-2d/460/universal/universal_aa7d5985738b.ll,/root/exp/RFunipassLab/external_datasets/build/runtime_matched/external_runtime_polybench_full_wrap_10seeds_backend_o3_repeat1_adaptive5_20260509/o3/polybench_full/fdtd-2d/460/universal/runs/run_001/stdout.txt,/root/exp/RFunipassLab/external_datasets/build/runtime_matched/external_runtime_polybench_full_wrap_10seeds_backend_o3_repeat1_adaptive5_20260509/o3/polybench_full/fdtd-2d/460/universal/runs/run_001/stderr.txt,binary exited with returncode=-11
external_runtime_polybench_full_wrap_10seeds_backend_o3_repeat1_adaptive5_20260509,o3,o3,polybench_full,fdtd-2d,461,20260423_211628_575222_feature_lite_seed461,universal,rfunipass,1,ok,2.105608,2.1265897459816188,8.150025,False,/root/exp/RFunipassLab/external_datasets/build/runtime_matched/external_runtime_polybench_full_wrap_10seeds_backend_o3_repeat1_adaptive5_20260509/o3/polybench_full/fdtd-2d/461/universal/a.out,/root/exp/RFunipassLab/external_datasets/build/runtime_matched/external_runtime_polybench_full_wrap_10seeds_backend_o3_repeat1_adaptive5_20260509/o3/polybench_full/fdtd-2d/461/universal/universal_c3b20e7655ed.ll,/root/exp/RFunipassLab/external_datasets/build/runtime_matched/external_runtime_polybench_full_wrap_10seeds_backend_o3_repeat1_adaptive5_20260509/o3/polybench_full/fdtd-2d/461/universal/runs/run_001/stdout.txt,/root/exp/RFunipassLab/external_datasets/build/runtime_matched/external_runtime_polybench_full_wrap_10seeds_backend_o3_repeat1_adaptive5_20260509/o3/polybench_full/fdtd-2d/461/universal/runs/run_001/stderr.txt,
external_runtime_polybench_full_wrap_10seeds_backend_o3_repeat1_adaptive5_20260509,o3,o3,polybench_full,fdtd-2d,462,20260423_214113_355045_feature_lite_seed462,universal,rfunipass,1,failed,,,8.150025,True,/root/exp/RFunipassLab/external_datasets/build/runtime_matched/external_runtime_polybench_full_wrap_10seeds_backend_o3_repeat1_adaptive5_20260509/o3/polybench_full/fdtd-2d/462/universal/a.out,/root/exp/RFunipassLab/external_datasets/build/runtime_matched/external_runtime_polybench_full_wrap_10seeds_backend_o3_repeat1_adaptive5_20260509/o3/polybench_full/fdtd-2d/462/universal/universal_4da41e9006a8.ll,/root/exp/RFunipassLab/external_datasets/build/runtime_matched/external_runtime_polybench_full_wrap_10seeds_backend_o3_repeat1_adaptive5_20260509/o3/polybench_full/fdtd-2d/462/universal/runs/run_001/stdout.txt,/root/exp/RFunipassLab/external_datasets/build/runtime_matched/external_runtime_polybench_full_wrap_10seeds_backend_o3_repeat1_adaptive5_20260509/o3/polybench_full/fdtd-2d/462/universal/runs/run_001/stderr.txt,runtime timeout after 8.150025s
external_runtime_polybench_full_wrap_10seeds_backend_o3_repeat1_adaptive5_20260509,o3,o3,polybench_full,fdtd-2d,463,20260423_221353_240005_feature_lite_seed463,universal,rfunipass,1,failed,,,8.150025,True,/root/exp/RFunipassLab/external_datasets/build/runtime_matched/external_runtime_polybench_full_wrap_10seeds_backend_o3_repeat1_adaptive5_20260509/o3/polybench_full/fdtd-2d/463/universal/a.out,/root/exp/RFunipassLab/external_datasets/build/runtime_matched/external_runtime_polybench_full_wrap_10seeds_backend_o3_repeat1_adaptive5_20260509/o3/polybench_full/fdtd-2d/463/universal/universal_3c6e71c0df8d.ll,/root/exp/RFunipassLab/external_datasets/build/runtime_matched/external_runtime_polybench_full_wrap_10seeds_backend_o3_repeat1_adaptive5_20260509/o3/polybench_full/fdtd-2d/463/universal/runs/run_001/stdout.txt,/root/exp/RFunipassLab/external_datasets/build/runtime_matched/external_runtime_polybench_full_wrap_10seeds_backend_o3_repeat1_adaptive5_20260509/o3/polybench_full/fdtd-2d/463/universal/runs/run_001/stderr.txt,runtime timeout after 8.150025s
external_runtime_polybench_full_wrap_10seeds_backend_o3_repeat1_adaptive5_20260509,o3,o3,polybench_full,fdtd-2d,464,20260423_230444_536999_feature_lite_seed464,universal,rfunipass,1,failed,,,8.150025,True,/root/exp/RFunipassLab/external_datasets/build/runtime_matched/external_runtime_polybench_full_wrap_10seeds_backend_o3_repeat1_adaptive5_20260509/o3/polybench_full/fdtd-2d/464/universal/a.out,/root/exp/RFunipassLab/external_datasets/build/runtime_matched/external_runtime_polybench_full_wrap_10seeds_backend_o3_repeat1_adaptive5_20260509/o3/polybench_full/fdtd-2d/464/universal/universal_58aea292ea66.ll,/root/exp/RFunipassLab/external_datasets/build/runtime_matched/external_runtime_polybench_full_wrap_10seeds_backend_o3_repeat1_adaptive5_20260509/o3/polybench_full/fdtd-2d/464/universal/runs/run_001/stdout.txt,/root/exp/RFunipassLab/external_datasets/build/runtime_matched/external_runtime_polybench_full_wrap_10seeds_backend_o3_repeat1_adaptive5_20260509/o3/polybench_full/fdtd-2d/464/universal/runs/run_001/stderr.txt,runtime timeout after 8.150025s
external_runtime_polybench_full_wrap_10seeds_backend_o3_repeat1_adaptive5_20260509,o3,o3,polybench_full,fdtd-2d,465,20260423_231957_016941_feature_lite_seed465,universal,rfunipass,1,ok,1778328610.962089,2.232349591096863,8.150025,False,/root/exp/RFunipassLab/external_datasets/build/runtime_matched/external_runtime_polybench_full_wrap_10seeds_backend_o3_repeat1_adaptive5_20260509/o3/polybench_full/fdtd-2d/465/universal/a.out,/root/exp/RFunipassLab/external_datasets/build/runtime_matched/external_runtime_polybench_full_wrap_10seeds_backend_o3_repeat1_adaptive5_20260509/o3/polybench_full/fdtd-2d/465/universal/universal_e2fa59514181.ll,/root/exp/RFunipassLab/external_datasets/build/runtime_matched/external_runtime_polybench_full_wrap_10seeds_backend_o3_repeat1_adaptive5_20260509/o3/polybench_full/fdtd-2d/465/universal/runs/run_001/stdout.txt,/root/exp/RFunipassLab/external_datasets/build/runtime_matched/external_runtime_polybench_full_wrap_10seeds_backend_o3_repeat1_adaptive5_20260509/o3/polybench_full/fdtd-2d/465/universal/runs/run_001/stderr.txt,
external_runtime_polybench_full_wrap_10seeds_backend_o3_repeat1_adaptive5_20260509,o3,o3,polybench_full,heat-3d,,,none,baseline,1,ok,5.409419,5.453159159049392,300.0,False,/root/exp/RFunipassLab/external_datasets/build/runtime_matched/external_runtime_polybench_full_wrap_10seeds_backend_o3_repeat1_adaptive5_20260509/o3/polybench_full/heat-3d/baseline/none/a.out,/root/exp/RFunipassLab/external_datasets/build/runtime_matched/external_runtime_polybench_full_wrap_10seeds_backend_o3_repeat1_adaptive5_20260509/o3/polybench_full/heat-3d/baseline/none/none_71f8e7976e4c.ll,/root/exp/RFunipassLab/external_datasets/build/runtime_matched/external_runtime_polybench_full_wrap_10seeds_backend_o3_repeat1_adaptive5_20260509/o3/polybench_full/heat-3d/baseline/none/runs/run_001/stdout.txt,/root/exp/RFunipassLab/external_datasets/build/runtime_matched/external_runtime_polybench_full_wrap_10seeds_backend_o3_repeat1_adaptive5_20260509/o3/polybench_full/heat-3d/baseline/none/runs/run_001/stderr.txt,
external_runtime_polybench_full_wrap_10seeds_backend_o3_repeat1_adaptive5_20260509,o3,o3,polybench_full,heat-3d,,,o3,baseline,1,ok,2.092615,2.1123019179794937,300.0,False,/root/exp/RFunipassLab/external_datasets/build/runtime_matched/external_runtime_polybench_full_wrap_10seeds_backend_o3_repeat1_adaptive5_20260509/o3/polybench_full/heat-3d/baseline/o3/a.out,/root/exp/RFunipassLab/external_datasets/build/runtime_matched/external_runtime_polybench_full_wrap_10seeds_backend_o3_repeat1_adaptive5_20260509/o3/polybench_full/heat-3d/baseline/o3/o3_41db216f1b51.ll,/root/exp/RFunipassLab/external_datasets/build/runtime_matched/external_runtime_polybench_full_wrap_10seeds_backend_o3_repeat1_adaptive5_20260509/o3/polybench_full/heat-3d/baseline/o3/runs/run_001/stdout.txt,/root/exp/RFunipassLab/external_datasets/build/runtime_matched/external_runtime_polybench_full_wrap_10seeds_backend_o3_repeat1_adaptive5_20260509/o3/polybench_full/heat-3d/baseline/o3/runs/run_001/stderr.txt,
external_runtime_polybench_full_wrap_10seeds_backend_o3_repeat1_adaptive5_20260509,o3,o3,polybench_full,heat-3d,456,20260423_181846_349217_feature_lite_seed456,universal,rfunipass,1,failed,,,10.463075,True,/root/exp/RFunipassLab/external_datasets/build/runtime_matched/external_runtime_polybench_full_wrap_10seeds_backend_o3_repeat1_adaptive5_20260509/o3/polybench_full/heat-3d/456/universal/a.out,/root/exp/RFunipassLab/external_datasets/build/runtime_matched/external_runtime_polybench_full_wrap_10seeds_backend_o3_repeat1_adaptive5_20260509/o3/polybench_full/heat-3d/456/universal/universal_1dd8ea870347.ll,/root/exp/RFunipassLab/external_datasets/build/runtime_matched/external_runtime_polybench_full_wrap_10seeds_backend_o3_repeat1_adaptive5_20260509/o3/polybench_full/heat-3d/456/universal/runs/run_001/stdout.txt,/root/exp/RFunipassLab/external_datasets/build/runtime_matched/external_runtime_polybench_full_wrap_10seeds_backend_o3_repeat1_adaptive5_20260509/o3/polybench_full/heat-3d/456/universal/runs/run_001/stderr.txt,runtime timeout after 10.463075s
external_runtime_polybench_full_wrap_10seeds_backend_o3_repeat1_adaptive5_20260509,o3,o3,polybench_full,heat-3d,457,20260423_184811_146360_feature_lite_seed457,universal,rfunipass,1,failed,,,10.463075,True,/root/exp/RFunipassLab/external_datasets/build/runtime_matched/external_runtime_polybench_full_wrap_10seeds_backend_o3_repeat1_adaptive5_20260509/o3/polybench_full/heat-3d/457/universal/a.out,/root/exp/RFunipassLab/external_datasets/build/runtime_matched/external_runtime_polybench_full_wrap_10seeds_backend_o3_repeat1_adaptive5_20260509/o3/polybench_full/heat-3d/457/universal/universal_468197d7c679.ll,/root/exp/RFunipassLab/external_datasets/build/runtime_matched/external_runtime_polybench_full_wrap_10seeds_backend_o3_repeat1_adaptive5_20260509/o3/polybench_full/heat-3d/457/universal/runs/run_001/stdout.txt,/root/exp/RFunipassLab/external_datasets/build/runtime_matched/external_runtime_polybench_full_wrap_10seeds_backend_o3_repeat1_adaptive5_20260509/o3/polybench_full/heat-3d/457/universal/runs/run_001/stderr.txt,runtime timeout after 10.463075s
external_runtime_polybench_full_wrap_10seeds_backend_o3_repeat1_adaptive5_20260509,o3,o3,polybench_full,heat-3d,458,20260423_193326_468019_feature_lite_seed458,universal,rfunipass,1,failed,,,10.463075,False,/root/exp/RFunipassLab/external_datasets/build/runtime_matched/external_runtime_polybench_full_wrap_10seeds_backend_o3_repeat1_adaptive5_20260509/o3/polybench_full/heat-3d/458/universal/a.out,/root/exp/RFunipassLab/external_datasets/build/runtime_matched/external_runtime_polybench_full_wrap_10seeds_backend_o3_repeat1_adaptive5_20260509/o3/polybench_full/heat-3d/458/universal/universal_bac1dd97c06b.ll,/root/exp/RFunipassLab/external_datasets/build/runtime_matched/external_runtime_polybench_full_wrap_10seeds_backend_o3_repeat1_adaptive5_20260509/o3/polybench_full/heat-3d/458/universal/runs/run_001/stdout.txt,/root/exp/RFunipassLab/external_datasets/build/runtime_matched/external_runtime_polybench_full_wrap_10seeds_backend_o3_repeat1_adaptive5_20260509/o3/polybench_full/heat-3d/458/universal/runs/run_001/stderr.txt,binary exited with returncode=-11
external_runtime_polybench_full_wrap_10seeds_backend_o3_repeat1_adaptive5_20260509,o3,o3,polybench_full,heat-3d,459,20260423_203402_518521_feature_lite_seed459,universal,rfunipass,1,failed,,,10.463075,False,/root/exp/RFunipassLab/external_datasets/build/runtime_matched/external_runtime_polybench_full_wrap_10seeds_backend_o3_repeat1_adaptive5_20260509/o3/polybench_full/heat-3d/459/universal/a.out,/root/exp/RFunipassLab/external_datasets/build/runtime_matched/external_runtime_polybench_full_wrap_10seeds_backend_o3_repeat1_adaptive5_20260509/o3/polybench_full/heat-3d/459/universal/universal_6d5271a22f91.ll,/root/exp/RFunipassLab/external_datasets/build/runtime_matched/external_runtime_polybench_full_wrap_10seeds_backend_o3_repeat1_adaptive5_20260509/o3/polybench_full/heat-3d/459/universal/runs/run_001/stdout.txt,/root/exp/RFunipassLab/external_datasets/build/runtime_matched/external_runtime_polybench_full_wrap_10seeds_backend_o3_repeat1_adaptive5_20260509/o3/polybench_full/heat-3d/459/universal/runs/run_001/stderr.txt,binary exited with returncode=-11
external_runtime_polybench_full_wrap_10seeds_backend_o3_repeat1_adaptive5_20260509,o3,o3,polybench_full,heat-3d,460,20260423_205014_703926_feature_lite_seed460,universal,rfunipass,1,failed,,,10.463075,False,/root/exp/RFunipassLab/external_datasets/build/runtime_matched/external_runtime_polybench_full_wrap_10seeds_backend_o3_repeat1_adaptive5_20260509/o3/polybench_full/heat-3d/460/universal/a.out,/root/exp/RFunipassLab/external_datasets/build/runtime_matched/external_runtime_polybench_full_wrap_10seeds_backend_o3_repeat1_adaptive5_20260509/o3/polybench_full/heat-3d/460/universal/universal_aa7d5985738b.ll,/root/exp/RFunipassLab/external_datasets/build/runtime_matched/external_runtime_polybench_full_wrap_10seeds_backend_o3_repeat1_adaptive5_20260509/o3/polybench_full/heat-3d/460/universal/runs/run_001/stdout.txt,/root/exp/RFunipassLab/external_datasets/build/runtime_matched/external_runtime_polybench_full_wrap_10seeds_backend_o3_repeat1_adaptive5_20260509/o3/polybench_full/heat-3d/460/universal/runs/run_001/stderr.txt,binary exited with returncode=-11
external_runtime_polybench_full_wrap_10seeds_backend_o3_repeat1_adaptive5_20260509,o3,o3,polybench_full,heat-3d,461,20260423_211628_575222_feature_lite_seed461,universal,rfunipass,1,ok,3.155183,3.1746080548036844,10.463075,False,/root/exp/RFunipassLab/external_datasets/build/runtime_matched/external_runtime_polybench_full_wrap_10seeds_backend_o3_repeat1_adaptive5_20260509/o3/polybench_full/heat-3d/461/universal/a.out,/root/exp/RFunipassLab/external_datasets/build/runtime_matched/external_runtime_polybench_full_wrap_10seeds_backend_o3_repeat1_adaptive5_20260509/o3/polybench_full/heat-3d/461/universal/universal_c3b20e7655ed.ll,/root/exp/RFunipassLab/external_datasets/build/runtime_matched/external_runtime_polybench_full_wrap_10seeds_backend_o3_repeat1_adaptive5_20260509/o3/polybench_full/heat-3d/461/universal/runs/run_001/stdout.txt,/root/exp/RFunipassLab/external_datasets/build/runtime_matched/external_runtime_polybench_full_wrap_10seeds_backend_o3_repeat1_adaptive5_20260509/o3/polybench_full/heat-3d/461/universal/runs/run_001/stderr.txt,
external_runtime_polybench_full_wrap_10seeds_backend_o3_repeat1_adaptive5_20260509,o3,o3,polybench_full,heat-3d,462,20260423_214113_355045_feature_lite_seed462,universal,rfunipass,1,failed,,,10.463075,True,/root/exp/RFunipassLab/external_datasets/build/runtime_matched/external_runtime_polybench_full_wrap_10seeds_backend_o3_repeat1_adaptive5_20260509/o3/polybench_full/heat-3d/462/universal/a.out,/root/exp/RFunipassLab/external_datasets/build/runtime_matched/external_runtime_polybench_full_wrap_10seeds_backend_o3_repeat1_adaptive5_20260509/o3/polybench_full/heat-3d/462/universal/universal_4da41e9006a8.ll,/root/exp/RFunipassLab/external_datasets/build/runtime_matched/external_runtime_polybench_full_wrap_10seeds_backend_o3_repeat1_adaptive5_20260509/o3/polybench_full/heat-3d/462/universal/runs/run_001/stdout.txt,/root/exp/RFunipassLab/external_datasets/build/runtime_matched/external_runtime_polybench_full_wrap_10seeds_backend_o3_repeat1_adaptive5_20260509/o3/polybench_full/heat-3d/462/universal/runs/run_001/stderr.txt,runtime timeout after 10.463075s
external_runtime_polybench_full_wrap_10seeds_backend_o3_repeat1_adaptive5_20260509,o3,o3,polybench_full,heat-3d,463,20260423_221353_240005_feature_lite_seed463,universal,rfunipass,1,failed,,,10.463075,True,/root/exp/RFunipassLab/external_datasets/build/runtime_matched/external_runtime_polybench_full_wrap_10seeds_backend_o3_repeat1_adaptive5_20260509/o3/polybench_full/heat-3d/463/universal/a.out,/root/exp/RFunipassLab/external_datasets/build/runtime_matched/external_runtime_polybench_full_wrap_10seeds_backend_o3_repeat1_adaptive5_20260509/o3/polybench_full/heat-3d/463/universal/universal_3c6e71c0df8d.ll,/root/exp/RFunipassLab/external_datasets/build/runtime_matched/external_runtime_polybench_full_wrap_10seeds_backend_o3_repeat1_adaptive5_20260509/o3/polybench_full/heat-3d/463/universal/runs/run_001/stdout.txt,/root/exp/RFunipassLab/external_datasets/build/runtime_matched/external_runtime_polybench_full_wrap_10seeds_backend_o3_repeat1_adaptive5_20260509/o3/polybench_full/heat-3d/463/universal/runs/run_001/stderr.txt,runtime timeout after 10.463075s
external_runtime_polybench_full_wrap_10seeds_backend_o3_repeat1_adaptive5_20260509,o3,o3,polybench_full,heat-3d,464,20260423_230444_536999_feature_lite_seed464,universal,rfunipass,1,failed,,,10.463075,True,/root/exp/RFunipassLab/external_datasets/build/runtime_matched/external_runtime_polybench_full_wrap_10seeds_backend_o3_repeat1_adaptive5_20260509/o3/polybench_full/heat-3d/464/universal/a.out,/root/exp/RFunipassLab/external_datasets/build/runtime_matched/external_runtime_polybench_full_wrap_10seeds_backend_o3_repeat1_adaptive5_20260509/o3/polybench_full/heat-3d/464/universal/universal_58aea292ea66.ll,/root/exp/RFunipassLab/external_datasets/build/runtime_matched/external_runtime_polybench_full_wrap_10seeds_backend_o3_repeat1_adaptive5_20260509/o3/polybench_full/heat-3d/464/universal/runs/run_001/stdout.txt,/root/exp/RFunipassLab/external_datasets/build/runtime_matched/external_runtime_polybench_full_wrap_10seeds_backend_o3_repeat1_adaptive5_20260509/o3/polybench_full/heat-3d/464/universal/runs/run_001/stderr.txt,runtime timeout after 10.463075s
external_runtime_polybench_full_wrap_10seeds_backend_o3_repeat1_adaptive5_20260509,o3,o3,polybench_full,heat-3d,465,20260423_231957_016941_feature_lite_seed465,universal,rfunipass,1,ok,1778328695.113374,3.245085395872593,10.463075,False,/root/exp/RFunipassLab/external_datasets/build/runtime_matched/external_runtime_polybench_full_wrap_10seeds_backend_o3_repeat1_adaptive5_20260509/o3/polybench_full/heat-3d/465/universal/a.out,/root/exp/RFunipassLab/external_datasets/build/runtime_matched/external_runtime_polybench_full_wrap_10seeds_backend_o3_repeat1_adaptive5_20260509/o3/polybench_full/heat-3d/465/universal/universal_e2fa59514181.ll,/root/exp/RFunipassLab/external_datasets/build/runtime_matched/external_runtime_polybench_full_wrap_10seeds_backend_o3_repeat1_adaptive5_20260509/o3/polybench_full/heat-3d/465/universal/runs/run_001/stdout.txt,/root/exp/RFunipassLab/external_datasets/build/runtime_matched/external_runtime_polybench_full_wrap_10seeds_backend_o3_repeat1_adaptive5_20260509/o3/polybench_full/heat-3d/465/universal/runs/run_001/stderr.txt,
external_runtime_polybench_full_wrap_10seeds_backend_o3_repeat1_adaptive5_20260509,o3,o3,polybench_full,jacobi-1d,,,none,baseline,1,ok,0.003185,0.022893199929967523,300.0,False,/root/exp/RFunipassLab/external_datasets/build/runtime_matched/external_runtime_polybench_full_wrap_10seeds_backend_o3_repeat1_adaptive5_20260509/o3/polybench_full/jacobi-1d/baseline/none/a.out,/root/exp/RFunipassLab/external_datasets/build/runtime_matched/external_runtime_polybench_full_wrap_10seeds_backend_o3_repeat1_adaptive5_20260509/o3/polybench_full/jacobi-1d/baseline/none/none_71f8e7976e4c.ll,/root/exp/RFunipassLab/external_datasets/build/runtime_matched/external_runtime_polybench_full_wrap_10seeds_backend_o3_repeat1_adaptive5_20260509/o3/polybench_full/jacobi-1d/baseline/none/runs/run_001/stdout.txt,/root/exp/RFunipassLab/external_datasets/build/runtime_matched/external_runtime_polybench_full_wrap_10seeds_backend_o3_repeat1_adaptive5_20260509/o3/polybench_full/jacobi-1d/baseline/none/runs/run_001/stderr.txt,
external_runtime_polybench_full_wrap_10seeds_backend_o3_repeat1_adaptive5_20260509,o3,o3,polybench_full,jacobi-1d,,,o3,baseline,1,ok,0.002029,0.003931408980861306,300.0,False,/root/exp/RFunipassLab/external_datasets/build/runtime_matched/external_runtime_polybench_full_wrap_10seeds_backend_o3_repeat1_adaptive5_20260509/o3/polybench_full/jacobi-1d/baseline/o3/a.out,/root/exp/RFunipassLab/external_datasets/build/runtime_matched/external_runtime_polybench_full_wrap_10seeds_backend_o3_repeat1_adaptive5_20260509/o3/polybench_full/jacobi-1d/baseline/o3/o3_41db216f1b51.ll,/root/exp/RFunipassLab/external_datasets/build/runtime_matched/external_runtime_polybench_full_wrap_10seeds_backend_o3_repeat1_adaptive5_20260509/o3/polybench_full/jacobi-1d/baseline/o3/runs/run_001/stdout.txt,/root/exp/RFunipassLab/external_datasets/build/runtime_matched/external_runtime_polybench_full_wrap_10seeds_backend_o3_repeat1_adaptive5_20260509/o3/polybench_full/jacobi-1d/baseline/o3/runs/run_001/stderr.txt,
external_runtime_polybench_full_wrap_10seeds_backend_o3_repeat1_adaptive5_20260509,o3,o3,polybench_full,jacobi-1d,456,20260423_181846_349217_feature_lite_seed456,universal,rfunipass,1,failed,,,5.0,True,/root/exp/RFunipassLab/external_datasets/build/runtime_matched/external_runtime_polybench_full_wrap_10seeds_backend_o3_repeat1_adaptive5_20260509/o3/polybench_full/jacobi-1d/456/universal/a.out,/root/exp/RFunipassLab/external_datasets/build/runtime_matched/external_runtime_polybench_full_wrap_10seeds_backend_o3_repeat1_adaptive5_20260509/o3/polybench_full/jacobi-1d/456/universal/universal_1dd8ea870347.ll,/root/exp/RFunipassLab/external_datasets/build/runtime_matched/external_runtime_polybench_full_wrap_10seeds_backend_o3_repeat1_adaptive5_20260509/o3/polybench_full/jacobi-1d/456/universal/runs/run_001/stdout.txt,/root/exp/RFunipassLab/external_datasets/build/runtime_matched/external_runtime_polybench_full_wrap_10seeds_backend_o3_repeat1_adaptive5_20260509/o3/polybench_full/jacobi-1d/456/universal/runs/run_001/stderr.txt,runtime timeout after 5.0s
external_runtime_polybench_full_wrap_10seeds_backend_o3_repeat1_adaptive5_20260509,o3,o3,polybench_full,jacobi-1d,457,20260423_184811_146360_feature_lite_seed457,universal,rfunipass,1,failed,,,5.0,True,/root/exp/RFunipassLab/external_datasets/build/runtime_matched/external_runtime_polybench_full_wrap_10seeds_backend_o3_repeat1_adaptive5_20260509/o3/polybench_full/jacobi-1d/457/universal/a.out,/root/exp/RFunipassLab/external_datasets/build/runtime_matched/external_runtime_polybench_full_wrap_10seeds_backend_o3_repeat1_adaptive5_20260509/o3/polybench_full/jacobi-1d/457/universal/universal_468197d7c679.ll,/root/exp/RFunipassLab/external_datasets/build/runtime_matched/external_runtime_polybench_full_wrap_10seeds_backend_o3_repeat1_adaptive5_20260509/o3/polybench_full/jacobi-1d/457/universal/runs/run_001/stdout.txt,/root/exp/RFunipassLab/external_datasets/build/runtime_matched/external_runtime_polybench_full_wrap_10seeds_backend_o3_repeat1_adaptive5_20260509/o3/polybench_full/jacobi-1d/457/universal/runs/run_001/stderr.txt,runtime timeout after 5.0s
external_runtime_polybench_full_wrap_10seeds_backend_o3_repeat1_adaptive5_20260509,o3,o3,polybench_full,jacobi-1d,458,20260423_193326_468019_feature_lite_seed458,universal,rfunipass,1,failed,,,5.0,True,/root/exp/RFunipassLab/external_datasets/build/runtime_matched/external_runtime_polybench_full_wrap_10seeds_backend_o3_repeat1_adaptive5_20260509/o3/polybench_full/jacobi-1d/458/universal/a.out,/root/exp/RFunipassLab/external_datasets/build/runtime_matched/external_runtime_polybench_full_wrap_10seeds_backend_o3_repeat1_adaptive5_20260509/o3/polybench_full/jacobi-1d/458/universal/universal_bac1dd97c06b.ll,/root/exp/RFunipassLab/external_datasets/build/runtime_matched/external_runtime_polybench_full_wrap_10seeds_backend_o3_repeat1_adaptive5_20260509/o3/polybench_full/jacobi-1d/458/universal/runs/run_001/stdout.txt,/root/exp/RFunipassLab/external_datasets/build/runtime_matched/external_runtime_polybench_full_wrap_10seeds_backend_o3_repeat1_adaptive5_20260509/o3/polybench_full/jacobi-1d/458/universal/runs/run_001/stderr.txt,runtime timeout after 5.0s
external_runtime_polybench_full_wrap_10seeds_backend_o3_repeat1_adaptive5_20260509,o3,o3,polybench_full,jacobi-1d,459,20260423_203402_518521_feature_lite_seed459,universal,rfunipass,1,failed,,,5.0,True,/root/exp/RFunipassLab/external_datasets/build/runtime_matched/external_runtime_polybench_full_wrap_10seeds_backend_o3_repeat1_adaptive5_20260509/o3/polybench_full/jacobi-1d/459/universal/a.out,/root/exp/RFunipassLab/external_datasets/build/runtime_matched/external_runtime_polybench_full_wrap_10seeds_backend_o3_repeat1_adaptive5_20260509/o3/polybench_full/jacobi-1d/459/universal/universal_6d5271a22f91.ll,/root/exp/RFunipassLab/external_datasets/build/runtime_matched/external_runtime_polybench_full_wrap_10seeds_backend_o3_repeat1_adaptive5_20260509/o3/polybench_full/jacobi-1d/459/universal/runs/run_001/stdout.txt,/root/exp/RFunipassLab/external_datasets/build/runtime_matched/external_runtime_polybench_full_wrap_10seeds_backend_o3_repeat1_adaptive5_20260509/o3/polybench_full/jacobi-1d/459/universal/runs/run_001/stderr.txt,runtime timeout after 5.0s
external_runtime_polybench_full_wrap_10seeds_backend_o3_repeat1_adaptive5_20260509,o3,o3,polybench_full,jacobi-1d,460,20260423_205014_703926_feature_lite_seed460,universal,rfunipass,1,failed,,,5.0,True,/root/exp/RFunipassLab/external_datasets/build/runtime_matched/external_runtime_polybench_full_wrap_10seeds_backend_o3_repeat1_adaptive5_20260509/o3/polybench_full/jacobi-1d/460/universal/a.out,/root/exp/RFunipassLab/external_datasets/build/runtime_matched/external_runtime_polybench_full_wrap_10seeds_backend_o3_repeat1_adaptive5_20260509/o3/polybench_full/jacobi-1d/460/universal/universal_aa7d5985738b.ll,/root/exp/RFunipassLab/external_datasets/build/runtime_matched/external_runtime_polybench_full_wrap_10seeds_backend_o3_repeat1_adaptive5_20260509/o3/polybench_full/jacobi-1d/460/universal/runs/run_001/stdout.txt,/root/exp/RFunipassLab/external_datasets/build/runtime_matched/external_runtime_polybench_full_wrap_10seeds_backend_o3_repeat1_adaptive5_20260509/o3/polybench_full/jacobi-1d/460/universal/runs/run_001/stderr.txt,runtime timeout after 5.0s
external_runtime_polybench_full_wrap_10seeds_backend_o3_repeat1_adaptive5_20260509,o3,o3,polybench_full,jacobi-1d,461,20260423_211628_575222_feature_lite_seed461,universal,rfunipass,1,failed,,,5.0,True,/root/exp/RFunipassLab/external_datasets/build/runtime_matched/external_runtime_polybench_full_wrap_10seeds_backend_o3_repeat1_adaptive5_20260509/o3/polybench_full/jacobi-1d/461/universal/a.out,/root/exp/RFunipassLab/external_datasets/build/runtime_matched/external_runtime_polybench_full_wrap_10seeds_backend_o3_repeat1_adaptive5_20260509/o3/polybench_full/jacobi-1d/461/universal/universal_c3b20e7655ed.ll,/root/exp/RFunipassLab/external_datasets/build/runtime_matched/external_runtime_polybench_full_wrap_10seeds_backend_o3_repeat1_adaptive5_20260509/o3/polybench_full/jacobi-1d/461/universal/runs/run_001/stdout.txt,/root/exp/RFunipassLab/external_datasets/build/runtime_matched/external_runtime_polybench_full_wrap_10seeds_backend_o3_repeat1_adaptive5_20260509/o3/polybench_full/jacobi-1d/461/universal/runs/run_001/stderr.txt,runtime timeout after 5.0s
external_runtime_polybench_full_wrap_10seeds_backend_o3_repeat1_adaptive5_20260509,o3,o3,polybench_full,jacobi-1d,462,20260423_214113_355045_feature_lite_seed462,universal,rfunipass,1,failed,,,5.0,True,/root/exp/RFunipassLab/external_datasets/build/runtime_matched/external_runtime_polybench_full_wrap_10seeds_backend_o3_repeat1_adaptive5_20260509/o3/polybench_full/jacobi-1d/462/universal/a.out,/root/exp/RFunipassLab/external_datasets/build/runtime_matched/external_runtime_polybench_full_wrap_10seeds_backend_o3_repeat1_adaptive5_20260509/o3/polybench_full/jacobi-1d/462/universal/universal_4da41e9006a8.ll,/root/exp/RFunipassLab/external_datasets/build/runtime_matched/external_runtime_polybench_full_wrap_10seeds_backend_o3_repeat1_adaptive5_20260509/o3/polybench_full/jacobi-1d/462/universal/runs/run_001/stdout.txt,/root/exp/RFunipassLab/external_datasets/build/runtime_matched/external_runtime_polybench_full_wrap_10seeds_backend_o3_repeat1_adaptive5_20260509/o3/polybench_full/jacobi-1d/462/universal/runs/run_001/stderr.txt,runtime timeout after 5.0s
external_runtime_polybench_full_wrap_10seeds_backend_o3_repeat1_adaptive5_20260509,o3,o3,polybench_full,jacobi-1d,463,20260423_221353_240005_feature_lite_seed463,universal,rfunipass,1,failed,,,5.0,True,/root/exp/RFunipassLab/external_datasets/build/runtime_matched/external_runtime_polybench_full_wrap_10seeds_backend_o3_repeat1_adaptive5_20260509/o3/polybench_full/jacobi-1d/463/universal/a.out,/root/exp/RFunipassLab/external_datasets/build/runtime_matched/external_runtime_polybench_full_wrap_10seeds_backend_o3_repeat1_adaptive5_20260509/o3/polybench_full/jacobi-1d/463/universal/universal_3c6e71c0df8d.ll,/root/exp/RFunipassLab/external_datasets/build/runtime_matched/external_runtime_polybench_full_wrap_10seeds_backend_o3_repeat1_adaptive5_20260509/o3/polybench_full/jacobi-1d/463/universal/runs/run_001/stdout.txt,/root/exp/RFunipassLab/external_datasets/build/runtime_matched/external_runtime_polybench_full_wrap_10seeds_backend_o3_repeat1_adaptive5_20260509/o3/polybench_full/jacobi-1d/463/universal/runs/run_001/stderr.txt,runtime timeout after 5.0s
external_runtime_polybench_full_wrap_10seeds_backend_o3_repeat1_adaptive5_20260509,o3,o3,polybench_full,jacobi-1d,464,20260423_230444_536999_feature_lite_seed464,universal,rfunipass,1,failed,,,5.0,True,/root/exp/RFunipassLab/external_datasets/build/runtime_matched/external_runtime_polybench_full_wrap_10seeds_backend_o3_repeat1_adaptive5_20260509/o3/polybench_full/jacobi-1d/464/universal/a.out,/root/exp/RFunipassLab/external_datasets/build/runtime_matched/external_runtime_polybench_full_wrap_10seeds_backend_o3_repeat1_adaptive5_20260509/o3/polybench_full/jacobi-1d/464/universal/universal_58aea292ea66.ll,/root/exp/RFunipassLab/external_datasets/build/runtime_matched/external_runtime_polybench_full_wrap_10seeds_backend_o3_repeat1_adaptive5_20260509/o3/polybench_full/jacobi-1d/464/universal/runs/run_001/stdout.txt,/root/exp/RFunipassLab/external_datasets/build/runtime_matched/external_runtime_polybench_full_wrap_10seeds_backend_o3_repeat1_adaptive5_20260509/o3/polybench_full/jacobi-1d/464/universal/runs/run_001/stderr.txt,runtime timeout after 5.0s
external_runtime_polybench_full_wrap_10seeds_backend_o3_repeat1_adaptive5_20260509,o3,o3,polybench_full,jacobi-1d,465,20260423_231957_016941_feature_lite_seed465,universal,rfunipass,1,failed,,,5.0,True,/root/exp/RFunipassLab/external_datasets/build/runtime_matched/external_runtime_polybench_full_wrap_10seeds_backend_o3_repeat1_adaptive5_20260509/o3/polybench_full/jacobi-1d/465/universal/a.out,/root/exp/RFunipassLab/external_datasets/build/runtime_matched/external_runtime_polybench_full_wrap_10seeds_backend_o3_repeat1_adaptive5_20260509/o3/polybench_full/jacobi-1d/465/universal/universal_e2fa59514181.ll,/root/exp/RFunipassLab/external_datasets/build/runtime_matched/external_runtime_polybench_full_wrap_10seeds_backend_o3_repeat1_adaptive5_20260509/o3/polybench_full/jacobi-1d/465/universal/runs/run_001/stdout.txt,/root/exp/RFunipassLab/external_datasets/build/runtime_matched/external_runtime_polybench_full_wrap_10seeds_backend_o3_repeat1_adaptive5_20260509/o3/polybench_full/jacobi-1d/465/universal/runs/run_001/stderr.txt,runtime timeout after 5.0s
external_runtime_polybench_full_wrap_10seeds_backend_o3_repeat1_adaptive5_20260509,o3,o3,polybench_full,jacobi-2d,,,none,baseline,1,ok,4.111233,4.150024509057403,300.0,False,/root/exp/RFunipassLab/external_datasets/build/runtime_matched/external_runtime_polybench_full_wrap_10seeds_backend_o3_repeat1_adaptive5_20260509/o3/polybench_full/jacobi-2d/baseline/none/a.out,/root/exp/RFunipassLab/external_datasets/build/runtime_matched/external_runtime_polybench_full_wrap_10seeds_backend_o3_repeat1_adaptive5_20260509/o3/polybench_full/jacobi-2d/baseline/none/none_71f8e7976e4c.ll,/root/exp/RFunipassLab/external_datasets/build/runtime_matched/external_runtime_polybench_full_wrap_10seeds_backend_o3_repeat1_adaptive5_20260509/o3/polybench_full/jacobi-2d/baseline/none/runs/run_001/stdout.txt,/root/exp/RFunipassLab/external_datasets/build/runtime_matched/external_runtime_polybench_full_wrap_10seeds_backend_o3_repeat1_adaptive5_20260509/o3/polybench_full/jacobi-2d/baseline/none/runs/run_001/stderr.txt,
external_runtime_polybench_full_wrap_10seeds_backend_o3_repeat1_adaptive5_20260509,o3,o3,polybench_full,jacobi-2d,,,o3,baseline,1,ok,1.374118,1.393714367877692,300.0,False,/root/exp/RFunipassLab/external_datasets/build/runtime_matched/external_runtime_polybench_full_wrap_10seeds_backend_o3_repeat1_adaptive5_20260509/o3/polybench_full/jacobi-2d/baseline/o3/a.out,/root/exp/RFunipassLab/external_datasets/build/runtime_matched/external_runtime_polybench_full_wrap_10seeds_backend_o3_repeat1_adaptive5_20260509/o3/polybench_full/jacobi-2d/baseline/o3/o3_41db216f1b51.ll,/root/exp/RFunipassLab/external_datasets/build/runtime_matched/external_runtime_polybench_full_wrap_10seeds_backend_o3_repeat1_adaptive5_20260509/o3/polybench_full/jacobi-2d/baseline/o3/runs/run_001/stdout.txt,/root/exp/RFunipassLab/external_datasets/build/runtime_matched/external_runtime_polybench_full_wrap_10seeds_backend_o3_repeat1_adaptive5_20260509/o3/polybench_full/jacobi-2d/baseline/o3/runs/run_001/stderr.txt,
external_runtime_polybench_full_wrap_10seeds_backend_o3_repeat1_adaptive5_20260509,o3,o3,polybench_full,jacobi-2d,456,20260423_181846_349217_feature_lite_seed456,universal,rfunipass,1,failed,,,6.87059,True,/root/exp/RFunipassLab/external_datasets/build/runtime_matched/external_runtime_polybench_full_wrap_10seeds_backend_o3_repeat1_adaptive5_20260509/o3/polybench_full/jacobi-2d/456/universal/a.out,/root/exp/RFunipassLab/external_datasets/build/runtime_matched/external_runtime_polybench_full_wrap_10seeds_backend_o3_repeat1_adaptive5_20260509/o3/polybench_full/jacobi-2d/456/universal/universal_1dd8ea870347.ll,/root/exp/RFunipassLab/external_datasets/build/runtime_matched/external_runtime_polybench_full_wrap_10seeds_backend_o3_repeat1_adaptive5_20260509/o3/polybench_full/jacobi-2d/456/universal/runs/run_001/stdout.txt,/root/exp/RFunipassLab/external_datasets/build/runtime_matched/external_runtime_polybench_full_wrap_10seeds_backend_o3_repeat1_adaptive5_20260509/o3/polybench_full/jacobi-2d/456/universal/runs/run_001/stderr.txt,runtime timeout after 6.87059s
external_runtime_polybench_full_wrap_10seeds_backend_o3_repeat1_adaptive5_20260509,o3,o3,polybench_full,jacobi-2d,457,20260423_184811_146360_feature_lite_seed457,universal,rfunipass,1,failed,,,6.87059,False,/root/exp/RFunipassLab/external_datasets/build/runtime_matched/external_runtime_polybench_full_wrap_10seeds_backend_o3_repeat1_adaptive5_20260509/o3/polybench_full/jacobi-2d/457/universal/a.out,/root/exp/RFunipassLab/external_datasets/build/runtime_matched/external_runtime_polybench_full_wrap_10seeds_backend_o3_repeat1_adaptive5_20260509/o3/polybench_full/jacobi-2d/457/universal/universal_468197d7c679.ll,/root/exp/RFunipassLab/external_datasets/build/runtime_matched/external_runtime_polybench_full_wrap_10seeds_backend_o3_repeat1_adaptive5_20260509/o3/polybench_full/jacobi-2d/457/universal/runs/run_001/stdout.txt,/root/exp/RFunipassLab/external_datasets/build/runtime_matched/external_runtime_polybench_full_wrap_10seeds_backend_o3_repeat1_adaptive5_20260509/o3/polybench_full/jacobi-2d/457/universal/runs/run_001/stderr.txt,binary exited with returncode=-11
external_runtime_polybench_full_wrap_10seeds_backend_o3_repeat1_adaptive5_20260509,o3,o3,polybench_full,jacobi-2d,458,20260423_193326_468019_feature_lite_seed458,universal,rfunipass,1,failed,,,6.87059,False,/root/exp/RFunipassLab/external_datasets/build/runtime_matched/external_runtime_polybench_full_wrap_10seeds_backend_o3_repeat1_adaptive5_20260509/o3/polybench_full/jacobi-2d/458/universal/a.out,/root/exp/RFunipassLab/external_datasets/build/runtime_matched/external_runtime_polybench_full_wrap_10seeds_backend_o3_repeat1_adaptive5_20260509/o3/polybench_full/jacobi-2d/458/universal/universal_bac1dd97c06b.ll,/root/exp/RFunipassLab/external_datasets/build/runtime_matched/external_runtime_polybench_full_wrap_10seeds_backend_o3_repeat1_adaptive5_20260509/o3/polybench_full/jacobi-2d/458/universal/runs/run_001/stdout.txt,/root/exp/RFunipassLab/external_datasets/build/runtime_matched/external_runtime_polybench_full_wrap_10seeds_backend_o3_repeat1_adaptive5_20260509/o3/polybench_full/jacobi-2d/458/universal/runs/run_001/stderr.txt,binary exited with returncode=-11
external_runtime_polybench_full_wrap_10seeds_backend_o3_repeat1_adaptive5_20260509,o3,o3,polybench_full,jacobi-2d,459,20260423_203402_518521_feature_lite_seed459,universal,rfunipass,1,failed,,,6.87059,False,/root/exp/RFunipassLab/external_datasets/build/runtime_matched/external_runtime_polybench_full_wrap_10seeds_backend_o3_repeat1_adaptive5_20260509/o3/polybench_full/jacobi-2d/459/universal/a.out,/root/exp/RFunipassLab/external_datasets/build/runtime_matched/external_runtime_polybench_full_wrap_10seeds_backend_o3_repeat1_adaptive5_20260509/o3/polybench_full/jacobi-2d/459/universal/universal_6d5271a22f91.ll,/root/exp/RFunipassLab/external_datasets/build/runtime_matched/external_runtime_polybench_full_wrap_10seeds_backend_o3_repeat1_adaptive5_20260509/o3/polybench_full/jacobi-2d/459/universal/runs/run_001/stdout.txt,/root/exp/RFunipassLab/external_datasets/build/runtime_matched/external_runtime_polybench_full_wrap_10seeds_backend_o3_repeat1_adaptive5_20260509/o3/polybench_full/jacobi-2d/459/universal/runs/run_001/stderr.txt,binary exited with returncode=-11
external_runtime_polybench_full_wrap_10seeds_backend_o3_repeat1_adaptive5_20260509,o3,o3,polybench_full,jacobi-2d,460,20260423_205014_703926_feature_lite_seed460,universal,rfunipass,1,failed,,,6.87059,False,/root/exp/RFunipassLab/external_datasets/build/runtime_matched/external_runtime_polybench_full_wrap_10seeds_backend_o3_repeat1_adaptive5_20260509/o3/polybench_full/jacobi-2d/460/universal/a.out,/root/exp/RFunipassLab/external_datasets/build/runtime_matched/external_runtime_polybench_full_wrap_10seeds_backend_o3_repeat1_adaptive5_20260509/o3/polybench_full/jacobi-2d/460/universal/universal_aa7d5985738b.ll,/root/exp/RFunipassLab/external_datasets/build/runtime_matched/external_runtime_polybench_full_wrap_10seeds_backend_o3_repeat1_adaptive5_20260509/o3/polybench_full/jacobi-2d/460/universal/runs/run_001/stdout.txt,/root/exp/RFunipassLab/external_datasets/build/runtime_matched/external_runtime_polybench_full_wrap_10seeds_backend_o3_repeat1_adaptive5_20260509/o3/polybench_full/jacobi-2d/460/universal/runs/run_001/stderr.txt,binary exited with returncode=-11
external_runtime_polybench_full_wrap_10seeds_backend_o3_repeat1_adaptive5_20260509,o3,o3,polybench_full,jacobi-2d,461,20260423_211628_575222_feature_lite_seed461,universal,rfunipass,1,failed,,,6.87059,False,/root/exp/RFunipassLab/external_datasets/build/runtime_matched/external_runtime_polybench_full_wrap_10seeds_backend_o3_repeat1_adaptive5_20260509/o3/polybench_full/jacobi-2d/461/universal/a.out,/root/exp/RFunipassLab/external_datasets/build/runtime_matched/external_runtime_polybench_full_wrap_10seeds_backend_o3_repeat1_adaptive5_20260509/o3/polybench_full/jacobi-2d/461/universal/universal_c3b20e7655ed.ll,/root/exp/RFunipassLab/external_datasets/build/runtime_matched/external_runtime_polybench_full_wrap_10seeds_backend_o3_repeat1_adaptive5_20260509/o3/polybench_full/jacobi-2d/461/universal/runs/run_001/stdout.txt,/root/exp/RFunipassLab/external_datasets/build/runtime_matched/external_runtime_polybench_full_wrap_10seeds_backend_o3_repeat1_adaptive5_20260509/o3/polybench_full/jacobi-2d/461/universal/runs/run_001/stderr.txt,binary exited with returncode=-11
external_runtime_polybench_full_wrap_10seeds_backend_o3_repeat1_adaptive5_20260509,o3,o3,polybench_full,jacobi-2d,462,20260423_214113_355045_feature_lite_seed462,universal,rfunipass,1,failed,,,6.87059,False,/root/exp/RFunipassLab/external_datasets/build/runtime_matched/external_runtime_polybench_full_wrap_10seeds_backend_o3_repeat1_adaptive5_20260509/o3/polybench_full/jacobi-2d/462/universal/a.out,/root/exp/RFunipassLab/external_datasets/build/runtime_matched/external_runtime_polybench_full_wrap_10seeds_backend_o3_repeat1_adaptive5_20260509/o3/polybench_full/jacobi-2d/462/universal/universal_4da41e9006a8.ll,/root/exp/RFunipassLab/external_datasets/build/runtime_matched/external_runtime_polybench_full_wrap_10seeds_backend_o3_repeat1_adaptive5_20260509/o3/polybench_full/jacobi-2d/462/universal/runs/run_001/stdout.txt,/root/exp/RFunipassLab/external_datasets/build/runtime_matched/external_runtime_polybench_full_wrap_10seeds_backend_o3_repeat1_adaptive5_20260509/o3/polybench_full/jacobi-2d/462/universal/runs/run_001/stderr.txt,binary exited with returncode=-11
external_runtime_polybench_full_wrap_10seeds_backend_o3_repeat1_adaptive5_20260509,o3,o3,polybench_full,jacobi-2d,463,20260423_221353_240005_feature_lite_seed463,universal,rfunipass,1,failed,,,6.87059,True,/root/exp/RFunipassLab/external_datasets/build/runtime_matched/external_runtime_polybench_full_wrap_10seeds_backend_o3_repeat1_adaptive5_20260509/o3/polybench_full/jacobi-2d/463/universal/a.out,/root/exp/RFunipassLab/external_datasets/build/runtime_matched/external_runtime_polybench_full_wrap_10seeds_backend_o3_repeat1_adaptive5_20260509/o3/polybench_full/jacobi-2d/463/universal/universal_3c6e71c0df8d.ll,/root/exp/RFunipassLab/external_datasets/build/runtime_matched/external_runtime_polybench_full_wrap_10seeds_backend_o3_repeat1_adaptive5_20260509/o3/polybench_full/jacobi-2d/463/universal/runs/run_001/stdout.txt,/root/exp/RFunipassLab/external_datasets/build/runtime_matched/external_runtime_polybench_full_wrap_10seeds_backend_o3_repeat1_adaptive5_20260509/o3/polybench_full/jacobi-2d/463/universal/runs/run_001/stderr.txt,runtime timeout after 6.87059s
external_runtime_polybench_full_wrap_10seeds_backend_o3_repeat1_adaptive5_20260509,o3,o3,polybench_full,jacobi-2d,464,20260423_230444_536999_feature_lite_seed464,universal,rfunipass,1,failed,,,6.87059,True,/root/exp/RFunipassLab/external_datasets/build/runtime_matched/external_runtime_polybench_full_wrap_10seeds_backend_o3_repeat1_adaptive5_20260509/o3/polybench_full/jacobi-2d/464/universal/a.out,/root/exp/RFunipassLab/external_datasets/build/runtime_matched/external_runtime_polybench_full_wrap_10seeds_backend_o3_repeat1_adaptive5_20260509/o3/polybench_full/jacobi-2d/464/universal/universal_58aea292ea66.ll,/root/exp/RFunipassLab/external_datasets/build/runtime_matched/external_runtime_polybench_full_wrap_10seeds_backend_o3_repeat1_adaptive5_20260509/o3/polybench_full/jacobi-2d/464/universal/runs/run_001/stdout.txt,/root/exp/RFunipassLab/external_datasets/build/runtime_matched/external_runtime_polybench_full_wrap_10seeds_backend_o3_repeat1_adaptive5_20260509/o3/polybench_full/jacobi-2d/464/universal/runs/run_001/stderr.txt,runtime timeout after 6.87059s
external_runtime_polybench_full_wrap_10seeds_backend_o3_repeat1_adaptive5_20260509,o3,o3,polybench_full,jacobi-2d,465,20260423_231957_016941_feature_lite_seed465,universal,rfunipass,1,failed,,,6.87059,False,/root/exp/RFunipassLab/external_datasets/build/runtime_matched/external_runtime_polybench_full_wrap_10seeds_backend_o3_repeat1_adaptive5_20260509/o3/polybench_full/jacobi-2d/465/universal/a.out,/root/exp/RFunipassLab/external_datasets/build/runtime_matched/external_runtime_polybench_full_wrap_10seeds_backend_o3_repeat1_adaptive5_20260509/o3/polybench_full/jacobi-2d/465/universal/universal_e2fa59514181.ll,/root/exp/RFunipassLab/external_datasets/build/runtime_matched/external_runtime_polybench_full_wrap_10seeds_backend_o3_repeat1_adaptive5_20260509/o3/polybench_full/jacobi-2d/465/universal/runs/run_001/stdout.txt,/root/exp/RFunipassLab/external_datasets/build/runtime_matched/external_runtime_polybench_full_wrap_10seeds_backend_o3_repeat1_adaptive5_20260509/o3/polybench_full/jacobi-2d/465/universal/runs/run_001/stderr.txt,binary exited with returncode=-11
external_runtime_polybench_full_wrap_10seeds_backend_o3_repeat1_adaptive5_20260509,o3,o3,polybench_full,seidel-2d,,,none,baseline,1,ok,24.613986,24.66594825289212,300.0,False,/root/exp/RFunipassLab/external_datasets/build/runtime_matched/external_runtime_polybench_full_wrap_10seeds_backend_o3_repeat1_adaptive5_20260509/o3/polybench_full/seidel-2d/baseline/none/a.out,/root/exp/RFunipassLab/external_datasets/build/runtime_matched/external_runtime_polybench_full_wrap_10seeds_backend_o3_repeat1_adaptive5_20260509/o3/polybench_full/seidel-2d/baseline/none/none_71f8e7976e4c.ll,/root/exp/RFunipassLab/external_datasets/build/runtime_matched/external_runtime_polybench_full_wrap_10seeds_backend_o3_repeat1_adaptive5_20260509/o3/polybench_full/seidel-2d/baseline/none/runs/run_001/stdout.txt,/root/exp/RFunipassLab/external_datasets/build/runtime_matched/external_runtime_polybench_full_wrap_10seeds_backend_o3_repeat1_adaptive5_20260509/o3/polybench_full/seidel-2d/baseline/none/runs/run_001/stderr.txt,
external_runtime_polybench_full_wrap_10seeds_backend_o3_repeat1_adaptive5_20260509,o3,o3,polybench_full,seidel-2d,,,o3,baseline,1,ok,20.732888,20.755177124170586,300.0,False,/root/exp/RFunipassLab/external_datasets/build/runtime_matched/external_runtime_polybench_full_wrap_10seeds_backend_o3_repeat1_adaptive5_20260509/o3/polybench_full/seidel-2d/baseline/o3/a.out,/root/exp/RFunipassLab/external_datasets/build/runtime_matched/external_runtime_polybench_full_wrap_10seeds_backend_o3_repeat1_adaptive5_20260509/o3/polybench_full/seidel-2d/baseline/o3/o3_41db216f1b51.ll,/root/exp/RFunipassLab/external_datasets/build/runtime_matched/external_runtime_polybench_full_wrap_10seeds_backend_o3_repeat1_adaptive5_20260509/o3/polybench_full/seidel-2d/baseline/o3/runs/run_001/stdout.txt,/root/exp/RFunipassLab/external_datasets/build/runtime_matched/external_runtime_polybench_full_wrap_10seeds_backend_o3_repeat1_adaptive5_20260509/o3/polybench_full/seidel-2d/baseline/o3/runs/run_001/stderr.txt,
external_runtime_polybench_full_wrap_10seeds_backend_o3_repeat1_adaptive5_20260509,o3,o3,polybench_full,seidel-2d,456,20260423_181846_349217_feature_lite_seed456,universal,rfunipass,1,failed,,,103.66444,False,/root/exp/RFunipassLab/external_datasets/build/runtime_matched/external_runtime_polybench_full_wrap_10seeds_backend_o3_repeat1_adaptive5_20260509/o3/polybench_full/seidel-2d/456/universal/a.out,/root/exp/RFunipassLab/external_datasets/build/runtime_matched/external_runtime_polybench_full_wrap_10seeds_backend_o3_repeat1_adaptive5_20260509/o3/polybench_full/seidel-2d/456/universal/universal_1dd8ea870347.ll,/root/exp/RFunipassLab/external_datasets/build/runtime_matched/external_runtime_polybench_full_wrap_10seeds_backend_o3_repeat1_adaptive5_20260509/o3/polybench_full/seidel-2d/456/universal/runs/run_001/stdout.txt,/root/exp/RFunipassLab/external_datasets/build/runtime_matched/external_runtime_polybench_full_wrap_10seeds_backend_o3_repeat1_adaptive5_20260509/o3/polybench_full/seidel-2d/456/universal/runs/run_001/stderr.txt,binary exited with returncode=-11
external_runtime_polybench_full_wrap_10seeds_backend_o3_repeat1_adaptive5_20260509,o3,o3,polybench_full,seidel-2d,457,20260423_184811_146360_feature_lite_seed457,universal,rfunipass,1,failed,,,103.66444,False,/root/exp/RFunipassLab/external_datasets/build/runtime_matched/external_runtime_polybench_full_wrap_10seeds_backend_o3_repeat1_adaptive5_20260509/o3/polybench_full/seidel-2d/457/universal/a.out,/root/exp/RFunipassLab/external_datasets/build/runtime_matched/external_runtime_polybench_full_wrap_10seeds_backend_o3_repeat1_adaptive5_20260509/o3/polybench_full/seidel-2d/457/universal/universal_468197d7c679.ll,/root/exp/RFunipassLab/external_datasets/build/runtime_matched/external_runtime_polybench_full_wrap_10seeds_backend_o3_repeat1_adaptive5_20260509/o3/polybench_full/seidel-2d/457/universal/runs/run_001/stdout.txt,/root/exp/RFunipassLab/external_datasets/build/runtime_matched/external_runtime_polybench_full_wrap_10seeds_backend_o3_repeat1_adaptive5_20260509/o3/polybench_full/seidel-2d/457/universal/runs/run_001/stderr.txt,binary exited with returncode=-11
external_runtime_polybench_full_wrap_10seeds_backend_o3_repeat1_adaptive5_20260509,o3,o3,polybench_full,seidel-2d,458,20260423_193326_468019_feature_lite_seed458,universal,rfunipass,1,failed,,,103.66444,False,/root/exp/RFunipassLab/external_datasets/build/runtime_matched/external_runtime_polybench_full_wrap_10seeds_backend_o3_repeat1_adaptive5_20260509/o3/polybench_full/seidel-2d/458/universal/a.out,/root/exp/RFunipassLab/external_datasets/build/runtime_matched/external_runtime_polybench_full_wrap_10seeds_backend_o3_repeat1_adaptive5_20260509/o3/polybench_full/seidel-2d/458/universal/universal_bac1dd97c06b.ll,/root/exp/RFunipassLab/external_datasets/build/runtime_matched/external_runtime_polybench_full_wrap_10seeds_backend_o3_repeat1_adaptive5_20260509/o3/polybench_full/seidel-2d/458/universal/runs/run_001/stdout.txt,/root/exp/RFunipassLab/external_datasets/build/runtime_matched/external_runtime_polybench_full_wrap_10seeds_backend_o3_repeat1_adaptive5_20260509/o3/polybench_full/seidel-2d/458/universal/runs/run_001/stderr.txt,binary exited with returncode=-11
external_runtime_polybench_full_wrap_10seeds_backend_o3_repeat1_adaptive5_20260509,o3,o3,polybench_full,seidel-2d,459,20260423_203402_518521_feature_lite_seed459,universal,rfunipass,1,failed,,,103.66444,False,/root/exp/RFunipassLab/external_datasets/build/runtime_matched/external_runtime_polybench_full_wrap_10seeds_backend_o3_repeat1_adaptive5_20260509/o3/polybench_full/seidel-2d/459/universal/a.out,/root/exp/RFunipassLab/external_datasets/build/runtime_matched/external_runtime_polybench_full_wrap_10seeds_backend_o3_repeat1_adaptive5_20260509/o3/polybench_full/seidel-2d/459/universal/universal_6d5271a22f91.ll,/root/exp/RFunipassLab/external_datasets/build/runtime_matched/external_runtime_polybench_full_wrap_10seeds_backend_o3_repeat1_adaptive5_20260509/o3/polybench_full/seidel-2d/459/universal/runs/run_001/stdout.txt,/root/exp/RFunipassLab/external_datasets/build/runtime_matched/external_runtime_polybench_full_wrap_10seeds_backend_o3_repeat1_adaptive5_20260509/o3/polybench_full/seidel-2d/459/universal/runs/run_001/stderr.txt,binary exited with returncode=-11
external_runtime_polybench_full_wrap_10seeds_backend_o3_repeat1_adaptive5_20260509,o3,o3,polybench_full,seidel-2d,460,20260423_205014_703926_feature_lite_seed460,universal,rfunipass,1,failed,,,103.66444,False,/root/exp/RFunipassLab/external_datasets/build/runtime_matched/external_runtime_polybench_full_wrap_10seeds_backend_o3_repeat1_adaptive5_20260509/o3/polybench_full/seidel-2d/460/universal/a.out,/root/exp/RFunipassLab/external_datasets/build/runtime_matched/external_runtime_polybench_full_wrap_10seeds_backend_o3_repeat1_adaptive5_20260509/o3/polybench_full/seidel-2d/460/universal/universal_aa7d5985738b.ll,/root/exp/RFunipassLab/external_datasets/build/runtime_matched/external_runtime_polybench_full_wrap_10seeds_backend_o3_repeat1_adaptive5_20260509/o3/polybench_full/seidel-2d/460/universal/runs/run_001/stdout.txt,/root/exp/RFunipassLab/external_datasets/build/runtime_matched/external_runtime_polybench_full_wrap_10seeds_backend_o3_repeat1_adaptive5_20260509/o3/polybench_full/seidel-2d/460/universal/runs/run_001/stderr.txt,binary exited with returncode=-11
external_runtime_polybench_full_wrap_10seeds_backend_o3_repeat1_adaptive5_20260509,o3,o3,polybench_full,seidel-2d,461,20260423_211628_575222_feature_lite_seed461,universal,rfunipass,1,failed,,,103.66444,False,/root/exp/RFunipassLab/external_datasets/build/runtime_matched/external_runtime_polybench_full_wrap_10seeds_backend_o3_repeat1_adaptive5_20260509/o3/polybench_full/seidel-2d/461/universal/a.out,/root/exp/RFunipassLab/external_datasets/build/runtime_matched/external_runtime_polybench_full_wrap_10seeds_backend_o3_repeat1_adaptive5_20260509/o3/polybench_full/seidel-2d/461/universal/universal_c3b20e7655ed.ll,/root/exp/RFunipassLab/external_datasets/build/runtime_matched/external_runtime_polybench_full_wrap_10seeds_backend_o3_repeat1_adaptive5_20260509/o3/polybench_full/seidel-2d/461/universal/runs/run_001/stdout.txt,/root/exp/RFunipassLab/external_datasets/build/runtime_matched/external_runtime_polybench_full_wrap_10seeds_backend_o3_repeat1_adaptive5_20260509/o3/polybench_full/seidel-2d/461/universal/runs/run_001/stderr.txt,binary exited with returncode=-11
external_runtime_polybench_full_wrap_10seeds_backend_o3_repeat1_adaptive5_20260509,o3,o3,polybench_full,seidel-2d,462,20260423_214113_355045_feature_lite_seed462,universal,rfunipass,1,failed,,,103.66444,False,/root/exp/RFunipassLab/external_datasets/build/runtime_matched/external_runtime_polybench_full_wrap_10seeds_backend_o3_repeat1_adaptive5_20260509/o3/polybench_full/seidel-2d/462/universal/a.out,/root/exp/RFunipassLab/external_datasets/build/runtime_matched/external_runtime_polybench_full_wrap_10seeds_backend_o3_repeat1_adaptive5_20260509/o3/polybench_full/seidel-2d/462/universal/universal_4da41e9006a8.ll,/root/exp/RFunipassLab/external_datasets/build/runtime_matched/external_runtime_polybench_full_wrap_10seeds_backend_o3_repeat1_adaptive5_20260509/o3/polybench_full/seidel-2d/462/universal/runs/run_001/stdout.txt,/root/exp/RFunipassLab/external_datasets/build/runtime_matched/external_runtime_polybench_full_wrap_10seeds_backend_o3_repeat1_adaptive5_20260509/o3/polybench_full/seidel-2d/462/universal/runs/run_001/stderr.txt,binary exited with returncode=-11
external_runtime_polybench_full_wrap_10seeds_backend_o3_repeat1_adaptive5_20260509,o3,o3,polybench_full,seidel-2d,463,20260423_221353_240005_feature_lite_seed463,universal,rfunipass,1,failed,,,103.66444,True,/root/exp/RFunipassLab/external_datasets/build/runtime_matched/external_runtime_polybench_full_wrap_10seeds_backend_o3_repeat1_adaptive5_20260509/o3/polybench_full/seidel-2d/463/universal/a.out,/root/exp/RFunipassLab/external_datasets/build/runtime_matched/external_runtime_polybench_full_wrap_10seeds_backend_o3_repeat1_adaptive5_20260509/o3/polybench_full/seidel-2d/463/universal/universal_3c6e71c0df8d.ll,/root/exp/RFunipassLab/external_datasets/build/runtime_matched/external_runtime_polybench_full_wrap_10seeds_backend_o3_repeat1_adaptive5_20260509/o3/polybench_full/seidel-2d/463/universal/runs/run_001/stdout.txt,/root/exp/RFunipassLab/external_datasets/build/runtime_matched/external_runtime_polybench_full_wrap_10seeds_backend_o3_repeat1_adaptive5_20260509/o3/polybench_full/seidel-2d/463/universal/runs/run_001/stderr.txt,runtime timeout after 103.66444s
external_runtime_polybench_full_wrap_10seeds_backend_o3_repeat1_adaptive5_20260509,o3,o3,polybench_full,seidel-2d,464,20260423_230444_536999_feature_lite_seed464,universal,rfunipass,1,failed,,,103.66444,False,/root/exp/RFunipassLab/external_datasets/build/runtime_matched/external_runtime_polybench_full_wrap_10seeds_backend_o3_repeat1_adaptive5_20260509/o3/polybench_full/seidel-2d/464/universal/a.out,/root/exp/RFunipassLab/external_datasets/build/runtime_matched/external_runtime_polybench_full_wrap_10seeds_backend_o3_repeat1_adaptive5_20260509/o3/polybench_full/seidel-2d/464/universal/universal_58aea292ea66.ll,/root/exp/RFunipassLab/external_datasets/build/runtime_matched/external_runtime_polybench_full_wrap_10seeds_backend_o3_repeat1_adaptive5_20260509/o3/polybench_full/seidel-2d/464/universal/runs/run_001/stdout.txt,/root/exp/RFunipassLab/external_datasets/build/runtime_matched/external_runtime_polybench_full_wrap_10seeds_backend_o3_repeat1_adaptive5_20260509/o3/polybench_full/seidel-2d/464/universal/runs/run_001/stderr.txt,binary exited with returncode=-11
external_runtime_polybench_full_wrap_10seeds_backend_o3_repeat1_adaptive5_20260509,o3,o3,polybench_full,seidel-2d,465,20260423_231957_016941_feature_lite_seed465,universal,rfunipass,1,failed,,,103.66444,False,/root/exp/RFunipassLab/external_datasets/build/runtime_matched/external_runtime_polybench_full_wrap_10seeds_backend_o3_repeat1_adaptive5_20260509/o3/polybench_full/seidel-2d/465/universal/a.out,/root/exp/RFunipassLab/external_datasets/build/runtime_matched/external_runtime_polybench_full_wrap_10seeds_backend_o3_repeat1_adaptive5_20260509/o3/polybench_full/seidel-2d/465/universal/universal_e2fa59514181.ll,/root/exp/RFunipassLab/external_datasets/build/runtime_matched/external_runtime_polybench_full_wrap_10seeds_backend_o3_repeat1_adaptive5_20260509/o3/polybench_full/seidel-2d/465/universal/runs/run_001/stdout.txt,/root/exp/RFunipassLab/external_datasets/build/runtime_matched/external_runtime_polybench_full_wrap_10seeds_backend_o3_repeat1_adaptive5_20260509/o3/polybench_full/seidel-2d/465/universal/runs/run_001/stderr.txt,binary exited with returncode=-11
