# run_id: 20260409_203011_013629_orig_boca
# name: orig_boca
# group: reproduce
# description: 复现原始 RFunipass/boca.py 默认实验参数。
# changed: GA_GEN=5, GA_POP=200, ITERS=200, MAX_SEQ_LEN=120, MIN_VAL_PROGRAMS=5, SEED_TOPK=0, TEST_TOPK=50, TRAIN_TOPK=200, VAL_RATIO=0.5
# started_at: 2026-04-09T20:30:11
# control_env:
#   DECAY=0.5
#   GA_ELITE=0.1
#   GA_GEN=5
#   GA_MUT=0.8
#   GA_POP=200
#   GA_TOUR=3
#   ITERS=200
#   MAX_SEQ_LEN=120
#   MIN_VAL_PROGRAMS=5
#   OBJ_WORSEN_W=0.15
#   OFFSET=20
#   RNUM=256
#   RUNS=1
#   SCALE=10
#   SEED_TOPK=0
#   TEST_TOPK=50
#   TRAIN_TOPK=200
#   VAL_RATIO=0.5

Loading train/test rows from: /root/exp/RFunipassLab/data/tuning_results.csv
Loaded train programs:       200
Loaded initial seed seqs:    86
Loaded test programs:        50

Loading synergy graph from: /root/exp/RFunipassLab/data/Step3_EnumeratedPairs.csv
All passes (19): ['module(elim-avail-extern)', 'module(globalopt)', 'cgscc(attributor-cgscc)', 'module(scc-oz-module-inliner)', 'function(mem2reg)', 'function(instsimplify)', 'module(iroutliner)', 'function(reassociate)', 'function(memcpyopt)', 'function(gvn-hoist)', 'function(dce)', 'function(jump-threading)', 'module(attributor)', 'function(dse)', 'function(newgvn)', 'function(gvn-sink)', 'module(inferattrs)', 'loop(loop-simplifycfg)', 'function(lower-switch)']
Synergy edges: 176
Self-loop passes: {'function(newgvn)', 'module(attributor)', 'cgscc(attributor-cgscc)'}

============================================================
实验轮次 1 / 1
============================================================
============================================================
输入程序数:    200
输入次优序列数: 86
测试程序数:    50
Pass 词表大小: 19
协同边数:      176
自环 pass 数:  3
序列长度上限:  120
RF 特征维度:   216
词表: ['module(elim-avail-extern)', 'module(globalopt)', 'cgscc(attributor-cgscc)', 'module(scc-oz-module-inliner)', 'function(mem2reg)', 'function(instsimplify)', 'module(iroutliner)', 'function(reassociate)', 'function(memcpyopt)', 'function(gvn-hoist)', 'function(dce)', 'function(jump-threading)', 'module(attributor)', 'function(dse)', 'function(newgvn)', 'function(gvn-sink)', 'module(inferattrs)', 'loop(loop-simplifycfg)', 'function(lower-switch)']
多目标权重:    mean=1.0, worsen=0.15

[Step 1.5] 训练程序切分...
  search_train 程序数: 100
  validation 程序数:   100

[Step 2] 计算 search_train 程序 -Oz 基准指令数...
[Step 2b] 计算 validation 程序 -Oz 基准指令数...
[Step 2c] 计算测试集程序 -Oz 基准指令数...

[Step 3] 评估初始 seed 序列（共 86 条）...
[Error] eval /root/iscas/ruyituner/dataset21/poj104-v2-ll_4/train/31_1857.ll: opt failed for pipeline='module(elim-avail-extern),module(globalopt),module(attributor),function(gvn-hoist),function(mem2reg),function(instsimplify),function(newgvn),cgscc(attributor-cgscc),module(scc-oz-module-inliner),function(dse)', target_triple=x86_64-unknown-linux-gnu, returncode=-6, cmd=/root/opt/rv64gc_llvm_21/bin/opt -S -passes=module(elim-avail-extern),module(globalopt),module(attributor),function(gvn-hoist),function(mem2reg),function(instsimplify),function(newgvn),cgscc(attributor-cgscc),module(scc-oz-module-inliner),function(dse) --mtriple=x86_64-unknown-linux-gnu
opt: /root/llvm/llvm-project-21/llvm/lib/Transforms/Utils/Local.cpp:3527: void llvm::patchReplacementInstruction(Instruction*, Value*): Assertion `Success && "We should not be trying to sink callbases " "with non-intersectable attributes"' failed.
PLEASE submit a bug report to https://github.com/llvm/llvm-project/issues/ and include the crash backtrace.
Stack dump:
0.	Program arguments: /root/opt/rv64gc_llvm_21/bin/opt -S -passes=module(elim-avail-extern),module(globalopt),module(attributor),function(gvn-hoist),function(mem2reg),function(instsimplify),function(newgvn),cgscc(attributor-cgscc),module(scc-oz-module-inliner),function(dse) --mtriple=x86_64-unknown-linux-gnu
1.	Running pass "function(newgvn)" on module "<stdin>"
2.	Running pass "newgvn" on function "main"
 #0 0x000060b4cb9fbdd0 llvm::sys::PrintStackTrace(llvm::raw_ostream&, int) /root/llvm/llvm-project-21/llvm/lib/Support/Unix/Signals.inc:834:22
 #1 0x000060b4cb9fc259 PrintStackTraceSignalHandler(void*) /root/llvm/llvm-project-21/llvm/lib/Support/Unix/Signals.inc:918:1
 #2 0x000060b4cb9f93c9 llvm::sys::RunSignalHandlers() /root/llvm/llvm-project-21/llvm/lib/Support/Signals.cpp:104:20
 #3 0x000060b4cb9fb60d SignalHandler(int, siginfo_t*, void*) /root/llvm/llvm-project-21/llvm/lib/Support/Unix/Signals.inc:426:14
 #4 0x000075a3f0759330 (/lib/x86_64-linux-gnu/libc.so.6+0x45330)
 #5 0x000075a3f07b2b2c __pthread_kill_implementation ./nptl/pthread_kill.c:44:76
 #6 0x000075a3f07b2b2c __pthread_kill_internal ./nptl/pthread_kill.c:78:10
 #7 0x000075a3f07b2b2c pthread_kill ./nptl/pthread_kill.c:89:10
 #8 0x000075a3f075927e raise ./signal/../sysdeps/posix/raise.c:27:6
 #9 0x000075a3f073c8ff abort ./stdlib/abort.c:81:7
#10 0x000075a3f073c81b _nl_load_domain ./intl/loadmsgcat.c:1177:9
#11 0x000075a3f074f517 (/lib/x86_64-linux-gnu/libc.so.6+0x3b517)
#12 0x000060b4ca4b7172 llvm::patchReplacementInstruction(llvm::Instruction*, llvm::Value*) /root/llvm/llvm-project-21/llvm/lib/Transforms/Utils/Local.cpp:3543:24
#13 0x000060b4c9fa6c10 (anonymous namespace)::NewGVN::eliminateInstructions(llvm::Function&) /root/llvm/llvm-project-21/llvm/lib/Transforms/Scalar/NewGVN.cpp:4128:11
[Error] eval /root/iscas/ruyituner/dataset21/poj104-v2-ll_4/train/31_1857.ll: opt failed for pipeline='module(elim-avail-extern),module(scc-oz-module-inliner),module(globalopt),function(mem2reg),module(elim-avail-extern),module(iroutliner),function(dse),function(newgvn),cgscc(attributor-cgscc),module(globalopt),function(gvn-sink),function(newgvn),function(dce),function(gvn-hoist),cgscc(attributor-cgscc),function(mem2reg)', target_triple=x86_64-unknown-linux-gnu, returncode=-6, cmd=/root/opt/rv64gc_llvm_21/bin/opt -S -passes=module(elim-avail-extern),module(scc-oz-module-inliner),module(globalopt),function(mem2reg),module(elim-avail-extern),module(iroutliner),function(dse),function(newgvn),cgscc(attributor-cgscc),module(globalopt),function(gvn-sink),function(newgvn),function(dce),function(gvn-hoist),cgscc(attributor-cgscc),function(mem2reg) --mtriple=x86_64-unknown-linux-gnu
opt: /root/llvm/llvm-project-21/llvm/lib/Transforms/Utils/Local.cpp:3527: void llvm::patchReplacementInstruction(Instruction*, Value*): Assertion `Success && "We should not be trying to sink callbases " "with non-intersectable attributes"' failed.
PLEASE submit a bug report to https://github.com/llvm/llvm-project/issues/ and include the crash backtrace.
Stack dump:
0.	Program arguments: /root/opt/rv64gc_llvm_21/bin/opt -S -passes=module(elim-avail-extern),module(scc-oz-module-inliner),module(globalopt),function(mem2reg),module(elim-avail-extern),module(iroutliner),function(dse),function(newgvn),cgscc(attributor-cgscc),module(globalopt),function(gvn-sink),function(newgvn),function(dce),function(gvn-hoist),cgscc(attributor-cgscc),function(mem2reg) --mtriple=x86_64-unknown-linux-gnu
1.	Running pass "function(newgvn)" on module "<stdin>"
2.	Running pass "newgvn" on function "main"
 #0 0x00005fedae3d7dd0 llvm::sys::PrintStackTrace(llvm::raw_ostream&, int) /root/llvm/llvm-project-21/llvm/lib/Support/Unix/Signals.inc:834:22
 #1 0x00005fedae3d8259 PrintStackTraceSignalHandler(void*) /root/llvm/llvm-project-21/llvm/lib/Support/Unix/Signals.inc:918:1
 #2 0x00005fedae3d53c9 llvm::sys::RunSignalHandlers() /root/llvm/llvm-project-21/llvm/lib/Support/Signals.cpp:104:20
 #3 0x00005fedae3d760d SignalHandler(int, siginfo_t*, void*) /root/llvm/llvm-project-21/llvm/lib/Support/Unix/Signals.inc:426:14
 #4 0x000070b000cb4330 (/lib/x86_64-linux-gnu/libc.so.6+0x45330)
 #5 0x000070b000d0db2c __pthread_kill_implementation ./nptl/pthread_kill.c:44:76
 #6 0x000070b000d0db2c __pthread_kill_internal ./nptl/pthread_kill.c:78:10
 #7 0x000070b000d0db2c pthread_kill ./nptl/pthread_kill.c:89:10
 #8 0x000070b000cb427e raise ./signal/../sysdeps/posix/raise.c:27:6
 #9 0x000070b000c978ff abort ./stdlib/abort.c:81:7
#10 0x000070b000c9781b _nl_load_domain ./intl/loadmsgcat.c:1177:9
#11 0x000070b000caa517 (/lib/x86_64-linux-gnu/libc.so.6+0x3b517)
#12 0x00005fedace93172 llvm::patchReplacementInstruction(llvm::Instruction*, llvm::Value*) /root/llvm/llvm-project-21/llvm/lib/Transforms/Utils/Local.cpp:3543:24
#13 0x00005fedac982c10 (anonymous namespace)::NewGVN::eliminateInstructions(llvm::Function&) /root/llvm/llvm-project-21/llvm/lib/Transforms/Scalar/NewGVN.cpp:4128:11
[Error] eval /root/iscas/ruyituner/dataset21/poj104-v2-ll_4/train/31_1857.ll: opt failed for pipeline='module(inferattrs),module(scc-oz-module-inliner),module(attributor),function(gvn-sink),module(iroutliner),cgscc(attributor-cgscc),function(newgvn),function(dse),function(gvn-sink),function(jump-threading)', target_triple=x86_64-unknown-linux-gnu, returncode=-6, cmd=/root/opt/rv64gc_llvm_21/bin/opt -S -passes=module(inferattrs),module(scc-oz-module-inliner),module(attributor),function(gvn-sink),module(iroutliner),cgscc(attributor-cgscc),function(newgvn),function(dse),function(gvn-sink),function(jump-threading) --mtriple=x86_64-unknown-linux-gnu
opt: /root/llvm/llvm-project-21/llvm/lib/Transforms/Utils/Local.cpp:3527: void llvm::patchReplacementInstruction(Instruction*, Value*): Assertion `Success && "We should not be trying to sink callbases " "with non-intersectable attributes"' failed.
PLEASE submit a bug report to https://github.com/llvm/llvm-project/issues/ and include the crash backtrace.
Stack dump:
0.	Program arguments: /root/opt/rv64gc_llvm_21/bin/opt -S -passes=module(inferattrs),module(scc-oz-module-inliner),module(attributor),function(gvn-sink),module(iroutliner),cgscc(attributor-cgscc),function(newgvn),function(dse),function(gvn-sink),function(jump-threading) --mtriple=x86_64-unknown-linux-gnu
1.	Running pass "function(newgvn)" on module "<stdin>"
2.	Running pass "newgvn" on function "main"
 #0 0x00005f76989d2dd0 llvm::sys::PrintStackTrace(llvm::raw_ostream&, int) /root/llvm/llvm-project-21/llvm/lib/Support/Unix/Signals.inc:834:22
 #1 0x00005f76989d3259 PrintStackTraceSignalHandler(void*) /root/llvm/llvm-project-21/llvm/lib/Support/Unix/Signals.inc:918:1
 #2 0x00005f76989d03c9 llvm::sys::RunSignalHandlers() /root/llvm/llvm-project-21/llvm/lib/Support/Signals.cpp:104:20
 #3 0x00005f76989d260d SignalHandler(int, siginfo_t*, void*) /root/llvm/llvm-project-21/llvm/lib/Support/Unix/Signals.inc:426:14
 #4 0x000078330c4f2330 (/lib/x86_64-linux-gnu/libc.so.6+0x45330)
 #5 0x000078330c54bb2c __pthread_kill_implementation ./nptl/pthread_kill.c:44:76
 #6 0x000078330c54bb2c __pthread_kill_internal ./nptl/pthread_kill.c:78:10
 #7 0x000078330c54bb2c pthread_kill ./nptl/pthread_kill.c:89:10
 #8 0x000078330c4f227e raise ./signal/../sysdeps/posix/raise.c:27:6
 #9 0x000078330c4d58ff abort ./stdlib/abort.c:81:7
#10 0x000078330c4d581b _nl_load_domain ./intl/loadmsgcat.c:1177:9
#11 0x000078330c4e8517 (/lib/x86_64-linux-gnu/libc.so.6+0x3b517)
#12 0x00005f769748e172 llvm::patchReplacementInstruction(llvm::Instruction*, llvm::Value*) /root/llvm/llvm-project-21/llvm/lib/Transforms/Utils/Local.cpp:3543:24
#13 0x00005f7696f7dc10 (anonymous namespace)::NewGVN::eliminateInstructions(llvm::Function&) /root/llvm/llvm-project-21/llvm/lib/Transforms/Scalar/NewGVN.cpp:4128:11
[Error] eval /root/iscas/ruyituner/dataset21/poj104-v2-ll_4/train/31_1857.ll: opt failed for pipeline='module(elim-avail-extern),module(globalopt),module(elim-avail-extern),module(scc-oz-module-inliner),function(mem2reg),function(gvn-sink),module(iroutliner),function(dse),module(attributor),module(scc-oz-module-inliner),function(memcpyopt),function(instsimplify),function(newgvn),function(mem2reg),function(gvn-hoist),cgscc(attributor-cgscc)', target_triple=x86_64-unknown-linux-gnu, returncode=-6, cmd=/root/opt/rv64gc_llvm_21/bin/opt -S -passes=module(elim-avail-extern),module(globalopt),module(elim-avail-extern),module(scc-oz-module-inliner),function(mem2reg),function(gvn-sink),module(iroutliner),function(dse),module(attributor),module(scc-oz-module-inliner),function(memcpyopt),function(instsimplify),function(newgvn),function(mem2reg),function(gvn-hoist),cgscc(attributor-cgscc) --mtriple=x86_64-unknown-linux-gnu
opt: /root/llvm/llvm-project-21/llvm/lib/Transforms/Utils/Local.cpp:3527: void llvm::patchReplacementInstruction(Instruction*, Value*): Assertion `Success && "We should not be trying to sink callbases " "with non-intersectable attributes"' failed.
PLEASE submit a bug report to https://github.com/llvm/llvm-project/issues/ and include the crash backtrace.
Stack dump:
0.	Program arguments: /root/opt/rv64gc_llvm_21/bin/opt -S -passes=module(elim-avail-extern),module(globalopt),module(elim-avail-extern),module(scc-oz-module-inliner),function(mem2reg),function(gvn-sink),module(iroutliner),function(dse),module(attributor),module(scc-oz-module-inliner),function(memcpyopt),function(instsimplify),function(newgvn),function(mem2reg),function(gvn-hoist),cgscc(attributor-cgscc) --mtriple=x86_64-unknown-linux-gnu
1.	Running pass "function(newgvn)" on module "<stdin>"
2.	Running pass "newgvn" on function "main"
 #0 0x0000592298eefdd0 llvm::sys::PrintStackTrace(llvm::raw_ostream&, int) /root/llvm/llvm-project-21/llvm/lib/Support/Unix/Signals.inc:834:22
 #1 0x0000592298ef0259 PrintStackTraceSignalHandler(void*) /root/llvm/llvm-project-21/llvm/lib/Support/Unix/Signals.inc:918:1
 #2 0x0000592298eed3c9 llvm::sys::RunSignalHandlers() /root/llvm/llvm-project-21/llvm/lib/Support/Signals.cpp:104:20
 #3 0x0000592298eef60d SignalHandler(int, siginfo_t*, void*) /root/llvm/llvm-project-21/llvm/lib/Support/Unix/Signals.inc:426:14
 #4 0x0000792eea34b330 (/lib/x86_64-linux-gnu/libc.so.6+0x45330)
 #5 0x0000792eea3a4b2c __pthread_kill_implementation ./nptl/pthread_kill.c:44:76
 #6 0x0000792eea3a4b2c __pthread_kill_internal ./nptl/pthread_kill.c:78:10
 #7 0x0000792eea3a4b2c pthread_kill ./nptl/pthread_kill.c:89:10
 #8 0x0000792eea34b27e raise ./signal/../sysdeps/posix/raise.c:27:6
 #9 0x0000792eea32e8ff abort ./stdlib/abort.c:81:7
#10 0x0000792eea32e81b _nl_load_domain ./intl/loadmsgcat.c:1177:9
#11 0x0000792eea341517 (/lib/x86_64-linux-gnu/libc.so.6+0x3b517)
#12 0x00005922979ab172 llvm::patchReplacementInstruction(llvm::Instruction*, llvm::Value*) /root/llvm/llvm-project-21/llvm/lib/Transforms/Utils/Local.cpp:3543:24
#13 0x000059229749ac10 (anonymous namespace)::NewGVN::eliminateInstructions(llvm::Function&) /root/llvm/llvm-project-21/llvm/lib/Transforms/Scalar/NewGVN.cpp:4128:11
[Error] eval /root/iscas/ruyituner/dataset21/poj104-v2-ll_4/train/31_1857.ll: opt failed for pipeline='module(attributor),module(elim-avail-extern),module(scc-oz-module-inliner),function(memcpyopt),module(attributor),module(globalopt),function(dse),function(memcpyopt),module(attributor),module(globalopt),module(iroutliner),function(jump-threading),function(dse),function(newgvn),function(gvn-hoist),function(dce),module(iroutliner),module(globalopt),function(dse),function(memcpyopt),function(reassociate),function(gvn-hoist),function(reassociate),function(jump-threading)', target_triple=x86_64-unknown-linux-gnu, returncode=-6, cmd=/root/opt/rv64gc_llvm_21/bin/opt -S -passes=module(attributor),module(elim-avail-extern),module(scc-oz-module-inliner),function(memcpyopt),module(attributor),module(globalopt),function(dse),function(memcpyopt),module(attributor),module(globalopt),module(iroutliner),function(jump-threading),function(dse),function(newgvn),function(gvn-hoist),function(dce),module(iroutliner),module(globalopt),function(dse),function(memcpyopt),function(reassociate),function(gvn-hoist),function(reassociate),function(jump-threading) --mtriple=x86_64-unknown-linux-gnu
opt: /root/llvm/llvm-project-21/llvm/lib/Transforms/Utils/Local.cpp:3527: void llvm::patchReplacementInstruction(Instruction*, Value*): Assertion `Success && "We should not be trying to sink callbases " "with non-intersectable attributes"' failed.
PLEASE submit a bug report to https://github.com/llvm/llvm-project/issues/ and include the crash backtrace.
Stack dump:
0.	Program arguments: /root/opt/rv64gc_llvm_21/bin/opt -S -passes=module(attributor),module(elim-avail-extern),module(scc-oz-module-inliner),function(memcpyopt),module(attributor),module(globalopt),function(dse),function(memcpyopt),module(attributor),module(globalopt),module(iroutliner),function(jump-threading),function(dse),function(newgvn),function(gvn-hoist),function(dce),module(iroutliner),module(globalopt),function(dse),function(memcpyopt),function(reassociate),function(gvn-hoist),function(reassociate),function(jump-threading) --mtriple=x86_64-unknown-linux-gnu
1.	Running pass "function(newgvn)" on module "<stdin>"
2.	Running pass "newgvn" on function "main"
 #0 0x00005aa910b56dd0 llvm::sys::PrintStackTrace(llvm::raw_ostream&, int) /root/llvm/llvm-project-21/llvm/lib/Support/Unix/Signals.inc:834:22
 #1 0x00005aa910b57259 PrintStackTraceSignalHandler(void*) /root/llvm/llvm-project-21/llvm/lib/Support/Unix/Signals.inc:918:1
 #2 0x00005aa910b543c9 llvm::sys::RunSignalHandlers() /root/llvm/llvm-project-21/llvm/lib/Support/Signals.cpp:104:20
 #3 0x00005aa910b5660d SignalHandler(int, siginfo_t*, void*) /root/llvm/llvm-project-21/llvm/lib/Support/Unix/Signals.inc:426:14
 #4 0x00007d44b46ed330 (/lib/x86_64-linux-gnu/libc.so.6+0x45330)
 #5 0x00007d44b4746b2c __pthread_kill_implementation ./nptl/pthread_kill.c:44:76
 #6 0x00007d44b4746b2c __pthread_kill_internal ./nptl/pthread_kill.c:78:10
 #7 0x00007d44b4746b2c pthread_kill ./nptl/pthread_kill.c:89:10
 #8 0x00007d44b46ed27e raise ./signal/../sysdeps/posix/raise.c:27:6
 #9 0x00007d44b46d08ff abort ./stdlib/abort.c:81:7
#10 0x00007d44b46d081b _nl_load_domain ./intl/loadmsgcat.c:1177:9
#11 0x00007d44b46e3517 (/lib/x86_64-linux-gnu/libc.so.6+0x3b517)
#12 0x00005aa90f612172 llvm::patchReplacementInstruction(llvm::Instruction*, llvm::Value*) /root/llvm/llvm-project-21/llvm/lib/Transforms/Utils/Local.cpp:3543:24
#13 0x00005aa90f101c10 (anonymous namespace)::NewGVN::eliminateInstructions(llvm::Function&) /root/llvm/llvm-project-21/llvm/lib/Transforms/Scalar/NewGVN.cpp:4128:11
[Error] eval /root/iscas/ruyituner/dataset21/poj104-v2-ll_4/train/31_1857.ll: opt failed for pipeline='module(elim-avail-extern),module(globalopt),module(attributor),module(scc-oz-module-inliner),function(mem2reg),function(reassociate),function(memcpyopt),function(newgvn),function(dse),module(elim-avail-extern),cgscc(attributor-cgscc),module(scc-oz-module-inliner),function(jump-threading),function(reassociate),function(gvn-hoist)', target_triple=x86_64-unknown-linux-gnu, returncode=-6, cmd=/root/opt/rv64gc_llvm_21/bin/opt -S -passes=module(elim-avail-extern),module(globalopt),module(attributor),module(scc-oz-module-inliner),function(mem2reg),function(reassociate),function(memcpyopt),function(newgvn),function(dse),module(elim-avail-extern),cgscc(attributor-cgscc),module(scc-oz-module-inliner),function(jump-threading),function(reassociate),function(gvn-hoist) --mtriple=x86_64-unknown-linux-gnu
opt: /root/llvm/llvm-project-21/llvm/lib/Transforms/Utils/Local.cpp:3527: void llvm::patchReplacementInstruction(Instruction*, Value*): Assertion `Success && "We should not be trying to sink callbases " "with non-intersectable attributes"' failed.
PLEASE submit a bug report to https://github.com/llvm/llvm-project/issues/ and include the crash backtrace.
Stack dump:
0.	Program arguments: /root/opt/rv64gc_llvm_21/bin/opt -S -passes=module(elim-avail-extern),module(globalopt),module(attributor),module(scc-oz-module-inliner),function(mem2reg),function(reassociate),function(memcpyopt),function(newgvn),function(dse),module(elim-avail-extern),cgscc(attributor-cgscc),module(scc-oz-module-inliner),function(jump-threading),function(reassociate),function(gvn-hoist) --mtriple=x86_64-unknown-linux-gnu
1.	Running pass "function(newgvn)" on module "<stdin>"
2.	Running pass "newgvn" on function "main"
 #0 0x00005c5d1030cdd0 llvm::sys::PrintStackTrace(llvm::raw_ostream&, int) /root/llvm/llvm-project-21/llvm/lib/Support/Unix/Signals.inc:834:22
 #1 0x00005c5d1030d259 PrintStackTraceSignalHandler(void*) /root/llvm/llvm-project-21/llvm/lib/Support/Unix/Signals.inc:918:1
 #2 0x00005c5d1030a3c9 llvm::sys::RunSignalHandlers() /root/llvm/llvm-project-21/llvm/lib/Support/Signals.cpp:104:20
 #3 0x00005c5d1030c60d SignalHandler(int, siginfo_t*, void*) /root/llvm/llvm-project-21/llvm/lib/Support/Unix/Signals.inc:426:14
 #4 0x000071d50a327330 (/lib/x86_64-linux-gnu/libc.so.6+0x45330)
 #5 0x000071d50a380b2c __pthread_kill_implementation ./nptl/pthread_kill.c:44:76
 #6 0x000071d50a380b2c __pthread_kill_internal ./nptl/pthread_kill.c:78:10
 #7 0x000071d50a380b2c pthread_kill ./nptl/pthread_kill.c:89:10
 #8 0x000071d50a32727e raise ./signal/../sysdeps/posix/raise.c:27:6
 #9 0x000071d50a30a8ff abort ./stdlib/abort.c:81:7
#10 0x000071d50a30a81b _nl_load_domain ./intl/loadmsgcat.c:1177:9
#11 0x000071d50a31d517 (/lib/x86_64-linux-gnu/libc.so.6+0x3b517)
#12 0x00005c5d0edc8172 llvm::patchReplacementInstruction(llvm::Instruction*, llvm::Value*) /root/llvm/llvm-project-21/llvm/lib/Transforms/Utils/Local.cpp:3543:24
#13 0x00005c5d0e8b7c10 (anonymous namespace)::NewGVN::eliminateInstructions(llvm::Function&) /root/llvm/llvm-project-21/llvm/lib/Transforms/Scalar/NewGVN.cpp:4128:11
[Error] eval /root/iscas/ruyituner/dataset21/poj104-v2-ll_4/train/31_1857.ll: opt failed for pipeline='module(elim-avail-extern),function(mem2reg),function(instsimplify),module(iroutliner),function(dce),function(newgvn),function(reassociate),function(memcpyopt),function(gvn-hoist),function(dce),function(jump-threading),module(elim-avail-extern),module(globalopt),function(gvn-sink),function(jump-threading),module(iroutliner),function(dse)', target_triple=x86_64-unknown-linux-gnu, returncode=-6, cmd=/root/opt/rv64gc_llvm_21/bin/opt -S -passes=module(elim-avail-extern),function(mem2reg),function(instsimplify),module(iroutliner),function(dce),function(newgvn),function(reassociate),function(memcpyopt),function(gvn-hoist),function(dce),function(jump-threading),module(elim-avail-extern),module(globalopt),function(gvn-sink),function(jump-threading),module(iroutliner),function(dse) --mtriple=x86_64-unknown-linux-gnu
opt: /root/llvm/llvm-project-21/llvm/lib/Transforms/Utils/Local.cpp:3527: void llvm::patchReplacementInstruction(Instruction*, Value*): Assertion `Success && "We should not be trying to sink callbases " "with non-intersectable attributes"' failed.
PLEASE submit a bug report to https://github.com/llvm/llvm-project/issues/ and include the crash backtrace.
Stack dump:
0.	Program arguments: /root/opt/rv64gc_llvm_21/bin/opt -S -passes=module(elim-avail-extern),function(mem2reg),function(instsimplify),module(iroutliner),function(dce),function(newgvn),function(reassociate),function(memcpyopt),function(gvn-hoist),function(dce),function(jump-threading),module(elim-avail-extern),module(globalopt),function(gvn-sink),function(jump-threading),module(iroutliner),function(dse) --mtriple=x86_64-unknown-linux-gnu
1.	Running pass "function(newgvn)" on module "<stdin>"
2.	Running pass "newgvn" on function "main"
 #0 0x00005587a144cdd0 llvm::sys::PrintStackTrace(llvm::raw_ostream&, int) /root/llvm/llvm-project-21/llvm/lib/Support/Unix/Signals.inc:834:22
 #1 0x00005587a144d259 PrintStackTraceSignalHandler(void*) /root/llvm/llvm-project-21/llvm/lib/Support/Unix/Signals.inc:918:1
 #2 0x00005587a144a3c9 llvm::sys::RunSignalHandlers() /root/llvm/llvm-project-21/llvm/lib/Support/Signals.cpp:104:20
 #3 0x00005587a144c60d SignalHandler(int, siginfo_t*, void*) /root/llvm/llvm-project-21/llvm/lib/Support/Unix/Signals.inc:426:14
 #4 0x000079a6c9d22330 (/lib/x86_64-linux-gnu/libc.so.6+0x45330)
 #5 0x000079a6c9d7bb2c __pthread_kill_implementation ./nptl/pthread_kill.c:44:76
 #6 0x000079a6c9d7bb2c __pthread_kill_internal ./nptl/pthread_kill.c:78:10
 #7 0x000079a6c9d7bb2c pthread_kill ./nptl/pthread_kill.c:89:10
 #8 0x000079a6c9d2227e raise ./signal/../sysdeps/posix/raise.c:27:6
 #9 0x000079a6c9d058ff abort ./stdlib/abort.c:81:7
#10 0x000079a6c9d0581b _nl_load_domain ./intl/loadmsgcat.c:1177:9
#11 0x000079a6c9d18517 (/lib/x86_64-linux-gnu/libc.so.6+0x3b517)
#12 0x000055879ff08172 llvm::patchReplacementInstruction(llvm::Instruction*, llvm::Value*) /root/llvm/llvm-project-21/llvm/lib/Transforms/Utils/Local.cpp:3543:24
#13 0x000055879f9f7c10 (anonymous namespace)::NewGVN::eliminateInstructions(llvm::Function&) /root/llvm/llvm-project-21/llvm/lib/Transforms/Scalar/NewGVN.cpp:4128:11
[Error] eval /root/iscas/ruyituner/dataset21/poj104-v2-ll_4/train/31_1857.ll: opt failed for pipeline='module(inferattrs),module(scc-oz-module-inliner),function(mem2reg),module(iroutliner),function(gvn-hoist),function(jump-threading),module(elim-avail-extern),function(jump-threading),module(globalopt),cgscc(attributor-cgscc),function(dse),function(newgvn),function(gvn-sink)', target_triple=x86_64-unknown-linux-gnu, returncode=-6, cmd=/root/opt/rv64gc_llvm_21/bin/opt -S -passes=module(inferattrs),module(scc-oz-module-inliner),function(mem2reg),module(iroutliner),function(gvn-hoist),function(jump-threading),module(elim-avail-extern),function(jump-threading),module(globalopt),cgscc(attributor-cgscc),function(dse),function(newgvn),function(gvn-sink) --mtriple=x86_64-unknown-linux-gnu
opt: /root/llvm/llvm-project-21/llvm/lib/Transforms/Utils/Local.cpp:3527: void llvm::patchReplacementInstruction(Instruction*, Value*): Assertion `Success && "We should not be trying to sink callbases " "with non-intersectable attributes"' failed.
PLEASE submit a bug report to https://github.com/llvm/llvm-project/issues/ and include the crash backtrace.
Stack dump:
0.	Program arguments: /root/opt/rv64gc_llvm_21/bin/opt -S -passes=module(inferattrs),module(scc-oz-module-inliner),function(mem2reg),module(iroutliner),function(gvn-hoist),function(jump-threading),module(elim-avail-extern),function(jump-threading),module(globalopt),cgscc(attributor-cgscc),function(dse),function(newgvn),function(gvn-sink) --mtriple=x86_64-unknown-linux-gnu
1.	Running pass "function(newgvn)" on module "<stdin>"
2.	Running pass "newgvn" on function "main"
 #0 0x000063cb090eddd0 llvm::sys::PrintStackTrace(llvm::raw_ostream&, int) /root/llvm/llvm-project-21/llvm/lib/Support/Unix/Signals.inc:834:22
 #1 0x000063cb090ee259 PrintStackTraceSignalHandler(void*) /root/llvm/llvm-project-21/llvm/lib/Support/Unix/Signals.inc:918:1
 #2 0x000063cb090eb3c9 llvm::sys::RunSignalHandlers() /root/llvm/llvm-project-21/llvm/lib/Support/Signals.cpp:104:20
 #3 0x000063cb090ed60d SignalHandler(int, siginfo_t*, void*) /root/llvm/llvm-project-21/llvm/lib/Support/Unix/Signals.inc:426:14
 #4 0x00007149a40d6330 (/lib/x86_64-linux-gnu/libc.so.6+0x45330)
 #5 0x00007149a412fb2c __pthread_kill_implementation ./nptl/pthread_kill.c:44:76
 #6 0x00007149a412fb2c __pthread_kill_internal ./nptl/pthread_kill.c:78:10
 #7 0x00007149a412fb2c pthread_kill ./nptl/pthread_kill.c:89:10
 #8 0x00007149a40d627e raise ./signal/../sysdeps/posix/raise.c:27:6
 #9 0x00007149a40b98ff abort ./stdlib/abort.c:81:7
#10 0x00007149a40b981b _nl_load_domain ./intl/loadmsgcat.c:1177:9
#11 0x00007149a40cc517 (/lib/x86_64-linux-gnu/libc.so.6+0x3b517)
#12 0x000063cb07ba9172 llvm::patchReplacementInstruction(llvm::Instruction*, llvm::Value*) /root/llvm/llvm-project-21/llvm/lib/Transforms/Utils/Local.cpp:3543:24
#13 0x000063cb07698c10 (anonymous namespace)::NewGVN::eliminateInstructions(llvm::Function&) /root/llvm/llvm-project-21/llvm/lib/Transforms/Scalar/NewGVN.cpp:4128:11
[Error] eval /root/iscas/ruyituner/dataset21/poj104-v2-ll_4/train/31_1857.ll: opt failed for pipeline='module(elim-avail-extern),module(globalopt),function(dse),function(jump-threading),module(elim-avail-extern),module(scc-oz-module-inliner),function(reassociate),function(memcpyopt),function(dce),function(newgvn)', target_triple=x86_64-unknown-linux-gnu, returncode=-6, cmd=/root/opt/rv64gc_llvm_21/bin/opt -S -passes=module(elim-avail-extern),module(globalopt),function(dse),function(jump-threading),module(elim-avail-extern),module(scc-oz-module-inliner),function(reassociate),function(memcpyopt),function(dce),function(newgvn) --mtriple=x86_64-unknown-linux-gnu
opt: /root/llvm/llvm-project-21/llvm/lib/Transforms/Utils/Local.cpp:3527: void llvm::patchReplacementInstruction(Instruction*, Value*): Assertion `Success && "We should not be trying to sink callbases " "with non-intersectable attributes"' failed.
PLEASE submit a bug report to https://github.com/llvm/llvm-project/issues/ and include the crash backtrace.
Stack dump:
0.	Program arguments: /root/opt/rv64gc_llvm_21/bin/opt -S -passes=module(elim-avail-extern),module(globalopt),function(dse),function(jump-threading),module(elim-avail-extern),module(scc-oz-module-inliner),function(reassociate),function(memcpyopt),function(dce),function(newgvn) --mtriple=x86_64-unknown-linux-gnu
1.	Running pass "function(newgvn)" on module "<stdin>"
2.	Running pass "newgvn" on function "main"
 #0 0x000060a169e66dd0 llvm::sys::PrintStackTrace(llvm::raw_ostream&, int) /root/llvm/llvm-project-21/llvm/lib/Support/Unix/Signals.inc:834:22
 #1 0x000060a169e67259 PrintStackTraceSignalHandler(void*) /root/llvm/llvm-project-21/llvm/lib/Support/Unix/Signals.inc:918:1
 #2 0x000060a169e643c9 llvm::sys::RunSignalHandlers() /root/llvm/llvm-project-21/llvm/lib/Support/Signals.cpp:104:20
 #3 0x000060a169e6660d SignalHandler(int, siginfo_t*, void*) /root/llvm/llvm-project-21/llvm/lib/Support/Unix/Signals.inc:426:14
 #4 0x00007a64980fa330 (/lib/x86_64-linux-gnu/libc.so.6+0x45330)
 #5 0x00007a6498153b2c __pthread_kill_implementation ./nptl/pthread_kill.c:44:76
 #6 0x00007a6498153b2c __pthread_kill_internal ./nptl/pthread_kill.c:78:10
 #7 0x00007a6498153b2c pthread_kill ./nptl/pthread_kill.c:89:10
 #8 0x00007a64980fa27e raise ./signal/../sysdeps/posix/raise.c:27:6
 #9 0x00007a64980dd8ff abort ./stdlib/abort.c:81:7
#10 0x00007a64980dd81b _nl_load_domain ./intl/loadmsgcat.c:1177:9
#11 0x00007a64980f0517 (/lib/x86_64-linux-gnu/libc.so.6+0x3b517)
#12 0x000060a168922172 llvm::patchReplacementInstruction(llvm::Instruction*, llvm::Value*) /root/llvm/llvm-project-21/llvm/lib/Transforms/Utils/Local.cpp:3543:24
#13 0x000060a168411c10 (anonymous namespace)::NewGVN::eliminateInstructions(llvm::Function&) /root/llvm/llvm-project-21/llvm/lib/Transforms/Scalar/NewGVN.cpp:4128:11
[Error] eval /root/iscas/ruyituner/dataset21/poj104-v2-ll_4/train/31_1857.ll: opt failed for pipeline='module(elim-avail-extern),function(mem2reg),function(gvn-sink),function(jump-threading),module(globalopt),function(newgvn),function(gvn-hoist),module(iroutliner)', target_triple=x86_64-unknown-linux-gnu, returncode=-6, cmd=/root/opt/rv64gc_llvm_21/bin/opt -S -passes=module(elim-avail-extern),function(mem2reg),function(gvn-sink),function(jump-threading),module(globalopt),function(newgvn),function(gvn-hoist),module(iroutliner) --mtriple=x86_64-unknown-linux-gnu
opt: /root/llvm/llvm-project-21/llvm/lib/Transforms/Utils/Local.cpp:3527: void llvm::patchReplacementInstruction(Instruction*, Value*): Assertion `Success && "We should not be trying to sink callbases " "with non-intersectable attributes"' failed.
PLEASE submit a bug report to https://github.com/llvm/llvm-project/issues/ and include the crash backtrace.
Stack dump:
0.	Program arguments: /root/opt/rv64gc_llvm_21/bin/opt -S -passes=module(elim-avail-extern),function(mem2reg),function(gvn-sink),function(jump-threading),module(globalopt),function(newgvn),function(gvn-hoist),module(iroutliner) --mtriple=x86_64-unknown-linux-gnu
1.	Running pass "function(newgvn)" on module "<stdin>"
2.	Running pass "newgvn" on function "main"
 #0 0x000057b8a579add0 llvm::sys::PrintStackTrace(llvm::raw_ostream&, int) /root/llvm/llvm-project-21/llvm/lib/Support/Unix/Signals.inc:834:22
 #1 0x000057b8a579b259 PrintStackTraceSignalHandler(void*) /root/llvm/llvm-project-21/llvm/lib/Support/Unix/Signals.inc:918:1
 #2 0x000057b8a57983c9 llvm::sys::RunSignalHandlers() /root/llvm/llvm-project-21/llvm/lib/Support/Signals.cpp:104:20
 #3 0x000057b8a579a60d SignalHandler(int, siginfo_t*, void*) /root/llvm/llvm-project-21/llvm/lib/Support/Unix/Signals.inc:426:14
 #4 0x000075bf2b2b6330 (/lib/x86_64-linux-gnu/libc.so.6+0x45330)
 #5 0x000075bf2b30fb2c __pthread_kill_implementation ./nptl/pthread_kill.c:44:76
 #6 0x000075bf2b30fb2c __pthread_kill_internal ./nptl/pthread_kill.c:78:10
 #7 0x000075bf2b30fb2c pthread_kill ./nptl/pthread_kill.c:89:10
 #8 0x000075bf2b2b627e raise ./signal/../sysdeps/posix/raise.c:27:6
 #9 0x000075bf2b2998ff abort ./stdlib/abort.c:81:7
#10 0x000075bf2b29981b _nl_load_domain ./intl/loadmsgcat.c:1177:9
#11 0x000075bf2b2ac517 (/lib/x86_64-linux-gnu/libc.so.6+0x3b517)
#12 0x000057b8a4256172 llvm::patchReplacementInstruction(llvm::Instruction*, llvm::Value*) /root/llvm/llvm-project-21/llvm/lib/Transforms/Utils/Local.cpp:3543:24
#13 0x000057b8a3d45c10 (anonymous namespace)::NewGVN::eliminateInstructions(llvm::Function&) /root/llvm/llvm-project-21/llvm/lib/Transforms/Scalar/NewGVN.cpp:4128:11
[Error] eval /root/iscas/ruyituner/dataset21/poj104-v2-ll_4/train/31_1857.ll: opt failed for pipeline='module(attributor),module(scc-oz-module-inliner),function(newgvn),function(jump-threading),function(newgvn),module(elim-avail-extern),module(scc-oz-module-inliner),module(iroutliner)', target_triple=x86_64-unknown-linux-gnu, returncode=-6, cmd=/root/opt/rv64gc_llvm_21/bin/opt -S -passes=module(attributor),module(scc-oz-module-inliner),function(newgvn),function(jump-threading),function(newgvn),module(elim-avail-extern),module(scc-oz-module-inliner),module(iroutliner) --mtriple=x86_64-unknown-linux-gnu
opt: /root/llvm/llvm-project-21/llvm/lib/Transforms/Utils/Local.cpp:3527: void llvm::patchReplacementInstruction(Instruction*, Value*): Assertion `Success && "We should not be trying to sink callbases " "with non-intersectable attributes"' failed.
PLEASE submit a bug report to https://github.com/llvm/llvm-project/issues/ and include the crash backtrace.
Stack dump:
0.	Program arguments: /root/opt/rv64gc_llvm_21/bin/opt -S -passes=module(attributor),module(scc-oz-module-inliner),function(newgvn),function(jump-threading),function(newgvn),module(elim-avail-extern),module(scc-oz-module-inliner),module(iroutliner) --mtriple=x86_64-unknown-linux-gnu
1.	Running pass "function(newgvn)" on module "<stdin>"
2.	Running pass "newgvn" on function "main"
 #0 0x000059dec6864dd0 llvm::sys::PrintStackTrace(llvm::raw_ostream&, int) /root/llvm/llvm-project-21/llvm/lib/Support/Unix/Signals.inc:834:22
 #1 0x000059dec6865259 PrintStackTraceSignalHandler(void*) /root/llvm/llvm-project-21/llvm/lib/Support/Unix/Signals.inc:918:1
 #2 0x000059dec68623c9 llvm::sys::RunSignalHandlers() /root/llvm/llvm-project-21/llvm/lib/Support/Signals.cpp:104:20
 #3 0x000059dec686460d SignalHandler(int, siginfo_t*, void*) /root/llvm/llvm-project-21/llvm/lib/Support/Unix/Signals.inc:426:14
 #4 0x000073a1d3bff330 (/lib/x86_64-linux-gnu/libc.so.6+0x45330)
 #5 0x000073a1d3c58b2c __pthread_kill_implementation ./nptl/pthread_kill.c:44:76
 #6 0x000073a1d3c58b2c __pthread_kill_internal ./nptl/pthread_kill.c:78:10
 #7 0x000073a1d3c58b2c pthread_kill ./nptl/pthread_kill.c:89:10
 #8 0x000073a1d3bff27e raise ./signal/../sysdeps/posix/raise.c:27:6
 #9 0x000073a1d3be28ff abort ./stdlib/abort.c:81:7
#10 0x000073a1d3be281b _nl_load_domain ./intl/loadmsgcat.c:1177:9
#11 0x000073a1d3bf5517 (/lib/x86_64-linux-gnu/libc.so.6+0x3b517)
#12 0x000059dec5320172 llvm::patchReplacementInstruction(llvm::Instruction*, llvm::Value*) /root/llvm/llvm-project-21/llvm/lib/Transforms/Utils/Local.cpp:3543:24
#13 0x000059dec4e0fc10 (anonymous namespace)::NewGVN::eliminateInstructions(llvm::Function&) /root/llvm/llvm-project-21/llvm/lib/Transforms/Scalar/NewGVN.cpp:4128:11
[Error] eval /root/iscas/ruyituner/dataset21/poj104-v2-ll_4/train/31_1857.ll: opt failed for pipeline='module(elim-avail-extern),function(mem2reg),function(newgvn),module(globalopt),module(attributor),module(scc-oz-module-inliner),function(reassociate),function(jump-threading)', target_triple=x86_64-unknown-linux-gnu, returncode=-6, cmd=/root/opt/rv64gc_llvm_21/bin/opt -S -passes=module(elim-avail-extern),function(mem2reg),function(newgvn),module(globalopt),module(attributor),module(scc-oz-module-inliner),function(reassociate),function(jump-threading) --mtriple=x86_64-unknown-linux-gnu
opt: /root/llvm/llvm-project-21/llvm/lib/Transforms/Utils/Local.cpp:3527: void llvm::patchReplacementInstruction(Instruction*, Value*): Assertion `Success && "We should not be trying to sink callbases " "with non-intersectable attributes"' failed.
PLEASE submit a bug report to https://github.com/llvm/llvm-project/issues/ and include the crash backtrace.
Stack dump:
0.	Program arguments: /root/opt/rv64gc_llvm_21/bin/opt -S -passes=module(elim-avail-extern),function(mem2reg),function(newgvn),module(globalopt),module(attributor),module(scc-oz-module-inliner),function(reassociate),function(jump-threading) --mtriple=x86_64-unknown-linux-gnu
1.	Running pass "function(newgvn)" on module "<stdin>"
2.	Running pass "newgvn" on function "main"
 #0 0x0000560d1dc0fdd0 llvm::sys::PrintStackTrace(llvm::raw_ostream&, int) /root/llvm/llvm-project-21/llvm/lib/Support/Unix/Signals.inc:834:22
 #1 0x0000560d1dc10259 PrintStackTraceSignalHandler(void*) /root/llvm/llvm-project-21/llvm/lib/Support/Unix/Signals.inc:918:1
 #2 0x0000560d1dc0d3c9 llvm::sys::RunSignalHandlers() /root/llvm/llvm-project-21/llvm/lib/Support/Signals.cpp:104:20
 #3 0x0000560d1dc0f60d SignalHandler(int, siginfo_t*, void*) /root/llvm/llvm-project-21/llvm/lib/Support/Unix/Signals.inc:426:14
 #4 0x0000705b8e3cf330 (/lib/x86_64-linux-gnu/libc.so.6+0x45330)
 #5 0x0000705b8e428b2c __pthread_kill_implementation ./nptl/pthread_kill.c:44:76
 #6 0x0000705b8e428b2c __pthread_kill_internal ./nptl/pthread_kill.c:78:10
 #7 0x0000705b8e428b2c pthread_kill ./nptl/pthread_kill.c:89:10
 #8 0x0000705b8e3cf27e raise ./signal/../sysdeps/posix/raise.c:27:6
 #9 0x0000705b8e3b28ff abort ./stdlib/abort.c:81:7
#10 0x0000705b8e3b281b _nl_load_domain ./intl/loadmsgcat.c:1177:9
#11 0x0000705b8e3c5517 (/lib/x86_64-linux-gnu/libc.so.6+0x3b517)
#12 0x0000560d1c6cb172 llvm::patchReplacementInstruction(llvm::Instruction*, llvm::Value*) /root/llvm/llvm-project-21/llvm/lib/Transforms/Utils/Local.cpp:3543:24
#13 0x0000560d1c1bac10 (anonymous namespace)::NewGVN::eliminateInstructions(llvm::Function&) /root/llvm/llvm-project-21/llvm/lib/Transforms/Scalar/NewGVN.cpp:4128:11
[Error] eval /root/iscas/ruyituner/dataset21/poj104-v2-ll_4/train/31_1857.ll: opt failed for pipeline='module(elim-avail-extern),function(mem2reg),function(instsimplify),module(iroutliner),function(reassociate),function(jump-threading),module(elim-avail-extern),module(globalopt),function(gvn-sink),function(newgvn),cgscc(attributor-cgscc)', target_triple=x86_64-unknown-linux-gnu, returncode=-6, cmd=/root/opt/rv64gc_llvm_21/bin/opt -S -passes=module(elim-avail-extern),function(mem2reg),function(instsimplify),module(iroutliner),function(reassociate),function(jump-threading),module(elim-avail-extern),module(globalopt),function(gvn-sink),function(newgvn),cgscc(attributor-cgscc) --mtriple=x86_64-unknown-linux-gnu
opt: /root/llvm/llvm-project-21/llvm/lib/Transforms/Utils/Local.cpp:3527: void llvm::patchReplacementInstruction(Instruction*, Value*): Assertion `Success && "We should not be trying to sink callbases " "with non-intersectable attributes"' failed.
PLEASE submit a bug report to https://github.com/llvm/llvm-project/issues/ and include the crash backtrace.
Stack dump:
0.	Program arguments: /root/opt/rv64gc_llvm_21/bin/opt -S -passes=module(elim-avail-extern),function(mem2reg),function(instsimplify),module(iroutliner),function(reassociate),function(jump-threading),module(elim-avail-extern),module(globalopt),function(gvn-sink),function(newgvn),cgscc(attributor-cgscc) --mtriple=x86_64-unknown-linux-gnu
1.	Running pass "function(newgvn)" on module "<stdin>"
2.	Running pass "newgvn" on function "main"
 #0 0x000056cb736c1dd0 llvm::sys::PrintStackTrace(llvm::raw_ostream&, int) /root/llvm/llvm-project-21/llvm/lib/Support/Unix/Signals.inc:834:22
 #1 0x000056cb736c2259 PrintStackTraceSignalHandler(void*) /root/llvm/llvm-project-21/llvm/lib/Support/Unix/Signals.inc:918:1
 #2 0x000056cb736bf3c9 llvm::sys::RunSignalHandlers() /root/llvm/llvm-project-21/llvm/lib/Support/Signals.cpp:104:20
 #3 0x000056cb736c160d SignalHandler(int, siginfo_t*, void*) /root/llvm/llvm-project-21/llvm/lib/Support/Unix/Signals.inc:426:14
 #4 0x00007d170e759330 (/lib/x86_64-linux-gnu/libc.so.6+0x45330)
 #5 0x00007d170e7b2b2c __pthread_kill_implementation ./nptl/pthread_kill.c:44:76
 #6 0x00007d170e7b2b2c __pthread_kill_internal ./nptl/pthread_kill.c:78:10
 #7 0x00007d170e7b2b2c pthread_kill ./nptl/pthread_kill.c:89:10
 #8 0x00007d170e75927e raise ./signal/../sysdeps/posix/raise.c:27:6
 #9 0x00007d170e73c8ff abort ./stdlib/abort.c:81:7
#10 0x00007d170e73c81b _nl_load_domain ./intl/loadmsgcat.c:1177:9
#11 0x00007d170e74f517 (/lib/x86_64-linux-gnu/libc.so.6+0x3b517)
#12 0x000056cb7217d172 llvm::patchReplacementInstruction(llvm::Instruction*, llvm::Value*) /root/llvm/llvm-project-21/llvm/lib/Transforms/Utils/Local.cpp:3543:24
#13 0x000056cb71c6cc10 (anonymous namespace)::NewGVN::eliminateInstructions(llvm::Function&) /root/llvm/llvm-project-21/llvm/lib/Transforms/Scalar/NewGVN.cpp:4128:11
[Error] eval /root/iscas/ruyituner/dataset21/poj104-v2-ll_4/train/31_1857.ll: opt failed for pipeline='module(attributor),function(memcpyopt),function(dce),function(newgvn),module(elim-avail-extern),function(mem2reg),module(iroutliner),function(reassociate),function(gvn-hoist),function(jump-threading),function(memcpyopt),function(dce),function(newgvn),module(iroutliner),function(gvn-hoist),function(memcpyopt),function(jump-threading),function(dse),module(elim-avail-extern),module(scc-oz-module-inliner),cgscc(attributor-cgscc)', target_triple=x86_64-unknown-linux-gnu, returncode=-6, cmd=/root/opt/rv64gc_llvm_21/bin/opt -S -passes=module(attributor),function(memcpyopt),function(dce),function(newgvn),module(elim-avail-extern),function(mem2reg),module(iroutliner),function(reassociate),function(gvn-hoist),function(jump-threading),function(memcpyopt),function(dce),function(newgvn),module(iroutliner),function(gvn-hoist),function(memcpyopt),function(jump-threading),function(dse),module(elim-avail-extern),module(scc-oz-module-inliner),cgscc(attributor-cgscc) --mtriple=x86_64-unknown-linux-gnu
opt: /root/llvm/llvm-project-21/llvm/lib/Transforms/Utils/Local.cpp:3527: void llvm::patchReplacementInstruction(Instruction*, Value*): Assertion `Success && "We should not be trying to sink callbases " "with non-intersectable attributes"' failed.
PLEASE submit a bug report to https://github.com/llvm/llvm-project/issues/ and include the crash backtrace.
Stack dump:
0.	Program arguments: /root/opt/rv64gc_llvm_21/bin/opt -S -passes=module(attributor),function(memcpyopt),function(dce),function(newgvn),module(elim-avail-extern),function(mem2reg),module(iroutliner),function(reassociate),function(gvn-hoist),function(jump-threading),function(memcpyopt),function(dce),function(newgvn),module(iroutliner),function(gvn-hoist),function(memcpyopt),function(jump-threading),function(dse),module(elim-avail-extern),module(scc-oz-module-inliner),cgscc(attributor-cgscc) --mtriple=x86_64-unknown-linux-gnu
1.	Running pass "function(newgvn)" on module "<stdin>"
2.	Running pass "newgvn" on function "main"
 #0 0x00005cc7bda48dd0 llvm::sys::PrintStackTrace(llvm::raw_ostream&, int) /root/llvm/llvm-project-21/llvm/lib/Support/Unix/Signals.inc:834:22
 #1 0x00005cc7bda49259 PrintStackTraceSignalHandler(void*) /root/llvm/llvm-project-21/llvm/lib/Support/Unix/Signals.inc:918:1
 #2 0x00005cc7bda463c9 llvm::sys::RunSignalHandlers() /root/llvm/llvm-project-21/llvm/lib/Support/Signals.cpp:104:20
 #3 0x00005cc7bda4860d SignalHandler(int, siginfo_t*, void*) /root/llvm/llvm-project-21/llvm/lib/Support/Unix/Signals.inc:426:14
 #4 0x000073c68c607330 (/lib/x86_64-linux-gnu/libc.so.6+0x45330)
 #5 0x000073c68c660b2c __pthread_kill_implementation ./nptl/pthread_kill.c:44:76
 #6 0x000073c68c660b2c __pthread_kill_internal ./nptl/pthread_kill.c:78:10
 #7 0x000073c68c660b2c pthread_kill ./nptl/pthread_kill.c:89:10
 #8 0x000073c68c60727e raise ./signal/../sysdeps/posix/raise.c:27:6
 #9 0x000073c68c5ea8ff abort ./stdlib/abort.c:81:7
#10 0x000073c68c5ea81b _nl_load_domain ./intl/loadmsgcat.c:1177:9
#11 0x000073c68c5fd517 (/lib/x86_64-linux-gnu/libc.so.6+0x3b517)
#12 0x00005cc7bc504172 llvm::patchReplacementInstruction(llvm::Instruction*, llvm::Value*) /root/llvm/llvm-project-21/llvm/lib/Transforms/Utils/Local.cpp:3543:24
#13 0x00005cc7bbff3c10 (anonymous namespace)::NewGVN::eliminateInstructions(llvm::Function&) /root/llvm/llvm-project-21/llvm/lib/Transforms/Scalar/NewGVN.cpp:4128:11
[Error] eval /root/iscas/ruyituner/dataset21/poj104-v2-ll_4/train/31_1857.ll: opt failed for pipeline='module(attributor),module(scc-oz-module-inliner),module(attributor),module(scc-oz-module-inliner),function(reassociate),function(newgvn),function(newgvn)', target_triple=x86_64-unknown-linux-gnu, returncode=-6, cmd=/root/opt/rv64gc_llvm_21/bin/opt -S -passes=module(attributor),module(scc-oz-module-inliner),module(attributor),module(scc-oz-module-inliner),function(reassociate),function(newgvn),function(newgvn) --mtriple=x86_64-unknown-linux-gnu
opt: /root/llvm/llvm-project-21/llvm/lib/Transforms/Utils/Local.cpp:3527: void llvm::patchReplacementInstruction(Instruction*, Value*): Assertion `Success && "We should not be trying to sink callbases " "with non-intersectable attributes"' failed.
PLEASE submit a bug report to https://github.com/llvm/llvm-project/issues/ and include the crash backtrace.
Stack dump:
0.	Program arguments: /root/opt/rv64gc_llvm_21/bin/opt -S -passes=module(attributor),module(scc-oz-module-inliner),module(attributor),module(scc-oz-module-inliner),function(reassociate),function(newgvn),function(newgvn) --mtriple=x86_64-unknown-linux-gnu
1.	Running pass "function(newgvn)" on module "<stdin>"
2.	Running pass "newgvn" on function "main"
 #0 0x000058c49687cdd0 llvm::sys::PrintStackTrace(llvm::raw_ostream&, int) /root/llvm/llvm-project-21/llvm/lib/Support/Unix/Signals.inc:834:22
 #1 0x000058c49687d259 PrintStackTraceSignalHandler(void*) /root/llvm/llvm-project-21/llvm/lib/Support/Unix/Signals.inc:918:1
 #2 0x000058c49687a3c9 llvm::sys::RunSignalHandlers() /root/llvm/llvm-project-21/llvm/lib/Support/Signals.cpp:104:20
 #3 0x000058c49687c60d SignalHandler(int, siginfo_t*, void*) /root/llvm/llvm-project-21/llvm/lib/Support/Unix/Signals.inc:426:14
 #4 0x000078283c723330 (/lib/x86_64-linux-gnu/libc.so.6+0x45330)
 #5 0x000078283c77cb2c __pthread_kill_implementation ./nptl/pthread_kill.c:44:76
 #6 0x000078283c77cb2c __pthread_kill_internal ./nptl/pthread_kill.c:78:10
 #7 0x000078283c77cb2c pthread_kill ./nptl/pthread_kill.c:89:10
 #8 0x000078283c72327e raise ./signal/../sysdeps/posix/raise.c:27:6
 #9 0x000078283c7068ff abort ./stdlib/abort.c:81:7
#10 0x000078283c70681b _nl_load_domain ./intl/loadmsgcat.c:1177:9
#11 0x000078283c719517 (/lib/x86_64-linux-gnu/libc.so.6+0x3b517)
#12 0x000058c495338172 llvm::patchReplacementInstruction(llvm::Instruction*, llvm::Value*) /root/llvm/llvm-project-21/llvm/lib/Transforms/Utils/Local.cpp:3543:24
#13 0x000058c494e27c10 (anonymous namespace)::NewGVN::eliminateInstructions(llvm::Function&) /root/llvm/llvm-project-21/llvm/lib/Transforms/Scalar/NewGVN.cpp:4128:11
[Error] eval /root/iscas/ruyituner/dataset21/poj104-v2-ll_4/train/31_1857.ll: opt failed for pipeline='module(inferattrs),module(scc-oz-module-inliner),function(newgvn),function(newgvn),cgscc(attributor-cgscc),function(gvn-sink),module(iroutliner)', target_triple=x86_64-unknown-linux-gnu, returncode=-6, cmd=/root/opt/rv64gc_llvm_21/bin/opt -S -passes=module(inferattrs),module(scc-oz-module-inliner),function(newgvn),function(newgvn),cgscc(attributor-cgscc),function(gvn-sink),module(iroutliner) --mtriple=x86_64-unknown-linux-gnu
opt: /root/llvm/llvm-project-21/llvm/lib/Transforms/Utils/Local.cpp:3527: void llvm::patchReplacementInstruction(Instruction*, Value*): Assertion `Success && "We should not be trying to sink callbases " "with non-intersectable attributes"' failed.
PLEASE submit a bug report to https://github.com/llvm/llvm-project/issues/ and include the crash backtrace.
Stack dump:
0.	Program arguments: /root/opt/rv64gc_llvm_21/bin/opt -S -passes=module(inferattrs),module(scc-oz-module-inliner),function(newgvn),function(newgvn),cgscc(attributor-cgscc),function(gvn-sink),module(iroutliner) --mtriple=x86_64-unknown-linux-gnu
1.	Running pass "function(newgvn)" on module "<stdin>"
2.	Running pass "newgvn" on function "main"
 #0 0x00005c1751223dd0 llvm::sys::PrintStackTrace(llvm::raw_ostream&, int) /root/llvm/llvm-project-21/llvm/lib/Support/Unix/Signals.inc:834:22
 #1 0x00005c1751224259 PrintStackTraceSignalHandler(void*) /root/llvm/llvm-project-21/llvm/lib/Support/Unix/Signals.inc:918:1
 #2 0x00005c17512213c9 llvm::sys::RunSignalHandlers() /root/llvm/llvm-project-21/llvm/lib/Support/Signals.cpp:104:20
 #3 0x00005c175122360d SignalHandler(int, siginfo_t*, void*) /root/llvm/llvm-project-21/llvm/lib/Support/Unix/Signals.inc:426:14
 #4 0x00007bb4da081330 (/lib/x86_64-linux-gnu/libc.so.6+0x45330)
 #5 0x00007bb4da0dab2c __pthread_kill_implementation ./nptl/pthread_kill.c:44:76
 #6 0x00007bb4da0dab2c __pthread_kill_internal ./nptl/pthread_kill.c:78:10
 #7 0x00007bb4da0dab2c pthread_kill ./nptl/pthread_kill.c:89:10
 #8 0x00007bb4da08127e raise ./signal/../sysdeps/posix/raise.c:27:6
 #9 0x00007bb4da0648ff abort ./stdlib/abort.c:81:7
#10 0x00007bb4da06481b _nl_load_domain ./intl/loadmsgcat.c:1177:9
#11 0x00007bb4da077517 (/lib/x86_64-linux-gnu/libc.so.6+0x3b517)
#12 0x00005c174fcdf172 llvm::patchReplacementInstruction(llvm::Instruction*, llvm::Value*) /root/llvm/llvm-project-21/llvm/lib/Transforms/Utils/Local.cpp:3543:24
#13 0x00005c174f7cec10 (anonymous namespace)::NewGVN::eliminateInstructions(llvm::Function&) /root/llvm/llvm-project-21/llvm/lib/Transforms/Scalar/NewGVN.cpp:4128:11
[Error] eval /root/iscas/ruyituner/dataset21/poj104-v2-ll_4/train/31_1857.ll: opt failed for pipeline='module(elim-avail-extern),cgscc(attributor-cgscc),module(globalopt),module(elim-avail-extern),module(scc-oz-module-inliner),function(newgvn)', target_triple=x86_64-unknown-linux-gnu, returncode=-6, cmd=/root/opt/rv64gc_llvm_21/bin/opt -S -passes=module(elim-avail-extern),cgscc(attributor-cgscc),module(globalopt),module(elim-avail-extern),module(scc-oz-module-inliner),function(newgvn) --mtriple=x86_64-unknown-linux-gnu
opt: /root/llvm/llvm-project-21/llvm/lib/Transforms/Utils/Local.cpp:3527: void llvm::patchReplacementInstruction(Instruction*, Value*): Assertion `Success && "We should not be trying to sink callbases " "with non-intersectable attributes"' failed.
PLEASE submit a bug report to https://github.com/llvm/llvm-project/issues/ and include the crash backtrace.
Stack dump:
0.	Program arguments: /root/opt/rv64gc_llvm_21/bin/opt -S -passes=module(elim-avail-extern),cgscc(attributor-cgscc),module(globalopt),module(elim-avail-extern),module(scc-oz-module-inliner),function(newgvn) --mtriple=x86_64-unknown-linux-gnu
1.	Running pass "function(newgvn)" on module "<stdin>"
2.	Running pass "newgvn" on function "main"
 #0 0x00005e63a9d7fdd0 llvm::sys::PrintStackTrace(llvm::raw_ostream&, int) /root/llvm/llvm-project-21/llvm/lib/Support/Unix/Signals.inc:834:22
 #1 0x00005e63a9d80259 PrintStackTraceSignalHandler(void*) /root/llvm/llvm-project-21/llvm/lib/Support/Unix/Signals.inc:918:1
 #2 0x00005e63a9d7d3c9 llvm::sys::RunSignalHandlers() /root/llvm/llvm-project-21/llvm/lib/Support/Signals.cpp:104:20
 #3 0x00005e63a9d7f60d SignalHandler(int, siginfo_t*, void*) /root/llvm/llvm-project-21/llvm/lib/Support/Unix/Signals.inc:426:14
 #4 0x00007017b837c330 (/lib/x86_64-linux-gnu/libc.so.6+0x45330)
 #5 0x00007017b83d5b2c __pthread_kill_implementation ./nptl/pthread_kill.c:44:76
 #6 0x00007017b83d5b2c __pthread_kill_internal ./nptl/pthread_kill.c:78:10
 #7 0x00007017b83d5b2c pthread_kill ./nptl/pthread_kill.c:89:10
 #8 0x00007017b837c27e raise ./signal/../sysdeps/posix/raise.c:27:6
 #9 0x00007017b835f8ff abort ./stdlib/abort.c:81:7
#10 0x00007017b835f81b _nl_load_domain ./intl/loadmsgcat.c:1177:9
#11 0x00007017b8372517 (/lib/x86_64-linux-gnu/libc.so.6+0x3b517)
#12 0x00005e63a883b172 llvm::patchReplacementInstruction(llvm::Instruction*, llvm::Value*) /root/llvm/llvm-project-21/llvm/lib/Transforms/Utils/Local.cpp:3543:24
#13 0x00005e63a832ac10 (anonymous namespace)::NewGVN::eliminateInstructions(llvm::Function&) /root/llvm/llvm-project-21/llvm/lib/Transforms/Scalar/NewGVN.cpp:4128:11
[Error] eval /root/iscas/ruyituner/dataset21/poj104-v2-ll_4/train/31_1857.ll: opt failed for pipeline='module(attributor),module(scc-oz-module-inliner),function(dce),module(iroutliner),cgscc(attributor-cgscc),module(scc-oz-module-inliner),function(newgvn)', target_triple=x86_64-unknown-linux-gnu, returncode=-6, cmd=/root/opt/rv64gc_llvm_21/bin/opt -S -passes=module(attributor),module(scc-oz-module-inliner),function(dce),module(iroutliner),cgscc(attributor-cgscc),module(scc-oz-module-inliner),function(newgvn) --mtriple=x86_64-unknown-linux-gnu
opt: /root/llvm/llvm-project-21/llvm/lib/Transforms/Utils/Local.cpp:3527: void llvm::patchReplacementInstruction(Instruction*, Value*): Assertion `Success && "We should not be trying to sink callbases " "with non-intersectable attributes"' failed.
PLEASE submit a bug report to https://github.com/llvm/llvm-project/issues/ and include the crash backtrace.
Stack dump:
0.	Program arguments: /root/opt/rv64gc_llvm_21/bin/opt -S -passes=module(attributor),module(scc-oz-module-inliner),function(dce),module(iroutliner),cgscc(attributor-cgscc),module(scc-oz-module-inliner),function(newgvn) --mtriple=x86_64-unknown-linux-gnu
1.	Running pass "function(newgvn)" on module "<stdin>"
2.	Running pass "newgvn" on function "main"
 #0 0x000062a71f266dd0 llvm::sys::PrintStackTrace(llvm::raw_ostream&, int) /root/llvm/llvm-project-21/llvm/lib/Support/Unix/Signals.inc:834:22
 #1 0x000062a71f267259 PrintStackTraceSignalHandler(void*) /root/llvm/llvm-project-21/llvm/lib/Support/Unix/Signals.inc:918:1
 #2 0x000062a71f2643c9 llvm::sys::RunSignalHandlers() /root/llvm/llvm-project-21/llvm/lib/Support/Signals.cpp:104:20
 #3 0x000062a71f26660d SignalHandler(int, siginfo_t*, void*) /root/llvm/llvm-project-21/llvm/lib/Support/Unix/Signals.inc:426:14
 #4 0x00007b1a2579c330 (/lib/x86_64-linux-gnu/libc.so.6+0x45330)
 #5 0x00007b1a257f5b2c __pthread_kill_implementation ./nptl/pthread_kill.c:44:76
 #6 0x00007b1a257f5b2c __pthread_kill_internal ./nptl/pthread_kill.c:78:10
 #7 0x00007b1a257f5b2c pthread_kill ./nptl/pthread_kill.c:89:10
 #8 0x00007b1a2579c27e raise ./signal/../sysdeps/posix/raise.c:27:6
 #9 0x00007b1a2577f8ff abort ./stdlib/abort.c:81:7
#10 0x00007b1a2577f81b _nl_load_domain ./intl/loadmsgcat.c:1177:9
#11 0x00007b1a25792517 (/lib/x86_64-linux-gnu/libc.so.6+0x3b517)
#12 0x000062a71dd22172 llvm::patchReplacementInstruction(llvm::Instruction*, llvm::Value*) /root/llvm/llvm-project-21/llvm/lib/Transforms/Utils/Local.cpp:3543:24
#13 0x000062a71d811c10 (anonymous namespace)::NewGVN::eliminateInstructions(llvm::Function&) /root/llvm/llvm-project-21/llvm/lib/Transforms/Scalar/NewGVN.cpp:4128:11
[Error] eval /root/iscas/ruyituner/dataset21/poj104-v2-ll_4/train/31_1857.ll: opt failed for pipeline='module(elim-avail-extern),module(globalopt),function(dse),function(jump-threading),module(elim-avail-extern),module(globalopt),module(iroutliner),module(attributor),module(scc-oz-module-inliner),function(newgvn),module(globalopt),function(mem2reg)', target_triple=x86_64-unknown-linux-gnu, returncode=-6, cmd=/root/opt/rv64gc_llvm_21/bin/opt -S -passes=module(elim-avail-extern),module(globalopt),function(dse),function(jump-threading),module(elim-avail-extern),module(globalopt),module(iroutliner),module(attributor),module(scc-oz-module-inliner),function(newgvn),module(globalopt),function(mem2reg) --mtriple=x86_64-unknown-linux-gnu
opt: /root/llvm/llvm-project-21/llvm/lib/Transforms/Utils/Local.cpp:3527: void llvm::patchReplacementInstruction(Instruction*, Value*): Assertion `Success && "We should not be trying to sink callbases " "with non-intersectable attributes"' failed.
PLEASE submit a bug report to https://github.com/llvm/llvm-project/issues/ and include the crash backtrace.
Stack dump:
0.	Program arguments: /root/opt/rv64gc_llvm_21/bin/opt -S -passes=module(elim-avail-extern),module(globalopt),function(dse),function(jump-threading),module(elim-avail-extern),module(globalopt),module(iroutliner),module(attributor),module(scc-oz-module-inliner),function(newgvn),module(globalopt),function(mem2reg) --mtriple=x86_64-unknown-linux-gnu
1.	Running pass "function(newgvn)" on module "<stdin>"
2.	Running pass "newgvn" on function "main"
 #0 0x00005c99bc076dd0 llvm::sys::PrintStackTrace(llvm::raw_ostream&, int) /root/llvm/llvm-project-21/llvm/lib/Support/Unix/Signals.inc:834:22
 #1 0x00005c99bc077259 PrintStackTraceSignalHandler(void*) /root/llvm/llvm-project-21/llvm/lib/Support/Unix/Signals.inc:918:1
 #2 0x00005c99bc0743c9 llvm::sys::RunSignalHandlers() /root/llvm/llvm-project-21/llvm/lib/Support/Signals.cpp:104:20
 #3 0x00005c99bc07660d SignalHandler(int, siginfo_t*, void*) /root/llvm/llvm-project-21/llvm/lib/Support/Unix/Signals.inc:426:14
 #4 0x00007204e8e3f330 (/lib/x86_64-linux-gnu/libc.so.6+0x45330)
 #5 0x00007204e8e98b2c __pthread_kill_implementation ./nptl/pthread_kill.c:44:76
 #6 0x00007204e8e98b2c __pthread_kill_internal ./nptl/pthread_kill.c:78:10
 #7 0x00007204e8e98b2c pthread_kill ./nptl/pthread_kill.c:89:10
 #8 0x00007204e8e3f27e raise ./signal/../sysdeps/posix/raise.c:27:6
 #9 0x00007204e8e228ff abort ./stdlib/abort.c:81:7
#10 0x00007204e8e2281b _nl_load_domain ./intl/loadmsgcat.c:1177:9
#11 0x00007204e8e35517 (/lib/x86_64-linux-gnu/libc.so.6+0x3b517)
#12 0x00005c99bab32172 llvm::patchReplacementInstruction(llvm::Instruction*, llvm::Value*) /root/llvm/llvm-project-21/llvm/lib/Transforms/Utils/Local.cpp:3543:24
#13 0x00005c99ba621c10 (anonymous namespace)::NewGVN::eliminateInstructions(llvm::Function&) /root/llvm/llvm-project-21/llvm/lib/Transforms/Scalar/NewGVN.cpp:4128:11
[Error] eval /root/iscas/ruyituner/dataset21/poj104-v2-ll_4/train/31_1857.ll: opt failed for pipeline='module(scc-oz-module-inliner),module(elim-avail-extern),cgscc(attributor-cgscc),module(iroutliner),module(attributor),function(newgvn)', target_triple=x86_64-unknown-linux-gnu, returncode=-6, cmd=/root/opt/rv64gc_llvm_21/bin/opt -S -passes=module(scc-oz-module-inliner),module(elim-avail-extern),cgscc(attributor-cgscc),module(iroutliner),module(attributor),function(newgvn) --mtriple=x86_64-unknown-linux-gnu
opt: /root/llvm/llvm-project-21/llvm/lib/Transforms/Utils/Local.cpp:3527: void llvm::patchReplacementInstruction(Instruction*, Value*): Assertion `Success && "We should not be trying to sink callbases " "with non-intersectable attributes"' failed.
PLEASE submit a bug report to https://github.com/llvm/llvm-project/issues/ and include the crash backtrace.
Stack dump:
0.	Program arguments: /root/opt/rv64gc_llvm_21/bin/opt -S -passes=module(scc-oz-module-inliner),module(elim-avail-extern),cgscc(attributor-cgscc),module(iroutliner),module(attributor),function(newgvn) --mtriple=x86_64-unknown-linux-gnu
1.	Running pass "function(newgvn)" on module "<stdin>"
2.	Running pass "newgvn" on function "main"
 #0 0x000060237798cdd0 llvm::sys::PrintStackTrace(llvm::raw_ostream&, int) /root/llvm/llvm-project-21/llvm/lib/Support/Unix/Signals.inc:834:22
 #1 0x000060237798d259 PrintStackTraceSignalHandler(void*) /root/llvm/llvm-project-21/llvm/lib/Support/Unix/Signals.inc:918:1
 #2 0x000060237798a3c9 llvm::sys::RunSignalHandlers() /root/llvm/llvm-project-21/llvm/lib/Support/Signals.cpp:104:20
 #3 0x000060237798c60d SignalHandler(int, siginfo_t*, void*) /root/llvm/llvm-project-21/llvm/lib/Support/Unix/Signals.inc:426:14
 #4 0x00007c39c2259330 (/lib/x86_64-linux-gnu/libc.so.6+0x45330)
 #5 0x00007c39c22b2b2c __pthread_kill_implementation ./nptl/pthread_kill.c:44:76
 #6 0x00007c39c22b2b2c __pthread_kill_internal ./nptl/pthread_kill.c:78:10
 #7 0x00007c39c22b2b2c pthread_kill ./nptl/pthread_kill.c:89:10
 #8 0x00007c39c225927e raise ./signal/../sysdeps/posix/raise.c:27:6
 #9 0x00007c39c223c8ff abort ./stdlib/abort.c:81:7
#10 0x00007c39c223c81b _nl_load_domain ./intl/loadmsgcat.c:1177:9
#11 0x00007c39c224f517 (/lib/x86_64-linux-gnu/libc.so.6+0x3b517)
#12 0x0000602376448172 llvm::patchReplacementInstruction(llvm::Instruction*, llvm::Value*) /root/llvm/llvm-project-21/llvm/lib/Transforms/Utils/Local.cpp:3543:24
#13 0x0000602375f37c10 (anonymous namespace)::NewGVN::eliminateInstructions(llvm::Function&) /root/llvm/llvm-project-21/llvm/lib/Transforms/Scalar/NewGVN.cpp:4128:11
[Error] eval /root/iscas/ruyituner/dataset21/poj104-v2-ll_4/train/31_1857.ll: opt failed for pipeline='module(scc-oz-module-inliner),function(gvn-hoist),function(dce),module(iroutliner),function(dce),function(jump-threading),function(dse),module(attributor),function(dce),function(gvn-hoist),function(dce),function(gvn-hoist),module(attributor),module(iroutliner),function(dse),module(globalopt),cgscc(attributor-cgscc),function(newgvn)', target_triple=x86_64-unknown-linux-gnu, returncode=-6, cmd=/root/opt/rv64gc_llvm_21/bin/opt -S -passes=module(scc-oz-module-inliner),function(gvn-hoist),function(dce),module(iroutliner),function(dce),function(jump-threading),function(dse),module(attributor),function(dce),function(gvn-hoist),function(dce),function(gvn-hoist),module(attributor),module(iroutliner),function(dse),module(globalopt),cgscc(attributor-cgscc),function(newgvn) --mtriple=x86_64-unknown-linux-gnu
opt: /root/llvm/llvm-project-21/llvm/lib/Transforms/Utils/Local.cpp:3527: void llvm::patchReplacementInstruction(Instruction*, Value*): Assertion `Success && "We should not be trying to sink callbases " "with non-intersectable attributes"' failed.
PLEASE submit a bug report to https://github.com/llvm/llvm-project/issues/ and include the crash backtrace.
Stack dump:
0.	Program arguments: /root/opt/rv64gc_llvm_21/bin/opt -S -passes=module(scc-oz-module-inliner),function(gvn-hoist),function(dce),module(iroutliner),function(dce),function(jump-threading),function(dse),module(attributor),function(dce),function(gvn-hoist),function(dce),function(gvn-hoist),module(attributor),module(iroutliner),function(dse),module(globalopt),cgscc(attributor-cgscc),function(newgvn) --mtriple=x86_64-unknown-linux-gnu
1.	Running pass "function(newgvn)" on module "<stdin>"
2.	Running pass "newgvn" on function "main"
 #0 0x00005916b664ddd0 llvm::sys::PrintStackTrace(llvm::raw_ostream&, int) /root/llvm/llvm-project-21/llvm/lib/Support/Unix/Signals.inc:834:22
 #1 0x00005916b664e259 PrintStackTraceSignalHandler(void*) /root/llvm/llvm-project-21/llvm/lib/Support/Unix/Signals.inc:918:1
 #2 0x00005916b664b3c9 llvm::sys::RunSignalHandlers() /root/llvm/llvm-project-21/llvm/lib/Support/Signals.cpp:104:20
 #3 0x00005916b664d60d SignalHandler(int, siginfo_t*, void*) /root/llvm/llvm-project-21/llvm/lib/Support/Unix/Signals.inc:426:14
 #4 0x00007367585a9330 (/lib/x86_64-linux-gnu/libc.so.6+0x45330)
 #5 0x0000736758602b2c __pthread_kill_implementation ./nptl/pthread_kill.c:44:76
 #6 0x0000736758602b2c __pthread_kill_internal ./nptl/pthread_kill.c:78:10
 #7 0x0000736758602b2c pthread_kill ./nptl/pthread_kill.c:89:10
 #8 0x00007367585a927e raise ./signal/../sysdeps/posix/raise.c:27:6
 #9 0x000073675858c8ff abort ./stdlib/abort.c:81:7
#10 0x000073675858c81b _nl_load_domain ./intl/loadmsgcat.c:1177:9
#11 0x000073675859f517 (/lib/x86_64-linux-gnu/libc.so.6+0x3b517)
#12 0x00005916b5109172 llvm::patchReplacementInstruction(llvm::Instruction*, llvm::Value*) /root/llvm/llvm-project-21/llvm/lib/Transforms/Utils/Local.cpp:3543:24
#13 0x00005916b4bf8c10 (anonymous namespace)::NewGVN::eliminateInstructions(llvm::Function&) /root/llvm/llvm-project-21/llvm/lib/Transforms/Scalar/NewGVN.cpp:4128:11
[Error] eval /root/iscas/ruyituner/dataset21/poj104-v2-ll_4/train/31_1857.ll: opt failed for pipeline='module(elim-avail-extern),module(scc-oz-module-inliner),function(instsimplify),function(memcpyopt),function(newgvn),function(reassociate),function(jump-threading),module(globalopt),function(gvn-sink)', target_triple=x86_64-unknown-linux-gnu, returncode=-6, cmd=/root/opt/rv64gc_llvm_21/bin/opt -S -passes=module(elim-avail-extern),module(scc-oz-module-inliner),function(instsimplify),function(memcpyopt),function(newgvn),function(reassociate),function(jump-threading),module(globalopt),function(gvn-sink) --mtriple=x86_64-unknown-linux-gnu
opt: /root/llvm/llvm-project-21/llvm/lib/Transforms/Utils/Local.cpp:3527: void llvm::patchReplacementInstruction(Instruction*, Value*): Assertion `Success && "We should not be trying to sink callbases " "with non-intersectable attributes"' failed.
PLEASE submit a bug report to https://github.com/llvm/llvm-project/issues/ and include the crash backtrace.
Stack dump:
0.	Program arguments: /root/opt/rv64gc_llvm_21/bin/opt -S -passes=module(elim-avail-extern),module(scc-oz-module-inliner),function(instsimplify),function(memcpyopt),function(newgvn),function(reassociate),function(jump-threading),module(globalopt),function(gvn-sink) --mtriple=x86_64-unknown-linux-gnu
1.	Running pass "function(newgvn)" on module "<stdin>"
2.	Running pass "newgvn" on function "main"
 #0 0x000062840eca6dd0 llvm::sys::PrintStackTrace(llvm::raw_ostream&, int) /root/llvm/llvm-project-21/llvm/lib/Support/Unix/Signals.inc:834:22
 #1 0x000062840eca7259 PrintStackTraceSignalHandler(void*) /root/llvm/llvm-project-21/llvm/lib/Support/Unix/Signals.inc:918:1
 #2 0x000062840eca43c9 llvm::sys::RunSignalHandlers() /root/llvm/llvm-project-21/llvm/lib/Support/Signals.cpp:104:20
 #3 0x000062840eca660d SignalHandler(int, siginfo_t*, void*) /root/llvm/llvm-project-21/llvm/lib/Support/Unix/Signals.inc:426:14
 #4 0x00007671fa0de330 (/lib/x86_64-linux-gnu/libc.so.6+0x45330)
 #5 0x00007671fa137b2c __pthread_kill_implementation ./nptl/pthread_kill.c:44:76
 #6 0x00007671fa137b2c __pthread_kill_internal ./nptl/pthread_kill.c:78:10
 #7 0x00007671fa137b2c pthread_kill ./nptl/pthread_kill.c:89:10
 #8 0x00007671fa0de27e raise ./signal/../sysdeps/posix/raise.c:27:6
 #9 0x00007671fa0c18ff abort ./stdlib/abort.c:81:7
#10 0x00007671fa0c181b _nl_load_domain ./intl/loadmsgcat.c:1177:9
#11 0x00007671fa0d4517 (/lib/x86_64-linux-gnu/libc.so.6+0x3b517)
#12 0x000062840d762172 llvm::patchReplacementInstruction(llvm::Instruction*, llvm::Value*) /root/llvm/llvm-project-21/llvm/lib/Transforms/Utils/Local.cpp:3543:24
#13 0x000062840d251c10 (anonymous namespace)::NewGVN::eliminateInstructions(llvm::Function&) /root/llvm/llvm-project-21/llvm/lib/Transforms/Scalar/NewGVN.cpp:4128:11
[Error] eval /root/iscas/ruyituner/dataset21/poj104-v2-ll_4/train/31_1857.ll: opt failed for pipeline='module(elim-avail-extern),function(mem2reg),function(newgvn),function(dce),function(memcpyopt),cgscc(attributor-cgscc),function(jump-threading),function(gvn-sink),module(globalopt),module(iroutliner),function(gvn-hoist),function(mem2reg),function(jump-threading)', target_triple=x86_64-unknown-linux-gnu, returncode=-6, cmd=/root/opt/rv64gc_llvm_21/bin/opt -S -passes=module(elim-avail-extern),function(mem2reg),function(newgvn),function(dce),function(memcpyopt),cgscc(attributor-cgscc),function(jump-threading),function(gvn-sink),module(globalopt),module(iroutliner),function(gvn-hoist),function(mem2reg),function(jump-threading) --mtriple=x86_64-unknown-linux-gnu
opt: /root/llvm/llvm-project-21/llvm/lib/Transforms/Utils/Local.cpp:3527: void llvm::patchReplacementInstruction(Instruction*, Value*): Assertion `Success && "We should not be trying to sink callbases " "with non-intersectable attributes"' failed.
PLEASE submit a bug report to https://github.com/llvm/llvm-project/issues/ and include the crash backtrace.
Stack dump:
0.	Program arguments: /root/opt/rv64gc_llvm_21/bin/opt -S -passes=module(elim-avail-extern),function(mem2reg),function(newgvn),function(dce),function(memcpyopt),cgscc(attributor-cgscc),function(jump-threading),function(gvn-sink),module(globalopt),module(iroutliner),function(gvn-hoist),function(mem2reg),function(jump-threading) --mtriple=x86_64-unknown-linux-gnu
1.	Running pass "function(newgvn)" on module "<stdin>"
2.	Running pass "newgvn" on function "main"
 #0 0x00005f36e35d7dd0 llvm::sys::PrintStackTrace(llvm::raw_ostream&, int) /root/llvm/llvm-project-21/llvm/lib/Support/Unix/Signals.inc:834:22
 #1 0x00005f36e35d8259 PrintStackTraceSignalHandler(void*) /root/llvm/llvm-project-21/llvm/lib/Support/Unix/Signals.inc:918:1
 #2 0x00005f36e35d53c9 llvm::sys::RunSignalHandlers() /root/llvm/llvm-project-21/llvm/lib/Support/Signals.cpp:104:20
 #3 0x00005f36e35d760d SignalHandler(int, siginfo_t*, void*) /root/llvm/llvm-project-21/llvm/lib/Support/Unix/Signals.inc:426:14
 #4 0x00007c65dfab1330 (/lib/x86_64-linux-gnu/libc.so.6+0x45330)
 #5 0x00007c65dfb0ab2c __pthread_kill_implementation ./nptl/pthread_kill.c:44:76
 #6 0x00007c65dfb0ab2c __pthread_kill_internal ./nptl/pthread_kill.c:78:10
 #7 0x00007c65dfb0ab2c pthread_kill ./nptl/pthread_kill.c:89:10
 #8 0x00007c65dfab127e raise ./signal/../sysdeps/posix/raise.c:27:6
 #9 0x00007c65dfa948ff abort ./stdlib/abort.c:81:7
#10 0x00007c65dfa9481b _nl_load_domain ./intl/loadmsgcat.c:1177:9
#11 0x00007c65dfaa7517 (/lib/x86_64-linux-gnu/libc.so.6+0x3b517)
#12 0x00005f36e2093172 llvm::patchReplacementInstruction(llvm::Instruction*, llvm::Value*) /root/llvm/llvm-project-21/llvm/lib/Transforms/Utils/Local.cpp:3543:24
#13 0x00005f36e1b82c10 (anonymous namespace)::NewGVN::eliminateInstructions(llvm::Function&) /root/llvm/llvm-project-21/llvm/lib/Transforms/Scalar/NewGVN.cpp:4128:11
[Error] eval /root/iscas/ruyituner/dataset21/poj104-v2-ll_4/train/31_1857.ll: opt failed for pipeline='module(attributor),module(scc-oz-module-inliner),function(dse),function(jump-threading),function(reassociate),function(newgvn),module(globalopt),function(gvn-sink)', target_triple=x86_64-unknown-linux-gnu, returncode=-6, cmd=/root/opt/rv64gc_llvm_21/bin/opt -S -passes=module(attributor),module(scc-oz-module-inliner),function(dse),function(jump-threading),function(reassociate),function(newgvn),module(globalopt),function(gvn-sink) --mtriple=x86_64-unknown-linux-gnu
opt: /root/llvm/llvm-project-21/llvm/lib/Transforms/Utils/Local.cpp:3527: void llvm::patchReplacementInstruction(Instruction*, Value*): Assertion `Success && "We should not be trying to sink callbases " "with non-intersectable attributes"' failed.
PLEASE submit a bug report to https://github.com/llvm/llvm-project/issues/ and include the crash backtrace.
Stack dump:
0.	Program arguments: /root/opt/rv64gc_llvm_21/bin/opt -S -passes=module(attributor),module(scc-oz-module-inliner),function(dse),function(jump-threading),function(reassociate),function(newgvn),module(globalopt),function(gvn-sink) --mtriple=x86_64-unknown-linux-gnu
1.	Running pass "function(newgvn)" on module "<stdin>"
2.	Running pass "newgvn" on function "main"
 #0 0x000061e000159dd0 llvm::sys::PrintStackTrace(llvm::raw_ostream&, int) /root/llvm/llvm-project-21/llvm/lib/Support/Unix/Signals.inc:834:22
 #1 0x000061e00015a259 PrintStackTraceSignalHandler(void*) /root/llvm/llvm-project-21/llvm/lib/Support/Unix/Signals.inc:918:1
 #2 0x000061e0001573c9 llvm::sys::RunSignalHandlers() /root/llvm/llvm-project-21/llvm/lib/Support/Signals.cpp:104:20
 #3 0x000061e00015960d SignalHandler(int, siginfo_t*, void*) /root/llvm/llvm-project-21/llvm/lib/Support/Unix/Signals.inc:426:14
 #4 0x0000794982a23330 (/lib/x86_64-linux-gnu/libc.so.6+0x45330)
 #5 0x0000794982a7cb2c __pthread_kill_implementation ./nptl/pthread_kill.c:44:76
 #6 0x0000794982a7cb2c __pthread_kill_internal ./nptl/pthread_kill.c:78:10
 #7 0x0000794982a7cb2c pthread_kill ./nptl/pthread_kill.c:89:10
 #8 0x0000794982a2327e raise ./signal/../sysdeps/posix/raise.c:27:6
 #9 0x0000794982a068ff abort ./stdlib/abort.c:81:7
#10 0x0000794982a0681b _nl_load_domain ./intl/loadmsgcat.c:1177:9
#11 0x0000794982a19517 (/lib/x86_64-linux-gnu/libc.so.6+0x3b517)
#12 0x000061dffec15172 llvm::patchReplacementInstruction(llvm::Instruction*, llvm::Value*) /root/llvm/llvm-project-21/llvm/lib/Transforms/Utils/Local.cpp:3543:24
#13 0x000061dffe704c10 (anonymous namespace)::NewGVN::eliminateInstructions(llvm::Function&) /root/llvm/llvm-project-21/llvm/lib/Transforms/Scalar/NewGVN.cpp:4128:11
[Error] eval /root/iscas/ruyituner/dataset21/poj104-v2-ll_4/train/31_1857.ll: opt failed for pipeline='function(newgvn),module(iroutliner),module(elim-avail-extern),module(globalopt),function(mem2reg),function(dse),function(jump-threading),function(newgvn),function(reassociate),function(memcpyopt)', target_triple=x86_64-unknown-linux-gnu, returncode=-6, cmd=/root/opt/rv64gc_llvm_21/bin/opt -S -passes=function(newgvn),module(iroutliner),module(elim-avail-extern),module(globalopt),function(mem2reg),function(dse),function(jump-threading),function(newgvn),function(reassociate),function(memcpyopt) --mtriple=x86_64-unknown-linux-gnu
opt: /root/llvm/llvm-project-21/llvm/lib/Transforms/Utils/Local.cpp:3527: void llvm::patchReplacementInstruction(Instruction*, Value*): Assertion `Success && "We should not be trying to sink callbases " "with non-intersectable attributes"' failed.
PLEASE submit a bug report to https://github.com/llvm/llvm-project/issues/ and include the crash backtrace.
Stack dump:
0.	Program arguments: /root/opt/rv64gc_llvm_21/bin/opt -S -passes=function(newgvn),module(iroutliner),module(elim-avail-extern),module(globalopt),function(mem2reg),function(dse),function(jump-threading),function(newgvn),function(reassociate),function(memcpyopt) --mtriple=x86_64-unknown-linux-gnu
1.	Running pass "function(newgvn)" on module "<stdin>"
2.	Running pass "newgvn" on function "main"
 #0 0x0000597b8b9b7dd0 llvm::sys::PrintStackTrace(llvm::raw_ostream&, int) /root/llvm/llvm-project-21/llvm/lib/Support/Unix/Signals.inc:834:22
 #1 0x0000597b8b9b8259 PrintStackTraceSignalHandler(void*) /root/llvm/llvm-project-21/llvm/lib/Support/Unix/Signals.inc:918:1
 #2 0x0000597b8b9b53c9 llvm::sys::RunSignalHandlers() /root/llvm/llvm-project-21/llvm/lib/Support/Signals.cpp:104:20
 #3 0x0000597b8b9b760d SignalHandler(int, siginfo_t*, void*) /root/llvm/llvm-project-21/llvm/lib/Support/Unix/Signals.inc:426:14
 #4 0x0000783f9080c330 (/lib/x86_64-linux-gnu/libc.so.6+0x45330)
 #5 0x0000783f90865b2c __pthread_kill_implementation ./nptl/pthread_kill.c:44:76
 #6 0x0000783f90865b2c __pthread_kill_internal ./nptl/pthread_kill.c:78:10
 #7 0x0000783f90865b2c pthread_kill ./nptl/pthread_kill.c:89:10
 #8 0x0000783f9080c27e raise ./signal/../sysdeps/posix/raise.c:27:6
 #9 0x0000783f907ef8ff abort ./stdlib/abort.c:81:7
#10 0x0000783f907ef81b _nl_load_domain ./intl/loadmsgcat.c:1177:9
#11 0x0000783f90802517 (/lib/x86_64-linux-gnu/libc.so.6+0x3b517)
#12 0x0000597b8a473172 llvm::patchReplacementInstruction(llvm::Instruction*, llvm::Value*) /root/llvm/llvm-project-21/llvm/lib/Transforms/Utils/Local.cpp:3543:24
#13 0x0000597b89f62c10 (anonymous namespace)::NewGVN::eliminateInstructions(llvm::Function&) /root/llvm/llvm-project-21/llvm/lib/Transforms/Scalar/NewGVN.cpp:4128:11
[Error] eval /root/iscas/ruyituner/dataset21/poj104-v2-ll_4/train/31_1857.ll: opt failed for pipeline='module(scc-oz-module-inliner),function(gvn-hoist),function(memcpyopt),function(newgvn),module(attributor),function(instsimplify),function(newgvn),function(jump-threading),module(globalopt),function(gvn-sink),function(jump-threading)', target_triple=x86_64-unknown-linux-gnu, returncode=-6, cmd=/root/opt/rv64gc_llvm_21/bin/opt -S -passes=module(scc-oz-module-inliner),function(gvn-hoist),function(memcpyopt),function(newgvn),module(attributor),function(instsimplify),function(newgvn),function(jump-threading),module(globalopt),function(gvn-sink),function(jump-threading) --mtriple=x86_64-unknown-linux-gnu
opt: /root/llvm/llvm-project-21/llvm/lib/Transforms/Utils/Local.cpp:3527: void llvm::patchReplacementInstruction(Instruction*, Value*): Assertion `Success && "We should not be trying to sink callbases " "with non-intersectable attributes"' failed.
PLEASE submit a bug report to https://github.com/llvm/llvm-project/issues/ and include the crash backtrace.
Stack dump:
0.	Program arguments: /root/opt/rv64gc_llvm_21/bin/opt -S -passes=module(scc-oz-module-inliner),function(gvn-hoist),function(memcpyopt),function(newgvn),module(attributor),function(instsimplify),function(newgvn),function(jump-threading),module(globalopt),function(gvn-sink),function(jump-threading) --mtriple=x86_64-unknown-linux-gnu
1.	Running pass "function(newgvn)" on module "<stdin>"
2.	Running pass "newgvn" on function "main"
 #0 0x00005e0c5c482dd0 llvm::sys::PrintStackTrace(llvm::raw_ostream&, int) /root/llvm/llvm-project-21/llvm/lib/Support/Unix/Signals.inc:834:22
 #1 0x00005e0c5c483259 PrintStackTraceSignalHandler(void*) /root/llvm/llvm-project-21/llvm/lib/Support/Unix/Signals.inc:918:1
 #2 0x00005e0c5c4803c9 llvm::sys::RunSignalHandlers() /root/llvm/llvm-project-21/llvm/lib/Support/Signals.cpp:104:20
 #3 0x00005e0c5c48260d SignalHandler(int, siginfo_t*, void*) /root/llvm/llvm-project-21/llvm/lib/Support/Unix/Signals.inc:426:14
 #4 0x000078f3bd4e3330 (/lib/x86_64-linux-gnu/libc.so.6+0x45330)
 #5 0x000078f3bd53cb2c __pthread_kill_implementation ./nptl/pthread_kill.c:44:76
 #6 0x000078f3bd53cb2c __pthread_kill_internal ./nptl/pthread_kill.c:78:10
 #7 0x000078f3bd53cb2c pthread_kill ./nptl/pthread_kill.c:89:10
 #8 0x000078f3bd4e327e raise ./signal/../sysdeps/posix/raise.c:27:6
 #9 0x000078f3bd4c68ff abort ./stdlib/abort.c:81:7
#10 0x000078f3bd4c681b _nl_load_domain ./intl/loadmsgcat.c:1177:9
#11 0x000078f3bd4d9517 (/lib/x86_64-linux-gnu/libc.so.6+0x3b517)
#12 0x00005e0c5af3e172 llvm::patchReplacementInstruction(llvm::Instruction*, llvm::Value*) /root/llvm/llvm-project-21/llvm/lib/Transforms/Utils/Local.cpp:3543:24
#13 0x00005e0c5aa2dc10 (anonymous namespace)::NewGVN::eliminateInstructions(llvm::Function&) /root/llvm/llvm-project-21/llvm/lib/Transforms/Scalar/NewGVN.cpp:4128:11
[Error] eval /root/iscas/ruyituner/dataset21/poj104-v2-ll_4/train/31_1857.ll: opt failed for pipeline='module(scc-oz-module-inliner),function(newgvn),function(memcpyopt),function(instsimplify),module(iroutliner),module(elim-avail-extern),module(globalopt)', target_triple=x86_64-unknown-linux-gnu, returncode=-6, cmd=/root/opt/rv64gc_llvm_21/bin/opt -S -passes=module(scc-oz-module-inliner),function(newgvn),function(memcpyopt),function(instsimplify),module(iroutliner),module(elim-avail-extern),module(globalopt) --mtriple=x86_64-unknown-linux-gnu
opt: /root/llvm/llvm-project-21/llvm/lib/Transforms/Utils/Local.cpp:3527: void llvm::patchReplacementInstruction(Instruction*, Value*): Assertion `Success && "We should not be trying to sink callbases " "with non-intersectable attributes"' failed.
PLEASE submit a bug report to https://github.com/llvm/llvm-project/issues/ and include the crash backtrace.
Stack dump:
0.	Program arguments: /root/opt/rv64gc_llvm_21/bin/opt -S -passes=module(scc-oz-module-inliner),function(newgvn),function(memcpyopt),function(instsimplify),module(iroutliner),module(elim-avail-extern),module(globalopt) --mtriple=x86_64-unknown-linux-gnu
1.	Running pass "function(newgvn)" on module "<stdin>"
2.	Running pass "newgvn" on function "main"
 #0 0x00005afca4eb1dd0 llvm::sys::PrintStackTrace(llvm::raw_ostream&, int) /root/llvm/llvm-project-21/llvm/lib/Support/Unix/Signals.inc:834:22
 #1 0x00005afca4eb2259 PrintStackTraceSignalHandler(void*) /root/llvm/llvm-project-21/llvm/lib/Support/Unix/Signals.inc:918:1
 #2 0x00005afca4eaf3c9 llvm::sys::RunSignalHandlers() /root/llvm/llvm-project-21/llvm/lib/Support/Signals.cpp:104:20
 #3 0x00005afca4eb160d SignalHandler(int, siginfo_t*, void*) /root/llvm/llvm-project-21/llvm/lib/Support/Unix/Signals.inc:426:14
 #4 0x00007a2b25401330 (/lib/x86_64-linux-gnu/libc.so.6+0x45330)
 #5 0x00007a2b2545ab2c __pthread_kill_implementation ./nptl/pthread_kill.c:44:76
 #6 0x00007a2b2545ab2c __pthread_kill_internal ./nptl/pthread_kill.c:78:10
 #7 0x00007a2b2545ab2c pthread_kill ./nptl/pthread_kill.c:89:10
 #8 0x00007a2b2540127e raise ./signal/../sysdeps/posix/raise.c:27:6
 #9 0x00007a2b253e48ff abort ./stdlib/abort.c:81:7
#10 0x00007a2b253e481b _nl_load_domain ./intl/loadmsgcat.c:1177:9
#11 0x00007a2b253f7517 (/lib/x86_64-linux-gnu/libc.so.6+0x3b517)
#12 0x00005afca396d172 llvm::patchReplacementInstruction(llvm::Instruction*, llvm::Value*) /root/llvm/llvm-project-21/llvm/lib/Transforms/Utils/Local.cpp:3543:24
#13 0x00005afca345cc10 (anonymous namespace)::NewGVN::eliminateInstructions(llvm::Function&) /root/llvm/llvm-project-21/llvm/lib/Transforms/Scalar/NewGVN.cpp:4128:11
[Error] eval /root/iscas/ruyituner/dataset21/poj104-v2-ll_4/train/31_1857.ll: opt failed for pipeline='module(elim-avail-extern),function(mem2reg),function(instsimplify),module(iroutliner),function(reassociate),module(iroutliner),cgscc(attributor-cgscc),module(scc-oz-module-inliner),function(newgvn),function(dce),function(jump-threading),module(globalopt),function(newgvn)', target_triple=x86_64-unknown-linux-gnu, returncode=-6, cmd=/root/opt/rv64gc_llvm_21/bin/opt -S -passes=module(elim-avail-extern),function(mem2reg),function(instsimplify),module(iroutliner),function(reassociate),module(iroutliner),cgscc(attributor-cgscc),module(scc-oz-module-inliner),function(newgvn),function(dce),function(jump-threading),module(globalopt),function(newgvn) --mtriple=x86_64-unknown-linux-gnu
opt: /root/llvm/llvm-project-21/llvm/lib/Transforms/Utils/Local.cpp:3527: void llvm::patchReplacementInstruction(Instruction*, Value*): Assertion `Success && "We should not be trying to sink callbases " "with non-intersectable attributes"' failed.
PLEASE submit a bug report to https://github.com/llvm/llvm-project/issues/ and include the crash backtrace.
Stack dump:
0.	Program arguments: /root/opt/rv64gc_llvm_21/bin/opt -S -passes=module(elim-avail-extern),function(mem2reg),function(instsimplify),module(iroutliner),function(reassociate),module(iroutliner),cgscc(attributor-cgscc),module(scc-oz-module-inliner),function(newgvn),function(dce),function(jump-threading),module(globalopt),function(newgvn) --mtriple=x86_64-unknown-linux-gnu
1.	Running pass "function(newgvn)" on module "<stdin>"
2.	Running pass "newgvn" on function "main"
 #0 0x00005b71d5723dd0 llvm::sys::PrintStackTrace(llvm::raw_ostream&, int) /root/llvm/llvm-project-21/llvm/lib/Support/Unix/Signals.inc:834:22
 #1 0x00005b71d5724259 PrintStackTraceSignalHandler(void*) /root/llvm/llvm-project-21/llvm/lib/Support/Unix/Signals.inc:918:1
 #2 0x00005b71d57213c9 llvm::sys::RunSignalHandlers() /root/llvm/llvm-project-21/llvm/lib/Support/Signals.cpp:104:20
 #3 0x00005b71d572360d SignalHandler(int, siginfo_t*, void*) /root/llvm/llvm-project-21/llvm/lib/Support/Unix/Signals.inc:426:14
 #4 0x00007adf16b87330 (/lib/x86_64-linux-gnu/libc.so.6+0x45330)
 #5 0x00007adf16be0b2c __pthread_kill_implementation ./nptl/pthread_kill.c:44:76
 #6 0x00007adf16be0b2c __pthread_kill_internal ./nptl/pthread_kill.c:78:10
 #7 0x00007adf16be0b2c pthread_kill ./nptl/pthread_kill.c:89:10
 #8 0x00007adf16b8727e raise ./signal/../sysdeps/posix/raise.c:27:6
 #9 0x00007adf16b6a8ff abort ./stdlib/abort.c:81:7
#10 0x00007adf16b6a81b _nl_load_domain ./intl/loadmsgcat.c:1177:9
#11 0x00007adf16b7d517 (/lib/x86_64-linux-gnu/libc.so.6+0x3b517)
#12 0x00005b71d41df172 llvm::patchReplacementInstruction(llvm::Instruction*, llvm::Value*) /root/llvm/llvm-project-21/llvm/lib/Transforms/Utils/Local.cpp:3543:24
#13 0x00005b71d3ccec10 (anonymous namespace)::NewGVN::eliminateInstructions(llvm::Function&) /root/llvm/llvm-project-21/llvm/lib/Transforms/Scalar/NewGVN.cpp:4128:11
[Error] eval /root/iscas/ruyituner/dataset21/poj104-v2-ll_4/train/31_1857.ll: opt failed for pipeline='module(elim-avail-extern),module(globalopt),function(dse),function(jump-threading),cgscc(attributor-cgscc),function(mem2reg),module(elim-avail-extern),function(newgvn),module(attributor),function(gvn-hoist),function(reassociate),function(jump-threading),cgscc(attributor-cgscc),function(mem2reg),function(instsimplify),function(jump-threading),module(elim-avail-extern),module(globalopt),function(gvn-sink),function(newgvn),function(dce),function(memcpyopt),cgscc(attributor-cgscc),function(dse),module(iroutliner),function(instsimplify)', target_triple=x86_64-unknown-linux-gnu, returncode=-6, cmd=/root/opt/rv64gc_llvm_21/bin/opt -S -passes=module(elim-avail-extern),module(globalopt),function(dse),function(jump-threading),cgscc(attributor-cgscc),function(mem2reg),module(elim-avail-extern),function(newgvn),module(attributor),function(gvn-hoist),function(reassociate),function(jump-threading),cgscc(attributor-cgscc),function(mem2reg),function(instsimplify),function(jump-threading),module(elim-avail-extern),module(globalopt),function(gvn-sink),function(newgvn),function(dce),function(memcpyopt),cgscc(attributor-cgscc),function(dse),module(iroutliner),function(instsimplify) --mtriple=x86_64-unknown-linux-gnu
opt: /root/llvm/llvm-project-21/llvm/lib/Transforms/Utils/Local.cpp:3527: void llvm::patchReplacementInstruction(Instruction*, Value*): Assertion `Success && "We should not be trying to sink callbases " "with non-intersectable attributes"' failed.
PLEASE submit a bug report to https://github.com/llvm/llvm-project/issues/ and include the crash backtrace.
Stack dump:
0.	Program arguments: /root/opt/rv64gc_llvm_21/bin/opt -S -passes=module(elim-avail-extern),module(globalopt),function(dse),function(jump-threading),cgscc(attributor-cgscc),function(mem2reg),module(elim-avail-extern),function(newgvn),module(attributor),function(gvn-hoist),function(reassociate),function(jump-threading),cgscc(attributor-cgscc),function(mem2reg),function(instsimplify),function(jump-threading),module(elim-avail-extern),module(globalopt),function(gvn-sink),function(newgvn),function(dce),function(memcpyopt),cgscc(attributor-cgscc),function(dse),module(iroutliner),function(instsimplify) --mtriple=x86_64-unknown-linux-gnu
1.	Running pass "function(newgvn)" on module "<stdin>"
2.	Running pass "newgvn" on function "main"
 #0 0x00005fe45011add0 llvm::sys::PrintStackTrace(llvm::raw_ostream&, int) /root/llvm/llvm-project-21/llvm/lib/Support/Unix/Signals.inc:834:22
 #1 0x00005fe45011b259 PrintStackTraceSignalHandler(void*) /root/llvm/llvm-project-21/llvm/lib/Support/Unix/Signals.inc:918:1
 #2 0x00005fe4501183c9 llvm::sys::RunSignalHandlers() /root/llvm/llvm-project-21/llvm/lib/Support/Signals.cpp:104:20
 #3 0x00005fe45011a60d SignalHandler(int, siginfo_t*, void*) /root/llvm/llvm-project-21/llvm/lib/Support/Unix/Signals.inc:426:14
 #4 0x00007a2748fde330 (/lib/x86_64-linux-gnu/libc.so.6+0x45330)
 #5 0x00007a2749037b2c __pthread_kill_implementation ./nptl/pthread_kill.c:44:76
 #6 0x00007a2749037b2c __pthread_kill_internal ./nptl/pthread_kill.c:78:10
 #7 0x00007a2749037b2c pthread_kill ./nptl/pthread_kill.c:89:10
 #8 0x00007a2748fde27e raise ./signal/../sysdeps/posix/raise.c:27:6
 #9 0x00007a2748fc18ff abort ./stdlib/abort.c:81:7
#10 0x00007a2748fc181b _nl_load_domain ./intl/loadmsgcat.c:1177:9
#11 0x00007a2748fd4517 (/lib/x86_64-linux-gnu/libc.so.6+0x3b517)
#12 0x00005fe44ebd6172 llvm::patchReplacementInstruction(llvm::Instruction*, llvm::Value*) /root/llvm/llvm-project-21/llvm/lib/Transforms/Utils/Local.cpp:3543:24
#13 0x00005fe44e6c5c10 (anonymous namespace)::NewGVN::eliminateInstructions(llvm::Function&) /root/llvm/llvm-project-21/llvm/lib/Transforms/Scalar/NewGVN.cpp:4128:11
[Error] eval /root/iscas/ruyituner/dataset21/poj104-v2-ll_4/train/31_1857.ll: opt failed for pipeline='function(mem2reg),module(iroutliner),module(globalopt),function(dse),function(newgvn),function(gvn-sink)', target_triple=x86_64-unknown-linux-gnu, returncode=-6, cmd=/root/opt/rv64gc_llvm_21/bin/opt -S -passes=function(mem2reg),module(iroutliner),module(globalopt),function(dse),function(newgvn),function(gvn-sink) --mtriple=x86_64-unknown-linux-gnu
opt: /root/llvm/llvm-project-21/llvm/lib/Transforms/Utils/Local.cpp:3527: void llvm::patchReplacementInstruction(Instruction*, Value*): Assertion `Success && "We should not be trying to sink callbases " "with non-intersectable attributes"' failed.
PLEASE submit a bug report to https://github.com/llvm/llvm-project/issues/ and include the crash backtrace.
Stack dump:
0.	Program arguments: /root/opt/rv64gc_llvm_21/bin/opt -S -passes=function(mem2reg),module(iroutliner),module(globalopt),function(dse),function(newgvn),function(gvn-sink) --mtriple=x86_64-unknown-linux-gnu
1.	Running pass "function(newgvn)" on module "<stdin>"
2.	Running pass "newgvn" on function "main"
 #0 0x00005e6261d27dd0 llvm::sys::PrintStackTrace(llvm::raw_ostream&, int) /root/llvm/llvm-project-21/llvm/lib/Support/Unix/Signals.inc:834:22
 #1 0x00005e6261d28259 PrintStackTraceSignalHandler(void*) /root/llvm/llvm-project-21/llvm/lib/Support/Unix/Signals.inc:918:1
 #2 0x00005e6261d253c9 llvm::sys::RunSignalHandlers() /root/llvm/llvm-project-21/llvm/lib/Support/Signals.cpp:104:20
 #3 0x00005e6261d2760d SignalHandler(int, siginfo_t*, void*) /root/llvm/llvm-project-21/llvm/lib/Support/Unix/Signals.inc:426:14
 #4 0x000070fd457ef330 (/lib/x86_64-linux-gnu/libc.so.6+0x45330)
 #5 0x000070fd45848b2c __pthread_kill_implementation ./nptl/pthread_kill.c:44:76
 #6 0x000070fd45848b2c __pthread_kill_internal ./nptl/pthread_kill.c:78:10
 #7 0x000070fd45848b2c pthread_kill ./nptl/pthread_kill.c:89:10
 #8 0x000070fd457ef27e raise ./signal/../sysdeps/posix/raise.c:27:6
 #9 0x000070fd457d28ff abort ./stdlib/abort.c:81:7
#10 0x000070fd457d281b _nl_load_domain ./intl/loadmsgcat.c:1177:9
#11 0x000070fd457e5517 (/lib/x86_64-linux-gnu/libc.so.6+0x3b517)
#12 0x00005e62607e3172 llvm::patchReplacementInstruction(llvm::Instruction*, llvm::Value*) /root/llvm/llvm-project-21/llvm/lib/Transforms/Utils/Local.cpp:3543:24
#13 0x00005e62602d2c10 (anonymous namespace)::NewGVN::eliminateInstructions(llvm::Function&) /root/llvm/llvm-project-21/llvm/lib/Transforms/Scalar/NewGVN.cpp:4128:11
[Error] eval /root/iscas/ruyituner/dataset21/poj104-v2-ll_4/train/31_1857.ll: opt failed for pipeline='module(elim-avail-extern),module(globalopt),module(elim-avail-extern),module(iroutliner),module(attributor),module(scc-oz-module-inliner),module(globalopt),module(elim-avail-extern),module(scc-oz-module-inliner),function(newgvn),function(instsimplify),function(newgvn),function(mem2reg)', target_triple=x86_64-unknown-linux-gnu, returncode=-6, cmd=/root/opt/rv64gc_llvm_21/bin/opt -S -passes=module(elim-avail-extern),module(globalopt),module(elim-avail-extern),module(iroutliner),module(attributor),module(scc-oz-module-inliner),module(globalopt),module(elim-avail-extern),module(scc-oz-module-inliner),function(newgvn),function(instsimplify),function(newgvn),function(mem2reg) --mtriple=x86_64-unknown-linux-gnu
opt: /root/llvm/llvm-project-21/llvm/lib/Transforms/Utils/Local.cpp:3527: void llvm::patchReplacementInstruction(Instruction*, Value*): Assertion `Success && "We should not be trying to sink callbases " "with non-intersectable attributes"' failed.
PLEASE submit a bug report to https://github.com/llvm/llvm-project/issues/ and include the crash backtrace.
Stack dump:
0.	Program arguments: /root/opt/rv64gc_llvm_21/bin/opt -S -passes=module(elim-avail-extern),module(globalopt),module(elim-avail-extern),module(iroutliner),module(attributor),module(scc-oz-module-inliner),module(globalopt),module(elim-avail-extern),module(scc-oz-module-inliner),function(newgvn),function(instsimplify),function(newgvn),function(mem2reg) --mtriple=x86_64-unknown-linux-gnu
1.	Running pass "function(newgvn)" on module "<stdin>"
2.	Running pass "newgvn" on function "main"
 #0 0x00006283a39c1dd0 llvm::sys::PrintStackTrace(llvm::raw_ostream&, int) /root/llvm/llvm-project-21/llvm/lib/Support/Unix/Signals.inc:834:22
 #1 0x00006283a39c2259 PrintStackTraceSignalHandler(void*) /root/llvm/llvm-project-21/llvm/lib/Support/Unix/Signals.inc:918:1
 #2 0x00006283a39bf3c9 llvm::sys::RunSignalHandlers() /root/llvm/llvm-project-21/llvm/lib/Support/Signals.cpp:104:20
 #3 0x00006283a39c160d SignalHandler(int, siginfo_t*, void*) /root/llvm/llvm-project-21/llvm/lib/Support/Unix/Signals.inc:426:14
 #4 0x00007deb83907330 (/lib/x86_64-linux-gnu/libc.so.6+0x45330)
 #5 0x00007deb83960b2c __pthread_kill_implementation ./nptl/pthread_kill.c:44:76
 #6 0x00007deb83960b2c __pthread_kill_internal ./nptl/pthread_kill.c:78:10
 #7 0x00007deb83960b2c pthread_kill ./nptl/pthread_kill.c:89:10
 #8 0x00007deb8390727e raise ./signal/../sysdeps/posix/raise.c:27:6
 #9 0x00007deb838ea8ff abort ./stdlib/abort.c:81:7
#10 0x00007deb838ea81b _nl_load_domain ./intl/loadmsgcat.c:1177:9
#11 0x00007deb838fd517 (/lib/x86_64-linux-gnu/libc.so.6+0x3b517)
#12 0x00006283a247d172 llvm::patchReplacementInstruction(llvm::Instruction*, llvm::Value*) /root/llvm/llvm-project-21/llvm/lib/Transforms/Utils/Local.cpp:3543:24
#13 0x00006283a1f6cc10 (anonymous namespace)::NewGVN::eliminateInstructions(llvm::Function&) /root/llvm/llvm-project-21/llvm/lib/Transforms/Scalar/NewGVN.cpp:4128:11
[Error] eval /root/iscas/ruyituner/dataset21/poj104-v2-ll_4/train/31_1857.ll: opt failed for pipeline='module(scc-oz-module-inliner),function(newgvn),function(gvn-hoist),function(memcpyopt),module(attributor),module(scc-oz-module-inliner)', target_triple=x86_64-unknown-linux-gnu, returncode=-6, cmd=/root/opt/rv64gc_llvm_21/bin/opt -S -passes=module(scc-oz-module-inliner),function(newgvn),function(gvn-hoist),function(memcpyopt),module(attributor),module(scc-oz-module-inliner) --mtriple=x86_64-unknown-linux-gnu
opt: /root/llvm/llvm-project-21/llvm/lib/Transforms/Utils/Local.cpp:3527: void llvm::patchReplacementInstruction(Instruction*, Value*): Assertion `Success && "We should not be trying to sink callbases " "with non-intersectable attributes"' failed.
PLEASE submit a bug report to https://github.com/llvm/llvm-project/issues/ and include the crash backtrace.
Stack dump:
0.	Program arguments: /root/opt/rv64gc_llvm_21/bin/opt -S -passes=module(scc-oz-module-inliner),function(newgvn),function(gvn-hoist),function(memcpyopt),module(attributor),module(scc-oz-module-inliner) --mtriple=x86_64-unknown-linux-gnu
1.	Running pass "function(newgvn)" on module "<stdin>"
2.	Running pass "newgvn" on function "main"
 #0 0x000055ec70724dd0 llvm::sys::PrintStackTrace(llvm::raw_ostream&, int) /root/llvm/llvm-project-21/llvm/lib/Support/Unix/Signals.inc:834:22
 #1 0x000055ec70725259 PrintStackTraceSignalHandler(void*) /root/llvm/llvm-project-21/llvm/lib/Support/Unix/Signals.inc:918:1
 #2 0x000055ec707223c9 llvm::sys::RunSignalHandlers() /root/llvm/llvm-project-21/llvm/lib/Support/Signals.cpp:104:20
 #3 0x000055ec7072460d SignalHandler(int, siginfo_t*, void*) /root/llvm/llvm-project-21/llvm/lib/Support/Unix/Signals.inc:426:14
 #4 0x00007781242bb330 (/lib/x86_64-linux-gnu/libc.so.6+0x45330)
 #5 0x0000778124314b2c __pthread_kill_implementation ./nptl/pthread_kill.c:44:76
 #6 0x0000778124314b2c __pthread_kill_internal ./nptl/pthread_kill.c:78:10
 #7 0x0000778124314b2c pthread_kill ./nptl/pthread_kill.c:89:10
 #8 0x00007781242bb27e raise ./signal/../sysdeps/posix/raise.c:27:6
 #9 0x000077812429e8ff abort ./stdlib/abort.c:81:7
#10 0x000077812429e81b _nl_load_domain ./intl/loadmsgcat.c:1177:9
#11 0x00007781242b1517 (/lib/x86_64-linux-gnu/libc.so.6+0x3b517)
#12 0x000055ec6f1e0172 llvm::patchReplacementInstruction(llvm::Instruction*, llvm::Value*) /root/llvm/llvm-project-21/llvm/lib/Transforms/Utils/Local.cpp:3543:24
#13 0x000055ec6eccfc10 (anonymous namespace)::NewGVN::eliminateInstructions(llvm::Function&) /root/llvm/llvm-project-21/llvm/lib/Transforms/Scalar/NewGVN.cpp:4128:11
[Error] eval /root/iscas/ruyituner/dataset21/poj104-v2-ll_4/train/31_1857.ll: opt failed for pipeline='module(attributor),function(mem2reg),function(instsimplify),function(memcpyopt),function(gvn-hoist),function(dce),function(newgvn),module(iroutliner),module(globalopt),function(dse),module(attributor),function(dce),function(newgvn),function(jump-threading),cgscc(attributor-cgscc),module(scc-oz-module-inliner),function(memcpyopt),function(gvn-hoist),function(dce),function(newgvn),module(iroutliner),module(globalopt),function(dse),function(gvn-sink),module(iroutliner),module(elim-avail-extern),module(scc-oz-module-inliner)', target_triple=x86_64-unknown-linux-gnu, returncode=-6, cmd=/root/opt/rv64gc_llvm_21/bin/opt -S -passes=module(attributor),function(mem2reg),function(instsimplify),function(memcpyopt),function(gvn-hoist),function(dce),function(newgvn),module(iroutliner),module(globalopt),function(dse),module(attributor),function(dce),function(newgvn),function(jump-threading),cgscc(attributor-cgscc),module(scc-oz-module-inliner),function(memcpyopt),function(gvn-hoist),function(dce),function(newgvn),module(iroutliner),module(globalopt),function(dse),function(gvn-sink),module(iroutliner),module(elim-avail-extern),module(scc-oz-module-inliner) --mtriple=x86_64-unknown-linux-gnu
opt: /root/llvm/llvm-project-21/llvm/lib/Transforms/Utils/Local.cpp:3527: void llvm::patchReplacementInstruction(Instruction*, Value*): Assertion `Success && "We should not be trying to sink callbases " "with non-intersectable attributes"' failed.
PLEASE submit a bug report to https://github.com/llvm/llvm-project/issues/ and include the crash backtrace.
Stack dump:
0.	Program arguments: /root/opt/rv64gc_llvm_21/bin/opt -S -passes=module(attributor),function(mem2reg),function(instsimplify),function(memcpyopt),function(gvn-hoist),function(dce),function(newgvn),module(iroutliner),module(globalopt),function(dse),module(attributor),function(dce),function(newgvn),function(jump-threading),cgscc(attributor-cgscc),module(scc-oz-module-inliner),function(memcpyopt),function(gvn-hoist),function(dce),function(newgvn),module(iroutliner),module(globalopt),function(dse),function(gvn-sink),module(iroutliner),module(elim-avail-extern),module(scc-oz-module-inliner) --mtriple=x86_64-unknown-linux-gnu
1.	Running pass "function(newgvn)" on module "<stdin>"
2.	Running pass "newgvn" on function "main"
 #0 0x000060cc69496dd0 llvm::sys::PrintStackTrace(llvm::raw_ostream&, int) /root/llvm/llvm-project-21/llvm/lib/Support/Unix/Signals.inc:834:22
 #1 0x000060cc69497259 PrintStackTraceSignalHandler(void*) /root/llvm/llvm-project-21/llvm/lib/Support/Unix/Signals.inc:918:1
 #2 0x000060cc694943c9 llvm::sys::RunSignalHandlers() /root/llvm/llvm-project-21/llvm/lib/Support/Signals.cpp:104:20
 #3 0x000060cc6949660d SignalHandler(int, siginfo_t*, void*) /root/llvm/llvm-project-21/llvm/lib/Support/Unix/Signals.inc:426:14
 #4 0x000073f412f4f330 (/lib/x86_64-linux-gnu/libc.so.6+0x45330)
 #5 0x000073f412fa8b2c __pthread_kill_implementation ./nptl/pthread_kill.c:44:76
 #6 0x000073f412fa8b2c __pthread_kill_internal ./nptl/pthread_kill.c:78:10
 #7 0x000073f412fa8b2c pthread_kill ./nptl/pthread_kill.c:89:10
 #8 0x000073f412f4f27e raise ./signal/../sysdeps/posix/raise.c:27:6
 #9 0x000073f412f328ff abort ./stdlib/abort.c:81:7
#10 0x000073f412f3281b _nl_load_domain ./intl/loadmsgcat.c:1177:9
#11 0x000073f412f45517 (/lib/x86_64-linux-gnu/libc.so.6+0x3b517)
#12 0x000060cc67f52172 llvm::patchReplacementInstruction(llvm::Instruction*, llvm::Value*) /root/llvm/llvm-project-21/llvm/lib/Transforms/Utils/Local.cpp:3543:24
#13 0x000060cc67a41c10 (anonymous namespace)::NewGVN::eliminateInstructions(llvm::Function&) /root/llvm/llvm-project-21/llvm/lib/Transforms/Scalar/NewGVN.cpp:4128:11
[Error] eval /root/iscas/ruyituner/dataset21/poj104-v2-ll_4/train/31_1857.ll: opt failed for pipeline='module(elim-avail-extern),module(globalopt),function(dse),function(jump-threading),module(iroutliner),module(attributor),function(instsimplify),function(newgvn),function(mem2reg),function(reassociate),function(memcpyopt),function(jump-threading),function(newgvn)', target_triple=x86_64-unknown-linux-gnu, returncode=-6, cmd=/root/opt/rv64gc_llvm_21/bin/opt -S -passes=module(elim-avail-extern),module(globalopt),function(dse),function(jump-threading),module(iroutliner),module(attributor),function(instsimplify),function(newgvn),function(mem2reg),function(reassociate),function(memcpyopt),function(jump-threading),function(newgvn) --mtriple=x86_64-unknown-linux-gnu
opt: /root/llvm/llvm-project-21/llvm/lib/Transforms/Utils/Local.cpp:3527: void llvm::patchReplacementInstruction(Instruction*, Value*): Assertion `Success && "We should not be trying to sink callbases " "with non-intersectable attributes"' failed.
PLEASE submit a bug report to https://github.com/llvm/llvm-project/issues/ and include the crash backtrace.
Stack dump:
0.	Program arguments: /root/opt/rv64gc_llvm_21/bin/opt -S -passes=module(elim-avail-extern),module(globalopt),function(dse),function(jump-threading),module(iroutliner),module(attributor),function(instsimplify),function(newgvn),function(mem2reg),function(reassociate),function(memcpyopt),function(jump-threading),function(newgvn) --mtriple=x86_64-unknown-linux-gnu
1.	Running pass "function(newgvn)" on module "<stdin>"
2.	Running pass "newgvn" on function "main"
 #0 0x000063fdcb0b9dd0 llvm::sys::PrintStackTrace(llvm::raw_ostream&, int) /root/llvm/llvm-project-21/llvm/lib/Support/Unix/Signals.inc:834:22
 #1 0x000063fdcb0ba259 PrintStackTraceSignalHandler(void*) /root/llvm/llvm-project-21/llvm/lib/Support/Unix/Signals.inc:918:1
 #2 0x000063fdcb0b73c9 llvm::sys::RunSignalHandlers() /root/llvm/llvm-project-21/llvm/lib/Support/Signals.cpp:104:20
 #3 0x000063fdcb0b960d SignalHandler(int, siginfo_t*, void*) /root/llvm/llvm-project-21/llvm/lib/Support/Unix/Signals.inc:426:14
 #4 0x0000704ba0e3d330 (/lib/x86_64-linux-gnu/libc.so.6+0x45330)
 #5 0x0000704ba0e96b2c __pthread_kill_implementation ./nptl/pthread_kill.c:44:76
 #6 0x0000704ba0e96b2c __pthread_kill_internal ./nptl/pthread_kill.c:78:10
 #7 0x0000704ba0e96b2c pthread_kill ./nptl/pthread_kill.c:89:10
 #8 0x0000704ba0e3d27e raise ./signal/../sysdeps/posix/raise.c:27:6
 #9 0x0000704ba0e208ff abort ./stdlib/abort.c:81:7
#10 0x0000704ba0e2081b _nl_load_domain ./intl/loadmsgcat.c:1177:9
#11 0x0000704ba0e33517 (/lib/x86_64-linux-gnu/libc.so.6+0x3b517)
#12 0x000063fdc9b75172 llvm::patchReplacementInstruction(llvm::Instruction*, llvm::Value*) /root/llvm/llvm-project-21/llvm/lib/Transforms/Utils/Local.cpp:3543:24
#13 0x000063fdc9664c10 (anonymous namespace)::NewGVN::eliminateInstructions(llvm::Function&) /root/llvm/llvm-project-21/llvm/lib/Transforms/Scalar/NewGVN.cpp:4128:11
[Error] eval /root/iscas/ruyituner/dataset21/poj104-v2-ll_4/train/31_1857.ll: opt failed for pipeline='module(elim-avail-extern),module(scc-oz-module-inliner),function(dse),module(globalopt),module(elim-avail-extern),module(attributor),cgscc(attributor-cgscc),module(globalopt),module(iroutliner),cgscc(attributor-cgscc),module(scc-oz-module-inliner),function(reassociate),function(memcpyopt),module(iroutliner),cgscc(attributor-cgscc),module(scc-oz-module-inliner),function(dce),function(newgvn)', target_triple=x86_64-unknown-linux-gnu, returncode=-6, cmd=/root/opt/rv64gc_llvm_21/bin/opt -S -passes=module(elim-avail-extern),module(scc-oz-module-inliner),function(dse),module(globalopt),module(elim-avail-extern),module(attributor),cgscc(attributor-cgscc),module(globalopt),module(iroutliner),cgscc(attributor-cgscc),module(scc-oz-module-inliner),function(reassociate),function(memcpyopt),module(iroutliner),cgscc(attributor-cgscc),module(scc-oz-module-inliner),function(dce),function(newgvn) --mtriple=x86_64-unknown-linux-gnu
opt: /root/llvm/llvm-project-21/llvm/lib/Transforms/Utils/Local.cpp:3527: void llvm::patchReplacementInstruction(Instruction*, Value*): Assertion `Success && "We should not be trying to sink callbases " "with non-intersectable attributes"' failed.
PLEASE submit a bug report to https://github.com/llvm/llvm-project/issues/ and include the crash backtrace.
Stack dump:
0.	Program arguments: /root/opt/rv64gc_llvm_21/bin/opt -S -passes=module(elim-avail-extern),module(scc-oz-module-inliner),function(dse),module(globalopt),module(elim-avail-extern),module(attributor),cgscc(attributor-cgscc),module(globalopt),module(iroutliner),cgscc(attributor-cgscc),module(scc-oz-module-inliner),function(reassociate),function(memcpyopt),module(iroutliner),cgscc(attributor-cgscc),module(scc-oz-module-inliner),function(dce),function(newgvn) --mtriple=x86_64-unknown-linux-gnu
1.	Running pass "function(newgvn)" on module "<stdin>"
2.	Running pass "newgvn" on function "main"
 #0 0x00006424afd5bdd0 llvm::sys::PrintStackTrace(llvm::raw_ostream&, int) /root/llvm/llvm-project-21/llvm/lib/Support/Unix/Signals.inc:834:22
 #1 0x00006424afd5c259 PrintStackTraceSignalHandler(void*) /root/llvm/llvm-project-21/llvm/lib/Support/Unix/Signals.inc:918:1
 #2 0x00006424afd593c9 llvm::sys::RunSignalHandlers() /root/llvm/llvm-project-21/llvm/lib/Support/Signals.cpp:104:20
 #3 0x00006424afd5b60d SignalHandler(int, siginfo_t*, void*) /root/llvm/llvm-project-21/llvm/lib/Support/Unix/Signals.inc:426:14
 #4 0x0000739b5fb63330 (/lib/x86_64-linux-gnu/libc.so.6+0x45330)
 #5 0x0000739b5fbbcb2c __pthread_kill_implementation ./nptl/pthread_kill.c:44:76
 #6 0x0000739b5fbbcb2c __pthread_kill_internal ./nptl/pthread_kill.c:78:10
 #7 0x0000739b5fbbcb2c pthread_kill ./nptl/pthread_kill.c:89:10
 #8 0x0000739b5fb6327e raise ./signal/../sysdeps/posix/raise.c:27:6
 #9 0x0000739b5fb468ff abort ./stdlib/abort.c:81:7
#10 0x0000739b5fb4681b _nl_load_domain ./intl/loadmsgcat.c:1177:9
#11 0x0000739b5fb59517 (/lib/x86_64-linux-gnu/libc.so.6+0x3b517)
#12 0x00006424ae817172 llvm::patchReplacementInstruction(llvm::Instruction*, llvm::Value*) /root/llvm/llvm-project-21/llvm/lib/Transforms/Utils/Local.cpp:3543:24
#13 0x00006424ae306c10 (anonymous namespace)::NewGVN::eliminateInstructions(llvm::Function&) /root/llvm/llvm-project-21/llvm/lib/Transforms/Scalar/NewGVN.cpp:4128:11
[Error] eval /root/iscas/ruyituner/dataset21/poj104-v2-ll_4/train/31_1857.ll: opt failed for pipeline='function(newgvn),function(gvn-sink),module(elim-avail-extern),module(iroutliner),function(reassociate),function(gvn-hoist),function(mem2reg),function(gvn-hoist),function(mem2reg),module(globalopt),module(attributor),function(newgvn),function(dce),function(gvn-hoist),function(mem2reg),module(globalopt),module(attributor),function(newgvn),function(dce),module(iroutliner),function(jump-threading),function(gvn-hoist)', target_triple=x86_64-unknown-linux-gnu, returncode=-6, cmd=/root/opt/rv64gc_llvm_21/bin/opt -S -passes=function(newgvn),function(gvn-sink),module(elim-avail-extern),module(iroutliner),function(reassociate),function(gvn-hoist),function(mem2reg),function(gvn-hoist),function(mem2reg),module(globalopt),module(attributor),function(newgvn),function(dce),function(gvn-hoist),function(mem2reg),module(globalopt),module(attributor),function(newgvn),function(dce),module(iroutliner),function(jump-threading),function(gvn-hoist) --mtriple=x86_64-unknown-linux-gnu
opt: /root/llvm/llvm-project-21/llvm/lib/Transforms/Utils/Local.cpp:3527: void llvm::patchReplacementInstruction(Instruction*, Value*): Assertion `Success && "We should not be trying to sink callbases " "with non-intersectable attributes"' failed.
PLEASE submit a bug report to https://github.com/llvm/llvm-project/issues/ and include the crash backtrace.
Stack dump:
0.	Program arguments: /root/opt/rv64gc_llvm_21/bin/opt -S -passes=function(newgvn),function(gvn-sink),module(elim-avail-extern),module(iroutliner),function(reassociate),function(gvn-hoist),function(mem2reg),function(gvn-hoist),function(mem2reg),module(globalopt),module(attributor),function(newgvn),function(dce),function(gvn-hoist),function(mem2reg),module(globalopt),module(attributor),function(newgvn),function(dce),module(iroutliner),function(jump-threading),function(gvn-hoist) --mtriple=x86_64-unknown-linux-gnu
1.	Running pass "function(newgvn)" on module "<stdin>"
2.	Running pass "newgvn" on function "main"
 #0 0x00005da941e84dd0 llvm::sys::PrintStackTrace(llvm::raw_ostream&, int) /root/llvm/llvm-project-21/llvm/lib/Support/Unix/Signals.inc:834:22
 #1 0x00005da941e85259 PrintStackTraceSignalHandler(void*) /root/llvm/llvm-project-21/llvm/lib/Support/Unix/Signals.inc:918:1
 #2 0x00005da941e823c9 llvm::sys::RunSignalHandlers() /root/llvm/llvm-project-21/llvm/lib/Support/Signals.cpp:104:20
 #3 0x00005da941e8460d SignalHandler(int, siginfo_t*, void*) /root/llvm/llvm-project-21/llvm/lib/Support/Unix/Signals.inc:426:14
 #4 0x000073975dd82330 (/lib/x86_64-linux-gnu/libc.so.6+0x45330)
 #5 0x000073975dddbb2c __pthread_kill_implementation ./nptl/pthread_kill.c:44:76
 #6 0x000073975dddbb2c __pthread_kill_internal ./nptl/pthread_kill.c:78:10
 #7 0x000073975dddbb2c pthread_kill ./nptl/pthread_kill.c:89:10
 #8 0x000073975dd8227e raise ./signal/../sysdeps/posix/raise.c:27:6
 #9 0x000073975dd658ff abort ./stdlib/abort.c:81:7
#10 0x000073975dd6581b _nl_load_domain ./intl/loadmsgcat.c:1177:9
#11 0x000073975dd78517 (/lib/x86_64-linux-gnu/libc.so.6+0x3b517)
#12 0x00005da940940172 llvm::patchReplacementInstruction(llvm::Instruction*, llvm::Value*) /root/llvm/llvm-project-21/llvm/lib/Transforms/Utils/Local.cpp:3543:24
#13 0x00005da94042fc10 (anonymous namespace)::NewGVN::eliminateInstructions(llvm::Function&) /root/llvm/llvm-project-21/llvm/lib/Transforms/Scalar/NewGVN.cpp:4128:11
[Error] eval /root/iscas/ruyituner/dataset21/poj104-v2-ll_4/train/31_1857.ll: opt failed for pipeline='module(elim-avail-extern),function(mem2reg),function(instsimplify),module(iroutliner),function(reassociate),function(jump-threading),module(elim-avail-extern),module(globalopt),function(gvn-sink),function(newgvn),function(dce),module(iroutliner),module(attributor),module(scc-oz-module-inliner)', target_triple=x86_64-unknown-linux-gnu, returncode=-6, cmd=/root/opt/rv64gc_llvm_21/bin/opt -S -passes=module(elim-avail-extern),function(mem2reg),function(instsimplify),module(iroutliner),function(reassociate),function(jump-threading),module(elim-avail-extern),module(globalopt),function(gvn-sink),function(newgvn),function(dce),module(iroutliner),module(attributor),module(scc-oz-module-inliner) --mtriple=x86_64-unknown-linux-gnu
opt: /root/llvm/llvm-project-21/llvm/lib/Transforms/Utils/Local.cpp:3527: void llvm::patchReplacementInstruction(Instruction*, Value*): Assertion `Success && "We should not be trying to sink callbases " "with non-intersectable attributes"' failed.
PLEASE submit a bug report to https://github.com/llvm/llvm-project/issues/ and include the crash backtrace.
Stack dump:
0.	Program arguments: /root/opt/rv64gc_llvm_21/bin/opt -S -passes=module(elim-avail-extern),function(mem2reg),function(instsimplify),module(iroutliner),function(reassociate),function(jump-threading),module(elim-avail-extern),module(globalopt),function(gvn-sink),function(newgvn),function(dce),module(iroutliner),module(attributor),module(scc-oz-module-inliner) --mtriple=x86_64-unknown-linux-gnu
1.	Running pass "function(newgvn)" on module "<stdin>"
2.	Running pass "newgvn" on function "main"
 #0 0x000063dd4c413dd0 llvm::sys::PrintStackTrace(llvm::raw_ostream&, int) /root/llvm/llvm-project-21/llvm/lib/Support/Unix/Signals.inc:834:22
 #1 0x000063dd4c414259 PrintStackTraceSignalHandler(void*) /root/llvm/llvm-project-21/llvm/lib/Support/Unix/Signals.inc:918:1
 #2 0x000063dd4c4113c9 llvm::sys::RunSignalHandlers() /root/llvm/llvm-project-21/llvm/lib/Support/Signals.cpp:104:20
 #3 0x000063dd4c41360d SignalHandler(int, siginfo_t*, void*) /root/llvm/llvm-project-21/llvm/lib/Support/Unix/Signals.inc:426:14
 #4 0x0000796618a73330 (/lib/x86_64-linux-gnu/libc.so.6+0x45330)
 #5 0x0000796618accb2c __pthread_kill_implementation ./nptl/pthread_kill.c:44:76
 #6 0x0000796618accb2c __pthread_kill_internal ./nptl/pthread_kill.c:78:10
 #7 0x0000796618accb2c pthread_kill ./nptl/pthread_kill.c:89:10
 #8 0x0000796618a7327e raise ./signal/../sysdeps/posix/raise.c:27:6
 #9 0x0000796618a568ff abort ./stdlib/abort.c:81:7
#10 0x0000796618a5681b _nl_load_domain ./intl/loadmsgcat.c:1177:9
#11 0x0000796618a69517 (/lib/x86_64-linux-gnu/libc.so.6+0x3b517)
#12 0x000063dd4aecf172 llvm::patchReplacementInstruction(llvm::Instruction*, llvm::Value*) /root/llvm/llvm-project-21/llvm/lib/Transforms/Utils/Local.cpp:3543:24
#13 0x000063dd4a9bec10 (anonymous namespace)::NewGVN::eliminateInstructions(llvm::Function&) /root/llvm/llvm-project-21/llvm/lib/Transforms/Scalar/NewGVN.cpp:4128:11
[Error] eval /root/iscas/ruyituner/dataset21/poj104-v2-ll_4/train/31_1857.ll: opt failed for pipeline='function(newgvn),module(iroutliner),module(elim-avail-extern),module(globalopt),function(mem2reg),function(dse),cgscc(attributor-cgscc),function(newgvn),function(gvn-hoist),function(jump-threading)', target_triple=x86_64-unknown-linux-gnu, returncode=-6, cmd=/root/opt/rv64gc_llvm_21/bin/opt -S -passes=function(newgvn),module(iroutliner),module(elim-avail-extern),module(globalopt),function(mem2reg),function(dse),cgscc(attributor-cgscc),function(newgvn),function(gvn-hoist),function(jump-threading) --mtriple=x86_64-unknown-linux-gnu
opt: /root/llvm/llvm-project-21/llvm/lib/Transforms/Utils/Local.cpp:3527: void llvm::patchReplacementInstruction(Instruction*, Value*): Assertion `Success && "We should not be trying to sink callbases " "with non-intersectable attributes"' failed.
PLEASE submit a bug report to https://github.com/llvm/llvm-project/issues/ and include the crash backtrace.
Stack dump:
0.	Program arguments: /root/opt/rv64gc_llvm_21/bin/opt -S -passes=function(newgvn),module(iroutliner),module(elim-avail-extern),module(globalopt),function(mem2reg),function(dse),cgscc(attributor-cgscc),function(newgvn),function(gvn-hoist),function(jump-threading) --mtriple=x86_64-unknown-linux-gnu
1.	Running pass "function(newgvn)" on module "<stdin>"
2.	Running pass "newgvn" on function "main"
 #0 0x00005c43783e0dd0 llvm::sys::PrintStackTrace(llvm::raw_ostream&, int) /root/llvm/llvm-project-21/llvm/lib/Support/Unix/Signals.inc:834:22
 #1 0x00005c43783e1259 PrintStackTraceSignalHandler(void*) /root/llvm/llvm-project-21/llvm/lib/Support/Unix/Signals.inc:918:1
 #2 0x00005c43783de3c9 llvm::sys::RunSignalHandlers() /root/llvm/llvm-project-21/llvm/lib/Support/Signals.cpp:104:20
 #3 0x00005c43783e060d SignalHandler(int, siginfo_t*, void*) /root/llvm/llvm-project-21/llvm/lib/Support/Unix/Signals.inc:426:14
 #4 0x0000744f6c51d330 (/lib/x86_64-linux-gnu/libc.so.6+0x45330)
 #5 0x0000744f6c576b2c __pthread_kill_implementation ./nptl/pthread_kill.c:44:76
 #6 0x0000744f6c576b2c __pthread_kill_internal ./nptl/pthread_kill.c:78:10
 #7 0x0000744f6c576b2c pthread_kill ./nptl/pthread_kill.c:89:10
 #8 0x0000744f6c51d27e raise ./signal/../sysdeps/posix/raise.c:27:6
 #9 0x0000744f6c5008ff abort ./stdlib/abort.c:81:7
#10 0x0000744f6c50081b _nl_load_domain ./intl/loadmsgcat.c:1177:9
#11 0x0000744f6c513517 (/lib/x86_64-linux-gnu/libc.so.6+0x3b517)
#12 0x00005c4376e9c172 llvm::patchReplacementInstruction(llvm::Instruction*, llvm::Value*) /root/llvm/llvm-project-21/llvm/lib/Transforms/Utils/Local.cpp:3543:24
#13 0x00005c437698bc10 (anonymous namespace)::NewGVN::eliminateInstructions(llvm::Function&) /root/llvm/llvm-project-21/llvm/lib/Transforms/Scalar/NewGVN.cpp:4128:11
[Error] eval /root/iscas/ruyituner/dataset21/poj104-v2-ll_4/train/31_1857.ll: opt failed for pipeline='module(attributor),function(mem2reg),module(elim-avail-extern),module(globalopt),module(attributor),module(scc-oz-module-inliner),module(attributor),function(mem2reg),module(iroutliner),function(gvn-hoist),function(dce),function(newgvn)', target_triple=x86_64-unknown-linux-gnu, returncode=-6, cmd=/root/opt/rv64gc_llvm_21/bin/opt -S -passes=module(attributor),function(mem2reg),module(elim-avail-extern),module(globalopt),module(attributor),module(scc-oz-module-inliner),module(attributor),function(mem2reg),module(iroutliner),function(gvn-hoist),function(dce),function(newgvn) --mtriple=x86_64-unknown-linux-gnu
opt: /root/llvm/llvm-project-21/llvm/lib/Transforms/Utils/Local.cpp:3527: void llvm::patchReplacementInstruction(Instruction*, Value*): Assertion `Success && "We should not be trying to sink callbases " "with non-intersectable attributes"' failed.
PLEASE submit a bug report to https://github.com/llvm/llvm-project/issues/ and include the crash backtrace.
Stack dump:
0.	Program arguments: /root/opt/rv64gc_llvm_21/bin/opt -S -passes=module(attributor),function(mem2reg),module(elim-avail-extern),module(globalopt),module(attributor),module(scc-oz-module-inliner),module(attributor),function(mem2reg),module(iroutliner),function(gvn-hoist),function(dce),function(newgvn) --mtriple=x86_64-unknown-linux-gnu
1.	Running pass "function(newgvn)" on module "<stdin>"
2.	Running pass "newgvn" on function "main"
 #0 0x00005f27c1e50dd0 llvm::sys::PrintStackTrace(llvm::raw_ostream&, int) /root/llvm/llvm-project-21/llvm/lib/Support/Unix/Signals.inc:834:22
 #1 0x00005f27c1e51259 PrintStackTraceSignalHandler(void*) /root/llvm/llvm-project-21/llvm/lib/Support/Unix/Signals.inc:918:1
 #2 0x00005f27c1e4e3c9 llvm::sys::RunSignalHandlers() /root/llvm/llvm-project-21/llvm/lib/Support/Signals.cpp:104:20
 #3 0x00005f27c1e5060d SignalHandler(int, siginfo_t*, void*) /root/llvm/llvm-project-21/llvm/lib/Support/Unix/Signals.inc:426:14
 #4 0x000079aa0b5ca330 (/lib/x86_64-linux-gnu/libc.so.6+0x45330)
 #5 0x000079aa0b623b2c __pthread_kill_implementation ./nptl/pthread_kill.c:44:76
 #6 0x000079aa0b623b2c __pthread_kill_internal ./nptl/pthread_kill.c:78:10
 #7 0x000079aa0b623b2c pthread_kill ./nptl/pthread_kill.c:89:10
 #8 0x000079aa0b5ca27e raise ./signal/../sysdeps/posix/raise.c:27:6
 #9 0x000079aa0b5ad8ff abort ./stdlib/abort.c:81:7
#10 0x000079aa0b5ad81b _nl_load_domain ./intl/loadmsgcat.c:1177:9
#11 0x000079aa0b5c0517 (/lib/x86_64-linux-gnu/libc.so.6+0x3b517)
#12 0x00005f27c090c172 llvm::patchReplacementInstruction(llvm::Instruction*, llvm::Value*) /root/llvm/llvm-project-21/llvm/lib/Transforms/Utils/Local.cpp:3543:24
#13 0x00005f27c03fbc10 (anonymous namespace)::NewGVN::eliminateInstructions(llvm::Function&) /root/llvm/llvm-project-21/llvm/lib/Transforms/Scalar/NewGVN.cpp:4128:11
[Error] eval /root/iscas/ruyituner/dataset21/poj104-v2-ll_4/train/31_1857.ll: opt failed for pipeline='module(elim-avail-extern),function(mem2reg),module(elim-avail-extern),function(newgvn),module(globalopt),module(attributor),function(jump-threading),function(memcpyopt),function(gvn-hoist),function(reassociate),function(newgvn),module(globalopt),function(gvn-sink),module(globalopt),module(attributor),module(scc-oz-module-inliner)', target_triple=x86_64-unknown-linux-gnu, returncode=-6, cmd=/root/opt/rv64gc_llvm_21/bin/opt -S -passes=module(elim-avail-extern),function(mem2reg),module(elim-avail-extern),function(newgvn),module(globalopt),module(attributor),function(jump-threading),function(memcpyopt),function(gvn-hoist),function(reassociate),function(newgvn),module(globalopt),function(gvn-sink),module(globalopt),module(attributor),module(scc-oz-module-inliner) --mtriple=x86_64-unknown-linux-gnu
opt: /root/llvm/llvm-project-21/llvm/lib/Transforms/Utils/Local.cpp:3527: void llvm::patchReplacementInstruction(Instruction*, Value*): Assertion `Success && "We should not be trying to sink callbases " "with non-intersectable attributes"' failed.
PLEASE submit a bug report to https://github.com/llvm/llvm-project/issues/ and include the crash backtrace.
Stack dump:
0.	Program arguments: /root/opt/rv64gc_llvm_21/bin/opt -S -passes=module(elim-avail-extern),function(mem2reg),module(elim-avail-extern),function(newgvn),module(globalopt),module(attributor),function(jump-threading),function(memcpyopt),function(gvn-hoist),function(reassociate),function(newgvn),module(globalopt),function(gvn-sink),module(globalopt),module(attributor),module(scc-oz-module-inliner) --mtriple=x86_64-unknown-linux-gnu
1.	Running pass "function(newgvn)" on module "<stdin>"
2.	Running pass "newgvn" on function "main"
 #0 0x00005ef6f3f37dd0 llvm::sys::PrintStackTrace(llvm::raw_ostream&, int) /root/llvm/llvm-project-21/llvm/lib/Support/Unix/Signals.inc:834:22
 #1 0x00005ef6f3f38259 PrintStackTraceSignalHandler(void*) /root/llvm/llvm-project-21/llvm/lib/Support/Unix/Signals.inc:918:1
 #2 0x00005ef6f3f353c9 llvm::sys::RunSignalHandlers() /root/llvm/llvm-project-21/llvm/lib/Support/Signals.cpp:104:20
 #3 0x00005ef6f3f3760d SignalHandler(int, siginfo_t*, void*) /root/llvm/llvm-project-21/llvm/lib/Support/Unix/Signals.inc:426:14
 #4 0x0000783849e75330 (/lib/x86_64-linux-gnu/libc.so.6+0x45330)
 #5 0x0000783849eceb2c __pthread_kill_implementation ./nptl/pthread_kill.c:44:76
 #6 0x0000783849eceb2c __pthread_kill_internal ./nptl/pthread_kill.c:78:10
 #7 0x0000783849eceb2c pthread_kill ./nptl/pthread_kill.c:89:10
 #8 0x0000783849e7527e raise ./signal/../sysdeps/posix/raise.c:27:6
 #9 0x0000783849e588ff abort ./stdlib/abort.c:81:7
#10 0x0000783849e5881b _nl_load_domain ./intl/loadmsgcat.c:1177:9
#11 0x0000783849e6b517 (/lib/x86_64-linux-gnu/libc.so.6+0x3b517)
#12 0x00005ef6f29f3172 llvm::patchReplacementInstruction(llvm::Instruction*, llvm::Value*) /root/llvm/llvm-project-21/llvm/lib/Transforms/Utils/Local.cpp:3543:24
#13 0x00005ef6f24e2c10 (anonymous namespace)::NewGVN::eliminateInstructions(llvm::Function&) /root/llvm/llvm-project-21/llvm/lib/Transforms/Scalar/NewGVN.cpp:4128:11
[Error] eval /root/iscas/ruyituner/dataset21/poj104-v2-ll_4/train/31_1857.ll: opt failed for pipeline='module(elim-avail-extern),function(mem2reg),module(elim-avail-extern),function(gvn-sink),module(globalopt),function(dse),function(newgvn),cgscc(attributor-cgscc),module(scc-oz-module-inliner),function(newgvn),module(globalopt),module(iroutliner),cgscc(attributor-cgscc)', target_triple=x86_64-unknown-linux-gnu, returncode=-6, cmd=/root/opt/rv64gc_llvm_21/bin/opt -S -passes=module(elim-avail-extern),function(mem2reg),module(elim-avail-extern),function(gvn-sink),module(globalopt),function(dse),function(newgvn),cgscc(attributor-cgscc),module(scc-oz-module-inliner),function(newgvn),module(globalopt),module(iroutliner),cgscc(attributor-cgscc) --mtriple=x86_64-unknown-linux-gnu
opt: /root/llvm/llvm-project-21/llvm/lib/Transforms/Utils/Local.cpp:3527: void llvm::patchReplacementInstruction(Instruction*, Value*): Assertion `Success && "We should not be trying to sink callbases " "with non-intersectable attributes"' failed.
PLEASE submit a bug report to https://github.com/llvm/llvm-project/issues/ and include the crash backtrace.
Stack dump:
0.	Program arguments: /root/opt/rv64gc_llvm_21/bin/opt -S -passes=module(elim-avail-extern),function(mem2reg),module(elim-avail-extern),function(gvn-sink),module(globalopt),function(dse),function(newgvn),cgscc(attributor-cgscc),module(scc-oz-module-inliner),function(newgvn),module(globalopt),module(iroutliner),cgscc(attributor-cgscc) --mtriple=x86_64-unknown-linux-gnu
1.	Running pass "function(newgvn)" on module "<stdin>"
2.	Running pass "newgvn" on function "main"
 #0 0x0000616800c64dd0 llvm::sys::PrintStackTrace(llvm::raw_ostream&, int) /root/llvm/llvm-project-21/llvm/lib/Support/Unix/Signals.inc:834:22
 #1 0x0000616800c65259 PrintStackTraceSignalHandler(void*) /root/llvm/llvm-project-21/llvm/lib/Support/Unix/Signals.inc:918:1
 #2 0x0000616800c623c9 llvm::sys::RunSignalHandlers() /root/llvm/llvm-project-21/llvm/lib/Support/Signals.cpp:104:20
 #3 0x0000616800c6460d SignalHandler(int, siginfo_t*, void*) /root/llvm/llvm-project-21/llvm/lib/Support/Unix/Signals.inc:426:14
 #4 0x000070ec1ab86330 (/lib/x86_64-linux-gnu/libc.so.6+0x45330)
 #5 0x000070ec1abdfb2c __pthread_kill_implementation ./nptl/pthread_kill.c:44:76
 #6 0x000070ec1abdfb2c __pthread_kill_internal ./nptl/pthread_kill.c:78:10
 #7 0x000070ec1abdfb2c pthread_kill ./nptl/pthread_kill.c:89:10
 #8 0x000070ec1ab8627e raise ./signal/../sysdeps/posix/raise.c:27:6
 #9 0x000070ec1ab698ff abort ./stdlib/abort.c:81:7
#10 0x000070ec1ab6981b _nl_load_domain ./intl/loadmsgcat.c:1177:9
#11 0x000070ec1ab7c517 (/lib/x86_64-linux-gnu/libc.so.6+0x3b517)
#12 0x00006167ff720172 llvm::patchReplacementInstruction(llvm::Instruction*, llvm::Value*) /root/llvm/llvm-project-21/llvm/lib/Transforms/Utils/Local.cpp:3543:24
#13 0x00006167ff20fc10 (anonymous namespace)::NewGVN::eliminateInstructions(llvm::Function&) /root/llvm/llvm-project-21/llvm/lib/Transforms/Scalar/NewGVN.cpp:4128:11
[Error] eval /root/iscas/ruyituner/dataset21/poj104-v2-ll_4/train/31_1857.ll: opt failed for pipeline='module(attributor),function(memcpyopt),function(instsimplify),function(gvn-hoist),function(mem2reg),function(jump-threading),module(elim-avail-extern),cgscc(attributor-cgscc),function(dse),module(globalopt),module(elim-avail-extern),function(mem2reg),module(elim-avail-extern),function(newgvn),cgscc(attributor-cgscc),module(globalopt)', target_triple=x86_64-unknown-linux-gnu, returncode=-6, cmd=/root/opt/rv64gc_llvm_21/bin/opt -S -passes=module(attributor),function(memcpyopt),function(instsimplify),function(gvn-hoist),function(mem2reg),function(jump-threading),module(elim-avail-extern),cgscc(attributor-cgscc),function(dse),module(globalopt),module(elim-avail-extern),function(mem2reg),module(elim-avail-extern),function(newgvn),cgscc(attributor-cgscc),module(globalopt) --mtriple=x86_64-unknown-linux-gnu
opt: /root/llvm/llvm-project-21/llvm/lib/Transforms/Utils/Local.cpp:3527: void llvm::patchReplacementInstruction(Instruction*, Value*): Assertion `Success && "We should not be trying to sink callbases " "with non-intersectable attributes"' failed.
PLEASE submit a bug report to https://github.com/llvm/llvm-project/issues/ and include the crash backtrace.
Stack dump:
0.	Program arguments: /root/opt/rv64gc_llvm_21/bin/opt -S -passes=module(attributor),function(memcpyopt),function(instsimplify),function(gvn-hoist),function(mem2reg),function(jump-threading),module(elim-avail-extern),cgscc(attributor-cgscc),function(dse),module(globalopt),module(elim-avail-extern),function(mem2reg),module(elim-avail-extern),function(newgvn),cgscc(attributor-cgscc),module(globalopt) --mtriple=x86_64-unknown-linux-gnu
1.	Running pass "function(newgvn)" on module "<stdin>"
2.	Running pass "newgvn" on function "main"
 #0 0x0000570f0cbb3dd0 llvm::sys::PrintStackTrace(llvm::raw_ostream&, int) /root/llvm/llvm-project-21/llvm/lib/Support/Unix/Signals.inc:834:22
 #1 0x0000570f0cbb4259 PrintStackTraceSignalHandler(void*) /root/llvm/llvm-project-21/llvm/lib/Support/Unix/Signals.inc:918:1
 #2 0x0000570f0cbb13c9 llvm::sys::RunSignalHandlers() /root/llvm/llvm-project-21/llvm/lib/Support/Signals.cpp:104:20
 #3 0x0000570f0cbb360d SignalHandler(int, siginfo_t*, void*) /root/llvm/llvm-project-21/llvm/lib/Support/Unix/Signals.inc:426:14
 #4 0x000074d232833330 (/lib/x86_64-linux-gnu/libc.so.6+0x45330)
 #5 0x000074d23288cb2c __pthread_kill_implementation ./nptl/pthread_kill.c:44:76
 #6 0x000074d23288cb2c __pthread_kill_internal ./nptl/pthread_kill.c:78:10
 #7 0x000074d23288cb2c pthread_kill ./nptl/pthread_kill.c:89:10
 #8 0x000074d23283327e raise ./signal/../sysdeps/posix/raise.c:27:6
 #9 0x000074d2328168ff abort ./stdlib/abort.c:81:7
#10 0x000074d23281681b _nl_load_domain ./intl/loadmsgcat.c:1177:9
#11 0x000074d232829517 (/lib/x86_64-linux-gnu/libc.so.6+0x3b517)
#12 0x0000570f0b66f172 llvm::patchReplacementInstruction(llvm::Instruction*, llvm::Value*) /root/llvm/llvm-project-21/llvm/lib/Transforms/Utils/Local.cpp:3543:24
#13 0x0000570f0b15ec10 (anonymous namespace)::NewGVN::eliminateInstructions(llvm::Function&) /root/llvm/llvm-project-21/llvm/lib/Transforms/Scalar/NewGVN.cpp:4128:11
[Error] eval /root/iscas/ruyituner/dataset21/poj104-v2-ll_4/train/31_1857.ll: opt failed for pipeline='module(elim-avail-extern),function(mem2reg),function(newgvn),function(dce),function(memcpyopt),cgscc(attributor-cgscc),function(jump-threading),function(gvn-sink),function(jump-threading),function(newgvn),cgscc(attributor-cgscc),function(memcpyopt),cgscc(attributor-cgscc),function(jump-threading),function(gvn-sink),function(newgvn),module(globalopt),function(gvn-sink),function(jump-threading),function(newgvn),cgscc(attributor-cgscc),function(memcpyopt),cgscc(attributor-cgscc)', target_triple=x86_64-unknown-linux-gnu, returncode=-6, cmd=/root/opt/rv64gc_llvm_21/bin/opt -S -passes=module(elim-avail-extern),function(mem2reg),function(newgvn),function(dce),function(memcpyopt),cgscc(attributor-cgscc),function(jump-threading),function(gvn-sink),function(jump-threading),function(newgvn),cgscc(attributor-cgscc),function(memcpyopt),cgscc(attributor-cgscc),function(jump-threading),function(gvn-sink),function(newgvn),module(globalopt),function(gvn-sink),function(jump-threading),function(newgvn),cgscc(attributor-cgscc),function(memcpyopt),cgscc(attributor-cgscc) --mtriple=x86_64-unknown-linux-gnu
opt: /root/llvm/llvm-project-21/llvm/lib/Transforms/Utils/Local.cpp:3527: void llvm::patchReplacementInstruction(Instruction*, Value*): Assertion `Success && "We should not be trying to sink callbases " "with non-intersectable attributes"' failed.
PLEASE submit a bug report to https://github.com/llvm/llvm-project/issues/ and include the crash backtrace.
Stack dump:
0.	Program arguments: /root/opt/rv64gc_llvm_21/bin/opt -S -passes=module(elim-avail-extern),function(mem2reg),function(newgvn),function(dce),function(memcpyopt),cgscc(attributor-cgscc),function(jump-threading),function(gvn-sink),function(jump-threading),function(newgvn),cgscc(attributor-cgscc),function(memcpyopt),cgscc(attributor-cgscc),function(jump-threading),function(gvn-sink),function(newgvn),module(globalopt),function(gvn-sink),function(jump-threading),function(newgvn),cgscc(attributor-cgscc),function(memcpyopt),cgscc(attributor-cgscc) --mtriple=x86_64-unknown-linux-gnu
1.	Running pass "function(newgvn)" on module "<stdin>"
2.	Running pass "newgvn" on function "main"
 #0 0x0000621a3dca9dd0 llvm::sys::PrintStackTrace(llvm::raw_ostream&, int) /root/llvm/llvm-project-21/llvm/lib/Support/Unix/Signals.inc:834:22
 #1 0x0000621a3dcaa259 PrintStackTraceSignalHandler(void*) /root/llvm/llvm-project-21/llvm/lib/Support/Unix/Signals.inc:918:1
 #2 0x0000621a3dca73c9 llvm::sys::RunSignalHandlers() /root/llvm/llvm-project-21/llvm/lib/Support/Signals.cpp:104:20
 #3 0x0000621a3dca960d SignalHandler(int, siginfo_t*, void*) /root/llvm/llvm-project-21/llvm/lib/Support/Unix/Signals.inc:426:14
 #4 0x00007b709e3a2330 (/lib/x86_64-linux-gnu/libc.so.6+0x45330)
 #5 0x00007b709e3fbb2c __pthread_kill_implementation ./nptl/pthread_kill.c:44:76
 #6 0x00007b709e3fbb2c __pthread_kill_internal ./nptl/pthread_kill.c:78:10
 #7 0x00007b709e3fbb2c pthread_kill ./nptl/pthread_kill.c:89:10
 #8 0x00007b709e3a227e raise ./signal/../sysdeps/posix/raise.c:27:6
 #9 0x00007b709e3858ff abort ./stdlib/abort.c:81:7
#10 0x00007b709e38581b _nl_load_domain ./intl/loadmsgcat.c:1177:9
#11 0x00007b709e398517 (/lib/x86_64-linux-gnu/libc.so.6+0x3b517)
#12 0x0000621a3c765172 llvm::patchReplacementInstruction(llvm::Instruction*, llvm::Value*) /root/llvm/llvm-project-21/llvm/lib/Transforms/Utils/Local.cpp:3543:24
#13 0x0000621a3c254c10 (anonymous namespace)::NewGVN::eliminateInstructions(llvm::Function&) /root/llvm/llvm-project-21/llvm/lib/Transforms/Scalar/NewGVN.cpp:4128:11
[Error] eval /root/iscas/ruyituner/dataset21/poj104-v2-ll_4/train/31_1857.ll: opt failed for pipeline='module(elim-avail-extern),cgscc(attributor-cgscc),module(scc-oz-module-inliner),module(globalopt),function(newgvn),function(mem2reg),module(iroutliner),function(jump-threading),module(globalopt),module(attributor),function(dce),function(newgvn),module(iroutliner),cgscc(attributor-cgscc),module(scc-oz-module-inliner)', target_triple=x86_64-unknown-linux-gnu, returncode=-6, cmd=/root/opt/rv64gc_llvm_21/bin/opt -S -passes=module(elim-avail-extern),cgscc(attributor-cgscc),module(scc-oz-module-inliner),module(globalopt),function(newgvn),function(mem2reg),module(iroutliner),function(jump-threading),module(globalopt),module(attributor),function(dce),function(newgvn),module(iroutliner),cgscc(attributor-cgscc),module(scc-oz-module-inliner) --mtriple=x86_64-unknown-linux-gnu
opt: /root/llvm/llvm-project-21/llvm/lib/Transforms/Utils/Local.cpp:3527: void llvm::patchReplacementInstruction(Instruction*, Value*): Assertion `Success && "We should not be trying to sink callbases " "with non-intersectable attributes"' failed.
PLEASE submit a bug report to https://github.com/llvm/llvm-project/issues/ and include the crash backtrace.
Stack dump:
0.	Program arguments: /root/opt/rv64gc_llvm_21/bin/opt -S -passes=module(elim-avail-extern),cgscc(attributor-cgscc),module(scc-oz-module-inliner),module(globalopt),function(newgvn),function(mem2reg),module(iroutliner),function(jump-threading),module(globalopt),module(attributor),function(dce),function(newgvn),module(iroutliner),cgscc(attributor-cgscc),module(scc-oz-module-inliner) --mtriple=x86_64-unknown-linux-gnu
1.	Running pass "function(newgvn)" on module "<stdin>"
2.	Running pass "newgvn" on function "main"
 #0 0x000062590cbdddd0 llvm::sys::PrintStackTrace(llvm::raw_ostream&, int) /root/llvm/llvm-project-21/llvm/lib/Support/Unix/Signals.inc:834:22
 #1 0x000062590cbde259 PrintStackTraceSignalHandler(void*) /root/llvm/llvm-project-21/llvm/lib/Support/Unix/Signals.inc:918:1
 #2 0x000062590cbdb3c9 llvm::sys::RunSignalHandlers() /root/llvm/llvm-project-21/llvm/lib/Support/Signals.cpp:104:20
 #3 0x000062590cbdd60d SignalHandler(int, siginfo_t*, void*) /root/llvm/llvm-project-21/llvm/lib/Support/Unix/Signals.inc:426:14
 #4 0x0000717c3a9a6330 (/lib/x86_64-linux-gnu/libc.so.6+0x45330)
 #5 0x0000717c3a9ffb2c __pthread_kill_implementation ./nptl/pthread_kill.c:44:76
 #6 0x0000717c3a9ffb2c __pthread_kill_internal ./nptl/pthread_kill.c:78:10
 #7 0x0000717c3a9ffb2c pthread_kill ./nptl/pthread_kill.c:89:10
 #8 0x0000717c3a9a627e raise ./signal/../sysdeps/posix/raise.c:27:6
 #9 0x0000717c3a9898ff abort ./stdlib/abort.c:81:7
#10 0x0000717c3a98981b _nl_load_domain ./intl/loadmsgcat.c:1177:9
#11 0x0000717c3a99c517 (/lib/x86_64-linux-gnu/libc.so.6+0x3b517)
#12 0x000062590b699172 llvm::patchReplacementInstruction(llvm::Instruction*, llvm::Value*) /root/llvm/llvm-project-21/llvm/lib/Transforms/Utils/Local.cpp:3543:24
#13 0x000062590b188c10 (anonymous namespace)::NewGVN::eliminateInstructions(llvm::Function&) /root/llvm/llvm-project-21/llvm/lib/Transforms/Scalar/NewGVN.cpp:4128:11
[Error] eval /root/iscas/ruyituner/dataset21/poj104-v2-ll_4/train/31_1857.ll: opt failed for pipeline='module(elim-avail-extern),function(mem2reg),function(instsimplify),module(iroutliner),function(reassociate),function(jump-threading),module(elim-avail-extern),module(globalopt),function(gvn-sink),function(newgvn)', target_triple=x86_64-unknown-linux-gnu, returncode=-6, cmd=/root/opt/rv64gc_llvm_21/bin/opt -S -passes=module(elim-avail-extern),function(mem2reg),function(instsimplify),module(iroutliner),function(reassociate),function(jump-threading),module(elim-avail-extern),module(globalopt),function(gvn-sink),function(newgvn) --mtriple=x86_64-unknown-linux-gnu
opt: /root/llvm/llvm-project-21/llvm/lib/Transforms/Utils/Local.cpp:3527: void llvm::patchReplacementInstruction(Instruction*, Value*): Assertion `Success && "We should not be trying to sink callbases " "with non-intersectable attributes"' failed.
PLEASE submit a bug report to https://github.com/llvm/llvm-project/issues/ and include the crash backtrace.
Stack dump:
0.	Program arguments: /root/opt/rv64gc_llvm_21/bin/opt -S -passes=module(elim-avail-extern),function(mem2reg),function(instsimplify),module(iroutliner),function(reassociate),function(jump-threading),module(elim-avail-extern),module(globalopt),function(gvn-sink),function(newgvn) --mtriple=x86_64-unknown-linux-gnu
1.	Running pass "function(newgvn)" on module "<stdin>"
2.	Running pass "newgvn" on function "main"
 #0 0x00005df62b064dd0 llvm::sys::PrintStackTrace(llvm::raw_ostream&, int) /root/llvm/llvm-project-21/llvm/lib/Support/Unix/Signals.inc:834:22
 #1 0x00005df62b065259 PrintStackTraceSignalHandler(void*) /root/llvm/llvm-project-21/llvm/lib/Support/Unix/Signals.inc:918:1
 #2 0x00005df62b0623c9 llvm::sys::RunSignalHandlers() /root/llvm/llvm-project-21/llvm/lib/Support/Signals.cpp:104:20
 #3 0x00005df62b06460d SignalHandler(int, siginfo_t*, void*) /root/llvm/llvm-project-21/llvm/lib/Support/Unix/Signals.inc:426:14
 #4 0x0000730935f78330 (/lib/x86_64-linux-gnu/libc.so.6+0x45330)
 #5 0x0000730935fd1b2c __pthread_kill_implementation ./nptl/pthread_kill.c:44:76
 #6 0x0000730935fd1b2c __pthread_kill_internal ./nptl/pthread_kill.c:78:10
 #7 0x0000730935fd1b2c pthread_kill ./nptl/pthread_kill.c:89:10
 #8 0x0000730935f7827e raise ./signal/../sysdeps/posix/raise.c:27:6
 #9 0x0000730935f5b8ff abort ./stdlib/abort.c:81:7
#10 0x0000730935f5b81b _nl_load_domain ./intl/loadmsgcat.c:1177:9
#11 0x0000730935f6e517 (/lib/x86_64-linux-gnu/libc.so.6+0x3b517)
#12 0x00005df629b20172 llvm::patchReplacementInstruction(llvm::Instruction*, llvm::Value*) /root/llvm/llvm-project-21/llvm/lib/Transforms/Utils/Local.cpp:3543:24
#13 0x00005df62960fc10 (anonymous namespace)::NewGVN::eliminateInstructions(llvm::Function&) /root/llvm/llvm-project-21/llvm/lib/Transforms/Scalar/NewGVN.cpp:4128:11

[Step 4] 开始贝叶斯优化（200 轮）...
GA search time: 16.22s, candidates: 368
[Error] eval /root/iscas/ruyituner/dataset21/poj104-v2-ll_4/train/31_1857.ll: opt failed for pipeline='function(dce),function(mem2reg),module(inferattrs),function(dce),function(gvn-sink),module(inferattrs),module(inferattrs),function(reassociate),function(reassociate),module(inferattrs),function(newgvn,loop(loop-simplifycfg)),function(instsimplify),function(instsimplify,loop(loop-simplifycfg)),function(gvn-sink),module(inferattrs),function(dce),function(gvn-hoist),function(reassociate),module(inferattrs),function(lower-switch,loop(loop-simplifycfg)),function(gvn-sink),function(mem2reg),function(dse,loop(loop-simplifycfg)),module(inferattrs),function(mem2reg),function(memcpyopt),function(memcpyopt),function(gvn-sink),module(scc-oz-module-inliner),function(jump-threading),function(gvn-hoist,loop(loop-simplifycfg)),function(memcpyopt),function(dse),module(attributor),function(gvn-sink),module(elim-avail-extern),function(gvn-sink),module(attributor),function(jump-threading),function(lower-switch),function(gvn-hoist,loop(loop-simplifycfg)),module(attributor),cgscc(attributor-cgscc),module(globalopt),module(attributor),module(inferattrs),function(memcpyopt),function(lower-switch),module(elim-avail-extern),function(newgvn),function(dce),cgscc(attributor-cgscc)', target_triple=x86_64-unknown-linux-gnu, returncode=-6, cmd=/root/opt/rv64gc_llvm_21/bin/opt -S -passes=function(dce),function(mem2reg),module(inferattrs),function(dce),function(gvn-sink),module(inferattrs),module(inferattrs),function(reassociate),function(reassociate),module(inferattrs),function(newgvn,loop(loop-simplifycfg)),function(instsimplify),function(instsimplify,loop(loop-simplifycfg)),function(gvn-sink),module(inferattrs),function(dce),function(gvn-hoist),function(reassociate),module(inferattrs),function(lower-switch,loop(loop-simplifycfg)),function(gvn-sink),function(mem2reg),function(dse,loop(loop-simplifycfg)),module(inferattrs),function(mem2reg),function(memcpyopt),function(memcpyopt),function(gvn-sink),module(scc-oz-module-inliner),function(jump-threading),function(gvn-hoist,loop(loop-simplifycfg)),function(memcpyopt),function(dse),module(attributor),function(gvn-sink),module(elim-avail-extern),function(gvn-sink),module(attributor),function(jump-threading),function(lower-switch),function(gvn-hoist,loop(loop-simplifycfg)),module(attributor),cgscc(attributor-cgscc),module(globalopt),module(attributor),module(inferattrs),function(memcpyopt),function(lower-switch),module(elim-avail-extern),function(newgvn),function(dce),cgscc(attributor-cgscc) --mtriple=x86_64-unknown-linux-gnu
opt: /root/llvm/llvm-project-21/llvm/lib/Transforms/Utils/Local.cpp:3527: void llvm::patchReplacementInstruction(Instruction*, Value*): Assertion `Success && "We should not be trying to sink callbases " "with non-intersectable attributes"' failed.
PLEASE submit a bug report to https://github.com/llvm/llvm-project/issues/ and include the crash backtrace.
Stack dump:
0.	Program arguments: /root/opt/rv64gc_llvm_21/bin/opt -S -passes=function(dce),function(mem2reg),module(inferattrs),function(dce),function(gvn-sink),module(inferattrs),module(inferattrs),function(reassociate),function(reassociate),module(inferattrs),function(newgvn,loop(loop-simplifycfg)),function(instsimplify),function(instsimplify,loop(loop-simplifycfg)),function(gvn-sink),module(inferattrs),function(dce),function(gvn-hoist),function(reassociate),module(inferattrs),function(lower-switch,loop(loop-simplifycfg)),function(gvn-sink),function(mem2reg),function(dse,loop(loop-simplifycfg)),module(inferattrs),function(mem2reg),function(memcpyopt),function(memcpyopt),function(gvn-sink),module(scc-oz-module-inliner),function(jump-threading),function(gvn-hoist,loop(loop-simplifycfg)),function(memcpyopt),function(dse),module(attributor),function(gvn-sink),module(elim-avail-extern),function(gvn-sink),module(attributor),function(jump-threading),function(lower-switch),function(gvn-hoist,loop(loop-simplifycfg)),module(attributor),cgscc(attributor-cgscc),module(globalopt),module(attributor),module(inferattrs),function(memcpyopt),function(lower-switch),module(elim-avail-extern),function(newgvn),function(dce),cgscc(attributor-cgscc) --mtriple=x86_64-unknown-linux-gnu
1.	Running pass "function(newgvn,loop(loop-simplifycfg))" on module "<stdin>"
2.	Running pass "newgvn" on function "main"
 #0 0x000061d24102bdd0 llvm::sys::PrintStackTrace(llvm::raw_ostream&, int) /root/llvm/llvm-project-21/llvm/lib/Support/Unix/Signals.inc:834:22
 #1 0x000061d24102c259 PrintStackTraceSignalHandler(void*) /root/llvm/llvm-project-21/llvm/lib/Support/Unix/Signals.inc:918:1
 #2 0x000061d2410293c9 llvm::sys::RunSignalHandlers() /root/llvm/llvm-project-21/llvm/lib/Support/Signals.cpp:104:20
 #3 0x000061d24102b60d SignalHandler(int, siginfo_t*, void*) /root/llvm/llvm-project-21/llvm/lib/Support/Unix/Signals.inc:426:14
 #4 0x00007e6ce8b89330 (/lib/x86_64-linux-gnu/libc.so.6+0x45330)
 #5 0x00007e6ce8be2b2c __pthread_kill_implementation ./nptl/pthread_kill.c:44:76
 #6 0x00007e6ce8be2b2c __pthread_kill_internal ./nptl/pthread_kill.c:78:10
 #7 0x00007e6ce8be2b2c pthread_kill ./nptl/pthread_kill.c:89:10
 #8 0x00007e6ce8b8927e raise ./signal/../sysdeps/posix/raise.c:27:6
 #9 0x00007e6ce8b6c8ff abort ./stdlib/abort.c:81:7
#10 0x00007e6ce8b6c81b _nl_load_domain ./intl/loadmsgcat.c:1177:9
#11 0x00007e6ce8b7f517 (/lib/x86_64-linux-gnu/libc.so.6+0x3b517)
#12 0x000061d23fae7172 llvm::patchReplacementInstruction(llvm::Instruction*, llvm::Value*) /root/llvm/llvm-project-21/llvm/lib/Transforms/Utils/Local.cpp:3543:24
#13 0x000061d23f5d6c10 (anonymous namespace)::NewGVN::eliminateInstructions(llvm::Function&) /root/llvm/llvm-project-21/llvm/lib/Transforms/Scalar/NewGVN.cpp:4128:11
  [iter   1/200] search_obj=1.1813  search_best=0.8133  validation_best=0.8529  EI=0.0206  rnum=168.4  len=58  syn_rate=0.69  mean=1.0928  worsen=59.00%
GA search time: 16.09s, candidates: 366
[Error] eval /root/iscas/ruyituner/dataset21/poj104-v2-ll_4/train/31_1857.ll: opt failed for pipeline='module(elim-avail-extern),module(iroutliner),function(instsimplify),function(gvn-hoist),module(attributor),function(memcpyopt),function(jump-threading),module(globalopt),function(jump-threading),cgscc(attributor-cgscc),function(newgvn),module(iroutliner),function(reassociate),function(jump-threading),module(elim-avail-extern),module(globalopt),function(gvn-sink),function(newgvn),function(dce),module(iroutliner),module(attributor),module(scc-oz-module-inliner)', target_triple=x86_64-unknown-linux-gnu, returncode=-6, cmd=/root/opt/rv64gc_llvm_21/bin/opt -S -passes=module(elim-avail-extern),module(iroutliner),function(instsimplify),function(gvn-hoist),module(attributor),function(memcpyopt),function(jump-threading),module(globalopt),function(jump-threading),cgscc(attributor-cgscc),function(newgvn),module(iroutliner),function(reassociate),function(jump-threading),module(elim-avail-extern),module(globalopt),function(gvn-sink),function(newgvn),function(dce),module(iroutliner),module(attributor),module(scc-oz-module-inliner) --mtriple=x86_64-unknown-linux-gnu
opt: /root/llvm/llvm-project-21/llvm/lib/Transforms/Utils/Local.cpp:3527: void llvm::patchReplacementInstruction(Instruction*, Value*): Assertion `Success && "We should not be trying to sink callbases " "with non-intersectable attributes"' failed.
PLEASE submit a bug report to https://github.com/llvm/llvm-project/issues/ and include the crash backtrace.
Stack dump:
0.	Program arguments: /root/opt/rv64gc_llvm_21/bin/opt -S -passes=module(elim-avail-extern),module(iroutliner),function(instsimplify),function(gvn-hoist),module(attributor),function(memcpyopt),function(jump-threading),module(globalopt),function(jump-threading),cgscc(attributor-cgscc),function(newgvn),module(iroutliner),function(reassociate),function(jump-threading),module(elim-avail-extern),module(globalopt),function(gvn-sink),function(newgvn),function(dce),module(iroutliner),module(attributor),module(scc-oz-module-inliner) --mtriple=x86_64-unknown-linux-gnu
1.	Running pass "function(newgvn)" on module "<stdin>"
2.	Running pass "newgvn" on function "main"
 #0 0x00005cbb60bdedd0 llvm::sys::PrintStackTrace(llvm::raw_ostream&, int) /root/llvm/llvm-project-21/llvm/lib/Support/Unix/Signals.inc:834:22
 #1 0x00005cbb60bdf259 PrintStackTraceSignalHandler(void*) /root/llvm/llvm-project-21/llvm/lib/Support/Unix/Signals.inc:918:1
 #2 0x00005cbb60bdc3c9 llvm::sys::RunSignalHandlers() /root/llvm/llvm-project-21/llvm/lib/Support/Signals.cpp:104:20
 #3 0x00005cbb60bde60d SignalHandler(int, siginfo_t*, void*) /root/llvm/llvm-project-21/llvm/lib/Support/Unix/Signals.inc:426:14
 #4 0x00007ae93dbf4330 (/lib/x86_64-linux-gnu/libc.so.6+0x45330)
 #5 0x00007ae93dc4db2c __pthread_kill_implementation ./nptl/pthread_kill.c:44:76
 #6 0x00007ae93dc4db2c __pthread_kill_internal ./nptl/pthread_kill.c:78:10
 #7 0x00007ae93dc4db2c pthread_kill ./nptl/pthread_kill.c:89:10
 #8 0x00007ae93dbf427e raise ./signal/../sysdeps/posix/raise.c:27:6
 #9 0x00007ae93dbd78ff abort ./stdlib/abort.c:81:7
#10 0x00007ae93dbd781b _nl_load_domain ./intl/loadmsgcat.c:1177:9
#11 0x00007ae93dbea517 (/lib/x86_64-linux-gnu/libc.so.6+0x3b517)
#12 0x00005cbb5f69a172 llvm::patchReplacementInstruction(llvm::Instruction*, llvm::Value*) /root/llvm/llvm-project-21/llvm/lib/Transforms/Utils/Local.cpp:3543:24
#13 0x00005cbb5f189c10 (anonymous namespace)::NewGVN::eliminateInstructions(llvm::Function&) /root/llvm/llvm-project-21/llvm/lib/Transforms/Scalar/NewGVN.cpp:4128:11
  [iter   2/200] search_obj=0.8567  search_best=0.8133  validation_best=0.8527  EI=0.0168  rnum=166.3  len=22  syn_rate=0.49  mean=0.8402  worsen=11.00%
GA search time: 16.60s, candidates: 364
  [iter   3/200] search_obj=0.8133  search_best=0.8133  validation_best=0.8520  EI=0.0132  rnum=164.2  len=19  syn_rate=0.43  mean=0.7998  worsen=9.00%
GA search time: 15.56s, candidates: 362
[Error] eval /root/iscas/ruyituner/dataset21/poj104-v2-ll_4/train/31_1857.ll: opt failed for pipeline='function(mem2reg),function(dce),function(reassociate),function(mem2reg),function(memcpyopt),function(memcpyopt),function(dse),function(gvn-sink),function(lower-switch),function(instsimplify),function(dse),module(attributor),function(dce),function(memcpyopt),module(iroutliner),function(jump-threading),function(gvn-hoist),function(gvn-sink),module(iroutliner),function(dce),function(newgvn),function(memcpyopt),cgscc(attributor-cgscc),module(attributor),function(dse),function(jump-threading),function(instsimplify),module(iroutliner),module(elim-avail-extern),module(scc-oz-module-inliner),module(globalopt),function(mem2reg),function(gvn-hoist)', target_triple=x86_64-unknown-linux-gnu, returncode=-6, cmd=/root/opt/rv64gc_llvm_21/bin/opt -S -passes=function(mem2reg),function(dce),function(reassociate),function(mem2reg),function(memcpyopt),function(memcpyopt),function(dse),function(gvn-sink),function(lower-switch),function(instsimplify),function(dse),module(attributor),function(dce),function(memcpyopt),module(iroutliner),function(jump-threading),function(gvn-hoist),function(gvn-sink),module(iroutliner),function(dce),function(newgvn),function(memcpyopt),cgscc(attributor-cgscc),module(attributor),function(dse),function(jump-threading),function(instsimplify),module(iroutliner),module(elim-avail-extern),module(scc-oz-module-inliner),module(globalopt),function(mem2reg),function(gvn-hoist) --mtriple=x86_64-unknown-linux-gnu
opt: /root/llvm/llvm-project-21/llvm/lib/Transforms/Utils/Local.cpp:3527: void llvm::patchReplacementInstruction(Instruction*, Value*): Assertion `Success && "We should not be trying to sink callbases " "with non-intersectable attributes"' failed.
PLEASE submit a bug report to https://github.com/llvm/llvm-project/issues/ and include the crash backtrace.
Stack dump:
0.	Program arguments: /root/opt/rv64gc_llvm_21/bin/opt -S -passes=function(mem2reg),function(dce),function(reassociate),function(mem2reg),function(memcpyopt),function(memcpyopt),function(dse),function(gvn-sink),function(lower-switch),function(instsimplify),function(dse),module(attributor),function(dce),function(memcpyopt),module(iroutliner),function(jump-threading),function(gvn-hoist),function(gvn-sink),module(iroutliner),function(dce),function(newgvn),function(memcpyopt),cgscc(attributor-cgscc),module(attributor),function(dse),function(jump-threading),function(instsimplify),module(iroutliner),module(elim-avail-extern),module(scc-oz-module-inliner),module(globalopt),function(mem2reg),function(gvn-hoist) --mtriple=x86_64-unknown-linux-gnu
1.	Running pass "function(newgvn)" on module "<stdin>"
2.	Running pass "newgvn" on function "main"
 #0 0x00005cd6554f0dd0 llvm::sys::PrintStackTrace(llvm::raw_ostream&, int) /root/llvm/llvm-project-21/llvm/lib/Support/Unix/Signals.inc:834:22
 #1 0x00005cd6554f1259 PrintStackTraceSignalHandler(void*) /root/llvm/llvm-project-21/llvm/lib/Support/Unix/Signals.inc:918:1
 #2 0x00005cd6554ee3c9 llvm::sys::RunSignalHandlers() /root/llvm/llvm-project-21/llvm/lib/Support/Signals.cpp:104:20
 #3 0x00005cd6554f060d SignalHandler(int, siginfo_t*, void*) /root/llvm/llvm-project-21/llvm/lib/Support/Unix/Signals.inc:426:14
 #4 0x00007c63b7e3f330 (/lib/x86_64-linux-gnu/libc.so.6+0x45330)
 #5 0x00007c63b7e98b2c __pthread_kill_implementation ./nptl/pthread_kill.c:44:76
 #6 0x00007c63b7e98b2c __pthread_kill_internal ./nptl/pthread_kill.c:78:10
 #7 0x00007c63b7e98b2c pthread_kill ./nptl/pthread_kill.c:89:10
 #8 0x00007c63b7e3f27e raise ./signal/../sysdeps/posix/raise.c:27:6
 #9 0x00007c63b7e228ff abort ./stdlib/abort.c:81:7
#10 0x00007c63b7e2281b _nl_load_domain ./intl/loadmsgcat.c:1177:9
#11 0x00007c63b7e35517 (/lib/x86_64-linux-gnu/libc.so.6+0x3b517)
#12 0x00005cd653fac172 llvm::patchReplacementInstruction(llvm::Instruction*, llvm::Value*) /root/llvm/llvm-project-21/llvm/lib/Transforms/Utils/Local.cpp:3543:24
#13 0x00005cd653a9bc10 (anonymous namespace)::NewGVN::eliminateInstructions(llvm::Function&) /root/llvm/llvm-project-21/llvm/lib/Transforms/Scalar/NewGVN.cpp:4128:11
  [iter   4/200] search_obj=0.9583  search_best=0.8133  validation_best=0.8520  EI=0.0129  rnum=162.0  len=33  syn_rate=0.72  mean=0.9388  worsen=13.00%
GA search time: 12.12s, candidates: 359
  [iter   5/200] search_obj=0.8047  search_best=0.8047  validation_best=0.8485  EI=0.0112  rnum=159.9  len=19  syn_rate=0.41  mean=0.7927  worsen=8.00%
GA search time: 12.77s, candidates: 357
[Error] eval /root/iscas/ruyituner/dataset21/poj104-v2-ll_4/train/31_1857.ll: opt failed for pipeline='module(inferattrs),module(scc-oz-module-inliner),function(mem2reg),module(iroutliner),module(globalopt),module(attributor),module(elim-avail-extern),function(instsimplify),module(iroutliner),function(gvn-sink),module(elim-avail-extern),module(iroutliner),function(instsimplify),function(gvn-hoist),module(attributor),function(memcpyopt),function(jump-threading),module(globalopt),function(gvn-sink),function(newgvn),function(gvn-sink),module(globalopt),module(attributor),function(dce),module(iroutliner),module(elim-avail-extern),module(scc-oz-module-inliner)', target_triple=x86_64-unknown-linux-gnu, returncode=-6, cmd=/root/opt/rv64gc_llvm_21/bin/opt -S -passes=module(inferattrs),module(scc-oz-module-inliner),function(mem2reg),module(iroutliner),module(globalopt),module(attributor),module(elim-avail-extern),function(instsimplify),module(iroutliner),function(gvn-sink),module(elim-avail-extern),module(iroutliner),function(instsimplify),function(gvn-hoist),module(attributor),function(memcpyopt),function(jump-threading),module(globalopt),function(gvn-sink),function(newgvn),function(gvn-sink),module(globalopt),module(attributor),function(dce),module(iroutliner),module(elim-avail-extern),module(scc-oz-module-inliner) --mtriple=x86_64-unknown-linux-gnu
opt: /root/llvm/llvm-project-21/llvm/lib/Transforms/Utils/Local.cpp:3527: void llvm::patchReplacementInstruction(Instruction*, Value*): Assertion `Success && "We should not be trying to sink callbases " "with non-intersectable attributes"' failed.
PLEASE submit a bug report to https://github.com/llvm/llvm-project/issues/ and include the crash backtrace.
Stack dump:
0.	Program arguments: /root/opt/rv64gc_llvm_21/bin/opt -S -passes=module(inferattrs),module(scc-oz-module-inliner),function(mem2reg),module(iroutliner),module(globalopt),module(attributor),module(elim-avail-extern),function(instsimplify),module(iroutliner),function(gvn-sink),module(elim-avail-extern),module(iroutliner),function(instsimplify),function(gvn-hoist),module(attributor),function(memcpyopt),function(jump-threading),module(globalopt),function(gvn-sink),function(newgvn),function(gvn-sink),module(globalopt),module(attributor),function(dce),module(iroutliner),module(elim-avail-extern),module(scc-oz-module-inliner) --mtriple=x86_64-unknown-linux-gnu
1.	Running pass "function(newgvn)" on module "<stdin>"
2.	Running pass "newgvn" on function "main"
 #0 0x000064f0a235fdd0 llvm::sys::PrintStackTrace(llvm::raw_ostream&, int) /root/llvm/llvm-project-21/llvm/lib/Support/Unix/Signals.inc:834:22
 #1 0x000064f0a2360259 PrintStackTraceSignalHandler(void*) /root/llvm/llvm-project-21/llvm/lib/Support/Unix/Signals.inc:918:1
 #2 0x000064f0a235d3c9 llvm::sys::RunSignalHandlers() /root/llvm/llvm-project-21/llvm/lib/Support/Signals.cpp:104:20
 #3 0x000064f0a235f60d SignalHandler(int, siginfo_t*, void*) /root/llvm/llvm-project-21/llvm/lib/Support/Unix/Signals.inc:426:14
 #4 0x00007d4386e0d330 (/lib/x86_64-linux-gnu/libc.so.6+0x45330)
 #5 0x00007d4386e66b2c __pthread_kill_implementation ./nptl/pthread_kill.c:44:76
 #6 0x00007d4386e66b2c __pthread_kill_internal ./nptl/pthread_kill.c:78:10
 #7 0x00007d4386e66b2c pthread_kill ./nptl/pthread_kill.c:89:10
 #8 0x00007d4386e0d27e raise ./signal/../sysdeps/posix/raise.c:27:6
 #9 0x00007d4386df08ff abort ./stdlib/abort.c:81:7
#10 0x00007d4386df081b _nl_load_domain ./intl/loadmsgcat.c:1177:9
#11 0x00007d4386e03517 (/lib/x86_64-linux-gnu/libc.so.6+0x3b517)
#12 0x000064f0a0e1b172 llvm::patchReplacementInstruction(llvm::Instruction*, llvm::Value*) /root/llvm/llvm-project-21/llvm/lib/Transforms/Utils/Local.cpp:3543:24
#13 0x000064f0a090ac10 (anonymous namespace)::NewGVN::eliminateInstructions(llvm::Function&) /root/llvm/llvm-project-21/llvm/lib/Transforms/Scalar/NewGVN.cpp:4128:11
  [iter   6/200] search_obj=1.0686  search_best=0.8047  validation_best=0.8485  EI=0.0131  rnum=157.7  len=27  syn_rate=0.51  mean=1.0386  worsen=20.00%
GA search time: 11.06s, candidates: 355
  [iter   7/200] search_obj=0.7936  search_best=0.7936  validation_best=0.8455  EI=0.0143  rnum=155.6  len=21  syn_rate=0.45  mean=0.7846  worsen=6.00%
GA search time: 11.20s, candidates: 353
  [iter   8/200] search_obj=0.8748  search_best=0.7936  validation_best=0.8455  EI=0.0132  rnum=153.4  len=36  syn_rate=0.59  mean=0.8628  worsen=8.00%
GA search time: 10.51s, candidates: 351
[Error] eval /root/iscas/ruyituner/dataset21/poj104-v2-ll_4/train/31_1857.ll: opt failed for pipeline='module(elim-avail-extern),function(dse),module(iroutliner),function(instsimplify),function(gvn-hoist),module(attributor),function(mem2reg),function(jump-threading),module(elim-avail-extern),module(iroutliner),function(instsimplify),module(globalopt),module(attributor),function(memcpyopt),function(jump-threading),module(globalopt),function(gvn-sink),function(newgvn),function(gvn-sink),function(gvn-hoist),module(attributor),function(mem2reg),function(dce),module(iroutliner),module(elim-avail-extern),module(scc-oz-module-inliner),function(gvn-sink)', target_triple=x86_64-unknown-linux-gnu, returncode=-6, cmd=/root/opt/rv64gc_llvm_21/bin/opt -S -passes=module(elim-avail-extern),function(dse),module(iroutliner),function(instsimplify),function(gvn-hoist),module(attributor),function(mem2reg),function(jump-threading),module(elim-avail-extern),module(iroutliner),function(instsimplify),module(globalopt),module(attributor),function(memcpyopt),function(jump-threading),module(globalopt),function(gvn-sink),function(newgvn),function(gvn-sink),function(gvn-hoist),module(attributor),function(mem2reg),function(dce),module(iroutliner),module(elim-avail-extern),module(scc-oz-module-inliner),function(gvn-sink) --mtriple=x86_64-unknown-linux-gnu
opt: /root/llvm/llvm-project-21/llvm/lib/Transforms/Utils/Local.cpp:3527: void llvm::patchReplacementInstruction(Instruction*, Value*): Assertion `Success && "We should not be trying to sink callbases " "with non-intersectable attributes"' failed.
PLEASE submit a bug report to https://github.com/llvm/llvm-project/issues/ and include the crash backtrace.
Stack dump:
0.	Program arguments: /root/opt/rv64gc_llvm_21/bin/opt -S -passes=module(elim-avail-extern),function(dse),module(iroutliner),function(instsimplify),function(gvn-hoist),module(attributor),function(mem2reg),function(jump-threading),module(elim-avail-extern),module(iroutliner),function(instsimplify),module(globalopt),module(attributor),function(memcpyopt),function(jump-threading),module(globalopt),function(gvn-sink),function(newgvn),function(gvn-sink),function(gvn-hoist),module(attributor),function(mem2reg),function(dce),module(iroutliner),module(elim-avail-extern),module(scc-oz-module-inliner),function(gvn-sink) --mtriple=x86_64-unknown-linux-gnu
1.	Running pass "function(newgvn)" on module "<stdin>"
2.	Running pass "newgvn" on function "main"
 #0 0x00005d3d8e9e5dd0 llvm::sys::PrintStackTrace(llvm::raw_ostream&, int) /root/llvm/llvm-project-21/llvm/lib/Support/Unix/Signals.inc:834:22
 #1 0x00005d3d8e9e6259 PrintStackTraceSignalHandler(void*) /root/llvm/llvm-project-21/llvm/lib/Support/Unix/Signals.inc:918:1
 #2 0x00005d3d8e9e33c9 llvm::sys::RunSignalHandlers() /root/llvm/llvm-project-21/llvm/lib/Support/Signals.cpp:104:20
 #3 0x00005d3d8e9e560d SignalHandler(int, siginfo_t*, void*) /root/llvm/llvm-project-21/llvm/lib/Support/Unix/Signals.inc:426:14
 #4 0x00007745994c8330 (/lib/x86_64-linux-gnu/libc.so.6+0x45330)
 #5 0x0000774599521b2c __pthread_kill_implementation ./nptl/pthread_kill.c:44:76
 #6 0x0000774599521b2c __pthread_kill_internal ./nptl/pthread_kill.c:78:10
 #7 0x0000774599521b2c pthread_kill ./nptl/pthread_kill.c:89:10
 #8 0x00007745994c827e raise ./signal/../sysdeps/posix/raise.c:27:6
 #9 0x00007745994ab8ff abort ./stdlib/abort.c:81:7
#10 0x00007745994ab81b _nl_load_domain ./intl/loadmsgcat.c:1177:9
#11 0x00007745994be517 (/lib/x86_64-linux-gnu/libc.so.6+0x3b517)
#12 0x00005d3d8d4a1172 llvm::patchReplacementInstruction(llvm::Instruction*, llvm::Value*) /root/llvm/llvm-project-21/llvm/lib/Transforms/Utils/Local.cpp:3543:24
#13 0x00005d3d8cf90c10 (anonymous namespace)::NewGVN::eliminateInstructions(llvm::Function&) /root/llvm/llvm-project-21/llvm/lib/Transforms/Scalar/NewGVN.cpp:4128:11
  [iter   9/200] search_obj=0.8482  search_best=0.7936  validation_best=0.8455  EI=0.0102  rnum=151.3  len=27  syn_rate=0.54  mean=0.8347  worsen=9.00%
GA search time: 10.59s, candidates: 349
  [iter  10/200] search_obj=0.8041  search_best=0.7936  validation_best=0.8352  EI=0.0122  rnum=149.1  len=22  syn_rate=0.39  mean=0.7906  worsen=9.00%
GA search time: 10.67s, candidates: 346
  [iter  11/200] search_obj=0.8942  search_best=0.7936  validation_best=0.8352  EI=0.0099  rnum=147.0  len=35  syn_rate=0.61  mean=0.8777  worsen=11.00%
GA search time: 8.71s, candidates: 344
  [iter  12/200] search_obj=0.8042  search_best=0.7936  validation_best=0.8321  EI=0.0130  rnum=144.8  len=22  syn_rate=0.36  mean=0.7907  worsen=9.00%
GA search time: 9.25s, candidates: 342
  [iter  13/200] search_obj=0.8058  search_best=0.7936  validation_best=0.8321  EI=0.0151  rnum=142.7  len=30  syn_rate=0.41  mean=0.7923  worsen=9.00%
GA search time: 9.03s, candidates: 340
  [iter  14/200] search_obj=0.8072  search_best=0.7936  validation_best=0.8321  EI=0.0125  rnum=140.5  len=32  syn_rate=0.45  mean=0.7922  worsen=10.00%
GA search time: 8.53s, candidates: 338
[Error] eval /root/iscas/ruyituner/dataset21/poj104-v2-ll_4/train/31_1857.ll: opt failed for pipeline='module(attributor),function(gvn-sink),function(gvn-hoist),function(instsimplify),module(globalopt),module(elim-avail-extern),module(scc-oz-module-inliner),module(elim-avail-extern),module(iroutliner),function(instsimplify),module(elim-avail-extern),module(attributor),function(memcpyopt),function(jump-threading),module(globalopt),function(gvn-sink),function(newgvn),function(gvn-sink),module(globalopt),module(attributor),function(dce),module(iroutliner),module(elim-avail-extern),module(scc-oz-module-inliner)', target_triple=x86_64-unknown-linux-gnu, returncode=-6, cmd=/root/opt/rv64gc_llvm_21/bin/opt -S -passes=module(attributor),function(gvn-sink),function(gvn-hoist),function(instsimplify),module(globalopt),module(elim-avail-extern),module(scc-oz-module-inliner),module(elim-avail-extern),module(iroutliner),function(instsimplify),module(elim-avail-extern),module(attributor),function(memcpyopt),function(jump-threading),module(globalopt),function(gvn-sink),function(newgvn),function(gvn-sink),module(globalopt),module(attributor),function(dce),module(iroutliner),module(elim-avail-extern),module(scc-oz-module-inliner) --mtriple=x86_64-unknown-linux-gnu
opt: /root/llvm/llvm-project-21/llvm/lib/Transforms/Utils/Local.cpp:3527: void llvm::patchReplacementInstruction(Instruction*, Value*): Assertion `Success && "We should not be trying to sink callbases " "with non-intersectable attributes"' failed.
PLEASE submit a bug report to https://github.com/llvm/llvm-project/issues/ and include the crash backtrace.
Stack dump:
0.	Program arguments: /root/opt/rv64gc_llvm_21/bin/opt -S -passes=module(attributor),function(gvn-sink),function(gvn-hoist),function(instsimplify),module(globalopt),module(elim-avail-extern),module(scc-oz-module-inliner),module(elim-avail-extern),module(iroutliner),function(instsimplify),module(elim-avail-extern),module(attributor),function(memcpyopt),function(jump-threading),module(globalopt),function(gvn-sink),function(newgvn),function(gvn-sink),module(globalopt),module(attributor),function(dce),module(iroutliner),module(elim-avail-extern),module(scc-oz-module-inliner) --mtriple=x86_64-unknown-linux-gnu
1.	Running pass "function(newgvn)" on module "<stdin>"
2.	Running pass "newgvn" on function "main"
 #0 0x0000606f2dec9dd0 llvm::sys::PrintStackTrace(llvm::raw_ostream&, int) /root/llvm/llvm-project-21/llvm/lib/Support/Unix/Signals.inc:834:22
 #1 0x0000606f2deca259 PrintStackTraceSignalHandler(void*) /root/llvm/llvm-project-21/llvm/lib/Support/Unix/Signals.inc:918:1
 #2 0x0000606f2dec73c9 llvm::sys::RunSignalHandlers() /root/llvm/llvm-project-21/llvm/lib/Support/Signals.cpp:104:20
 #3 0x0000606f2dec960d SignalHandler(int, siginfo_t*, void*) /root/llvm/llvm-project-21/llvm/lib/Support/Unix/Signals.inc:426:14
 #4 0x000070eba4800330 (/lib/x86_64-linux-gnu/libc.so.6+0x45330)
 #5 0x000070eba4859b2c __pthread_kill_implementation ./nptl/pthread_kill.c:44:76
 #6 0x000070eba4859b2c __pthread_kill_internal ./nptl/pthread_kill.c:78:10
 #7 0x000070eba4859b2c pthread_kill ./nptl/pthread_kill.c:89:10
 #8 0x000070eba480027e raise ./signal/../sysdeps/posix/raise.c:27:6
 #9 0x000070eba47e38ff abort ./stdlib/abort.c:81:7
#10 0x000070eba47e381b _nl_load_domain ./intl/loadmsgcat.c:1177:9
#11 0x000070eba47f6517 (/lib/x86_64-linux-gnu/libc.so.6+0x3b517)
#12 0x0000606f2c985172 llvm::patchReplacementInstruction(llvm::Instruction*, llvm::Value*) /root/llvm/llvm-project-21/llvm/lib/Transforms/Utils/Local.cpp:3543:24
#13 0x0000606f2c474c10 (anonymous namespace)::NewGVN::eliminateInstructions(llvm::Function&) /root/llvm/llvm-project-21/llvm/lib/Transforms/Scalar/NewGVN.cpp:4128:11
  [iter  15/200] search_obj=0.9190  search_best=0.7936  validation_best=0.8321  EI=0.0093  rnum=138.4  len=24  syn_rate=0.42  mean=0.9055  worsen=9.00%
GA search time: 8.12s, candidates: 336
  [iter  16/200] search_obj=0.7938  search_best=0.7936  validation_best=0.8321  EI=0.0092  rnum=136.3  len=30  syn_rate=0.53  mean=0.7833  worsen=7.00%
GA search time: 8.11s, candidates: 334
  [iter  17/200] search_obj=0.8002  search_best=0.7936  validation_best=0.8281  EI=0.0115  rnum=134.2  len=27  syn_rate=0.41  mean=0.7867  worsen=9.00%
GA search time: 7.99s, candidates: 332
[Error] eval /root/iscas/ruyituner/dataset21/poj104-v2-ll_4/train/31_1857.ll: opt failed for pipeline='function(gvn-hoist),function(lower-switch),function(dse),module(globalopt),function(mem2reg),function(gvn-sink),module(iroutliner),module(attributor),function(instsimplify),module(elim-avail-extern),function(gvn-hoist),function(instsimplify),function(gvn-hoist),module(attributor),function(memcpyopt),function(jump-threading),module(globalopt),function(gvn-sink),function(newgvn),function(gvn-sink),module(globalopt),module(attributor),function(dce),module(iroutliner),function(dce),module(scc-oz-module-inliner)', target_triple=x86_64-unknown-linux-gnu, returncode=-6, cmd=/root/opt/rv64gc_llvm_21/bin/opt -S -passes=function(gvn-hoist),function(lower-switch),function(dse),module(globalopt),function(mem2reg),function(gvn-sink),module(iroutliner),module(attributor),function(instsimplify),module(elim-avail-extern),function(gvn-hoist),function(instsimplify),function(gvn-hoist),module(attributor),function(memcpyopt),function(jump-threading),module(globalopt),function(gvn-sink),function(newgvn),function(gvn-sink),module(globalopt),module(attributor),function(dce),module(iroutliner),function(dce),module(scc-oz-module-inliner) --mtriple=x86_64-unknown-linux-gnu
opt: /root/llvm/llvm-project-21/llvm/lib/Transforms/Utils/Local.cpp:3527: void llvm::patchReplacementInstruction(Instruction*, Value*): Assertion `Success && "We should not be trying to sink callbases " "with non-intersectable attributes"' failed.
PLEASE submit a bug report to https://github.com/llvm/llvm-project/issues/ and include the crash backtrace.
Stack dump:
0.	Program arguments: /root/opt/rv64gc_llvm_21/bin/opt -S -passes=function(gvn-hoist),function(lower-switch),function(dse),module(globalopt),function(mem2reg),function(gvn-sink),module(iroutliner),module(attributor),function(instsimplify),module(elim-avail-extern),function(gvn-hoist),function(instsimplify),function(gvn-hoist),module(attributor),function(memcpyopt),function(jump-threading),module(globalopt),function(gvn-sink),function(newgvn),function(gvn-sink),module(globalopt),module(attributor),function(dce),module(iroutliner),function(dce),module(scc-oz-module-inliner) --mtriple=x86_64-unknown-linux-gnu
1.	Running pass "function(newgvn)" on module "<stdin>"
2.	Running pass "newgvn" on function "main"
 #0 0x0000604e69d9ddd0 llvm::sys::PrintStackTrace(llvm::raw_ostream&, int) /root/llvm/llvm-project-21/llvm/lib/Support/Unix/Signals.inc:834:22
 #1 0x0000604e69d9e259 PrintStackTraceSignalHandler(void*) /root/llvm/llvm-project-21/llvm/lib/Support/Unix/Signals.inc:918:1
 #2 0x0000604e69d9b3c9 llvm::sys::RunSignalHandlers() /root/llvm/llvm-project-21/llvm/lib/Support/Signals.cpp:104:20
 #3 0x0000604e69d9d60d SignalHandler(int, siginfo_t*, void*) /root/llvm/llvm-project-21/llvm/lib/Support/Unix/Signals.inc:426:14
 #4 0x00007add29707330 (/lib/x86_64-linux-gnu/libc.so.6+0x45330)
 #5 0x00007add29760b2c __pthread_kill_implementation ./nptl/pthread_kill.c:44:76
 #6 0x00007add29760b2c __pthread_kill_internal ./nptl/pthread_kill.c:78:10
 #7 0x00007add29760b2c pthread_kill ./nptl/pthread_kill.c:89:10
 #8 0x00007add2970727e raise ./signal/../sysdeps/posix/raise.c:27:6
 #9 0x00007add296ea8ff abort ./stdlib/abort.c:81:7
#10 0x00007add296ea81b _nl_load_domain ./intl/loadmsgcat.c:1177:9
#11 0x00007add296fd517 (/lib/x86_64-linux-gnu/libc.so.6+0x3b517)
#12 0x0000604e68859172 llvm::patchReplacementInstruction(llvm::Instruction*, llvm::Value*) /root/llvm/llvm-project-21/llvm/lib/Transforms/Utils/Local.cpp:3543:24
#13 0x0000604e68348c10 (anonymous namespace)::NewGVN::eliminateInstructions(llvm::Function&) /root/llvm/llvm-project-21/llvm/lib/Transforms/Scalar/NewGVN.cpp:4128:11
  [iter  18/200] search_obj=0.9595  search_best=0.7936  validation_best=0.8281  EI=0.0145  rnum=132.1  len=26  syn_rate=0.49  mean=0.9385  worsen=14.00%
GA search time: 8.59s, candidates: 329
  [iter  19/200] search_obj=0.8159  search_best=0.7936  validation_best=0.8281  EI=0.0120  rnum=130.0  len=25  syn_rate=0.40  mean=0.8024  worsen=9.00%
GA search time: 5.80s, candidates: 327
  [iter  20/200] search_obj=0.7696  search_best=0.7696  validation_best=0.7926  EI=0.0102  rnum=127.9  len=29  syn_rate=0.45  mean=0.7561  worsen=9.00%
GA search time: 6.08s, candidates: 325
[Error] eval /root/iscas/ruyituner/dataset21/poj104-v2-ll_4/train/31_1857.ll: opt failed for pipeline='function(instsimplify),function(gvn-hoist),module(attributor),function(memcpyopt),module(globalopt),module(globalopt),function(gvn-sink),function(newgvn),module(elim-avail-extern),function(dse),module(iroutliner),function(instsimplify),function(gvn-hoist),module(attributor),function(memcpyopt),function(jump-threading),function(jump-threading),function(gvn-sink),function(newgvn),function(gvn-sink),module(globalopt),module(attributor),function(dce),module(iroutliner),function(dse),module(globalopt),module(scc-oz-module-inliner),function(gvn-hoist),module(inferattrs),module(elim-avail-extern),module(scc-oz-module-inliner)', target_triple=x86_64-unknown-linux-gnu, returncode=-6, cmd=/root/opt/rv64gc_llvm_21/bin/opt -S -passes=function(instsimplify),function(gvn-hoist),module(attributor),function(memcpyopt),module(globalopt),module(globalopt),function(gvn-sink),function(newgvn),module(elim-avail-extern),function(dse),module(iroutliner),function(instsimplify),function(gvn-hoist),module(attributor),function(memcpyopt),function(jump-threading),function(jump-threading),function(gvn-sink),function(newgvn),function(gvn-sink),module(globalopt),module(attributor),function(dce),module(iroutliner),function(dse),module(globalopt),module(scc-oz-module-inliner),function(gvn-hoist),module(inferattrs),module(elim-avail-extern),module(scc-oz-module-inliner) --mtriple=x86_64-unknown-linux-gnu
opt: /root/llvm/llvm-project-21/llvm/lib/Transforms/Utils/Local.cpp:3527: void llvm::patchReplacementInstruction(Instruction*, Value*): Assertion `Success && "We should not be trying to sink callbases " "with non-intersectable attributes"' failed.
PLEASE submit a bug report to https://github.com/llvm/llvm-project/issues/ and include the crash backtrace.
Stack dump:
0.	Program arguments: /root/opt/rv64gc_llvm_21/bin/opt -S -passes=function(instsimplify),function(gvn-hoist),module(attributor),function(memcpyopt),module(globalopt),module(globalopt),function(gvn-sink),function(newgvn),module(elim-avail-extern),function(dse),module(iroutliner),function(instsimplify),function(gvn-hoist),module(attributor),function(memcpyopt),function(jump-threading),function(jump-threading),function(gvn-sink),function(newgvn),function(gvn-sink),module(globalopt),module(attributor),function(dce),module(iroutliner),function(dse),module(globalopt),module(scc-oz-module-inliner),function(gvn-hoist),module(inferattrs),module(elim-avail-extern),module(scc-oz-module-inliner) --mtriple=x86_64-unknown-linux-gnu
1.	Running pass "function(newgvn)" on module "<stdin>"
2.	Running pass "newgvn" on function "main"
 #0 0x00005e31714c9dd0 llvm::sys::PrintStackTrace(llvm::raw_ostream&, int) /root/llvm/llvm-project-21/llvm/lib/Support/Unix/Signals.inc:834:22
 #1 0x00005e31714ca259 PrintStackTraceSignalHandler(void*) /root/llvm/llvm-project-21/llvm/lib/Support/Unix/Signals.inc:918:1
 #2 0x00005e31714c73c9 llvm::sys::RunSignalHandlers() /root/llvm/llvm-project-21/llvm/lib/Support/Signals.cpp:104:20
 #3 0x00005e31714c960d SignalHandler(int, siginfo_t*, void*) /root/llvm/llvm-project-21/llvm/lib/Support/Unix/Signals.inc:426:14
 #4 0x00007ad6dd399330 (/lib/x86_64-linux-gnu/libc.so.6+0x45330)
 #5 0x00007ad6dd3f2b2c __pthread_kill_implementation ./nptl/pthread_kill.c:44:76
 #6 0x00007ad6dd3f2b2c __pthread_kill_internal ./nptl/pthread_kill.c:78:10
 #7 0x00007ad6dd3f2b2c pthread_kill ./nptl/pthread_kill.c:89:10
 #8 0x00007ad6dd39927e raise ./signal/../sysdeps/posix/raise.c:27:6
 #9 0x00007ad6dd37c8ff abort ./stdlib/abort.c:81:7
#10 0x00007ad6dd37c81b _nl_load_domain ./intl/loadmsgcat.c:1177:9
#11 0x00007ad6dd38f517 (/lib/x86_64-linux-gnu/libc.so.6+0x3b517)
#12 0x00005e316ff85172 llvm::patchReplacementInstruction(llvm::Instruction*, llvm::Value*) /root/llvm/llvm-project-21/llvm/lib/Transforms/Utils/Local.cpp:3543:24
#13 0x00005e316fa74c10 (anonymous namespace)::NewGVN::eliminateInstructions(llvm::Function&) /root/llvm/llvm-project-21/llvm/lib/Transforms/Scalar/NewGVN.cpp:4128:11
  [iter  21/200] search_obj=0.8609  search_best=0.7696  validation_best=0.7926  EI=0.0075  rnum=125.8  len=31  syn_rate=0.52  mean=0.8474  worsen=9.00%
GA search time: 6.89s, candidates: 323
  [iter  22/200] search_obj=1.0532  search_best=0.7696  validation_best=0.7926  EI=0.0095  rnum=123.7  len=26  syn_rate=0.40  mean=1.0097  worsen=29.00%
GA search time: 5.42s, candidates: 321
  [iter  23/200] search_obj=0.7787  search_best=0.7696  validation_best=0.7926  EI=0.0065  rnum=121.6  len=45  syn_rate=0.46  mean=0.7652  worsen=9.00%
GA search time: 5.41s, candidates: 319
[Error] eval /root/iscas/ruyituner/dataset21/poj104-v2-ll_4/train/31_1857.ll: opt failed for pipeline='module(globalopt),function(instsimplify),module(attributor),module(iroutliner),function(dce),function(jump-threading),module(elim-avail-extern),function(jump-threading),function(newgvn),function(gvn-sink),module(iroutliner),function(gvn-sink),module(attributor),function(dce),module(elim-avail-extern),function(dce),function(gvn-hoist),function(gvn-hoist),module(elim-avail-extern),function(gvn-sink),function(dce),module(attributor),function(newgvn),function(newgvn),module(scc-oz-module-inliner),function(newgvn),module(elim-avail-extern),function(instsimplify),module(iroutliner),function(gvn-sink),module(iroutliner),module(iroutliner)', target_triple=x86_64-unknown-linux-gnu, returncode=-6, cmd=/root/opt/rv64gc_llvm_21/bin/opt -S -passes=module(globalopt),function(instsimplify),module(attributor),module(iroutliner),function(dce),function(jump-threading),module(elim-avail-extern),function(jump-threading),function(newgvn),function(gvn-sink),module(iroutliner),function(gvn-sink),module(attributor),function(dce),module(elim-avail-extern),function(dce),function(gvn-hoist),function(gvn-hoist),module(elim-avail-extern),function(gvn-sink),function(dce),module(attributor),function(newgvn),function(newgvn),module(scc-oz-module-inliner),function(newgvn),module(elim-avail-extern),function(instsimplify),module(iroutliner),function(gvn-sink),module(iroutliner),module(iroutliner) --mtriple=x86_64-unknown-linux-gnu
opt: /root/llvm/llvm-project-21/llvm/lib/Transforms/Utils/Local.cpp:3527: void llvm::patchReplacementInstruction(Instruction*, Value*): Assertion `Success && "We should not be trying to sink callbases " "with non-intersectable attributes"' failed.
PLEASE submit a bug report to https://github.com/llvm/llvm-project/issues/ and include the crash backtrace.
Stack dump:
0.	Program arguments: /root/opt/rv64gc_llvm_21/bin/opt -S -passes=module(globalopt),function(instsimplify),module(attributor),module(iroutliner),function(dce),function(jump-threading),module(elim-avail-extern),function(jump-threading),function(newgvn),function(gvn-sink),module(iroutliner),function(gvn-sink),module(attributor),function(dce),module(elim-avail-extern),function(dce),function(gvn-hoist),function(gvn-hoist),module(elim-avail-extern),function(gvn-sink),function(dce),module(attributor),function(newgvn),function(newgvn),module(scc-oz-module-inliner),function(newgvn),module(elim-avail-extern),function(instsimplify),module(iroutliner),function(gvn-sink),module(iroutliner),module(iroutliner) --mtriple=x86_64-unknown-linux-gnu
1.	Running pass "function(newgvn)" on module "<stdin>"
2.	Running pass "newgvn" on function "main"
 #0 0x00005f8a3d956dd0 llvm::sys::PrintStackTrace(llvm::raw_ostream&, int) /root/llvm/llvm-project-21/llvm/lib/Support/Unix/Signals.inc:834:22
 #1 0x00005f8a3d957259 PrintStackTraceSignalHandler(void*) /root/llvm/llvm-project-21/llvm/lib/Support/Unix/Signals.inc:918:1
 #2 0x00005f8a3d9543c9 llvm::sys::RunSignalHandlers() /root/llvm/llvm-project-21/llvm/lib/Support/Signals.cpp:104:20
 #3 0x00005f8a3d95660d SignalHandler(int, siginfo_t*, void*) /root/llvm/llvm-project-21/llvm/lib/Support/Unix/Signals.inc:426:14
 #4 0x00007c0be8f16330 (/lib/x86_64-linux-gnu/libc.so.6+0x45330)
 #5 0x00007c0be8f6fb2c __pthread_kill_implementation ./nptl/pthread_kill.c:44:76
 #6 0x00007c0be8f6fb2c __pthread_kill_internal ./nptl/pthread_kill.c:78:10
 #7 0x00007c0be8f6fb2c pthread_kill ./nptl/pthread_kill.c:89:10
 #8 0x00007c0be8f1627e raise ./signal/../sysdeps/posix/raise.c:27:6
 #9 0x00007c0be8ef98ff abort ./stdlib/abort.c:81:7
#10 0x00007c0be8ef981b _nl_load_domain ./intl/loadmsgcat.c:1177:9
#11 0x00007c0be8f0c517 (/lib/x86_64-linux-gnu/libc.so.6+0x3b517)
#12 0x00005f8a3c412172 llvm::patchReplacementInstruction(llvm::Instruction*, llvm::Value*) /root/llvm/llvm-project-21/llvm/lib/Transforms/Utils/Local.cpp:3543:24
#13 0x00005f8a3bf01c10 (anonymous namespace)::NewGVN::eliminateInstructions(llvm::Function&) /root/llvm/llvm-project-21/llvm/lib/Transforms/Scalar/NewGVN.cpp:4128:11
  [iter  24/200] search_obj=1.0071  search_best=0.7696  validation_best=0.7926  EI=0.0075  rnum=119.6  len=32  syn_rate=0.35  mean=0.9501  worsen=38.00%
GA search time: 6.60s, candidates: 317
  [iter  25/200] search_obj=1.0071  search_best=0.7696  validation_best=0.7926  EI=0.0123  rnum=117.5  len=30  syn_rate=0.45  mean=0.9501  worsen=38.00%
GA search time: 7.31s, candidates: 315
[Error] eval /root/iscas/ruyituner/dataset21/poj104-v2-ll_4/train/31_1857.ll: opt failed for pipeline='function(gvn-sink),function(instsimplify),cgscc(attributor-cgscc),function(gvn-hoist),module(iroutliner),function(dse),function(memcpyopt),module(elim-avail-extern),function(gvn-sink),module(iroutliner),module(attributor),function(gvn-sink),function(gvn-hoist),function(lower-switch),function(dse),module(globalopt),function(mem2reg),function(gvn-sink),module(iroutliner),module(attributor),function(instsimplify),module(elim-avail-extern),function(gvn-hoist),function(instsimplify),function(gvn-hoist),module(attributor),function(memcpyopt),function(jump-threading),module(globalopt),function(gvn-sink),function(newgvn),function(gvn-sink),module(globalopt),module(attributor),module(inferattrs),function(dce),module(iroutliner),function(dce),module(scc-oz-module-inliner)', target_triple=x86_64-unknown-linux-gnu, returncode=-6, cmd=/root/opt/rv64gc_llvm_21/bin/opt -S -passes=function(gvn-sink),function(instsimplify),cgscc(attributor-cgscc),function(gvn-hoist),module(iroutliner),function(dse),function(memcpyopt),module(elim-avail-extern),function(gvn-sink),module(iroutliner),module(attributor),function(gvn-sink),function(gvn-hoist),function(lower-switch),function(dse),module(globalopt),function(mem2reg),function(gvn-sink),module(iroutliner),module(attributor),function(instsimplify),module(elim-avail-extern),function(gvn-hoist),function(instsimplify),function(gvn-hoist),module(attributor),function(memcpyopt),function(jump-threading),module(globalopt),function(gvn-sink),function(newgvn),function(gvn-sink),module(globalopt),module(attributor),module(inferattrs),function(dce),module(iroutliner),function(dce),module(scc-oz-module-inliner) --mtriple=x86_64-unknown-linux-gnu
opt: /root/llvm/llvm-project-21/llvm/lib/Transforms/Utils/Local.cpp:3527: void llvm::patchReplacementInstruction(Instruction*, Value*): Assertion `Success && "We should not be trying to sink callbases " "with non-intersectable attributes"' failed.
PLEASE submit a bug report to https://github.com/llvm/llvm-project/issues/ and include the crash backtrace.
Stack dump:
0.	Program arguments: /root/opt/rv64gc_llvm_21/bin/opt -S -passes=function(gvn-sink),function(instsimplify),cgscc(attributor-cgscc),function(gvn-hoist),module(iroutliner),function(dse),function(memcpyopt),module(elim-avail-extern),function(gvn-sink),module(iroutliner),module(attributor),function(gvn-sink),function(gvn-hoist),function(lower-switch),function(dse),module(globalopt),function(mem2reg),function(gvn-sink),module(iroutliner),module(attributor),function(instsimplify),module(elim-avail-extern),function(gvn-hoist),function(instsimplify),function(gvn-hoist),module(attributor),function(memcpyopt),function(jump-threading),module(globalopt),function(gvn-sink),function(newgvn),function(gvn-sink),module(globalopt),module(attributor),module(inferattrs),function(dce),module(iroutliner),function(dce),module(scc-oz-module-inliner) --mtriple=x86_64-unknown-linux-gnu
1.	Running pass "function(newgvn)" on module "<stdin>"
2.	Running pass "newgvn" on function "main"
 #0 0x000056382139fdd0 llvm::sys::PrintStackTrace(llvm::raw_ostream&, int) /root/llvm/llvm-project-21/llvm/lib/Support/Unix/Signals.inc:834:22
 #1 0x00005638213a0259 PrintStackTraceSignalHandler(void*) /root/llvm/llvm-project-21/llvm/lib/Support/Unix/Signals.inc:918:1
 #2 0x000056382139d3c9 llvm::sys::RunSignalHandlers() /root/llvm/llvm-project-21/llvm/lib/Support/Signals.cpp:104:20
 #3 0x000056382139f60d SignalHandler(int, siginfo_t*, void*) /root/llvm/llvm-project-21/llvm/lib/Support/Unix/Signals.inc:426:14
 #4 0x00007393ae17f330 (/lib/x86_64-linux-gnu/libc.so.6+0x45330)
 #5 0x00007393ae1d8b2c __pthread_kill_implementation ./nptl/pthread_kill.c:44:76
 #6 0x00007393ae1d8b2c __pthread_kill_internal ./nptl/pthread_kill.c:78:10
 #7 0x00007393ae1d8b2c pthread_kill ./nptl/pthread_kill.c:89:10
 #8 0x00007393ae17f27e raise ./signal/../sysdeps/posix/raise.c:27:6
 #9 0x00007393ae1628ff abort ./stdlib/abort.c:81:7
#10 0x00007393ae16281b _nl_load_domain ./intl/loadmsgcat.c:1177:9
#11 0x00007393ae175517 (/lib/x86_64-linux-gnu/libc.so.6+0x3b517)
#12 0x000056381fe5b172 llvm::patchReplacementInstruction(llvm::Instruction*, llvm::Value*) /root/llvm/llvm-project-21/llvm/lib/Transforms/Utils/Local.cpp:3543:24
#13 0x000056381f94ac10 (anonymous namespace)::NewGVN::eliminateInstructions(llvm::Function&) /root/llvm/llvm-project-21/llvm/lib/Transforms/Scalar/NewGVN.cpp:4128:11
  [iter  26/200] search_obj=0.7583  search_best=0.7583  validation_best=0.7855  EI=0.0087  rnum=115.5  len=39  syn_rate=0.62  mean=0.7448  worsen=9.00%
GA search time: 8.32s, candidates: 313
[Error] eval /root/iscas/ruyituner/dataset21/poj104-v2-ll_4/train/31_1857.ll: opt failed for pipeline='function(gvn-sink),function(instsimplify),cgscc(attributor-cgscc),function(gvn-hoist),module(iroutliner),function(dse),function(memcpyopt),module(elim-avail-extern),function(gvn-sink),module(iroutliner),module(attributor),function(gvn-sink),function(gvn-hoist),function(lower-switch),function(dse),module(globalopt),function(mem2reg),function(gvn-sink),module(attributor),module(attributor),function(instsimplify),function(newgvn),function(gvn-sink),module(globalopt),module(iroutliner),module(scc-oz-module-inliner),function(dce),module(iroutliner),function(dce)', target_triple=x86_64-unknown-linux-gnu, returncode=-6, cmd=/root/opt/rv64gc_llvm_21/bin/opt -S -passes=function(gvn-sink),function(instsimplify),cgscc(attributor-cgscc),function(gvn-hoist),module(iroutliner),function(dse),function(memcpyopt),module(elim-avail-extern),function(gvn-sink),module(iroutliner),module(attributor),function(gvn-sink),function(gvn-hoist),function(lower-switch),function(dse),module(globalopt),function(mem2reg),function(gvn-sink),module(attributor),module(attributor),function(instsimplify),function(newgvn),function(gvn-sink),module(globalopt),module(iroutliner),module(scc-oz-module-inliner),function(dce),module(iroutliner),function(dce) --mtriple=x86_64-unknown-linux-gnu
opt: /root/llvm/llvm-project-21/llvm/lib/Transforms/Utils/Local.cpp:3527: void llvm::patchReplacementInstruction(Instruction*, Value*): Assertion `Success && "We should not be trying to sink callbases " "with non-intersectable attributes"' failed.
PLEASE submit a bug report to https://github.com/llvm/llvm-project/issues/ and include the crash backtrace.
Stack dump:
0.	Program arguments: /root/opt/rv64gc_llvm_21/bin/opt -S -passes=function(gvn-sink),function(instsimplify),cgscc(attributor-cgscc),function(gvn-hoist),module(iroutliner),function(dse),function(memcpyopt),module(elim-avail-extern),function(gvn-sink),module(iroutliner),module(attributor),function(gvn-sink),function(gvn-hoist),function(lower-switch),function(dse),module(globalopt),function(mem2reg),function(gvn-sink),module(attributor),module(attributor),function(instsimplify),function(newgvn),function(gvn-sink),module(globalopt),module(iroutliner),module(scc-oz-module-inliner),function(dce),module(iroutliner),function(dce) --mtriple=x86_64-unknown-linux-gnu
1.	Running pass "function(newgvn)" on module "<stdin>"
2.	Running pass "newgvn" on function "main"
 #0 0x000061bb53239dd0 llvm::sys::PrintStackTrace(llvm::raw_ostream&, int) /root/llvm/llvm-project-21/llvm/lib/Support/Unix/Signals.inc:834:22
 #1 0x000061bb5323a259 PrintStackTraceSignalHandler(void*) /root/llvm/llvm-project-21/llvm/lib/Support/Unix/Signals.inc:918:1
 #2 0x000061bb532373c9 llvm::sys::RunSignalHandlers() /root/llvm/llvm-project-21/llvm/lib/Support/Signals.cpp:104:20
 #3 0x000061bb5323960d SignalHandler(int, siginfo_t*, void*) /root/llvm/llvm-project-21/llvm/lib/Support/Unix/Signals.inc:426:14
 #4 0x00007450d8f20330 (/lib/x86_64-linux-gnu/libc.so.6+0x45330)
 #5 0x00007450d8f79b2c __pthread_kill_implementation ./nptl/pthread_kill.c:44:76
 #6 0x00007450d8f79b2c __pthread_kill_internal ./nptl/pthread_kill.c:78:10
 #7 0x00007450d8f79b2c pthread_kill ./nptl/pthread_kill.c:89:10
 #8 0x00007450d8f2027e raise ./signal/../sysdeps/posix/raise.c:27:6
 #9 0x00007450d8f038ff abort ./stdlib/abort.c:81:7
#10 0x00007450d8f0381b _nl_load_domain ./intl/loadmsgcat.c:1177:9
#11 0x00007450d8f16517 (/lib/x86_64-linux-gnu/libc.so.6+0x3b517)
#12 0x000061bb51cf5172 llvm::patchReplacementInstruction(llvm::Instruction*, llvm::Value*) /root/llvm/llvm-project-21/llvm/lib/Transforms/Utils/Local.cpp:3543:24
#13 0x000061bb517e4c10 (anonymous namespace)::NewGVN::eliminateInstructions(llvm::Function&) /root/llvm/llvm-project-21/llvm/lib/Transforms/Scalar/NewGVN.cpp:4128:11
  [iter  27/200] search_obj=0.7736  search_best=0.7583  validation_best=0.7855  EI=0.0110  rnum=113.5  len=29  syn_rate=0.49  mean=0.7616  worsen=8.00%
GA search time: 7.84s, candidates: 311
[Error] eval /root/iscas/ruyituner/dataset21/poj104-v2-ll_4/train/31_1857.ll: opt failed for pipeline='function(gvn-sink),function(instsimplify),cgscc(attributor-cgscc),function(gvn-hoist),module(iroutliner),function(dse),function(memcpyopt),module(elim-avail-extern),function(gvn-sink),module(iroutliner),module(attributor),function(gvn-sink),function(gvn-hoist),function(lower-switch),function(dse),module(globalopt),function(mem2reg),function(gvn-sink),module(iroutliner),module(attributor),function(instsimplify),module(elim-avail-extern),function(gvn-hoist),function(instsimplify),function(gvn-hoist),module(attributor),function(memcpyopt),function(jump-threading),module(globalopt),function(gvn-sink),function(newgvn),function(newgvn),function(mem2reg,loop(loop-simplifycfg)),function(instsimplify),function(gvn-sink),module(globalopt),module(attributor),module(inferattrs),function(dce),function(dce),module(scc-oz-module-inliner)', target_triple=x86_64-unknown-linux-gnu, returncode=-6, cmd=/root/opt/rv64gc_llvm_21/bin/opt -S -passes=function(gvn-sink),function(instsimplify),cgscc(attributor-cgscc),function(gvn-hoist),module(iroutliner),function(dse),function(memcpyopt),module(elim-avail-extern),function(gvn-sink),module(iroutliner),module(attributor),function(gvn-sink),function(gvn-hoist),function(lower-switch),function(dse),module(globalopt),function(mem2reg),function(gvn-sink),module(iroutliner),module(attributor),function(instsimplify),module(elim-avail-extern),function(gvn-hoist),function(instsimplify),function(gvn-hoist),module(attributor),function(memcpyopt),function(jump-threading),module(globalopt),function(gvn-sink),function(newgvn),function(newgvn),function(mem2reg,loop(loop-simplifycfg)),function(instsimplify),function(gvn-sink),module(globalopt),module(attributor),module(inferattrs),function(dce),function(dce),module(scc-oz-module-inliner) --mtriple=x86_64-unknown-linux-gnu
opt: /root/llvm/llvm-project-21/llvm/lib/Transforms/Utils/Local.cpp:3527: void llvm::patchReplacementInstruction(Instruction*, Value*): Assertion `Success && "We should not be trying to sink callbases " "with non-intersectable attributes"' failed.
PLEASE submit a bug report to https://github.com/llvm/llvm-project/issues/ and include the crash backtrace.
Stack dump:
0.	Program arguments: /root/opt/rv64gc_llvm_21/bin/opt -S -passes=function(gvn-sink),function(instsimplify),cgscc(attributor-cgscc),function(gvn-hoist),module(iroutliner),function(dse),function(memcpyopt),module(elim-avail-extern),function(gvn-sink),module(iroutliner),module(attributor),function(gvn-sink),function(gvn-hoist),function(lower-switch),function(dse),module(globalopt),function(mem2reg),function(gvn-sink),module(iroutliner),module(attributor),function(instsimplify),module(elim-avail-extern),function(gvn-hoist),function(instsimplify),function(gvn-hoist),module(attributor),function(memcpyopt),function(jump-threading),module(globalopt),function(gvn-sink),function(newgvn),function(newgvn),function(mem2reg,loop(loop-simplifycfg)),function(instsimplify),function(gvn-sink),module(globalopt),module(attributor),module(inferattrs),function(dce),function(dce),module(scc-oz-module-inliner) --mtriple=x86_64-unknown-linux-gnu
1.	Running pass "function(newgvn)" on module "<stdin>"
2.	Running pass "newgvn" on function "main"
 #0 0x00005b19b5500dd0 llvm::sys::PrintStackTrace(llvm::raw_ostream&, int) /root/llvm/llvm-project-21/llvm/lib/Support/Unix/Signals.inc:834:22
 #1 0x00005b19b5501259 PrintStackTraceSignalHandler(void*) /root/llvm/llvm-project-21/llvm/lib/Support/Unix/Signals.inc:918:1
 #2 0x00005b19b54fe3c9 llvm::sys::RunSignalHandlers() /root/llvm/llvm-project-21/llvm/lib/Support/Signals.cpp:104:20
 #3 0x00005b19b550060d SignalHandler(int, siginfo_t*, void*) /root/llvm/llvm-project-21/llvm/lib/Support/Unix/Signals.inc:426:14
 #4 0x0000798e02fa9330 (/lib/x86_64-linux-gnu/libc.so.6+0x45330)
 #5 0x0000798e03002b2c __pthread_kill_implementation ./nptl/pthread_kill.c:44:76
 #6 0x0000798e03002b2c __pthread_kill_internal ./nptl/pthread_kill.c:78:10
 #7 0x0000798e03002b2c pthread_kill ./nptl/pthread_kill.c:89:10
 #8 0x0000798e02fa927e raise ./signal/../sysdeps/posix/raise.c:27:6
 #9 0x0000798e02f8c8ff abort ./stdlib/abort.c:81:7
#10 0x0000798e02f8c81b _nl_load_domain ./intl/loadmsgcat.c:1177:9
#11 0x0000798e02f9f517 (/lib/x86_64-linux-gnu/libc.so.6+0x3b517)
#12 0x00005b19b3fbc172 llvm::patchReplacementInstruction(llvm::Instruction*, llvm::Value*) /root/llvm/llvm-project-21/llvm/lib/Transforms/Utils/Local.cpp:3543:24
#13 0x00005b19b3aabc10 (anonymous namespace)::NewGVN::eliminateInstructions(llvm::Function&) /root/llvm/llvm-project-21/llvm/lib/Transforms/Scalar/NewGVN.cpp:4128:11
  [iter  28/200] search_obj=0.7594  search_best=0.7583  validation_best=0.7820  EI=0.0095  rnum=111.5  len=42  syn_rate=0.64  mean=0.7459  worsen=9.00%
GA search time: 8.76s, candidates: 309
[Error] eval /root/iscas/ruyituner/dataset21/poj104-v2-ll_4/train/31_1857.ll: opt failed for pipeline='module(elim-avail-extern),function(dse,loop(loop-simplifycfg)),function(lower-switch),module(iroutliner),module(attributor),function(instsimplify),function(memcpyopt),module(attributor),function(instsimplify),module(attributor),function(memcpyopt),module(elim-avail-extern),function(gvn-sink),module(iroutliner),module(attributor),function(gvn-sink),function(gvn-hoist),function(lower-switch),function(dse),module(globalopt),function(mem2reg),function(gvn-sink),module(iroutliner),module(attributor),function(instsimplify),function(instsimplify),function(gvn-hoist),function(instsimplify),function(gvn-hoist),module(attributor),function(memcpyopt),function(jump-threading),module(globalopt),function(gvn-sink),function(newgvn),function(gvn-sink),module(globalopt),module(attributor),module(inferattrs),module(scc-oz-module-inliner),function(dce),module(iroutliner),function(dce)', target_triple=x86_64-unknown-linux-gnu, returncode=-6, cmd=/root/opt/rv64gc_llvm_21/bin/opt -S -passes=module(elim-avail-extern),function(dse,loop(loop-simplifycfg)),function(lower-switch),module(iroutliner),module(attributor),function(instsimplify),function(memcpyopt),module(attributor),function(instsimplify),module(attributor),function(memcpyopt),module(elim-avail-extern),function(gvn-sink),module(iroutliner),module(attributor),function(gvn-sink),function(gvn-hoist),function(lower-switch),function(dse),module(globalopt),function(mem2reg),function(gvn-sink),module(iroutliner),module(attributor),function(instsimplify),function(instsimplify),function(gvn-hoist),function(instsimplify),function(gvn-hoist),module(attributor),function(memcpyopt),function(jump-threading),module(globalopt),function(gvn-sink),function(newgvn),function(gvn-sink),module(globalopt),module(attributor),module(inferattrs),module(scc-oz-module-inliner),function(dce),module(iroutliner),function(dce) --mtriple=x86_64-unknown-linux-gnu
opt: /root/llvm/llvm-project-21/llvm/lib/Transforms/Utils/Local.cpp:3527: void llvm::patchReplacementInstruction(Instruction*, Value*): Assertion `Success && "We should not be trying to sink callbases " "with non-intersectable attributes"' failed.
PLEASE submit a bug report to https://github.com/llvm/llvm-project/issues/ and include the crash backtrace.
Stack dump:
0.	Program arguments: /root/opt/rv64gc_llvm_21/bin/opt -S -passes=module(elim-avail-extern),function(dse,loop(loop-simplifycfg)),function(lower-switch),module(iroutliner),module(attributor),function(instsimplify),function(memcpyopt),module(attributor),function(instsimplify),module(attributor),function(memcpyopt),module(elim-avail-extern),function(gvn-sink),module(iroutliner),module(attributor),function(gvn-sink),function(gvn-hoist),function(lower-switch),function(dse),module(globalopt),function(mem2reg),function(gvn-sink),module(iroutliner),module(attributor),function(instsimplify),function(instsimplify),function(gvn-hoist),function(instsimplify),function(gvn-hoist),module(attributor),function(memcpyopt),function(jump-threading),module(globalopt),function(gvn-sink),function(newgvn),function(gvn-sink),module(globalopt),module(attributor),module(inferattrs),module(scc-oz-module-inliner),function(dce),module(iroutliner),function(dce) --mtriple=x86_64-unknown-linux-gnu
1.	Running pass "function(newgvn)" on module "<stdin>"
2.	Running pass "newgvn" on function "main"
 #0 0x00006223e6623dd0 llvm::sys::PrintStackTrace(llvm::raw_ostream&, int) /root/llvm/llvm-project-21/llvm/lib/Support/Unix/Signals.inc:834:22
 #1 0x00006223e6624259 PrintStackTraceSignalHandler(void*) /root/llvm/llvm-project-21/llvm/lib/Support/Unix/Signals.inc:918:1
 #2 0x00006223e66213c9 llvm::sys::RunSignalHandlers() /root/llvm/llvm-project-21/llvm/lib/Support/Signals.cpp:104:20
 #3 0x00006223e662360d SignalHandler(int, siginfo_t*, void*) /root/llvm/llvm-project-21/llvm/lib/Support/Unix/Signals.inc:426:14
 #4 0x0000723e4c46c330 (/lib/x86_64-linux-gnu/libc.so.6+0x45330)
 #5 0x0000723e4c4c5b2c __pthread_kill_implementation ./nptl/pthread_kill.c:44:76
 #6 0x0000723e4c4c5b2c __pthread_kill_internal ./nptl/pthread_kill.c:78:10
 #7 0x0000723e4c4c5b2c pthread_kill ./nptl/pthread_kill.c:89:10
 #8 0x0000723e4c46c27e raise ./signal/../sysdeps/posix/raise.c:27:6
 #9 0x0000723e4c44f8ff abort ./stdlib/abort.c:81:7
#10 0x0000723e4c44f81b _nl_load_domain ./intl/loadmsgcat.c:1177:9
#11 0x0000723e4c462517 (/lib/x86_64-linux-gnu/libc.so.6+0x3b517)
#12 0x00006223e50df172 llvm::patchReplacementInstruction(llvm::Instruction*, llvm::Value*) /root/llvm/llvm-project-21/llvm/lib/Transforms/Utils/Local.cpp:3543:24
#13 0x00006223e4bcec10 (anonymous namespace)::NewGVN::eliminateInstructions(llvm::Function&) /root/llvm/llvm-project-21/llvm/lib/Transforms/Scalar/NewGVN.cpp:4128:11
  [iter  29/200] search_obj=0.8750  search_best=0.7583  validation_best=0.7820  EI=0.0139  rnum=109.5  len=44  syn_rate=0.58  mean=0.8585  worsen=11.00%
GA search time: 7.41s, candidates: 307
[Error] eval /root/iscas/ruyituner/dataset21/poj104-v2-ll_4/train/31_1857.ll: opt failed for pipeline='function(gvn-sink),function(instsimplify),cgscc(attributor-cgscc),function(gvn-hoist),module(iroutliner),function(dse),function(memcpyopt),module(elim-avail-extern),function(gvn-sink),module(iroutliner),module(attributor),function(gvn-sink),function(gvn-hoist),function(lower-switch),function(dse),module(globalopt),function(mem2reg),function(gvn-sink),module(iroutliner),module(attributor),function(instsimplify),module(elim-avail-extern),function(gvn-hoist),function(gvn-hoist),function(reassociate),function(newgvn),function(instsimplify),function(gvn-hoist),module(attributor),function(memcpyopt),function(jump-threading),module(globalopt),function(gvn-sink),function(newgvn),function(gvn-sink),module(globalopt),module(attributor),module(inferattrs),function(dce),module(iroutliner),function(dce),module(scc-oz-module-inliner)', target_triple=x86_64-unknown-linux-gnu, returncode=-6, cmd=/root/opt/rv64gc_llvm_21/bin/opt -S -passes=function(gvn-sink),function(instsimplify),cgscc(attributor-cgscc),function(gvn-hoist),module(iroutliner),function(dse),function(memcpyopt),module(elim-avail-extern),function(gvn-sink),module(iroutliner),module(attributor),function(gvn-sink),function(gvn-hoist),function(lower-switch),function(dse),module(globalopt),function(mem2reg),function(gvn-sink),module(iroutliner),module(attributor),function(instsimplify),module(elim-avail-extern),function(gvn-hoist),function(gvn-hoist),function(reassociate),function(newgvn),function(instsimplify),function(gvn-hoist),module(attributor),function(memcpyopt),function(jump-threading),module(globalopt),function(gvn-sink),function(newgvn),function(gvn-sink),module(globalopt),module(attributor),module(inferattrs),function(dce),module(iroutliner),function(dce),module(scc-oz-module-inliner) --mtriple=x86_64-unknown-linux-gnu
opt: /root/llvm/llvm-project-21/llvm/lib/Transforms/Utils/Local.cpp:3527: void llvm::patchReplacementInstruction(Instruction*, Value*): Assertion `Success && "We should not be trying to sink callbases " "with non-intersectable attributes"' failed.
PLEASE submit a bug report to https://github.com/llvm/llvm-project/issues/ and include the crash backtrace.
Stack dump:
0.	Program arguments: /root/opt/rv64gc_llvm_21/bin/opt -S -passes=function(gvn-sink),function(instsimplify),cgscc(attributor-cgscc),function(gvn-hoist),module(iroutliner),function(dse),function(memcpyopt),module(elim-avail-extern),function(gvn-sink),module(iroutliner),module(attributor),function(gvn-sink),function(gvn-hoist),function(lower-switch),function(dse),module(globalopt),function(mem2reg),function(gvn-sink),module(iroutliner),module(attributor),function(instsimplify),module(elim-avail-extern),function(gvn-hoist),function(gvn-hoist),function(reassociate),function(newgvn),function(instsimplify),function(gvn-hoist),module(attributor),function(memcpyopt),function(jump-threading),module(globalopt),function(gvn-sink),function(newgvn),function(gvn-sink),module(globalopt),module(attributor),module(inferattrs),function(dce),module(iroutliner),function(dce),module(scc-oz-module-inliner) --mtriple=x86_64-unknown-linux-gnu
1.	Running pass "function(newgvn)" on module "<stdin>"
2.	Running pass "newgvn" on function "main"
 #0 0x0000595cf1854dd0 llvm::sys::PrintStackTrace(llvm::raw_ostream&, int) /root/llvm/llvm-project-21/llvm/lib/Support/Unix/Signals.inc:834:22
 #1 0x0000595cf1855259 PrintStackTraceSignalHandler(void*) /root/llvm/llvm-project-21/llvm/lib/Support/Unix/Signals.inc:918:1
 #2 0x0000595cf18523c9 llvm::sys::RunSignalHandlers() /root/llvm/llvm-project-21/llvm/lib/Support/Signals.cpp:104:20
 #3 0x0000595cf185460d SignalHandler(int, siginfo_t*, void*) /root/llvm/llvm-project-21/llvm/lib/Support/Unix/Signals.inc:426:14
 #4 0x00007b4a9385b330 (/lib/x86_64-linux-gnu/libc.so.6+0x45330)
 #5 0x00007b4a938b4b2c __pthread_kill_implementation ./nptl/pthread_kill.c:44:76
 #6 0x00007b4a938b4b2c __pthread_kill_internal ./nptl/pthread_kill.c:78:10
 #7 0x00007b4a938b4b2c pthread_kill ./nptl/pthread_kill.c:89:10
 #8 0x00007b4a9385b27e raise ./signal/../sysdeps/posix/raise.c:27:6
 #9 0x00007b4a9383e8ff abort ./stdlib/abort.c:81:7
#10 0x00007b4a9383e81b _nl_load_domain ./intl/loadmsgcat.c:1177:9
#11 0x00007b4a93851517 (/lib/x86_64-linux-gnu/libc.so.6+0x3b517)
#12 0x0000595cf0310172 llvm::patchReplacementInstruction(llvm::Instruction*, llvm::Value*) /root/llvm/llvm-project-21/llvm/lib/Transforms/Utils/Local.cpp:3543:24
#13 0x0000595cefdffc10 (anonymous namespace)::NewGVN::eliminateInstructions(llvm::Function&) /root/llvm/llvm-project-21/llvm/lib/Transforms/Scalar/NewGVN.cpp:4128:11
  [iter  30/200] search_obj=0.7589  search_best=0.7583  validation_best=0.7820  EI=0.0109  rnum=107.6  len=42  syn_rate=0.70  mean=0.7454  worsen=9.00%
GA search time: 8.13s, candidates: 305
  [iter  31/200] search_obj=0.9412  search_best=0.7583  validation_best=0.7820  EI=0.0127  rnum=105.6  len=29  syn_rate=0.59  mean=0.8902  worsen=34.00%
GA search time: 6.23s, candidates: 303
[Error] eval /root/iscas/ruyituner/dataset21/poj104-v2-ll_4/train/31_1857.ll: opt failed for pipeline='module(attributor),function(lower-switch),function(gvn-sink),function(gvn-hoist),module(iroutliner),function(dse),function(memcpyopt),module(elim-avail-extern),function(gvn-sink),module(iroutliner),module(attributor),function(gvn-sink),function(gvn-hoist),function(lower-switch),function(dse),module(globalopt),function(mem2reg),function(gvn-sink),module(iroutliner),module(attributor),function(instsimplify),function(reassociate),function(gvn-hoist),function(instsimplify),function(gvn-hoist),module(attributor),function(memcpyopt),function(jump-threading),module(globalopt),function(gvn-sink),function(newgvn),function(newgvn),function(mem2reg,loop(loop-simplifycfg)),function(instsimplify),function(gvn-sink),module(globalopt),module(attributor),module(inferattrs),function(dce),function(dce),module(scc-oz-module-inliner)', target_triple=x86_64-unknown-linux-gnu, returncode=-6, cmd=/root/opt/rv64gc_llvm_21/bin/opt -S -passes=module(attributor),function(lower-switch),function(gvn-sink),function(gvn-hoist),module(iroutliner),function(dse),function(memcpyopt),module(elim-avail-extern),function(gvn-sink),module(iroutliner),module(attributor),function(gvn-sink),function(gvn-hoist),function(lower-switch),function(dse),module(globalopt),function(mem2reg),function(gvn-sink),module(iroutliner),module(attributor),function(instsimplify),function(reassociate),function(gvn-hoist),function(instsimplify),function(gvn-hoist),module(attributor),function(memcpyopt),function(jump-threading),module(globalopt),function(gvn-sink),function(newgvn),function(newgvn),function(mem2reg,loop(loop-simplifycfg)),function(instsimplify),function(gvn-sink),module(globalopt),module(attributor),module(inferattrs),function(dce),function(dce),module(scc-oz-module-inliner) --mtriple=x86_64-unknown-linux-gnu
opt: /root/llvm/llvm-project-21/llvm/lib/Transforms/Utils/Local.cpp:3527: void llvm::patchReplacementInstruction(Instruction*, Value*): Assertion `Success && "We should not be trying to sink callbases " "with non-intersectable attributes"' failed.
PLEASE submit a bug report to https://github.com/llvm/llvm-project/issues/ and include the crash backtrace.
Stack dump:
0.	Program arguments: /root/opt/rv64gc_llvm_21/bin/opt -S -passes=module(attributor),function(lower-switch),function(gvn-sink),function(gvn-hoist),module(iroutliner),function(dse),function(memcpyopt),module(elim-avail-extern),function(gvn-sink),module(iroutliner),module(attributor),function(gvn-sink),function(gvn-hoist),function(lower-switch),function(dse),module(globalopt),function(mem2reg),function(gvn-sink),module(iroutliner),module(attributor),function(instsimplify),function(reassociate),function(gvn-hoist),function(instsimplify),function(gvn-hoist),module(attributor),function(memcpyopt),function(jump-threading),module(globalopt),function(gvn-sink),function(newgvn),function(newgvn),function(mem2reg,loop(loop-simplifycfg)),function(instsimplify),function(gvn-sink),module(globalopt),module(attributor),module(inferattrs),function(dce),function(dce),module(scc-oz-module-inliner) --mtriple=x86_64-unknown-linux-gnu
1.	Running pass "function(newgvn)" on module "<stdin>"
2.	Running pass "newgvn" on function "main"
 #0 0x00005732c1016dd0 llvm::sys::PrintStackTrace(llvm::raw_ostream&, int) /root/llvm/llvm-project-21/llvm/lib/Support/Unix/Signals.inc:834:22
 #1 0x00005732c1017259 PrintStackTraceSignalHandler(void*) /root/llvm/llvm-project-21/llvm/lib/Support/Unix/Signals.inc:918:1
 #2 0x00005732c10143c9 llvm::sys::RunSignalHandlers() /root/llvm/llvm-project-21/llvm/lib/Support/Signals.cpp:104:20
 #3 0x00005732c101660d SignalHandler(int, siginfo_t*, void*) /root/llvm/llvm-project-21/llvm/lib/Support/Unix/Signals.inc:426:14
 #4 0x00006fffbd43a330 (/lib/x86_64-linux-gnu/libc.so.6+0x45330)
 #5 0x00006fffbd493b2c __pthread_kill_implementation ./nptl/pthread_kill.c:44:76
 #6 0x00006fffbd493b2c __pthread_kill_internal ./nptl/pthread_kill.c:78:10
 #7 0x00006fffbd493b2c pthread_kill ./nptl/pthread_kill.c:89:10
 #8 0x00006fffbd43a27e raise ./signal/../sysdeps/posix/raise.c:27:6
 #9 0x00006fffbd41d8ff abort ./stdlib/abort.c:81:7
#10 0x00006fffbd41d81b _nl_load_domain ./intl/loadmsgcat.c:1177:9
#11 0x00006fffbd430517 (/lib/x86_64-linux-gnu/libc.so.6+0x3b517)
#12 0x00005732bfad2172 llvm::patchReplacementInstruction(llvm::Instruction*, llvm::Value*) /root/llvm/llvm-project-21/llvm/lib/Transforms/Utils/Local.cpp:3543:24
#13 0x00005732bf5c1c10 (anonymous namespace)::NewGVN::eliminateInstructions(llvm::Function&) /root/llvm/llvm-project-21/llvm/lib/Transforms/Scalar/NewGVN.cpp:4128:11
  [iter  32/200] search_obj=0.7616  search_best=0.7583  validation_best=0.7792  EI=0.0122  rnum=103.7  len=42  syn_rate=0.60  mean=0.7466  worsen=10.00%
GA search time: 6.38s, candidates: 301
[Error] eval /root/iscas/ruyituner/dataset21/poj104-v2-ll_4/train/31_1857.ll: opt failed for pipeline='function(gvn-sink),function(instsimplify),cgscc(attributor-cgscc),function(gvn-hoist),module(iroutliner),function(dse),function(memcpyopt),module(elim-avail-extern),function(gvn-sink),module(iroutliner),module(attributor),function(gvn-sink),function(gvn-hoist),function(lower-switch),function(dse),module(globalopt),function(mem2reg),function(gvn-sink),module(iroutliner),module(attributor),function(instsimplify),module(elim-avail-extern),function(gvn-hoist),function(instsimplify),function(gvn-hoist),module(attributor),function(memcpyopt),function(jump-threading),module(globalopt),function(gvn-sink),function(newgvn),module(elim-avail-extern),module(scc-oz-module-inliner),function(reassociate),module(globalopt),module(attributor),module(inferattrs),function(dce),module(iroutliner),function(dce),module(scc-oz-module-inliner)', target_triple=x86_64-unknown-linux-gnu, returncode=-6, cmd=/root/opt/rv64gc_llvm_21/bin/opt -S -passes=function(gvn-sink),function(instsimplify),cgscc(attributor-cgscc),function(gvn-hoist),module(iroutliner),function(dse),function(memcpyopt),module(elim-avail-extern),function(gvn-sink),module(iroutliner),module(attributor),function(gvn-sink),function(gvn-hoist),function(lower-switch),function(dse),module(globalopt),function(mem2reg),function(gvn-sink),module(iroutliner),module(attributor),function(instsimplify),module(elim-avail-extern),function(gvn-hoist),function(instsimplify),function(gvn-hoist),module(attributor),function(memcpyopt),function(jump-threading),module(globalopt),function(gvn-sink),function(newgvn),module(elim-avail-extern),module(scc-oz-module-inliner),function(reassociate),module(globalopt),module(attributor),module(inferattrs),function(dce),module(iroutliner),function(dce),module(scc-oz-module-inliner) --mtriple=x86_64-unknown-linux-gnu
opt: /root/llvm/llvm-project-21/llvm/lib/Transforms/Utils/Local.cpp:3527: void llvm::patchReplacementInstruction(Instruction*, Value*): Assertion `Success && "We should not be trying to sink callbases " "with non-intersectable attributes"' failed.
PLEASE submit a bug report to https://github.com/llvm/llvm-project/issues/ and include the crash backtrace.
Stack dump:
0.	Program arguments: /root/opt/rv64gc_llvm_21/bin/opt -S -passes=function(gvn-sink),function(instsimplify),cgscc(attributor-cgscc),function(gvn-hoist),module(iroutliner),function(dse),function(memcpyopt),module(elim-avail-extern),function(gvn-sink),module(iroutliner),module(attributor),function(gvn-sink),function(gvn-hoist),function(lower-switch),function(dse),module(globalopt),function(mem2reg),function(gvn-sink),module(iroutliner),module(attributor),function(instsimplify),module(elim-avail-extern),function(gvn-hoist),function(instsimplify),function(gvn-hoist),module(attributor),function(memcpyopt),function(jump-threading),module(globalopt),function(gvn-sink),function(newgvn),module(elim-avail-extern),module(scc-oz-module-inliner),function(reassociate),module(globalopt),module(attributor),module(inferattrs),function(dce),module(iroutliner),function(dce),module(scc-oz-module-inliner) --mtriple=x86_64-unknown-linux-gnu
1.	Running pass "function(newgvn)" on module "<stdin>"
2.	Running pass "newgvn" on function "main"
 #0 0x00005ee085d6ddd0 llvm::sys::PrintStackTrace(llvm::raw_ostream&, int) /root/llvm/llvm-project-21/llvm/lib/Support/Unix/Signals.inc:834:22
 #1 0x00005ee085d6e259 PrintStackTraceSignalHandler(void*) /root/llvm/llvm-project-21/llvm/lib/Support/Unix/Signals.inc:918:1
 #2 0x00005ee085d6b3c9 llvm::sys::RunSignalHandlers() /root/llvm/llvm-project-21/llvm/lib/Support/Signals.cpp:104:20
 #3 0x00005ee085d6d60d SignalHandler(int, siginfo_t*, void*) /root/llvm/llvm-project-21/llvm/lib/Support/Unix/Signals.inc:426:14
 #4 0x00007ec05adbd330 (/lib/x86_64-linux-gnu/libc.so.6+0x45330)
 #5 0x00007ec05ae16b2c __pthread_kill_implementation ./nptl/pthread_kill.c:44:76
 #6 0x00007ec05ae16b2c __pthread_kill_internal ./nptl/pthread_kill.c:78:10
 #7 0x00007ec05ae16b2c pthread_kill ./nptl/pthread_kill.c:89:10
 #8 0x00007ec05adbd27e raise ./signal/../sysdeps/posix/raise.c:27:6
 #9 0x00007ec05ada08ff abort ./stdlib/abort.c:81:7
#10 0x00007ec05ada081b _nl_load_domain ./intl/loadmsgcat.c:1177:9
#11 0x00007ec05adb3517 (/lib/x86_64-linux-gnu/libc.so.6+0x3b517)
#12 0x00005ee084829172 llvm::patchReplacementInstruction(llvm::Instruction*, llvm::Value*) /root/llvm/llvm-project-21/llvm/lib/Transforms/Utils/Local.cpp:3543:24
#13 0x00005ee084318c10 (anonymous namespace)::NewGVN::eliminateInstructions(llvm::Function&) /root/llvm/llvm-project-21/llvm/lib/Transforms/Scalar/NewGVN.cpp:4128:11
  [iter  33/200] search_obj=0.7592  search_best=0.7583  validation_best=0.7787  EI=0.0130  rnum=101.7  len=41  syn_rate=0.70  mean=0.7472  worsen=8.00%
GA search time: 6.19s, candidates: 299
  [iter  34/200] search_obj=0.7698  search_best=0.7583  validation_best=0.7787  EI=0.0128  rnum=99.8  len=40  syn_rate=0.57  mean=0.7563  worsen=9.00%
GA search time: 6.58s, candidates: 297
  [iter  35/200] search_obj=0.8329  search_best=0.7583  validation_best=0.7787  EI=0.0117  rnum=97.9  len=25  syn_rate=0.49  mean=0.8164  worsen=11.00%
GA search time: 9.94s, candidates: 296
[Error] eval /root/iscas/ruyituner/dataset21/poj104-v2-ll_4/train/31_1857.ll: opt failed for pipeline='function(gvn-sink),function(instsimplify),cgscc(attributor-cgscc),function(gvn-hoist),module(iroutliner),function(dse),function(memcpyopt),function(gvn-sink),module(iroutliner),module(attributor),function(gvn-sink),function(gvn-hoist),function(lower-switch),function(gvn-hoist),module(globalopt),function(mem2reg),function(gvn-sink),module(iroutliner),module(attributor),function(instsimplify),module(elim-avail-extern),function(gvn-hoist),function(instsimplify),function(dse),module(attributor),function(memcpyopt),function(jump-threading),module(globalopt),function(gvn-sink),function(newgvn),function(gvn-sink),function(reassociate),module(attributor),function(newgvn,loop(loop-simplifycfg)),module(globalopt),module(attributor),module(inferattrs),function(dce),module(iroutliner),function(newgvn),function(dce),module(scc-oz-module-inliner)', target_triple=x86_64-unknown-linux-gnu, returncode=-6, cmd=/root/opt/rv64gc_llvm_21/bin/opt -S -passes=function(gvn-sink),function(instsimplify),cgscc(attributor-cgscc),function(gvn-hoist),module(iroutliner),function(dse),function(memcpyopt),function(gvn-sink),module(iroutliner),module(attributor),function(gvn-sink),function(gvn-hoist),function(lower-switch),function(gvn-hoist),module(globalopt),function(mem2reg),function(gvn-sink),module(iroutliner),module(attributor),function(instsimplify),module(elim-avail-extern),function(gvn-hoist),function(instsimplify),function(dse),module(attributor),function(memcpyopt),function(jump-threading),module(globalopt),function(gvn-sink),function(newgvn),function(gvn-sink),function(reassociate),module(attributor),function(newgvn,loop(loop-simplifycfg)),module(globalopt),module(attributor),module(inferattrs),function(dce),module(iroutliner),function(newgvn),function(dce),module(scc-oz-module-inliner) --mtriple=x86_64-unknown-linux-gnu
opt: /root/llvm/llvm-project-21/llvm/lib/Transforms/Utils/Local.cpp:3527: void llvm::patchReplacementInstruction(Instruction*, Value*): Assertion `Success && "We should not be trying to sink callbases " "with non-intersectable attributes"' failed.
PLEASE submit a bug report to https://github.com/llvm/llvm-project/issues/ and include the crash backtrace.
Stack dump:
0.	Program arguments: /root/opt/rv64gc_llvm_21/bin/opt -S -passes=function(gvn-sink),function(instsimplify),cgscc(attributor-cgscc),function(gvn-hoist),module(iroutliner),function(dse),function(memcpyopt),function(gvn-sink),module(iroutliner),module(attributor),function(gvn-sink),function(gvn-hoist),function(lower-switch),function(gvn-hoist),module(globalopt),function(mem2reg),function(gvn-sink),module(iroutliner),module(attributor),function(instsimplify),module(elim-avail-extern),function(gvn-hoist),function(instsimplify),function(dse),module(attributor),function(memcpyopt),function(jump-threading),module(globalopt),function(gvn-sink),function(newgvn),function(gvn-sink),function(reassociate),module(attributor),function(newgvn,loop(loop-simplifycfg)),module(globalopt),module(attributor),module(inferattrs),function(dce),module(iroutliner),function(newgvn),function(dce),module(scc-oz-module-inliner) --mtriple=x86_64-unknown-linux-gnu
1.	Running pass "function(newgvn)" on module "<stdin>"
2.	Running pass "newgvn" on function "main"
 #0 0x0000592e704b9dd0 llvm::sys::PrintStackTrace(llvm::raw_ostream&, int) /root/llvm/llvm-project-21/llvm/lib/Support/Unix/Signals.inc:834:22
 #1 0x0000592e704ba259 PrintStackTraceSignalHandler(void*) /root/llvm/llvm-project-21/llvm/lib/Support/Unix/Signals.inc:918:1
 #2 0x0000592e704b73c9 llvm::sys::RunSignalHandlers() /root/llvm/llvm-project-21/llvm/lib/Support/Signals.cpp:104:20
 #3 0x0000592e704b960d SignalHandler(int, siginfo_t*, void*) /root/llvm/llvm-project-21/llvm/lib/Support/Unix/Signals.inc:426:14
 #4 0x00007a8af8021330 (/lib/x86_64-linux-gnu/libc.so.6+0x45330)
 #5 0x00007a8af807ab2c __pthread_kill_implementation ./nptl/pthread_kill.c:44:76
 #6 0x00007a8af807ab2c __pthread_kill_internal ./nptl/pthread_kill.c:78:10
 #7 0x00007a8af807ab2c pthread_kill ./nptl/pthread_kill.c:89:10
 #8 0x00007a8af802127e raise ./signal/../sysdeps/posix/raise.c:27:6
 #9 0x00007a8af80048ff abort ./stdlib/abort.c:81:7
#10 0x00007a8af800481b _nl_load_domain ./intl/loadmsgcat.c:1177:9
#11 0x00007a8af8017517 (/lib/x86_64-linux-gnu/libc.so.6+0x3b517)
#12 0x0000592e6ef75172 llvm::patchReplacementInstruction(llvm::Instruction*, llvm::Value*) /root/llvm/llvm-project-21/llvm/lib/Transforms/Utils/Local.cpp:3543:24
#13 0x0000592e6ea64c10 (anonymous namespace)::NewGVN::eliminateInstructions(llvm::Function&) /root/llvm/llvm-project-21/llvm/lib/Transforms/Scalar/NewGVN.cpp:4128:11
  [iter  36/200] search_obj=0.7583  search_best=0.7583  validation_best=0.7787  EI=0.0129  rnum=96.1  len=43  syn_rate=0.70  mean=0.7448  worsen=9.00%
GA search time: 11.42s, candidates: 294
[Error] eval /root/iscas/ruyituner/dataset21/poj104-v2-ll_4/train/31_1857.ll: opt failed for pipeline='function(gvn-sink),function(instsimplify),cgscc(attributor-cgscc),function(gvn-hoist),module(iroutliner),function(dse),function(memcpyopt),module(elim-avail-extern),function(gvn-sink),module(iroutliner),module(attributor),function(gvn-sink),function(gvn-hoist),function(lower-switch),function(dse),module(globalopt),function(mem2reg),function(gvn-sink),module(iroutliner),module(attributor),function(instsimplify),module(elim-avail-extern),function(gvn-hoist),function(instsimplify),function(gvn-hoist),module(attributor),function(memcpyopt),function(jump-threading),module(globalopt),function(gvn-sink),function(newgvn),function(newgvn),function(mem2reg,loop(loop-simplifycfg)),function(instsimplify),function(gvn-sink),module(globalopt),module(attributor),module(inferattrs),function(dce),function(dce),module(scc-oz-module-inliner),module(attributor),function(mem2reg),module(elim-avail-extern),module(globalopt),module(attributor),module(scc-oz-module-inliner),module(attributor),module(iroutliner),function(gvn-hoist),function(dce),function(newgvn)', target_triple=x86_64-unknown-linux-gnu, returncode=-6, cmd=/root/opt/rv64gc_llvm_21/bin/opt -S -passes=function(gvn-sink),function(instsimplify),cgscc(attributor-cgscc),function(gvn-hoist),module(iroutliner),function(dse),function(memcpyopt),module(elim-avail-extern),function(gvn-sink),module(iroutliner),module(attributor),function(gvn-sink),function(gvn-hoist),function(lower-switch),function(dse),module(globalopt),function(mem2reg),function(gvn-sink),module(iroutliner),module(attributor),function(instsimplify),module(elim-avail-extern),function(gvn-hoist),function(instsimplify),function(gvn-hoist),module(attributor),function(memcpyopt),function(jump-threading),module(globalopt),function(gvn-sink),function(newgvn),function(newgvn),function(mem2reg,loop(loop-simplifycfg)),function(instsimplify),function(gvn-sink),module(globalopt),module(attributor),module(inferattrs),function(dce),function(dce),module(scc-oz-module-inliner),module(attributor),function(mem2reg),module(elim-avail-extern),module(globalopt),module(attributor),module(scc-oz-module-inliner),module(attributor),module(iroutliner),function(gvn-hoist),function(dce),function(newgvn) --mtriple=x86_64-unknown-linux-gnu
opt: /root/llvm/llvm-project-21/llvm/lib/Transforms/Utils/Local.cpp:3527: void llvm::patchReplacementInstruction(Instruction*, Value*): Assertion `Success && "We should not be trying to sink callbases " "with non-intersectable attributes"' failed.
PLEASE submit a bug report to https://github.com/llvm/llvm-project/issues/ and include the crash backtrace.
Stack dump:
0.	Program arguments: /root/opt/rv64gc_llvm_21/bin/opt -S -passes=function(gvn-sink),function(instsimplify),cgscc(attributor-cgscc),function(gvn-hoist),module(iroutliner),function(dse),function(memcpyopt),module(elim-avail-extern),function(gvn-sink),module(iroutliner),module(attributor),function(gvn-sink),function(gvn-hoist),function(lower-switch),function(dse),module(globalopt),function(mem2reg),function(gvn-sink),module(iroutliner),module(attributor),function(instsimplify),module(elim-avail-extern),function(gvn-hoist),function(instsimplify),function(gvn-hoist),module(attributor),function(memcpyopt),function(jump-threading),module(globalopt),function(gvn-sink),function(newgvn),function(newgvn),function(mem2reg,loop(loop-simplifycfg)),function(instsimplify),function(gvn-sink),module(globalopt),module(attributor),module(inferattrs),function(dce),function(dce),module(scc-oz-module-inliner),module(attributor),function(mem2reg),module(elim-avail-extern),module(globalopt),module(attributor),module(scc-oz-module-inliner),module(attributor),module(iroutliner),function(gvn-hoist),function(dce),function(newgvn) --mtriple=x86_64-unknown-linux-gnu
1.	Running pass "function(newgvn)" on module "<stdin>"
2.	Running pass "newgvn" on function "main"
 #0 0x000057bf81e2fdd0 llvm::sys::PrintStackTrace(llvm::raw_ostream&, int) /root/llvm/llvm-project-21/llvm/lib/Support/Unix/Signals.inc:834:22
 #1 0x000057bf81e30259 PrintStackTraceSignalHandler(void*) /root/llvm/llvm-project-21/llvm/lib/Support/Unix/Signals.inc:918:1
 #2 0x000057bf81e2d3c9 llvm::sys::RunSignalHandlers() /root/llvm/llvm-project-21/llvm/lib/Support/Signals.cpp:104:20
 #3 0x000057bf81e2f60d SignalHandler(int, siginfo_t*, void*) /root/llvm/llvm-project-21/llvm/lib/Support/Unix/Signals.inc:426:14
 #4 0x000078166fb6c330 (/lib/x86_64-linux-gnu/libc.so.6+0x45330)
 #5 0x000078166fbc5b2c __pthread_kill_implementation ./nptl/pthread_kill.c:44:76
 #6 0x000078166fbc5b2c __pthread_kill_internal ./nptl/pthread_kill.c:78:10
 #7 0x000078166fbc5b2c pthread_kill ./nptl/pthread_kill.c:89:10
 #8 0x000078166fb6c27e raise ./signal/../sysdeps/posix/raise.c:27:6
 #9 0x000078166fb4f8ff abort ./stdlib/abort.c:81:7
#10 0x000078166fb4f81b _nl_load_domain ./intl/loadmsgcat.c:1177:9
#11 0x000078166fb62517 (/lib/x86_64-linux-gnu/libc.so.6+0x3b517)
#12 0x000057bf808eb172 llvm::patchReplacementInstruction(llvm::Instruction*, llvm::Value*) /root/llvm/llvm-project-21/llvm/lib/Transforms/Utils/Local.cpp:3543:24
#13 0x000057bf803dac10 (anonymous namespace)::NewGVN::eliminateInstructions(llvm::Function&) /root/llvm/llvm-project-21/llvm/lib/Transforms/Scalar/NewGVN.cpp:4128:11
[Error] eval /root/iscas/ruyituner/dataset21/poj104-v2-ll_4/train/1_1969.ll: opt failed for pipeline='function(gvn-sink),function(instsimplify),cgscc(attributor-cgscc),function(gvn-hoist),module(iroutliner),function(dse),function(memcpyopt),module(elim-avail-extern),function(gvn-sink),module(iroutliner),module(attributor),function(gvn-sink),function(gvn-hoist),function(lower-switch),function(dse),module(globalopt),function(mem2reg),function(gvn-sink),module(iroutliner),module(attributor),function(instsimplify),module(elim-avail-extern),function(gvn-hoist),function(instsimplify),function(gvn-hoist),module(attributor),function(memcpyopt),function(jump-threading),module(globalopt),function(gvn-sink),function(newgvn),function(newgvn),function(mem2reg,loop(loop-simplifycfg)),function(instsimplify),function(gvn-sink),module(globalopt),module(attributor),module(inferattrs),function(dce),function(dce),module(scc-oz-module-inliner),module(attributor),function(mem2reg),module(elim-avail-extern),module(globalopt),module(attributor),module(scc-oz-module-inliner),module(attributor),module(iroutliner),function(gvn-hoist),function(dce),function(newgvn)', target_triple=x86_64-unknown-linux-gnu, returncode=-2, cmd=/root/opt/rv64gc_llvm_21/bin/opt -S -passes=function(gvn-sink),function(instsimplify),cgscc(attributor-cgscc),function(gvn-hoist),module(iroutliner),function(dse),function(memcpyopt),module(elim-avail-extern),function(gvn-sink),module(iroutliner),module(attributor),function(gvn-sink),function(gvn-hoist),function(lower-switch),function(dse),module(globalopt),function(mem2reg),function(gvn-sink),module(iroutliner),module(attributor),function(instsimplify),module(elim-avail-extern),function(gvn-hoist),function(instsimplify),function(gvn-hoist),module(attributor),function(memcpyopt),function(jump-threading),module(globalopt),function(gvn-sink),function(newgvn),function(newgvn),function(mem2reg,loop(loop-simplifycfg)),function(instsimplify),function(gvn-sink),module(globalopt),module(attributor),module(inferattrs),function(dce),function(dce),module(scc-oz-module-inliner),module(attributor),function(mem2reg),module(elim-avail-extern),module(globalopt),module(attributor),module(scc-oz-module-inliner),module(attributor),module(iroutliner),function(gvn-hoist),function(dce),function(newgvn) --mtriple=x86_64-unknown-linux-gnu
<no stdout/stderr captured>
[Error] eval /root/iscas/ruyituner/dataset21/poj104-v2-ll_4/train/7_1256.ll: opt failed for pipeline='function(gvn-sink),function(instsimplify),cgscc(attributor-cgscc),function(gvn-hoist),module(iroutliner),function(dse),function(memcpyopt),module(elim-avail-extern),function(gvn-sink),module(iroutliner),module(attributor),function(gvn-sink),function(gvn-hoist),function(lower-switch),function(dse),module(globalopt),function(mem2reg),function(gvn-sink),module(iroutliner),module(attributor),function(instsimplify),module(elim-avail-extern),function(gvn-hoist),function(instsimplify),function(gvn-hoist),module(attributor),function(memcpyopt),function(jump-threading),module(globalopt),function(gvn-sink),function(newgvn),function(newgvn),function(mem2reg,loop(loop-simplifycfg)),function(instsimplify),function(gvn-sink),module(globalopt),module(attributor),module(inferattrs),function(dce),function(dce),module(scc-oz-module-inliner),module(attributor),function(mem2reg),module(elim-avail-extern),module(globalopt),module(attributor),module(scc-oz-module-inliner),module(attributor),module(iroutliner),function(gvn-hoist),function(dce),function(newgvn)', target_triple=x86_64-unknown-linux-gnu, returncode=-2, cmd=/root/opt/rv64gc_llvm_21/bin/opt -S -passes=function(gvn-sink),function(instsimplify),cgscc(attributor-cgscc),function(gvn-hoist),module(iroutliner),function(dse),function(memcpyopt),module(elim-avail-extern),function(gvn-sink),module(iroutliner),module(attributor),function(gvn-sink),function(gvn-hoist),function(lower-switch),function(dse),module(globalopt),function(mem2reg),function(gvn-sink),module(iroutliner),module(attributor),function(instsimplify),module(elim-avail-extern),function(gvn-hoist),function(instsimplify),function(gvn-hoist),module(attributor),function(memcpyopt),function(jump-threading),module(globalopt),function(gvn-sink),function(newgvn),function(newgvn),function(mem2reg,loop(loop-simplifycfg)),function(instsimplify),function(gvn-sink),module(globalopt),module(attributor),module(inferattrs),function(dce),function(dce),module(scc-oz-module-inliner),module(attributor),function(mem2reg),module(elim-avail-extern),module(globalopt),module(attributor),module(scc-oz-module-inliner),module(attributor),module(iroutliner),function(gvn-hoist),function(dce),function(newgvn) --mtriple=x86_64-unknown-linux-gnu
<no stdout/stderr captured>
[Error] eval /root/iscas/ruyituner/dataset21/poj104-v2-ll_4/train/98_1135.ll: opt failed for pipeline='function(gvn-sink),function(instsimplify),cgscc(attributor-cgscc),function(gvn-hoist),module(iroutliner),function(dse),function(memcpyopt),module(elim-avail-extern),function(gvn-sink),module(iroutliner),module(attributor),function(gvn-sink),function(gvn-hoist),function(lower-switch),function(dse),module(globalopt),function(mem2reg),function(gvn-sink),module(iroutliner),module(attributor),function(instsimplify),module(elim-avail-extern),function(gvn-hoist),function(instsimplify),function(gvn-hoist),module(attributor),function(memcpyopt),function(jump-threading),module(globalopt),function(gvn-sink),function(newgvn),function(newgvn),function(mem2reg,loop(loop-simplifycfg)),function(instsimplify),function(gvn-sink),module(globalopt),module(attributor),module(inferattrs),function(dce),function(dce),module(scc-oz-module-inliner),module(attributor),function(mem2reg),module(elim-avail-extern),module(globalopt),module(attributor),module(scc-oz-module-inliner),module(attributor),module(iroutliner),function(gvn-hoist),function(dce),function(newgvn)', target_triple=x86_64-unknown-linux-gnu, returncode=-2, cmd=/root/opt/rv64gc_llvm_21/bin/opt -S -passes=function(gvn-sink),function(instsimplify),cgscc(attributor-cgscc),function(gvn-hoist),module(iroutliner),function(dse),function(memcpyopt),module(elim-avail-extern),function(gvn-sink),module(iroutliner),module(attributor),function(gvn-sink),function(gvn-hoist),function(lower-switch),function(dse),module(globalopt),function(mem2reg),function(gvn-sink),module(iroutliner),module(attributor),function(instsimplify),module(elim-avail-extern),function(gvn-hoist),function(instsimplify),function(gvn-hoist),module(attributor),function(memcpyopt),function(jump-threading),module(globalopt),function(gvn-sink),function(newgvn),function(newgvn),function(mem2reg,loop(loop-simplifycfg)),function(instsimplify),function(gvn-sink),module(globalopt),module(attributor),module(inferattrs),function(dce),function(dce),module(scc-oz-module-inliner),module(attributor),function(mem2reg),module(elim-avail-extern),module(globalopt),module(attributor),module(scc-oz-module-inliner),module(attributor),module(iroutliner),function(gvn-hoist),function(dce),function(newgvn) --mtriple=x86_64-unknown-linux-gnu
<no stdout/stderr captured>
[Error] eval /root/iscas/ruyituner/dataset21/poj104-v2-ll_4/train/94_2366.ll: opt failed for pipeline='function(gvn-sink),function(instsimplify),cgscc(attributor-cgscc),function(gvn-hoist),module(iroutliner),function(dse),function(memcpyopt),module(elim-avail-extern),function(gvn-sink),module(iroutliner),module(attributor),function(gvn-sink),function(gvn-hoist),function(lower-switch),function(dse),module(globalopt),function(mem2reg),function(gvn-sink),module(iroutliner),module(attributor),function(instsimplify),module(elim-avail-extern),function(gvn-hoist),function(instsimplify),function(gvn-hoist),module(attributor),function(memcpyopt),function(jump-threading),module(globalopt),function(gvn-sink),function(newgvn),function(newgvn),function(mem2reg,loop(loop-simplifycfg)),function(instsimplify),function(gvn-sink),module(globalopt),module(attributor),module(inferattrs),function(dce),function(dce),module(scc-oz-module-inliner),module(attributor),function(mem2reg),module(elim-avail-extern),module(globalopt),module(attributor),module(scc-oz-module-inliner),module(attributor),module(iroutliner),function(gvn-hoist),function(dce),function(newgvn)', target_triple=x86_64-unknown-linux-gnu, returncode=-2, cmd=/root/opt/rv64gc_llvm_21/bin/opt -S -passes=function(gvn-sink),function(instsimplify),cgscc(attributor-cgscc),function(gvn-hoist),module(iroutliner),function(dse),function(memcpyopt),module(elim-avail-extern),function(gvn-sink),module(iroutliner),module(attributor),function(gvn-sink),function(gvn-hoist),function(lower-switch),function(dse),module(globalopt),function(mem2reg),function(gvn-sink),module(iroutliner),module(attributor),function(instsimplify),module(elim-avail-extern),function(gvn-hoist),function(instsimplify),function(gvn-hoist),module(attributor),function(memcpyopt),function(jump-threading),module(globalopt),function(gvn-sink),function(newgvn),function(newgvn),function(mem2reg,loop(loop-simplifycfg)),function(instsimplify),function(gvn-sink),module(globalopt),module(attributor),module(inferattrs),function(dce),function(dce),module(scc-oz-module-inliner),module(attributor),function(mem2reg),module(elim-avail-extern),module(globalopt),module(attributor),module(scc-oz-module-inliner),module(attributor),module(iroutliner),function(gvn-hoist),function(dce),function(newgvn) --mtriple=x86_64-unknown-linux-gnu
<no stdout/stderr captured>
[Error] eval /root/iscas/ruyituner/dataset21/poj104-v2-ll_4/train/63_2095.ll: opt failed for pipeline='function(gvn-sink),function(instsimplify),cgscc(attributor-cgscc),function(gvn-hoist),module(iroutliner),function(dse),function(memcpyopt),module(elim-avail-extern),function(gvn-sink),module(iroutliner),module(attributor),function(gvn-sink),function(gvn-hoist),function(lower-switch),function(dse),module(globalopt),function(mem2reg),function(gvn-sink),module(iroutliner),module(attributor),function(instsimplify),module(elim-avail-extern),function(gvn-hoist),function(instsimplify),function(gvn-hoist),module(attributor),function(memcpyopt),function(jump-threading),module(globalopt),function(gvn-sink),function(newgvn),function(newgvn),function(mem2reg,loop(loop-simplifycfg)),function(instsimplify),function(gvn-sink),module(globalopt),module(attributor),module(inferattrs),function(dce),function(dce),module(scc-oz-module-inliner),module(attributor),function(mem2reg),module(elim-avail-extern),module(globalopt),module(attributor),module(scc-oz-module-inliner),module(attributor),module(iroutliner),function(gvn-hoist),function(dce),function(newgvn)', target_triple=x86_64-unknown-linux-gnu, returncode=-2, cmd=/root/opt/rv64gc_llvm_21/bin/opt -S -passes=function(gvn-sink),function(instsimplify),cgscc(attributor-cgscc),function(gvn-hoist),module(iroutliner),function(dse),function(memcpyopt),module(elim-avail-extern),function(gvn-sink),module(iroutliner),module(attributor),function(gvn-sink),function(gvn-hoist),function(lower-switch),function(dse),module(globalopt),function(mem2reg),function(gvn-sink),module(iroutliner),module(attributor),function(instsimplify),module(elim-avail-extern),function(gvn-hoist),function(instsimplify),function(gvn-hoist),module(attributor),function(memcpyopt),function(jump-threading),module(globalopt),function(gvn-sink),function(newgvn),function(newgvn),function(mem2reg,loop(loop-simplifycfg)),function(instsimplify),function(gvn-sink),module(globalopt),module(attributor),module(inferattrs),function(dce),function(dce),module(scc-oz-module-inliner),module(attributor),function(mem2reg),module(elim-avail-extern),module(globalopt),module(attributor),module(scc-oz-module-inliner),module(attributor),module(iroutliner),function(gvn-hoist),function(dce),function(newgvn) --mtriple=x86_64-unknown-linux-gnu
<no stdout/stderr captured>
[Error] eval /root/iscas/ruyituner/dataset21/poj104-v2-ll_4/train/53_98.ll: opt failed for pipeline='function(gvn-sink),function(instsimplify),cgscc(attributor-cgscc),function(gvn-hoist),module(iroutliner),function(dse),function(memcpyopt),module(elim-avail-extern),function(gvn-sink),module(iroutliner),module(attributor),function(gvn-sink),function(gvn-hoist),function(lower-switch),function(dse),module(globalopt),function(mem2reg),function(gvn-sink),module(iroutliner),module(attributor),function(instsimplify),module(elim-avail-extern),function(gvn-hoist),function(instsimplify),function(gvn-hoist),module(attributor),function(memcpyopt),function(jump-threading),module(globalopt),function(gvn-sink),function(newgvn),function(newgvn),function(mem2reg,loop(loop-simplifycfg)),function(instsimplify),function(gvn-sink),module(globalopt),module(attributor),module(inferattrs),function(dce),function(dce),module(scc-oz-module-inliner),module(attributor),function(mem2reg),module(elim-avail-extern),module(globalopt),module(attributor),module(scc-oz-module-inliner),module(attributor),module(iroutliner),function(gvn-hoist),function(dce),function(newgvn)', target_triple=x86_64-unknown-linux-gnu, returncode=-2, cmd=/root/opt/rv64gc_llvm_21/bin/opt -S -passes=function(gvn-sink),function(instsimplify),cgscc(attributor-cgscc),function(gvn-hoist),module(iroutliner),function(dse),function(memcpyopt),module(elim-avail-extern),function(gvn-sink),module(iroutliner),module(attributor),function(gvn-sink),function(gvn-hoist),function(lower-switch),function(dse),module(globalopt),function(mem2reg),function(gvn-sink),module(iroutliner),module(attributor),function(instsimplify),module(elim-avail-extern),function(gvn-hoist),function(instsimplify),function(gvn-hoist),module(attributor),function(memcpyopt),function(jump-threading),module(globalopt),function(gvn-sink),function(newgvn),function(newgvn),function(mem2reg,loop(loop-simplifycfg)),function(instsimplify),function(gvn-sink),module(globalopt),module(attributor),module(inferattrs),function(dce),function(dce),module(scc-oz-module-inliner),module(attributor),function(mem2reg),module(elim-avail-extern),module(globalopt),module(attributor),module(scc-oz-module-inliner),module(attributor),module(iroutliner),function(gvn-hoist),function(dce),function(newgvn) --mtriple=x86_64-unknown-linux-gnu
<no stdout/stderr captured>[Error] eval /root/iscas/ruyituner/dataset21/poj104-v2-ll_4/train/35_1326.ll: opt failed for pipeline='function(gvn-sink),function(instsimplify),cgscc(attributor-cgscc),function(gvn-hoist),module(iroutliner),function(dse),function(memcpyopt),module(elim-avail-extern),function(gvn-sink),module(iroutliner),module(attributor),function(gvn-sink),function(gvn-hoist),function(lower-switch),function(dse),module(globalopt),function(mem2reg),function(gvn-sink),module(iroutliner),module(attributor),function(instsimplify),module(elim-avail-extern),function(gvn-hoist),function(instsimplify),function(gvn-hoist),module(attributor),function(memcpyopt),function(jump-threading),module(globalopt),function(gvn-sink),function(newgvn),function(newgvn),function(mem2reg,loop(loop-simplifycfg)),function(instsimplify),function(gvn-sink),module(globalopt),module(attributor),module(inferattrs),function(dce),function(dce),module(scc-oz-module-inliner),module(attributor),function(mem2reg),module(elim-avail-extern),module(globalopt),module(attributor),module(scc-oz-module-inliner),module(attributor),module(iroutliner),function(gvn-hoist),function(dce),function(newgvn)', target_triple=x86_64-unknown-linux-gnu, returncode=-2, cmd=/root/opt/rv64gc_llvm_21/bin/opt -S -passes=function(gvn-sink),function(instsimplify),cgscc(attributor-cgscc),function(gvn-hoist),module(iroutliner),function(dse),function(memcpyopt),module(elim-avail-extern),function(gvn-sink),module(iroutliner),module(attributor),function(gvn-sink),function(gvn-hoist),function(lower-switch),function(dse),module(globalopt),function(mem2reg),function(gvn-sink),module(iroutliner),module(attributor),function(instsimplify),module(elim-avail-extern),function(gvn-hoist),function(instsimplify),function(gvn-hoist),module(attributor),function(memcpyopt),function(jump-threading),module(globalopt),function(gvn-sink),function(newgvn),function(newgvn),function(mem2reg,loop(loop-simplifycfg)),function(instsimplify),function(gvn-sink),module(globalopt),module(attributor),module(inferattrs),function(dce),function(dce),module(scc-oz-module-inliner),module(attributor),function(mem2reg),module(elim-avail-extern),module(globalopt),module(attributor),module(scc-oz-module-inliner),module(attributor),module(iroutliner),function(gvn-hoist),function(dce),function(newgvn) --mtriple=x86_64-unknown-linux-gnu
<no stdout/stderr captured>

[Error] eval /root/iscas/ruyituner/dataset21/poj104-v2-ll_4/train/27_1589.ll: opt failed for pipeline='function(gvn-sink),function(instsimplify),cgscc(attributor-cgscc),function(gvn-hoist),module(iroutliner),function(dse),function(memcpyopt),module(elim-avail-extern),function(gvn-sink),module(iroutliner),module(attributor),function(gvn-sink),function(gvn-hoist),function(lower-switch),function(dse),module(globalopt),function(mem2reg),function(gvn-sink),module(iroutliner),module(attributor),function(instsimplify),module(elim-avail-extern),function(gvn-hoist),function(instsimplify),function(gvn-hoist),module(attributor),function(memcpyopt),function(jump-threading),module(globalopt),function(gvn-sink),function(newgvn),function(newgvn),function(mem2reg,loop(loop-simplifycfg)),function(instsimplify),function(gvn-sink),module(globalopt),module(attributor),module(inferattrs),function(dce),function(dce),module(scc-oz-module-inliner),module(attributor),function(mem2reg),module(elim-avail-extern),module(globalopt),module(attributor),module(scc-oz-module-inliner),module(attributor),module(iroutliner),function(gvn-hoist),function(dce),function(newgvn)', target_triple=x86_64-unknown-linux-gnu, returncode=-2, cmd=/root/opt/rv64gc_llvm_21/bin/opt -S -passes=function(gvn-sink),function(instsimplify),cgscc(attributor-cgscc),function(gvn-hoist),module(iroutliner),function(dse),function(memcpyopt),module(elim-avail-extern),function(gvn-sink),module(iroutliner),module(attributor),function(gvn-sink),function(gvn-hoist),function(lower-switch),function(dse),module(globalopt),function(mem2reg),function(gvn-sink),module(iroutliner),module(attributor),function(instsimplify),module(elim-avail-extern),function(gvn-hoist),function(instsimplify),function(gvn-hoist),module(attributor),function(memcpyopt),function(jump-threading),module(globalopt),function(gvn-sink),function(newgvn),function(newgvn),function(mem2reg,loop(loop-simplifycfg)),function(instsimplify),function(gvn-sink),module(globalopt),module(attributor),module(inferattrs),function(dce),function(dce),module(scc-oz-module-inliner),module(attributor),function(mem2reg),module(elim-avail-extern),module(globalopt),module(attributor),module(scc-oz-module-inliner),module(attributor),module(iroutliner),function(gvn-hoist),function(dce),function(newgvn) --mtriple=x86_64-unknown-linux-gnu
<no stdout/stderr captured>
[Error] eval /root/iscas/ruyituner/dataset21/poj104-v2-ll_4/train/63_712.ll: opt failed for pipeline='function(gvn-sink),function(instsimplify),cgscc(attributor-cgscc),function(gvn-hoist),module(iroutliner),function(dse),function(memcpyopt),module(elim-avail-extern),function(gvn-sink),module(iroutliner),module(attributor),function(gvn-sink),function(gvn-hoist),function(lower-switch),function(dse),module(globalopt),function(mem2reg),function(gvn-sink),module(iroutliner),module(attributor),function(instsimplify),module(elim-avail-extern),function(gvn-hoist),function(instsimplify),function(gvn-hoist),module(attributor),function(memcpyopt),function(jump-threading),module(globalopt),function(gvn-sink),function(newgvn),function(newgvn),function(mem2reg,loop(loop-simplifycfg)),function(instsimplify),function(gvn-sink),module(globalopt),module(attributor),module(inferattrs),function(dce),function(dce),module(scc-oz-module-inliner),module(attributor),function(mem2reg),module(elim-avail-extern),module(globalopt),module(attributor),module(scc-oz-module-inliner),module(attributor),module(iroutliner),function(gvn-hoist),function(dce),function(newgvn)', target_triple=x86_64-unknown-linux-gnu, returncode=-2, cmd=/root/opt/rv64gc_llvm_21/bin/opt -S -passes=function(gvn-sink),function(instsimplify),cgscc(attributor-cgscc),function(gvn-hoist),module(iroutliner),function(dse),function(memcpyopt),module(elim-avail-extern),function(gvn-sink),module(iroutliner),module(attributor),function(gvn-sink),function(gvn-hoist),function(lower-switch),function(dse),module(globalopt),function(mem2reg),function(gvn-sink),module(iroutliner),module(attributor),function(instsimplify),module(elim-avail-extern),function(gvn-hoist),function(instsimplify),function(gvn-hoist),module(attributor),function(memcpyopt),function(jump-threading),module(globalopt),function(gvn-sink),function(newgvn),function(newgvn),function(mem2reg,loop(loop-simplifycfg)),function(instsimplify),function(gvn-sink),module(globalopt),module(attributor),module(inferattrs),function(dce),function(dce),module(scc-oz-module-inliner),module(attributor),function(mem2reg),module(elim-avail-extern),module(globalopt),module(attributor),module(scc-oz-module-inliner),module(attributor),module(iroutliner),function(gvn-hoist),function(dce),function(newgvn) --mtriple=x86_64-unknown-linux-gnu
<no stdout/stderr captured>
[Error] eval /root/iscas/ruyituner/dataset21/poj104-v2-ll_4/train/98_1093.ll: opt failed for pipeline='function(gvn-sink),function(instsimplify),cgscc(attributor-cgscc),function(gvn-hoist),module(iroutliner),function(dse),function(memcpyopt),module(elim-avail-extern),function(gvn-sink),module(iroutliner),module(attributor),function(gvn-sink),function(gvn-hoist),function(lower-switch),function(dse),module(globalopt),function(mem2reg),function(gvn-sink),module(iroutliner),module(attributor),function(instsimplify),module(elim-avail-extern),function(gvn-hoist),function(instsimplify),function(gvn-hoist),module(attributor),function(memcpyopt),function(jump-threading),module(globalopt),function(gvn-sink),function(newgvn),function(newgvn),function(mem2reg,loop(loop-simplifycfg)),function(instsimplify),function(gvn-sink),module(globalopt),module(attributor),module(inferattrs),function(dce),function(dce),module(scc-oz-module-inliner),module(attributor),function(mem2reg),module(elim-avail-extern),module(globalopt),module(attributor),module(scc-oz-module-inliner),module(attributor),module(iroutliner),function(gvn-hoist),function(dce),function(newgvn)', target_triple=x86_64-unknown-linux-gnu, returncode=-2, cmd=/root/opt/rv64gc_llvm_21/bin/opt -S -passes=function(gvn-sink),function(instsimplify),cgscc(attributor-cgscc),function(gvn-hoist),module(iroutliner),function(dse),function(memcpyopt),module(elim-avail-extern),function(gvn-sink),module(iroutliner),module(attributor),function(gvn-sink),function(gvn-hoist),function(lower-switch),function(dse),module(globalopt),function(mem2reg),function(gvn-sink),module(iroutliner),module(attributor),function(instsimplify),module(elim-avail-extern),function(gvn-hoist),function(instsimplify),function(gvn-hoist),module(attributor),function(memcpyopt),function(jump-threading),module(globalopt),function(gvn-sink),function(newgvn),function(newgvn),function(mem2reg,loop(loop-simplifycfg)),function(instsimplify),function(gvn-sink),module(globalopt),module(attributor),module(inferattrs),function(dce),function(dce),module(scc-oz-module-inliner),module(attributor),function(mem2reg),module(elim-avail-extern),module(globalopt),module(attributor),module(scc-oz-module-inliner),module(attributor),module(iroutliner),function(gvn-hoist),function(dce),function(newgvn) --mtriple=x86_64-unknown-linux-gnu
<no stdout/stderr captured>
[Error] eval /root/iscas/ruyituner/dataset21/poj104-v2-ll_4/train/13_1664.ll: opt failed for pipeline='function(gvn-sink),function(instsimplify),cgscc(attributor-cgscc),function(gvn-hoist),module(iroutliner),function(dse),function(memcpyopt),module(elim-avail-extern),function(gvn-sink),module(iroutliner),module(attributor),function(gvn-sink),function(gvn-hoist),function(lower-switch),function(dse),module(globalopt),function(mem2reg),function(gvn-sink),module(iroutliner),module(attributor),function(instsimplify),module(elim-avail-extern),function(gvn-hoist),function(instsimplify),function(gvn-hoist),module(attributor),function(memcpyopt),function(jump-threading),module(globalopt),function(gvn-sink),function(newgvn),function(newgvn),function(mem2reg,loop(loop-simplifycfg)),function(instsimplify),function(gvn-sink),module(globalopt),module(attributor),module(inferattrs),function(dce),function(dce),module(scc-oz-module-inliner),module(attributor),function(mem2reg),module(elim-avail-extern),module(globalopt),module(attributor),module(scc-oz-module-inliner),module(attributor),module(iroutliner),function(gvn-hoist),function(dce),function(newgvn)', target_triple=x86_64-unknown-linux-gnu, returncode=-2, cmd=/root/opt/rv64gc_llvm_21/bin/opt -S -passes=function(gvn-sink),function(instsimplify),cgscc(attributor-cgscc),function(gvn-hoist),module(iroutliner),function(dse),function(memcpyopt),module(elim-avail-extern),function(gvn-sink),module(iroutliner),module(attributor),function(gvn-sink),function(gvn-hoist),function(lower-switch),function(dse),module(globalopt),function(mem2reg),function(gvn-sink),module(iroutliner),module(attributor),function(instsimplify),module(elim-avail-extern),function(gvn-hoist),function(instsimplify),function(gvn-hoist),module(attributor),function(memcpyopt),function(jump-threading),module(globalopt),function(gvn-sink),function(newgvn),function(newgvn),function(mem2reg,loop(loop-simplifycfg)),function(instsimplify),function(gvn-sink),module(globalopt),module(attributor),module(inferattrs),function(dce),function(dce),module(scc-oz-module-inliner),module(attributor),function(mem2reg),module(elim-avail-extern),module(globalopt),module(attributor),module(scc-oz-module-inliner),module(attributor),module(iroutliner),function(gvn-hoist),function(dce),function(newgvn) --mtriple=x86_64-unknown-linux-gnu
<no stdout/stderr captured>
[Error] eval /root/iscas/ruyituner/dataset21/poj104-v2-ll_4/train/63_508.ll: opt failed for pipeline='function(gvn-sink),function(instsimplify),cgscc(attributor-cgscc),function(gvn-hoist),module(iroutliner),function(dse),function(memcpyopt),module(elim-avail-extern),function(gvn-sink),module(iroutliner),module(attributor),function(gvn-sink),function(gvn-hoist),function(lower-switch),function(dse),module(globalopt),function(mem2reg),function(gvn-sink),module(iroutliner),module(attributor),function(instsimplify),module(elim-avail-extern),function(gvn-hoist),function(instsimplify),function(gvn-hoist),module(attributor),function(memcpyopt),function(jump-threading),module(globalopt),function(gvn-sink),function(newgvn),function(newgvn),function(mem2reg,loop(loop-simplifycfg)),function(instsimplify),function(gvn-sink),module(globalopt),module(attributor),module(inferattrs),function(dce),function(dce),module(scc-oz-module-inliner),module(attributor),function(mem2reg),module(elim-avail-extern),module(globalopt),module(attributor),module(scc-oz-module-inliner),module(attributor),module(iroutliner),function(gvn-hoist),function(dce),function(newgvn)', target_triple=x86_64-unknown-linux-gnu, returncode=-2, cmd=/root/opt/rv64gc_llvm_21/bin/opt -S -passes=function(gvn-sink),function(instsimplify),cgscc(attributor-cgscc),function(gvn-hoist),module(iroutliner),function(dse),function(memcpyopt),module(elim-avail-extern),function(gvn-sink),module(iroutliner),module(attributor),function(gvn-sink),function(gvn-hoist),function(lower-switch),function(dse),module(globalopt),function(mem2reg),function(gvn-sink),module(iroutliner),module(attributor),function(instsimplify),module(elim-avail-extern),function(gvn-hoist),function(instsimplify),function(gvn-hoist),module(attributor),function(memcpyopt),function(jump-threading),module(globalopt),function(gvn-sink),function(newgvn),function(newgvn),function(mem2reg,loop(loop-simplifycfg)),function(instsimplify),function(gvn-sink),module(globalopt),module(attributor),module(inferattrs),function(dce),function(dce),module(scc-oz-module-inliner),module(attributor),function(mem2reg),module(elim-avail-extern),module(globalopt),module(attributor),module(scc-oz-module-inliner),module(attributor),module(iroutliner),function(gvn-hoist),function(dce),function(newgvn) --mtriple=x86_64-unknown-linux-gnu
<no stdout/stderr captured>
[Error] eval /root/iscas/ruyituner/dataset21/poj104-v2-ll_4/train/51_614.ll: opt failed for pipeline='function(gvn-sink),function(instsimplify),cgscc(attributor-cgscc),function(gvn-hoist),module(iroutliner),function(dse),function(memcpyopt),module(elim-avail-extern),function(gvn-sink),module(iroutliner),module(attributor),function(gvn-sink),function(gvn-hoist),function(lower-switch),function(dse),module(globalopt),function(mem2reg),function(gvn-sink),module(iroutliner),module(attributor),function(instsimplify),module(elim-avail-extern),function(gvn-hoist),function(instsimplify),function(gvn-hoist),module(attributor),function(memcpyopt),function(jump-threading),module(globalopt),function(gvn-sink),function(newgvn),function(newgvn),function(mem2reg,loop(loop-simplifycfg)),function(instsimplify),function(gvn-sink),module(globalopt),module(attributor),module(inferattrs),function(dce),function(dce),module(scc-oz-module-inliner),module(attributor),function(mem2reg),module(elim-avail-extern),module(globalopt),module(attributor),module(scc-oz-module-inliner),module(attributor),module(iroutliner),function(gvn-hoist),function(dce),function(newgvn)', target_triple=x86_64-unknown-linux-gnu, returncode=-2, cmd=/root/opt/rv64gc_llvm_21/bin/opt -S -passes=function(gvn-sink),function(instsimplify),cgscc(attributor-cgscc),function(gvn-hoist),module(iroutliner),function(dse),function(memcpyopt),module(elim-avail-extern),function(gvn-sink),module(iroutliner),module(attributor),function(gvn-sink),function(gvn-hoist),function(lower-switch),function(dse),module(globalopt),function(mem2reg),function(gvn-sink),module(iroutliner),module(attributor),function(instsimplify),module(elim-avail-extern),function(gvn-hoist),function(instsimplify),function(gvn-hoist),module(attributor),function(memcpyopt),function(jump-threading),module(globalopt),function(gvn-sink),function(newgvn),function(newgvn),function(mem2reg,loop(loop-simplifycfg)),function(instsimplify),function(gvn-sink),module(globalopt),module(attributor),module(inferattrs),function(dce),function(dce),module(scc-oz-module-inliner),module(attributor),function(mem2reg),module(elim-avail-extern),module(globalopt),module(attributor),module(scc-oz-module-inliner),module(attributor),module(iroutliner),function(gvn-hoist),function(dce),function(newgvn) --mtriple=x86_64-unknown-linux-gnu
<no stdout/stderr captured>
[Error] eval /root/iscas/ruyituner/dataset21/poj104-v2-ll_4/train/63_1690.ll: opt failed for pipeline='function(gvn-sink),function(instsimplify),cgscc(attributor-cgscc),function(gvn-hoist),module(iroutliner),function(dse),function(memcpyopt),module(elim-avail-extern),function(gvn-sink),module(iroutliner),module(attributor),function(gvn-sink),function(gvn-hoist),function(lower-switch),function(dse),module(globalopt),function(mem2reg),function(gvn-sink),module(iroutliner),module(attributor),function(instsimplify),module(elim-avail-extern),function(gvn-hoist),function(instsimplify),function(gvn-hoist),module(attributor),function(memcpyopt),function(jump-threading),module(globalopt),function(gvn-sink),function(newgvn),function(newgvn),function(mem2reg,loop(loop-simplifycfg)),function(instsimplify),function(gvn-sink),module(globalopt),module(attributor),module(inferattrs),function(dce),function(dce),module(scc-oz-module-inliner),module(attributor),function(mem2reg),module(elim-avail-extern),module(globalopt),module(attributor),module(scc-oz-module-inliner),module(attributor),module(iroutliner),function(gvn-hoist),function(dce),function(newgvn)', target_triple=x86_64-unknown-linux-gnu, returncode=-2, cmd=/root/opt/rv64gc_llvm_21/bin/opt -S -passes=function(gvn-sink),function(instsimplify),cgscc(attributor-cgscc),function(gvn-hoist),module(iroutliner),function(dse),function(memcpyopt),module(elim-avail-extern),function(gvn-sink),module(iroutliner),module(attributor),function(gvn-sink),function(gvn-hoist),function(lower-switch),function(dse),module(globalopt),function(mem2reg),function(gvn-sink),module(iroutliner),module(attributor),function(instsimplify),module(elim-avail-extern),function(gvn-hoist),function(instsimplify),function(gvn-hoist),module(attributor),function(memcpyopt),function(jump-threading),module(globalopt),function(gvn-sink),function(newgvn),function(newgvn),function(mem2reg,loop(loop-simplifycfg)),function(instsimplify),function(gvn-sink),module(globalopt),module(attributor),module(inferattrs),function(dce),function(dce),module(scc-oz-module-inliner),module(attributor),function(mem2reg),module(elim-avail-extern),module(globalopt),module(attributor),module(scc-oz-module-inliner),module(attributor),module(iroutliner),function(gvn-hoist),function(dce),function(newgvn) --mtriple=x86_64-unknown-linux-gnu
<no stdout/stderr captured>[Error] eval /root/iscas/ruyituner/dataset21/poj104-v2-ll_4/train/7_1079.ll: opt failed for pipeline='function(gvn-sink),function(instsimplify),cgscc(attributor-cgscc),function(gvn-hoist),module(iroutliner),function(dse),function(memcpyopt),module(elim-avail-extern),function(gvn-sink),module(iroutliner),module(attributor),function(gvn-sink),function(gvn-hoist),function(lower-switch),function(dse),module(globalopt),function(mem2reg),function(gvn-sink),module(iroutliner),module(attributor),function(instsimplify),module(elim-avail-extern),function(gvn-hoist),function(instsimplify),function(gvn-hoist),module(attributor),function(memcpyopt),function(jump-threading),module(globalopt),function(gvn-sink),function(newgvn),function(newgvn),function(mem2reg,loop(loop-simplifycfg)),function(instsimplify),function(gvn-sink),module(globalopt),module(attributor),module(inferattrs),function(dce),function(dce),module(scc-oz-module-inliner),module(attributor),function(mem2reg),module(elim-avail-extern),module(globalopt),module(attributor),module(scc-oz-module-inliner),module(attributor),module(iroutliner),function(gvn-hoist),function(dce),function(newgvn)', target_triple=x86_64-unknown-linux-gnu, returncode=-2, cmd=/root/opt/rv64gc_llvm_21/bin/opt -S -passes=function(gvn-sink),function(instsimplify),cgscc(attributor-cgscc),function(gvn-hoist),module(iroutliner),function(dse),function(memcpyopt),module(elim-avail-extern),function(gvn-sink),module(iroutliner),module(attributor),function(gvn-sink),function(gvn-hoist),function(lower-switch),function(dse),module(globalopt),function(mem2reg),function(gvn-sink),module(iroutliner),module(attributor),function(instsimplify),module(elim-avail-extern),function(gvn-hoist),function(instsimplify),function(gvn-hoist),module(attributor),function(memcpyopt),function(jump-threading),module(globalopt),function(gvn-sink),function(newgvn),function(newgvn),function(mem2reg,loop(loop-simplifycfg)),function(instsimplify),function(gvn-sink),module(globalopt),module(attributor),module(inferattrs),function(dce),function(dce),module(scc-oz-module-inliner),module(attributor),function(mem2reg),module(elim-avail-extern),module(globalopt),module(attributor),module(scc-oz-module-inliner),module(attributor),module(iroutliner),function(gvn-hoist),function(dce),function(newgvn) --mtriple=x86_64-unknown-linux-gnu
<no stdout/stderr captured>
[Error] eval /root/iscas/ruyituner/dataset21/poj104-v2-ll_4/train/18_1447.ll: opt failed for pipeline='function(gvn-sink),function(instsimplify),cgscc(attributor-cgscc),function(gvn-hoist),module(iroutliner),function(dse),function(memcpyopt),module(elim-avail-extern),function(gvn-sink),module(iroutliner),module(attributor),function(gvn-sink),function(gvn-hoist),function(lower-switch),function(dse),module(globalopt),function(mem2reg),function(gvn-sink),module(iroutliner),module(attributor),function(instsimplify),module(elim-avail-extern),function(gvn-hoist),function(instsimplify),function(gvn-hoist),module(attributor),function(memcpyopt),function(jump-threading),module(globalopt),function(gvn-sink),function(newgvn),function(newgvn),function(mem2reg,loop(loop-simplifycfg)),function(instsimplify),function(gvn-sink),module(globalopt),module(attributor),module(inferattrs),function(dce),function(dce),module(scc-oz-module-inliner),module(attributor),function(mem2reg),module(elim-avail-extern),module(globalopt),module(attributor),module(scc-oz-module-inliner),module(attributor),module(iroutliner),function(gvn-hoist),function(dce),function(newgvn)', target_triple=x86_64-unknown-linux-gnu, returncode=-2, cmd=/root/opt/rv64gc_llvm_21/bin/opt -S -passes=function(gvn-sink),function(instsimplify),cgscc(attributor-cgscc),function(gvn-hoist),module(iroutliner),function(dse),function(memcpyopt),module(elim-avail-extern),function(gvn-sink),module(iroutliner),module(attributor),function(gvn-sink),function(gvn-hoist),function(lower-switch),function(dse),module(globalopt),function(mem2reg),function(gvn-sink),module(iroutliner),module(attributor),function(instsimplify),module(elim-avail-extern),function(gvn-hoist),function(instsimplify),function(gvn-hoist),module(attributor),function(memcpyopt),function(jump-threading),module(globalopt),function(gvn-sink),function(newgvn),function(newgvn),function(mem2reg,loop(loop-simplifycfg)),function(instsimplify),function(gvn-sink),module(globalopt),module(attributor),module(inferattrs),function(dce),function(dce),module(scc-oz-module-inliner),module(attributor),function(mem2reg),module(elim-avail-extern),module(globalopt),module(attributor),module(scc-oz-module-inliner),module(attributor),module(iroutliner),function(gvn-hoist),function(dce),function(newgvn) --mtriple=x86_64-unknown-linux-gnu
<no stdout/stderr captured>
[Error] eval /root/iscas/ruyituner/dataset21/poj104-v2-ll_4/train/12_776.ll: opt failed for pipeline='function(gvn-sink),function(instsimplify),cgscc(attributor-cgscc),function(gvn-hoist),module(iroutliner),function(dse),function(memcpyopt),module(elim-avail-extern),function(gvn-sink),module(iroutliner),module(attributor),function(gvn-sink),function(gvn-hoist),function(lower-switch),function(dse),module(globalopt),function(mem2reg),function(gvn-sink),module(iroutliner),module(attributor),function(instsimplify),module(elim-avail-extern),function(gvn-hoist),function(instsimplify),function(gvn-hoist),module(attributor),function(memcpyopt),function(jump-threading),module(globalopt),function(gvn-sink),function(newgvn),function(newgvn),function(mem2reg,loop(loop-simplifycfg)),function(instsimplify),function(gvn-sink),module(globalopt),module(attributor),module(inferattrs),function(dce),function(dce),module(scc-oz-module-inliner),module(attributor),function(mem2reg),module(elim-avail-extern),module(globalopt),module(attributor),module(scc-oz-module-inliner),module(attributor),module(iroutliner),function(gvn-hoist),function(dce),function(newgvn)', target_triple=x86_64-unknown-linux-gnu, returncode=-2, cmd=/root/opt/rv64gc_llvm_21/bin/opt -S -passes=function(gvn-sink),function(instsimplify),cgscc(attributor-cgscc),function(gvn-hoist),module(iroutliner),function(dse),function(memcpyopt),module(elim-avail-extern),function(gvn-sink),module(iroutliner),module(attributor),function(gvn-sink),function(gvn-hoist),function(lower-switch),function(dse),module(globalopt),function(mem2reg),function(gvn-sink),module(iroutliner),module(attributor),function(instsimplify),module(elim-avail-extern),function(gvn-hoist),function(instsimplify),function(gvn-hoist),module(attributor),function(memcpyopt),function(jump-threading),module(globalopt),function(gvn-sink),function(newgvn),function(newgvn),function(mem2reg,loop(loop-simplifycfg)),function(instsimplify),function(gvn-sink),module(globalopt),module(attributor),module(inferattrs),function(dce),function(dce),module(scc-oz-module-inliner),module(attributor),function(mem2reg),module(elim-avail-extern),module(globalopt),module(attributor),module(scc-oz-module-inliner),module(attributor),module(iroutliner),function(gvn-hoist),function(dce),function(newgvn) --mtriple=x86_64-unknown-linux-gnu
<no stdout/stderr captured>
[Error] eval /root/iscas/ruyituner/dataset21/poj104-v2-ll_4/train/27_894.ll: opt failed for pipeline='function(gvn-sink),function(instsimplify),cgscc(attributor-cgscc),function(gvn-hoist),module(iroutliner),function(dse),function(memcpyopt),module(elim-avail-extern),function(gvn-sink),module(iroutliner),module(attributor),function(gvn-sink),function(gvn-hoist),function(lower-switch),function(dse),module(globalopt),function(mem2reg),function(gvn-sink),module(iroutliner),module(attributor),function(instsimplify),module(elim-avail-extern),function(gvn-hoist),function(instsimplify),function(gvn-hoist),module(attributor),function(memcpyopt),function(jump-threading),module(globalopt),function(gvn-sink),function(newgvn),function(newgvn),function(mem2reg,loop(loop-simplifycfg)),function(instsimplify),function(gvn-sink),module(globalopt),module(attributor),module(inferattrs),function(dce),function(dce),module(scc-oz-module-inliner),module(attributor),function(mem2reg),module(elim-avail-extern),module(globalopt),module(attributor),module(scc-oz-module-inliner),module(attributor),module(iroutliner),function(gvn-hoist),function(dce),function(newgvn)', target_triple=x86_64-unknown-linux-gnu, returncode=-2, cmd=/root/opt/rv64gc_llvm_21/bin/opt -S -passes=function(gvn-sink),function(instsimplify),cgscc(attributor-cgscc),function(gvn-hoist),module(iroutliner),function(dse),function(memcpyopt),module(elim-avail-extern),function(gvn-sink),module(iroutliner),module(attributor),function(gvn-sink),function(gvn-hoist),function(lower-switch),function(dse),module(globalopt),function(mem2reg),function(gvn-sink),module(iroutliner),module(attributor),function(instsimplify),module(elim-avail-extern),function(gvn-hoist),function(instsimplify),function(gvn-hoist),module(attributor),function(memcpyopt),function(jump-threading),module(globalopt),function(gvn-sink),function(newgvn),function(newgvn),function(mem2reg,loop(loop-simplifycfg)),function(instsimplify),function(gvn-sink),module(globalopt),module(attributor),module(inferattrs),function(dce),function(dce),module(scc-oz-module-inliner),module(attributor),function(mem2reg),module(elim-avail-extern),module(globalopt),module(attributor),module(scc-oz-module-inliner),module(attributor),module(iroutliner),function(gvn-hoist),function(dce),function(newgvn) --mtriple=x86_64-unknown-linux-gnu
<no stdout/stderr captured>[Error] eval /root/iscas/ruyituner/dataset21/poj104-v2-ll_4/train/15_1450.ll: opt failed for pipeline='function(gvn-sink),function(instsimplify),cgscc(attributor-cgscc),function(gvn-hoist),module(iroutliner),function(dse),function(memcpyopt),module(elim-avail-extern),function(gvn-sink),module(iroutliner),module(attributor),function(gvn-sink),function(gvn-hoist),function(lower-switch),function(dse),module(globalopt),function(mem2reg),function(gvn-sink),module(iroutliner),module(attributor),function(instsimplify),module(elim-avail-extern),function(gvn-hoist),function(instsimplify),function(gvn-hoist),module(attributor),function(memcpyopt),function(jump-threading),module(globalopt),function(gvn-sink),function(newgvn),function(newgvn),function(mem2reg,loop(loop-simplifycfg)),function(instsimplify),function(gvn-sink),module(globalopt),module(attributor),module(inferattrs),function(dce),function(dce),module(scc-oz-module-inliner),module(attributor),function(mem2reg),module(elim-avail-extern),module(globalopt),module(attributor),module(scc-oz-module-inliner),module(attributor),module(iroutliner),function(gvn-hoist),function(dce),function(newgvn)', target_triple=x86_64-unknown-linux-gnu, returncode=-2, cmd=/root/opt/rv64gc_llvm_21/bin/opt -S -passes=function(gvn-sink),function(instsimplify),cgscc(attributor-cgscc),function(gvn-hoist),module(iroutliner),function(dse),function(memcpyopt),module(elim-avail-extern),function(gvn-sink),module(iroutliner),module(attributor),function(gvn-sink),function(gvn-hoist),function(lower-switch),function(dse),module(globalopt),function(mem2reg),function(gvn-sink),module(iroutliner),module(attributor),function(instsimplify),module(elim-avail-extern),function(gvn-hoist),function(instsimplify),function(gvn-hoist),module(attributor),function(memcpyopt),function(jump-threading),module(globalopt),function(gvn-sink),function(newgvn),function(newgvn),function(mem2reg,loop(loop-simplifycfg)),function(instsimplify),function(gvn-sink),module(globalopt),module(attributor),module(inferattrs),function(dce),function(dce),module(scc-oz-module-inliner),module(attributor),function(mem2reg),module(elim-avail-extern),module(globalopt),module(attributor),module(scc-oz-module-inliner),module(attributor),module(iroutliner),function(gvn-hoist),function(dce),function(newgvn) --mtriple=x86_64-unknown-linux-gnu
<no stdout/stderr captured>
[Error] eval /root/iscas/ruyituner/dataset21/poj104-v2-ll_4/train/94_1160.ll: opt failed for pipeline='function(gvn-sink),function(instsimplify),cgscc(attributor-cgscc),function(gvn-hoist),module(iroutliner),function(dse),function(memcpyopt),module(elim-avail-extern),function(gvn-sink),module(iroutliner),module(attributor),function(gvn-sink),function(gvn-hoist),function(lower-switch),function(dse),module(globalopt),function(mem2reg),function(gvn-sink),module(iroutliner),module(attributor),function(instsimplify),module(elim-avail-extern),function(gvn-hoist),function(instsimplify),function(gvn-hoist),module(attributor),function(memcpyopt),function(jump-threading),module(globalopt),function(gvn-sink),function(newgvn),function(newgvn),function(mem2reg,loop(loop-simplifycfg)),function(instsimplify),function(gvn-sink),module(globalopt),module(attributor),module(inferattrs),function(dce),function(dce),module(scc-oz-module-inliner),module(attributor),function(mem2reg),module(elim-avail-extern),module(globalopt),module(attributor),module(scc-oz-module-inliner),module(attributor),module(iroutliner),function(gvn-hoist),function(dce),function(newgvn)', target_triple=x86_64-unknown-linux-gnu, returncode=-2, cmd=/root/opt/rv64gc_llvm_21/bin/opt -S -passes=function(gvn-sink),function(instsimplify),cgscc(attributor-cgscc),function(gvn-hoist),module(iroutliner),function(dse),function(memcpyopt),module(elim-avail-extern),function(gvn-sink),module(iroutliner),module(attributor),function(gvn-sink),function(gvn-hoist),function(lower-switch),function(dse),module(globalopt),function(mem2reg),function(gvn-sink),module(iroutliner),module(attributor),function(instsimplify),module(elim-avail-extern),function(gvn-hoist),function(instsimplify),function(gvn-hoist),module(attributor),function(memcpyopt),function(jump-threading),module(globalopt),function(gvn-sink),function(newgvn),function(newgvn),function(mem2reg,loop(loop-simplifycfg)),function(instsimplify),function(gvn-sink),module(globalopt),module(attributor),module(inferattrs),function(dce),function(dce),module(scc-oz-module-inliner),module(attributor),function(mem2reg),module(elim-avail-extern),module(globalopt),module(attributor),module(scc-oz-module-inliner),module(attributor),module(iroutliner),function(gvn-hoist),function(dce),function(newgvn) --mtriple=x86_64-unknown-linux-gnu
<no stdout/stderr captured>
[Error] eval /root/iscas/ruyituner/dataset21/poj104-v2-ll_4/train/94_2975.ll: opt failed for pipeline='function(gvn-sink),function(instsimplify),cgscc(attributor-cgscc),function(gvn-hoist),module(iroutliner),function(dse),function(memcpyopt),module(elim-avail-extern),function(gvn-sink),module(iroutliner),module(attributor),function(gvn-sink),function(gvn-hoist),function(lower-switch),function(dse),module(globalopt),function(mem2reg),function(gvn-sink),module(iroutliner),module(attributor),function(instsimplify),module(elim-avail-extern),function(gvn-hoist),function(instsimplify),function(gvn-hoist),module(attributor),function(memcpyopt),function(jump-threading),module(globalopt),function(gvn-sink),function(newgvn),function(newgvn),function(mem2reg,loop(loop-simplifycfg)),function(instsimplify),function(gvn-sink),module(globalopt),module(attributor),module(inferattrs),function(dce),function(dce),module(scc-oz-module-inliner),module(attributor),function(mem2reg),module(elim-avail-extern),module(globalopt),module(attributor),module(scc-oz-module-inliner),module(attributor),module(iroutliner),function(gvn-hoist),function(dce),function(newgvn)', target_triple=x86_64-unknown-linux-gnu, returncode=-2, cmd=/root/opt/rv64gc_llvm_21/bin/opt -S -passes=function(gvn-sink),function(instsimplify),cgscc(attributor-cgscc),function(gvn-hoist),module(iroutliner),function(dse),function(memcpyopt),module(elim-avail-extern),function(gvn-sink),module(iroutliner),module(attributor),function(gvn-sink),function(gvn-hoist),function(lower-switch),function(dse),module(globalopt),function(mem2reg),function(gvn-sink),module(iroutliner),module(attributor),function(instsimplify),module(elim-avail-extern),function(gvn-hoist),function(instsimplify),function(gvn-hoist),module(attributor),function(memcpyopt),function(jump-threading),module(globalopt),function(gvn-sink),function(newgvn),function(newgvn),function(mem2reg,loop(loop-simplifycfg)),function(instsimplify),function(gvn-sink),module(globalopt),module(attributor),module(inferattrs),function(dce),function(dce),module(scc-oz-module-inliner),module(attributor),function(mem2reg),module(elim-avail-extern),module(globalopt),module(attributor),module(scc-oz-module-inliner),module(attributor),module(iroutliner),function(gvn-hoist),function(dce),function(newgvn) --mtriple=x86_64-unknown-linux-gnu
<no stdout/stderr captured>
[Error] eval /root/iscas/ruyituner/dataset21/poj104-v2-ll_4/train/53_903.ll: opt failed for pipeline='function(gvn-sink),function(instsimplify),cgscc(attributor-cgscc),function(gvn-hoist),module(iroutliner),function(dse),function(memcpyopt),module(elim-avail-extern),function(gvn-sink),module(iroutliner),module(attributor),function(gvn-sink),function(gvn-hoist),function(lower-switch),function(dse),module(globalopt),function(mem2reg),function(gvn-sink),module(iroutliner),module(attributor),function(instsimplify),module(elim-avail-extern),function(gvn-hoist),function(instsimplify),function(gvn-hoist),module(attributor),function(memcpyopt),function(jump-threading),module(globalopt),function(gvn-sink),function(newgvn),function(newgvn),function(mem2reg,loop(loop-simplifycfg)),function(instsimplify),function(gvn-sink),module(globalopt),module(attributor),module(inferattrs),function(dce),function(dce),module(scc-oz-module-inliner),module(attributor),function(mem2reg),module(elim-avail-extern),module(globalopt),module(attributor),module(scc-oz-module-inliner),module(attributor),module(iroutliner),function(gvn-hoist),function(dce),function(newgvn)', target_triple=x86_64-unknown-linux-gnu, returncode=-2, cmd=/root/opt/rv64gc_llvm_21/bin/opt -S -passes=function(gvn-sink),function(instsimplify),cgscc(attributor-cgscc),function(gvn-hoist),module(iroutliner),function(dse),function(memcpyopt),module(elim-avail-extern),function(gvn-sink),module(iroutliner),module(attributor),function(gvn-sink),function(gvn-hoist),function(lower-switch),function(dse),module(globalopt),function(mem2reg),function(gvn-sink),module(iroutliner),module(attributor),function(instsimplify),module(elim-avail-extern),function(gvn-hoist),function(instsimplify),function(gvn-hoist),module(attributor),function(memcpyopt),function(jump-threading),module(globalopt),function(gvn-sink),function(newgvn),function(newgvn),function(mem2reg,loop(loop-simplifycfg)),function(instsimplify),function(gvn-sink),module(globalopt),module(attributor),module(inferattrs),function(dce),function(dce),module(scc-oz-module-inliner),module(attributor),function(mem2reg),module(elim-avail-extern),module(globalopt),module(attributor),module(scc-oz-module-inliner),module(attributor),module(iroutliner),function(gvn-hoist),function(dce),function(newgvn) --mtriple=x86_64-unknown-linux-gnu
<no stdout/stderr captured>[Error] eval /root/iscas/ruyituner/dataset21/poj104-v2-ll_4/train/18_1643.ll: opt failed for pipeline='function(gvn-sink),function(instsimplify),cgscc(attributor-cgscc),function(gvn-hoist),module(iroutliner),function(dse),function(memcpyopt),module(elim-avail-extern),function(gvn-sink),module(iroutliner),module(attributor),function(gvn-sink),function(gvn-hoist),function(lower-switch),function(dse),module(globalopt),function(mem2reg),function(gvn-sink),module(iroutliner),module(attributor),function(instsimplify),module(elim-avail-extern),function(gvn-hoist),function(instsimplify),function(gvn-hoist),module(attributor),function(memcpyopt),function(jump-threading),module(globalopt),function(gvn-sink),function(newgvn),function(newgvn),function(mem2reg,loop(loop-simplifycfg)),function(instsimplify),function(gvn-sink),module(globalopt),module(attributor),module(inferattrs),function(dce),function(dce),module(scc-oz-module-inliner),module(attributor),function(mem2reg),module(elim-avail-extern),module(globalopt),module(attributor),module(scc-oz-module-inliner),module(attributor),module(iroutliner),function(gvn-hoist),function(dce),function(newgvn)', target_triple=x86_64-unknown-linux-gnu, returncode=-2, cmd=/root/opt/rv64gc_llvm_21/bin/opt -S -passes=function(gvn-sink),function(instsimplify),cgscc(attributor-cgscc),function(gvn-hoist),module(iroutliner),function(dse),function(memcpyopt),module(elim-avail-extern),function(gvn-sink),module(iroutliner),module(attributor),function(gvn-sink),function(gvn-hoist),function(lower-switch),function(dse),module(globalopt),function(mem2reg),function(gvn-sink),module(iroutliner),module(attributor),function(instsimplify),module(elim-avail-extern),function(gvn-hoist),function(instsimplify),function(gvn-hoist),module(attributor),function(memcpyopt),function(jump-threading),module(globalopt),function(gvn-sink),function(newgvn),function(newgvn),function(mem2reg,loop(loop-simplifycfg)),function(instsimplify),function(gvn-sink),module(globalopt),module(attributor),module(inferattrs),function(dce),function(dce),module(scc-oz-module-inliner),module(attributor),function(mem2reg),module(elim-avail-extern),module(globalopt),module(attributor),module(scc-oz-module-inliner),module(attributor),module(iroutliner),function(gvn-hoist),function(dce),function(newgvn) --mtriple=x86_64-unknown-linux-gnu
<no stdout/stderr captured>
[Error] eval /root/iscas/ruyituner/dataset21/poj104-v2-ll_4/train/18_880.ll: opt failed for pipeline='function(gvn-sink),function(instsimplify),cgscc(attributor-cgscc),function(gvn-hoist),module(iroutliner),function(dse),function(memcpyopt),module(elim-avail-extern),function(gvn-sink),module(iroutliner),module(attributor),function(gvn-sink),function(gvn-hoist),function(lower-switch),function(dse),module(globalopt),function(mem2reg),function(gvn-sink),module(iroutliner),module(attributor),function(instsimplify),module(elim-avail-extern),function(gvn-hoist),function(instsimplify),function(gvn-hoist),module(attributor),function(memcpyopt),function(jump-threading),module(globalopt),function(gvn-sink),function(newgvn),function(newgvn),function(mem2reg,loop(loop-simplifycfg)),function(instsimplify),function(gvn-sink),module(globalopt),module(attributor),module(inferattrs),function(dce),function(dce),module(scc-oz-module-inliner),module(attributor),function(mem2reg),module(elim-avail-extern),module(globalopt),module(attributor),module(scc-oz-module-inliner),module(attributor),module(iroutliner),function(gvn-hoist),function(dce),function(newgvn)', target_triple=x86_64-unknown-linux-gnu, returncode=-2, cmd=/root/opt/rv64gc_llvm_21/bin/opt -S -passes=function(gvn-sink),function(instsimplify),cgscc(attributor-cgscc),function(gvn-hoist),module(iroutliner),function(dse),function(memcpyopt),module(elim-avail-extern),function(gvn-sink),module(iroutliner),module(attributor),function(gvn-sink),function(gvn-hoist),function(lower-switch),function(dse),module(globalopt),function(mem2reg),function(gvn-sink),module(iroutliner),module(attributor),function(instsimplify),module(elim-avail-extern),function(gvn-hoist),function(instsimplify),function(gvn-hoist),module(attributor),function(memcpyopt),function(jump-threading),module(globalopt),function(gvn-sink),function(newgvn),function(newgvn),function(mem2reg,loop(loop-simplifycfg)),function(instsimplify),function(gvn-sink),module(globalopt),module(attributor),module(inferattrs),function(dce),function(dce),module(scc-oz-module-inliner),module(attributor),function(mem2reg),module(elim-avail-extern),module(globalopt),module(attributor),module(scc-oz-module-inliner),module(attributor),module(iroutliner),function(gvn-hoist),function(dce),function(newgvn) --mtriple=x86_64-unknown-linux-gnu
<no stdout/stderr captured>

[Error] eval /root/iscas/ruyituner/dataset21/poj104-v2-ll_4/train/94_1034.ll: opt failed for pipeline='function(gvn-sink),function(instsimplify),cgscc(attributor-cgscc),function(gvn-hoist),module(iroutliner),function(dse),function(memcpyopt),module(elim-avail-extern),function(gvn-sink),module(iroutliner),module(attributor),function(gvn-sink),function(gvn-hoist),function(lower-switch),function(dse),module(globalopt),function(mem2reg),function(gvn-sink),module(iroutliner),module(attributor),function(instsimplify),module(elim-avail-extern),function(gvn-hoist),function(instsimplify),function(gvn-hoist),module(attributor),function(memcpyopt),function(jump-threading),module(globalopt),function(gvn-sink),function(newgvn),function(newgvn),function(mem2reg,loop(loop-simplifycfg)),function(instsimplify),function(gvn-sink),module(globalopt),module(attributor),module(inferattrs),function(dce),function(dce),module(scc-oz-module-inliner),module(attributor),function(mem2reg),module(elim-avail-extern),module(globalopt),module(attributor),module(scc-oz-module-inliner),module(attributor),module(iroutliner),function(gvn-hoist),function(dce),function(newgvn)', target_triple=x86_64-unknown-linux-gnu, returncode=-2, cmd=/root/opt/rv64gc_llvm_21/bin/opt -S -passes=function(gvn-sink),function(instsimplify),cgscc(attributor-cgscc),function(gvn-hoist),module(iroutliner),function(dse),function(memcpyopt),module(elim-avail-extern),function(gvn-sink),module(iroutliner),module(attributor),function(gvn-sink),function(gvn-hoist),function(lower-switch),function(dse),module(globalopt),function(mem2reg),function(gvn-sink),module(iroutliner),module(attributor),function(instsimplify),module(elim-avail-extern),function(gvn-hoist),function(instsimplify),function(gvn-hoist),module(attributor),function(memcpyopt),function(jump-threading),module(globalopt),function(gvn-sink),function(newgvn),function(newgvn),function(mem2reg,loop(loop-simplifycfg)),function(instsimplify),function(gvn-sink),module(globalopt),module(attributor),module(inferattrs),function(dce),function(dce),module(scc-oz-module-inliner),module(attributor),function(mem2reg),module(elim-avail-extern),module(globalopt),module(attributor),module(scc-oz-module-inliner),module(attributor),module(iroutliner),function(gvn-hoist),function(dce),function(newgvn) --mtriple=x86_64-unknown-linux-gnu
<no stdout/stderr captured>
[Error] eval /root/iscas/ruyituner/dataset21/poj104-v2-ll_4/train/1_367.ll: opt failed for pipeline='function(gvn-sink),function(instsimplify),cgscc(attributor-cgscc),function(gvn-hoist),module(iroutliner),function(dse),function(memcpyopt),module(elim-avail-extern),function(gvn-sink),module(iroutliner),module(attributor),function(gvn-sink),function(gvn-hoist),function(lower-switch),function(dse),module(globalopt),function(mem2reg),function(gvn-sink),module(iroutliner),module(attributor),function(instsimplify),module(elim-avail-extern),function(gvn-hoist),function(instsimplify),function(gvn-hoist),module(attributor),function(memcpyopt),function(jump-threading),module(globalopt),function(gvn-sink),function(newgvn),function(newgvn),function(mem2reg,loop(loop-simplifycfg)),function(instsimplify),function(gvn-sink),module(globalopt),module(attributor),module(inferattrs),function(dce),function(dce),module(scc-oz-module-inliner),module(attributor),function(mem2reg),module(elim-avail-extern),module(globalopt),module(attributor),module(scc-oz-module-inliner),module(attributor),module(iroutliner),function(gvn-hoist),function(dce),function(newgvn)', target_triple=x86_64-unknown-linux-gnu, returncode=-2, cmd=/root/opt/rv64gc_llvm_21/bin/opt -S -passes=function(gvn-sink),function(instsimplify),cgscc(attributor-cgscc),function(gvn-hoist),module(iroutliner),function(dse),function(memcpyopt),module(elim-avail-extern),function(gvn-sink),module(iroutliner),module(attributor),function(gvn-sink),function(gvn-hoist),function(lower-switch),function(dse),module(globalopt),function(mem2reg),function(gvn-sink),module(iroutliner),module(attributor),function(instsimplify),module(elim-avail-extern),function(gvn-hoist),function(instsimplify),function(gvn-hoist),module(attributor),function(memcpyopt),function(jump-threading),module(globalopt),function(gvn-sink),function(newgvn),function(newgvn),function(mem2reg,loop(loop-simplifycfg)),function(instsimplify),function(gvn-sink),module(globalopt),module(attributor),module(inferattrs),function(dce),function(dce),module(scc-oz-module-inliner),module(attributor),function(mem2reg),module(elim-avail-extern),module(globalopt),module(attributor),module(scc-oz-module-inliner),module(attributor),module(iroutliner),function(gvn-hoist),function(dce),function(newgvn) --mtriple=x86_64-unknown-linux-gnu
<no stdout/stderr captured>[Error] eval /root/iscas/ruyituner/dataset21/poj104-v2-ll_4/train/12_659.ll: opt failed for pipeline='function(gvn-sink),function(instsimplify),cgscc(attributor-cgscc),function(gvn-hoist),module(iroutliner),function(dse),function(memcpyopt),module(elim-avail-extern),function(gvn-sink),module(iroutliner),module(attributor),function(gvn-sink),function(gvn-hoist),function(lower-switch),function(dse),module(globalopt),function(mem2reg),function(gvn-sink),module(iroutliner),module(attributor),function(instsimplify),module(elim-avail-extern),function(gvn-hoist),function(instsimplify),function(gvn-hoist),module(attributor),function(memcpyopt),function(jump-threading),module(globalopt),function(gvn-sink),function(newgvn),function(newgvn),function(mem2reg,loop(loop-simplifycfg)),function(instsimplify),function(gvn-sink),module(globalopt),module(attributor),module(inferattrs),function(dce),function(dce),module(scc-oz-module-inliner),module(attributor),function(mem2reg),module(elim-avail-extern),module(globalopt),module(attributor),module(scc-oz-module-inliner),module(attributor),module(iroutliner),function(gvn-hoist),function(dce),function(newgvn)', target_triple=x86_64-unknown-linux-gnu, returncode=-2, cmd=/root/opt/rv64gc_llvm_21/bin/opt -S -passes=function(gvn-sink),function(instsimplify),cgscc(attributor-cgscc),function(gvn-hoist),module(iroutliner),function(dse),function(memcpyopt),module(elim-avail-extern),function(gvn-sink),module(iroutliner),module(attributor),function(gvn-sink),function(gvn-hoist),function(lower-switch),function(dse),module(globalopt),function(mem2reg),function(gvn-sink),module(iroutliner),module(attributor),function(instsimplify),module(elim-avail-extern),function(gvn-hoist),function(instsimplify),function(gvn-hoist),module(attributor),function(memcpyopt),function(jump-threading),module(globalopt),function(gvn-sink),function(newgvn),function(newgvn),function(mem2reg,loop(loop-simplifycfg)),function(instsimplify),function(gvn-sink),module(globalopt),module(attributor),module(inferattrs),function(dce),function(dce),module(scc-oz-module-inliner),module(attributor),function(mem2reg),module(elim-avail-extern),module(globalopt),module(attributor),module(scc-oz-module-inliner),module(attributor),module(iroutliner),function(gvn-hoist),function(dce),function(newgvn) --mtriple=x86_64-unknown-linux-gnu
<no stdout/stderr captured>
[Error] eval /root/iscas/ruyituner/dataset21/poj104-v2-ll_4/train/18_1049.ll: opt failed for pipeline='function(gvn-sink),function(instsimplify),cgscc(attributor-cgscc),function(gvn-hoist),module(iroutliner),function(dse),function(memcpyopt),module(elim-avail-extern),function(gvn-sink),module(iroutliner),module(attributor),function(gvn-sink),function(gvn-hoist),function(lower-switch),function(dse),module(globalopt),function(mem2reg),function(gvn-sink),module(iroutliner),module(attributor),function(instsimplify),module(elim-avail-extern),function(gvn-hoist),function(instsimplify),function(gvn-hoist),module(attributor),function(memcpyopt),function(jump-threading),module(globalopt),function(gvn-sink),function(newgvn),function(newgvn),function(mem2reg,loop(loop-simplifycfg)),function(instsimplify),function(gvn-sink),module(globalopt),module(attributor),module(inferattrs),function(dce),function(dce),module(scc-oz-module-inliner),module(attributor),function(mem2reg),module(elim-avail-extern),module(globalopt),module(attributor),module(scc-oz-module-inliner),module(attributor),module(iroutliner),function(gvn-hoist),function(dce),function(newgvn)', target_triple=x86_64-unknown-linux-gnu, returncode=-2, cmd=/root/opt/rv64gc_llvm_21/bin/opt -S -passes=function(gvn-sink),function(instsimplify),cgscc(attributor-cgscc),function(gvn-hoist),module(iroutliner),function(dse),function(memcpyopt),module(elim-avail-extern),function(gvn-sink),module(iroutliner),module(attributor),function(gvn-sink),function(gvn-hoist),function(lower-switch),function(dse),module(globalopt),function(mem2reg),function(gvn-sink),module(iroutliner),module(attributor),function(instsimplify),module(elim-avail-extern),function(gvn-hoist),function(instsimplify),function(gvn-hoist),module(attributor),function(memcpyopt),function(jump-threading),module(globalopt),function(gvn-sink),function(newgvn),function(newgvn),function(mem2reg,loop(loop-simplifycfg)),function(instsimplify),function(gvn-sink),module(globalopt),module(attributor),module(inferattrs),function(dce),function(dce),module(scc-oz-module-inliner),module(attributor),function(mem2reg),module(elim-avail-extern),module(globalopt),module(attributor),module(scc-oz-module-inliner),module(attributor),module(iroutliner),function(gvn-hoist),function(dce),function(newgvn) --mtriple=x86_64-unknown-linux-gnu
<no stdout/stderr captured>
[Error] eval /root/iscas/ruyituner/dataset21/poj104-v2-ll_4/train/63_253.ll: opt failed for pipeline='function(gvn-sink),function(instsimplify),cgscc(attributor-cgscc),function(gvn-hoist),module(iroutliner),function(dse),function(memcpyopt),module(elim-avail-extern),function(gvn-sink),module(iroutliner),module(attributor),function(gvn-sink),function(gvn-hoist),function(lower-switch),function(dse),module(globalopt),function(mem2reg),function(gvn-sink),module(iroutliner),module(attributor),function(instsimplify),module(elim-avail-extern),function(gvn-hoist),function(instsimplify),function(gvn-hoist),module(attributor),function(memcpyopt),function(jump-threading),module(globalopt),function(gvn-sink),function(newgvn),function(newgvn),function(mem2reg,loop(loop-simplifycfg)),function(instsimplify),function(gvn-sink),module(globalopt),module(attributor),module(inferattrs),function(dce),function(dce),module(scc-oz-module-inliner),module(attributor),function(mem2reg),module(elim-avail-extern),module(globalopt),module(attributor),module(scc-oz-module-inliner),module(attributor),module(iroutliner),function(gvn-hoist),function(dce),function(newgvn)', target_triple=x86_64-unknown-linux-gnu, returncode=-2, cmd=/root/opt/rv64gc_llvm_21/bin/opt -S -passes=function(gvn-sink),function(instsimplify),cgscc(attributor-cgscc),function(gvn-hoist),module(iroutliner),function(dse),function(memcpyopt),module(elim-avail-extern),function(gvn-sink),module(iroutliner),module(attributor),function(gvn-sink),function(gvn-hoist),function(lower-switch),function(dse),module(globalopt),function(mem2reg),function(gvn-sink),module(iroutliner),module(attributor),function(instsimplify),module(elim-avail-extern),function(gvn-hoist),function(instsimplify),function(gvn-hoist),module(attributor),function(memcpyopt),function(jump-threading),module(globalopt),function(gvn-sink),function(newgvn),function(newgvn),function(mem2reg,loop(loop-simplifycfg)),function(instsimplify),function(gvn-sink),module(globalopt),module(attributor),module(inferattrs),function(dce),function(dce),module(scc-oz-module-inliner),module(attributor),function(mem2reg),module(elim-avail-extern),module(globalopt),module(attributor),module(scc-oz-module-inliner),module(attributor),module(iroutliner),function(gvn-hoist),function(dce),function(newgvn) --mtriple=x86_64-unknown-linux-gnu
<no stdout/stderr captured>
[Error] eval /root/iscas/ruyituner/dataset21/poj104-v2-ll_4/train/7_939.ll: opt failed for pipeline='function(gvn-sink),function(instsimplify),cgscc(attributor-cgscc),function(gvn-hoist),module(iroutliner),function(dse),function(memcpyopt),module(elim-avail-extern),function(gvn-sink),module(iroutliner),module(attributor),function(gvn-sink),function(gvn-hoist),function(lower-switch),function(dse),module(globalopt),function(mem2reg),function(gvn-sink),module(iroutliner),module(attributor),function(instsimplify),module(elim-avail-extern),function(gvn-hoist),function(instsimplify),function(gvn-hoist),module(attributor),function(memcpyopt),function(jump-threading),module(globalopt),function(gvn-sink),function(newgvn),function(newgvn),function(mem2reg,loop(loop-simplifycfg)),function(instsimplify),function(gvn-sink),module(globalopt),module(attributor),module(inferattrs),function(dce),function(dce),module(scc-oz-module-inliner),module(attributor),function(mem2reg),module(elim-avail-extern),module(globalopt),module(attributor),module(scc-oz-module-inliner),module(attributor),module(iroutliner),function(gvn-hoist),function(dce),function(newgvn)', target_triple=x86_64-unknown-linux-gnu, returncode=-2, cmd=/root/opt/rv64gc_llvm_21/bin/opt -S -passes=function(gvn-sink),function(instsimplify),cgscc(attributor-cgscc),function(gvn-hoist),module(iroutliner),function(dse),function(memcpyopt),module(elim-avail-extern),function(gvn-sink),module(iroutliner),module(attributor),function(gvn-sink),function(gvn-hoist),function(lower-switch),function(dse),module(globalopt),function(mem2reg),function(gvn-sink),module(iroutliner),module(attributor),function(instsimplify),module(elim-avail-extern),function(gvn-hoist),function(instsimplify),function(gvn-hoist),module(attributor),function(memcpyopt),function(jump-threading),module(globalopt),function(gvn-sink),function(newgvn),function(newgvn),function(mem2reg,loop(loop-simplifycfg)),function(instsimplify),function(gvn-sink),module(globalopt),module(attributor),module(inferattrs),function(dce),function(dce),module(scc-oz-module-inliner),module(attributor),function(mem2reg),module(elim-avail-extern),module(globalopt),module(attributor),module(scc-oz-module-inliner),module(attributor),module(iroutliner),function(gvn-hoist),function(dce),function(newgvn) --mtriple=x86_64-unknown-linux-gnu
<no stdout/stderr captured>
[Error] eval /root/iscas/ruyituner/dataset21/poj104-v2-ll_4/train/18_392.ll: opt failed for pipeline='function(gvn-sink),function(instsimplify),cgscc(attributor-cgscc),function(gvn-hoist),module(iroutliner),function(dse),function(memcpyopt),module(elim-avail-extern),function(gvn-sink),module(iroutliner),module(attributor),function(gvn-sink),function(gvn-hoist),function(lower-switch),function(dse),module(globalopt),function(mem2reg),function(gvn-sink),module(iroutliner),module(attributor),function(instsimplify),module(elim-avail-extern),function(gvn-hoist),function(instsimplify),function(gvn-hoist),module(attributor),function(memcpyopt),function(jump-threading),module(globalopt),function(gvn-sink),function(newgvn),function(newgvn),function(mem2reg,loop(loop-simplifycfg)),function(instsimplify),function(gvn-sink),module(globalopt),module(attributor),module(inferattrs),function(dce),function(dce),module(scc-oz-module-inliner),module(attributor),function(mem2reg),module(elim-avail-extern),module(globalopt),module(attributor),module(scc-oz-module-inliner),module(attributor),module(iroutliner),function(gvn-hoist),function(dce),function(newgvn)', target_triple=x86_64-unknown-linux-gnu, returncode=-2, cmd=/root/opt/rv64gc_llvm_21/bin/opt -S -passes=function(gvn-sink),function(instsimplify),cgscc(attributor-cgscc),function(gvn-hoist),module(iroutliner),function(dse),function(memcpyopt),module(elim-avail-extern),function(gvn-sink),module(iroutliner),module(attributor),function(gvn-sink),function(gvn-hoist),function(lower-switch),function(dse),module(globalopt),function(mem2reg),function(gvn-sink),module(iroutliner),module(attributor),function(instsimplify),module(elim-avail-extern),function(gvn-hoist),function(instsimplify),function(gvn-hoist),module(attributor),function(memcpyopt),function(jump-threading),module(globalopt),function(gvn-sink),function(newgvn),function(newgvn),function(mem2reg,loop(loop-simplifycfg)),function(instsimplify),function(gvn-sink),module(globalopt),module(attributor),module(inferattrs),function(dce),function(dce),module(scc-oz-module-inliner),module(attributor),function(mem2reg),module(elim-avail-extern),module(globalopt),module(attributor),module(scc-oz-module-inliner),module(attributor),module(iroutliner),function(gvn-hoist),function(dce),function(newgvn) --mtriple=x86_64-unknown-linux-gnu
<no stdout/stderr captured>



Traceback (most recent call last):
  File "/root/exp/RFunipassLab/boca.py", line 25, in <module>
    raise SystemExit(cli_main())
                     ~~~~~~~~^^
  File "/root/exp/RFunipassLab/boca_exp/runner.py", line 359, in cli_main
    run_result = main(
        programs,
    ...<2 lines>...
        topn=top_n,
    )
  File "/root/exp/RFunipassLab/boca_exp/runner.py", line 152, in main
    evaluate_sequence_metrics(val_programs, val_oz_values, new_seq)
    ~~~~~~~~~~~~~~~~~~~~~~~~~^^^^^^^^^^^^^^^^^^^^^^^^^^^^^^^^^^^^^^
  File "/root/exp/RFunipassLab/boca_exp/objective.py", line 74, in evaluate_sequence_metrics
    results = list(executor.map(eval_one, zip(programs, oz_values)))
  File "/root/miniconda3/envs/csibe313/lib/python3.13/concurrent/futures/_base.py", line 619, in result_iterator
    yield _result_or_cancel(fs.pop())
          ~~~~~~~~~~~~~~~~~^^^^^^^^^^
  File "/root/miniconda3/envs/csibe313/lib/python3.13/concurrent/futures/_base.py", line 317, in _result_or_cancel
    return fut.result(timeout)
           ~~~~~~~~~~^^^^^^^^^
  File "/root/miniconda3/envs/csibe313/lib/python3.13/concurrent/futures/_base.py", line 451, in result
    self._condition.wait(timeout)
    ~~~~~~~~~~~~~~~~~~~~^^^^^^^^^
  File "/root/miniconda3/envs/csibe313/lib/python3.13/threading.py", line 359, in wait
    waiter.acquire()
    ~~~~~~~~~~~~~~^^
KeyboardInterrupt
