# run_id: 20260410_220829_909630_feature_lite
# name: feature_lite
# group: feature_ablation
# description: 切换到 Lite 特征编码，保留其余搜索流程不变。
# changed: FEATURE_MODE=lite, GA_GEN=5, GA_POP=200, ITERS=200, MAX_SEQ_LEN=120, MIN_VAL_PROGRAMS=5, SEED_TOPK=0, TEST_TOPK=50, TRAIN_TOPK=200, VAL_RATIO=0.5
# started_at: 2026-04-10T22:08:29
# control_env:
#   DECAY=0.5
#   FEATURE_MODE=lite
#   GA_ELITE=0.1
#   GA_GEN=5
#   GA_MUT=0.8
#   GA_POP=200
#   GA_TOUR=3
#   ITERS=200
#   MAX_SEQ_LEN=120
#   MIN_VAL_PROGRAMS=5
#   OBJ_WORSEN_W=0.15
#   OFFSET=20
#   RNUM=256
#   RUNS=1
#   SCALE=10
#   SEED_TOPK=0
#   TEST_TOPK=50
#   TRAIN_TOPK=200
#   VAL_RATIO=0.5

Loading train/test rows from: /root/exp/RFunipassLab/data/tuning_results.csv
Loaded train programs:       200
Loaded initial seed seqs:    86
Loaded test programs:        50

Loading synergy graph from: /root/exp/RFunipassLab/data/Step3_EnumeratedPairs.csv
All passes (19): ['module(elim-avail-extern)', 'module(globalopt)', 'cgscc(attributor-cgscc)', 'module(scc-oz-module-inliner)', 'function(mem2reg)', 'function(instsimplify)', 'module(iroutliner)', 'function(reassociate)', 'function(memcpyopt)', 'function(gvn-hoist)', 'function(dce)', 'function(jump-threading)', 'module(attributor)', 'function(dse)', 'function(newgvn)', 'function(gvn-sink)', 'module(inferattrs)', 'loop(loop-simplifycfg)', 'function(lower-switch)']
Synergy edges: 176
Self-loop passes: {'module(attributor)', 'cgscc(attributor-cgscc)', 'function(newgvn)'}

============================================================
实验轮次 1 / 1
============================================================
============================================================
输入程序数:    200
输入次优序列数: 86
测试程序数:    50
Pass 词表大小: 19
协同边数:      176
自环 pass 数:  3
序列长度上限:  120
特征模式:      lite
RF 特征维度:   31
词表: ['module(elim-avail-extern)', 'module(globalopt)', 'cgscc(attributor-cgscc)', 'module(scc-oz-module-inliner)', 'function(mem2reg)', 'function(instsimplify)', 'module(iroutliner)', 'function(reassociate)', 'function(memcpyopt)', 'function(gvn-hoist)', 'function(dce)', 'function(jump-threading)', 'module(attributor)', 'function(dse)', 'function(newgvn)', 'function(gvn-sink)', 'module(inferattrs)', 'loop(loop-simplifycfg)', 'function(lower-switch)']
多目标权重:    mean=1.0, worsen=0.15

[Step 1.5] 训练程序切分...
  search_train 程序数: 100
  validation 程序数:   100

[Step 2] 计算 search_train 程序 -Oz 基准指令数...
[Step 2b] 计算 validation 程序 -Oz 基准指令数...
[Step 2c] 计算测试集程序 -Oz 基准指令数...

[Step 3] 评估初始 seed 序列（共 86 条）...
[Error] eval /root/iscas/ruyituner/dataset21/poj104-v2-ll_4/train/31_1857.ll: opt failed for pipeline='module(elim-avail-extern),module(globalopt),module(attributor),function(gvn-hoist),function(mem2reg),function(instsimplify),function(newgvn),cgscc(attributor-cgscc),module(scc-oz-module-inliner),function(dse)', target_triple=x86_64-unknown-linux-gnu, returncode=-6, cmd=/root/opt/rv64gc_llvm_21/bin/opt -S -passes=module(elim-avail-extern),module(globalopt),module(attributor),function(gvn-hoist),function(mem2reg),function(instsimplify),function(newgvn),cgscc(attributor-cgscc),module(scc-oz-module-inliner),function(dse) --mtriple=x86_64-unknown-linux-gnu
opt: /root/llvm/llvm-project-21/llvm/lib/Transforms/Utils/Local.cpp:3527: void llvm::patchReplacementInstruction(Instruction*, Value*): Assertion `Success && "We should not be trying to sink callbases " "with non-intersectable attributes"' failed.
PLEASE submit a bug report to https://github.com/llvm/llvm-project/issues/ and include the crash backtrace.
Stack dump:
0.	Program arguments: /root/opt/rv64gc_llvm_21/bin/opt -S -passes=module(elim-avail-extern),module(globalopt),module(attributor),function(gvn-hoist),function(mem2reg),function(instsimplify),function(newgvn),cgscc(attributor-cgscc),module(scc-oz-module-inliner),function(dse) --mtriple=x86_64-unknown-linux-gnu
1.	Running pass "function(newgvn)" on module "<stdin>"
2.	Running pass "newgvn" on function "main"
 #0 0x00005b9d3688edd0 llvm::sys::PrintStackTrace(llvm::raw_ostream&, int) /root/llvm/llvm-project-21/llvm/lib/Support/Unix/Signals.inc:834:22
 #1 0x00005b9d3688f259 PrintStackTraceSignalHandler(void*) /root/llvm/llvm-project-21/llvm/lib/Support/Unix/Signals.inc:918:1
 #2 0x00005b9d3688c3c9 llvm::sys::RunSignalHandlers() /root/llvm/llvm-project-21/llvm/lib/Support/Signals.cpp:104:20
 #3 0x00005b9d3688e60d SignalHandler(int, siginfo_t*, void*) /root/llvm/llvm-project-21/llvm/lib/Support/Unix/Signals.inc:426:14
 #4 0x0000789a394af330 (/lib/x86_64-linux-gnu/libc.so.6+0x45330)
 #5 0x0000789a39508b2c __pthread_kill_implementation ./nptl/pthread_kill.c:44:76
 #6 0x0000789a39508b2c __pthread_kill_internal ./nptl/pthread_kill.c:78:10
 #7 0x0000789a39508b2c pthread_kill ./nptl/pthread_kill.c:89:10
 #8 0x0000789a394af27e raise ./signal/../sysdeps/posix/raise.c:27:6
 #9 0x0000789a394928ff abort ./stdlib/abort.c:81:7
#10 0x0000789a3949281b _nl_load_domain ./intl/loadmsgcat.c:1177:9
#11 0x0000789a394a5517 (/lib/x86_64-linux-gnu/libc.so.6+0x3b517)
#12 0x00005b9d3534a172 llvm::patchReplacementInstruction(llvm::Instruction*, llvm::Value*) /root/llvm/llvm-project-21/llvm/lib/Transforms/Utils/Local.cpp:3543:24
#13 0x00005b9d34e39c10 (anonymous namespace)::NewGVN::eliminateInstructions(llvm::Function&) /root/llvm/llvm-project-21/llvm/lib/Transforms/Scalar/NewGVN.cpp:4128:11
[Error] eval /root/iscas/ruyituner/dataset21/poj104-v2-ll_4/train/31_1857.ll: opt failed for pipeline='module(elim-avail-extern),module(scc-oz-module-inliner),module(globalopt),function(mem2reg),module(elim-avail-extern),module(iroutliner),function(dse),function(newgvn),cgscc(attributor-cgscc),module(globalopt),function(gvn-sink),function(newgvn),function(dce),function(gvn-hoist),cgscc(attributor-cgscc),function(mem2reg)', target_triple=x86_64-unknown-linux-gnu, returncode=-6, cmd=/root/opt/rv64gc_llvm_21/bin/opt -S -passes=module(elim-avail-extern),module(scc-oz-module-inliner),module(globalopt),function(mem2reg),module(elim-avail-extern),module(iroutliner),function(dse),function(newgvn),cgscc(attributor-cgscc),module(globalopt),function(gvn-sink),function(newgvn),function(dce),function(gvn-hoist),cgscc(attributor-cgscc),function(mem2reg) --mtriple=x86_64-unknown-linux-gnu
opt: /root/llvm/llvm-project-21/llvm/lib/Transforms/Utils/Local.cpp:3527: void llvm::patchReplacementInstruction(Instruction*, Value*): Assertion `Success && "We should not be trying to sink callbases " "with non-intersectable attributes"' failed.
PLEASE submit a bug report to https://github.com/llvm/llvm-project/issues/ and include the crash backtrace.
Stack dump:
0.	Program arguments: /root/opt/rv64gc_llvm_21/bin/opt -S -passes=module(elim-avail-extern),module(scc-oz-module-inliner),module(globalopt),function(mem2reg),module(elim-avail-extern),module(iroutliner),function(dse),function(newgvn),cgscc(attributor-cgscc),module(globalopt),function(gvn-sink),function(newgvn),function(dce),function(gvn-hoist),cgscc(attributor-cgscc),function(mem2reg) --mtriple=x86_64-unknown-linux-gnu
1.	Running pass "function(newgvn)" on module "<stdin>"
2.	Running pass "newgvn" on function "main"
 #0 0x00005c6291ec0dd0 llvm::sys::PrintStackTrace(llvm::raw_ostream&, int) /root/llvm/llvm-project-21/llvm/lib/Support/Unix/Signals.inc:834:22
 #1 0x00005c6291ec1259 PrintStackTraceSignalHandler(void*) /root/llvm/llvm-project-21/llvm/lib/Support/Unix/Signals.inc:918:1
 #2 0x00005c6291ebe3c9 llvm::sys::RunSignalHandlers() /root/llvm/llvm-project-21/llvm/lib/Support/Signals.cpp:104:20
 #3 0x00005c6291ec060d SignalHandler(int, siginfo_t*, void*) /root/llvm/llvm-project-21/llvm/lib/Support/Unix/Signals.inc:426:14
 #4 0x00007cce90404330 (/lib/x86_64-linux-gnu/libc.so.6+0x45330)
 #5 0x00007cce9045db2c __pthread_kill_implementation ./nptl/pthread_kill.c:44:76
 #6 0x00007cce9045db2c __pthread_kill_internal ./nptl/pthread_kill.c:78:10
 #7 0x00007cce9045db2c pthread_kill ./nptl/pthread_kill.c:89:10
 #8 0x00007cce9040427e raise ./signal/../sysdeps/posix/raise.c:27:6
 #9 0x00007cce903e78ff abort ./stdlib/abort.c:81:7
#10 0x00007cce903e781b _nl_load_domain ./intl/loadmsgcat.c:1177:9
#11 0x00007cce903fa517 (/lib/x86_64-linux-gnu/libc.so.6+0x3b517)
#12 0x00005c629097c172 llvm::patchReplacementInstruction(llvm::Instruction*, llvm::Value*) /root/llvm/llvm-project-21/llvm/lib/Transforms/Utils/Local.cpp:3543:24
#13 0x00005c629046bc10 (anonymous namespace)::NewGVN::eliminateInstructions(llvm::Function&) /root/llvm/llvm-project-21/llvm/lib/Transforms/Scalar/NewGVN.cpp:4128:11
[Error] eval /root/iscas/ruyituner/dataset21/poj104-v2-ll_4/train/31_1857.ll: opt failed for pipeline='module(inferattrs),module(scc-oz-module-inliner),module(attributor),function(gvn-sink),module(iroutliner),cgscc(attributor-cgscc),function(newgvn),function(dse),function(gvn-sink),function(jump-threading)', target_triple=x86_64-unknown-linux-gnu, returncode=-6, cmd=/root/opt/rv64gc_llvm_21/bin/opt -S -passes=module(inferattrs),module(scc-oz-module-inliner),module(attributor),function(gvn-sink),module(iroutliner),cgscc(attributor-cgscc),function(newgvn),function(dse),function(gvn-sink),function(jump-threading) --mtriple=x86_64-unknown-linux-gnu
opt: /root/llvm/llvm-project-21/llvm/lib/Transforms/Utils/Local.cpp:3527: void llvm::patchReplacementInstruction(Instruction*, Value*): Assertion `Success && "We should not be trying to sink callbases " "with non-intersectable attributes"' failed.
PLEASE submit a bug report to https://github.com/llvm/llvm-project/issues/ and include the crash backtrace.
Stack dump:
0.	Program arguments: /root/opt/rv64gc_llvm_21/bin/opt -S -passes=module(inferattrs),module(scc-oz-module-inliner),module(attributor),function(gvn-sink),module(iroutliner),cgscc(attributor-cgscc),function(newgvn),function(dse),function(gvn-sink),function(jump-threading) --mtriple=x86_64-unknown-linux-gnu
1.	Running pass "function(newgvn)" on module "<stdin>"
2.	Running pass "newgvn" on function "main"
 #0 0x000057e479e49dd0 llvm::sys::PrintStackTrace(llvm::raw_ostream&, int) /root/llvm/llvm-project-21/llvm/lib/Support/Unix/Signals.inc:834:22
 #1 0x000057e479e4a259 PrintStackTraceSignalHandler(void*) /root/llvm/llvm-project-21/llvm/lib/Support/Unix/Signals.inc:918:1
 #2 0x000057e479e473c9 llvm::sys::RunSignalHandlers() /root/llvm/llvm-project-21/llvm/lib/Support/Signals.cpp:104:20
 #3 0x000057e479e4960d SignalHandler(int, siginfo_t*, void*) /root/llvm/llvm-project-21/llvm/lib/Support/Unix/Signals.inc:426:14
 #4 0x00007b0981779330 (/lib/x86_64-linux-gnu/libc.so.6+0x45330)
 #5 0x00007b09817d2b2c __pthread_kill_implementation ./nptl/pthread_kill.c:44:76
 #6 0x00007b09817d2b2c __pthread_kill_internal ./nptl/pthread_kill.c:78:10
 #7 0x00007b09817d2b2c pthread_kill ./nptl/pthread_kill.c:89:10
 #8 0x00007b098177927e raise ./signal/../sysdeps/posix/raise.c:27:6
 #9 0x00007b098175c8ff abort ./stdlib/abort.c:81:7
#10 0x00007b098175c81b _nl_load_domain ./intl/loadmsgcat.c:1177:9
#11 0x00007b098176f517 (/lib/x86_64-linux-gnu/libc.so.6+0x3b517)
#12 0x000057e478905172 llvm::patchReplacementInstruction(llvm::Instruction*, llvm::Value*) /root/llvm/llvm-project-21/llvm/lib/Transforms/Utils/Local.cpp:3543:24
#13 0x000057e4783f4c10 (anonymous namespace)::NewGVN::eliminateInstructions(llvm::Function&) /root/llvm/llvm-project-21/llvm/lib/Transforms/Scalar/NewGVN.cpp:4128:11
[Error] eval /root/iscas/ruyituner/dataset21/poj104-v2-ll_4/train/31_1857.ll: opt failed for pipeline='module(elim-avail-extern),module(globalopt),module(elim-avail-extern),module(scc-oz-module-inliner),function(mem2reg),function(gvn-sink),module(iroutliner),function(dse),module(attributor),module(scc-oz-module-inliner),function(memcpyopt),function(instsimplify),function(newgvn),function(mem2reg),function(gvn-hoist),cgscc(attributor-cgscc)', target_triple=x86_64-unknown-linux-gnu, returncode=-6, cmd=/root/opt/rv64gc_llvm_21/bin/opt -S -passes=module(elim-avail-extern),module(globalopt),module(elim-avail-extern),module(scc-oz-module-inliner),function(mem2reg),function(gvn-sink),module(iroutliner),function(dse),module(attributor),module(scc-oz-module-inliner),function(memcpyopt),function(instsimplify),function(newgvn),function(mem2reg),function(gvn-hoist),cgscc(attributor-cgscc) --mtriple=x86_64-unknown-linux-gnu
opt: /root/llvm/llvm-project-21/llvm/lib/Transforms/Utils/Local.cpp:3527: void llvm::patchReplacementInstruction(Instruction*, Value*): Assertion `Success && "We should not be trying to sink callbases " "with non-intersectable attributes"' failed.
PLEASE submit a bug report to https://github.com/llvm/llvm-project/issues/ and include the crash backtrace.
Stack dump:
0.	Program arguments: /root/opt/rv64gc_llvm_21/bin/opt -S -passes=module(elim-avail-extern),module(globalopt),module(elim-avail-extern),module(scc-oz-module-inliner),function(mem2reg),function(gvn-sink),module(iroutliner),function(dse),module(attributor),module(scc-oz-module-inliner),function(memcpyopt),function(instsimplify),function(newgvn),function(mem2reg),function(gvn-hoist),cgscc(attributor-cgscc) --mtriple=x86_64-unknown-linux-gnu
1.	Running pass "function(newgvn)" on module "<stdin>"
2.	Running pass "newgvn" on function "main"
 #0 0x00005ac1c7590dd0 llvm::sys::PrintStackTrace(llvm::raw_ostream&, int) /root/llvm/llvm-project-21/llvm/lib/Support/Unix/Signals.inc:834:22
 #1 0x00005ac1c7591259 PrintStackTraceSignalHandler(void*) /root/llvm/llvm-project-21/llvm/lib/Support/Unix/Signals.inc:918:1
 #2 0x00005ac1c758e3c9 llvm::sys::RunSignalHandlers() /root/llvm/llvm-project-21/llvm/lib/Support/Signals.cpp:104:20
 #3 0x00005ac1c759060d SignalHandler(int, siginfo_t*, void*) /root/llvm/llvm-project-21/llvm/lib/Support/Unix/Signals.inc:426:14
 #4 0x0000725b2797a330 (/lib/x86_64-linux-gnu/libc.so.6+0x45330)
 #5 0x0000725b279d3b2c __pthread_kill_implementation ./nptl/pthread_kill.c:44:76
 #6 0x0000725b279d3b2c __pthread_kill_internal ./nptl/pthread_kill.c:78:10
 #7 0x0000725b279d3b2c pthread_kill ./nptl/pthread_kill.c:89:10
 #8 0x0000725b2797a27e raise ./signal/../sysdeps/posix/raise.c:27:6
 #9 0x0000725b2795d8ff abort ./stdlib/abort.c:81:7
#10 0x0000725b2795d81b _nl_load_domain ./intl/loadmsgcat.c:1177:9
#11 0x0000725b27970517 (/lib/x86_64-linux-gnu/libc.so.6+0x3b517)
#12 0x00005ac1c604c172 llvm::patchReplacementInstruction(llvm::Instruction*, llvm::Value*) /root/llvm/llvm-project-21/llvm/lib/Transforms/Utils/Local.cpp:3543:24
#13 0x00005ac1c5b3bc10 (anonymous namespace)::NewGVN::eliminateInstructions(llvm::Function&) /root/llvm/llvm-project-21/llvm/lib/Transforms/Scalar/NewGVN.cpp:4128:11
[Error] eval /root/iscas/ruyituner/dataset21/poj104-v2-ll_4/train/31_1857.ll: opt failed for pipeline='module(attributor),module(elim-avail-extern),module(scc-oz-module-inliner),function(memcpyopt),module(attributor),module(globalopt),function(dse),function(memcpyopt),module(attributor),module(globalopt),module(iroutliner),function(jump-threading),function(dse),function(newgvn),function(gvn-hoist),function(dce),module(iroutliner),module(globalopt),function(dse),function(memcpyopt),function(reassociate),function(gvn-hoist),function(reassociate),function(jump-threading)', target_triple=x86_64-unknown-linux-gnu, returncode=-6, cmd=/root/opt/rv64gc_llvm_21/bin/opt -S -passes=module(attributor),module(elim-avail-extern),module(scc-oz-module-inliner),function(memcpyopt),module(attributor),module(globalopt),function(dse),function(memcpyopt),module(attributor),module(globalopt),module(iroutliner),function(jump-threading),function(dse),function(newgvn),function(gvn-hoist),function(dce),module(iroutliner),module(globalopt),function(dse),function(memcpyopt),function(reassociate),function(gvn-hoist),function(reassociate),function(jump-threading) --mtriple=x86_64-unknown-linux-gnu
opt: /root/llvm/llvm-project-21/llvm/lib/Transforms/Utils/Local.cpp:3527: void llvm::patchReplacementInstruction(Instruction*, Value*): Assertion `Success && "We should not be trying to sink callbases " "with non-intersectable attributes"' failed.
PLEASE submit a bug report to https://github.com/llvm/llvm-project/issues/ and include the crash backtrace.
Stack dump:
0.	Program arguments: /root/opt/rv64gc_llvm_21/bin/opt -S -passes=module(attributor),module(elim-avail-extern),module(scc-oz-module-inliner),function(memcpyopt),module(attributor),module(globalopt),function(dse),function(memcpyopt),module(attributor),module(globalopt),module(iroutliner),function(jump-threading),function(dse),function(newgvn),function(gvn-hoist),function(dce),module(iroutliner),module(globalopt),function(dse),function(memcpyopt),function(reassociate),function(gvn-hoist),function(reassociate),function(jump-threading) --mtriple=x86_64-unknown-linux-gnu
1.	Running pass "function(newgvn)" on module "<stdin>"
2.	Running pass "newgvn" on function "main"
 #0 0x000056d5cc2aedd0 llvm::sys::PrintStackTrace(llvm::raw_ostream&, int) /root/llvm/llvm-project-21/llvm/lib/Support/Unix/Signals.inc:834:22
 #1 0x000056d5cc2af259 PrintStackTraceSignalHandler(void*) /root/llvm/llvm-project-21/llvm/lib/Support/Unix/Signals.inc:918:1
 #2 0x000056d5cc2ac3c9 llvm::sys::RunSignalHandlers() /root/llvm/llvm-project-21/llvm/lib/Support/Signals.cpp:104:20
 #3 0x000056d5cc2ae60d SignalHandler(int, siginfo_t*, void*) /root/llvm/llvm-project-21/llvm/lib/Support/Unix/Signals.inc:426:14
 #4 0x00007d03fccb4330 (/lib/x86_64-linux-gnu/libc.so.6+0x45330)
 #5 0x00007d03fcd0db2c __pthread_kill_implementation ./nptl/pthread_kill.c:44:76
 #6 0x00007d03fcd0db2c __pthread_kill_internal ./nptl/pthread_kill.c:78:10
 #7 0x00007d03fcd0db2c pthread_kill ./nptl/pthread_kill.c:89:10
 #8 0x00007d03fccb427e raise ./signal/../sysdeps/posix/raise.c:27:6
 #9 0x00007d03fcc978ff abort ./stdlib/abort.c:81:7
#10 0x00007d03fcc9781b _nl_load_domain ./intl/loadmsgcat.c:1177:9
#11 0x00007d03fccaa517 (/lib/x86_64-linux-gnu/libc.so.6+0x3b517)
#12 0x000056d5cad6a172 llvm::patchReplacementInstruction(llvm::Instruction*, llvm::Value*) /root/llvm/llvm-project-21/llvm/lib/Transforms/Utils/Local.cpp:3543:24
#13 0x000056d5ca859c10 (anonymous namespace)::NewGVN::eliminateInstructions(llvm::Function&) /root/llvm/llvm-project-21/llvm/lib/Transforms/Scalar/NewGVN.cpp:4128:11
[Error] eval /root/iscas/ruyituner/dataset21/poj104-v2-ll_4/train/31_1857.ll: opt failed for pipeline='module(elim-avail-extern),module(globalopt),module(attributor),module(scc-oz-module-inliner),function(mem2reg),function(reassociate),function(memcpyopt),function(newgvn),function(dse),module(elim-avail-extern),cgscc(attributor-cgscc),module(scc-oz-module-inliner),function(jump-threading),function(reassociate),function(gvn-hoist)', target_triple=x86_64-unknown-linux-gnu, returncode=-6, cmd=/root/opt/rv64gc_llvm_21/bin/opt -S -passes=module(elim-avail-extern),module(globalopt),module(attributor),module(scc-oz-module-inliner),function(mem2reg),function(reassociate),function(memcpyopt),function(newgvn),function(dse),module(elim-avail-extern),cgscc(attributor-cgscc),module(scc-oz-module-inliner),function(jump-threading),function(reassociate),function(gvn-hoist) --mtriple=x86_64-unknown-linux-gnu
opt: /root/llvm/llvm-project-21/llvm/lib/Transforms/Utils/Local.cpp:3527: void llvm::patchReplacementInstruction(Instruction*, Value*): Assertion `Success && "We should not be trying to sink callbases " "with non-intersectable attributes"' failed.
PLEASE submit a bug report to https://github.com/llvm/llvm-project/issues/ and include the crash backtrace.
Stack dump:
0.	Program arguments: /root/opt/rv64gc_llvm_21/bin/opt -S -passes=module(elim-avail-extern),module(globalopt),module(attributor),module(scc-oz-module-inliner),function(mem2reg),function(reassociate),function(memcpyopt),function(newgvn),function(dse),module(elim-avail-extern),cgscc(attributor-cgscc),module(scc-oz-module-inliner),function(jump-threading),function(reassociate),function(gvn-hoist) --mtriple=x86_64-unknown-linux-gnu
1.	Running pass "function(newgvn)" on module "<stdin>"
2.	Running pass "newgvn" on function "main"
 #0 0x00005b0787036dd0 llvm::sys::PrintStackTrace(llvm::raw_ostream&, int) /root/llvm/llvm-project-21/llvm/lib/Support/Unix/Signals.inc:834:22
 #1 0x00005b0787037259 PrintStackTraceSignalHandler(void*) /root/llvm/llvm-project-21/llvm/lib/Support/Unix/Signals.inc:918:1
 #2 0x00005b07870343c9 llvm::sys::RunSignalHandlers() /root/llvm/llvm-project-21/llvm/lib/Support/Signals.cpp:104:20
 #3 0x00005b078703660d SignalHandler(int, siginfo_t*, void*) /root/llvm/llvm-project-21/llvm/lib/Support/Unix/Signals.inc:426:14
 #4 0x00007669eff6f330 (/lib/x86_64-linux-gnu/libc.so.6+0x45330)
 #5 0x00007669effc8b2c __pthread_kill_implementation ./nptl/pthread_kill.c:44:76
 #6 0x00007669effc8b2c __pthread_kill_internal ./nptl/pthread_kill.c:78:10
 #7 0x00007669effc8b2c pthread_kill ./nptl/pthread_kill.c:89:10
 #8 0x00007669eff6f27e raise ./signal/../sysdeps/posix/raise.c:27:6
 #9 0x00007669eff528ff abort ./stdlib/abort.c:81:7
#10 0x00007669eff5281b _nl_load_domain ./intl/loadmsgcat.c:1177:9
#11 0x00007669eff65517 (/lib/x86_64-linux-gnu/libc.so.6+0x3b517)
#12 0x00005b0785af2172 llvm::patchReplacementInstruction(llvm::Instruction*, llvm::Value*) /root/llvm/llvm-project-21/llvm/lib/Transforms/Utils/Local.cpp:3543:24
#13 0x00005b07855e1c10 (anonymous namespace)::NewGVN::eliminateInstructions(llvm::Function&) /root/llvm/llvm-project-21/llvm/lib/Transforms/Scalar/NewGVN.cpp:4128:11
[Error] eval /root/iscas/ruyituner/dataset21/poj104-v2-ll_4/train/31_1857.ll: opt failed for pipeline='module(elim-avail-extern),function(mem2reg),function(instsimplify),module(iroutliner),function(dce),function(newgvn),function(reassociate),function(memcpyopt),function(gvn-hoist),function(dce),function(jump-threading),module(elim-avail-extern),module(globalopt),function(gvn-sink),function(jump-threading),module(iroutliner),function(dse)', target_triple=x86_64-unknown-linux-gnu, returncode=-6, cmd=/root/opt/rv64gc_llvm_21/bin/opt -S -passes=module(elim-avail-extern),function(mem2reg),function(instsimplify),module(iroutliner),function(dce),function(newgvn),function(reassociate),function(memcpyopt),function(gvn-hoist),function(dce),function(jump-threading),module(elim-avail-extern),module(globalopt),function(gvn-sink),function(jump-threading),module(iroutliner),function(dse) --mtriple=x86_64-unknown-linux-gnu
opt: /root/llvm/llvm-project-21/llvm/lib/Transforms/Utils/Local.cpp:3527: void llvm::patchReplacementInstruction(Instruction*, Value*): Assertion `Success && "We should not be trying to sink callbases " "with non-intersectable attributes"' failed.
PLEASE submit a bug report to https://github.com/llvm/llvm-project/issues/ and include the crash backtrace.
Stack dump:
0.	Program arguments: /root/opt/rv64gc_llvm_21/bin/opt -S -passes=module(elim-avail-extern),function(mem2reg),function(instsimplify),module(iroutliner),function(dce),function(newgvn),function(reassociate),function(memcpyopt),function(gvn-hoist),function(dce),function(jump-threading),module(elim-avail-extern),module(globalopt),function(gvn-sink),function(jump-threading),module(iroutliner),function(dse) --mtriple=x86_64-unknown-linux-gnu
1.	Running pass "function(newgvn)" on module "<stdin>"
2.	Running pass "newgvn" on function "main"
 #0 0x00005b05cdc7fdd0 llvm::sys::PrintStackTrace(llvm::raw_ostream&, int) /root/llvm/llvm-project-21/llvm/lib/Support/Unix/Signals.inc:834:22
 #1 0x00005b05cdc80259 PrintStackTraceSignalHandler(void*) /root/llvm/llvm-project-21/llvm/lib/Support/Unix/Signals.inc:918:1
 #2 0x00005b05cdc7d3c9 llvm::sys::RunSignalHandlers() /root/llvm/llvm-project-21/llvm/lib/Support/Signals.cpp:104:20
 #3 0x00005b05cdc7f60d SignalHandler(int, siginfo_t*, void*) /root/llvm/llvm-project-21/llvm/lib/Support/Unix/Signals.inc:426:14
 #4 0x000076c4b0369330 (/lib/x86_64-linux-gnu/libc.so.6+0x45330)
 #5 0x000076c4b03c2b2c __pthread_kill_implementation ./nptl/pthread_kill.c:44:76
 #6 0x000076c4b03c2b2c __pthread_kill_internal ./nptl/pthread_kill.c:78:10
 #7 0x000076c4b03c2b2c pthread_kill ./nptl/pthread_kill.c:89:10
 #8 0x000076c4b036927e raise ./signal/../sysdeps/posix/raise.c:27:6
 #9 0x000076c4b034c8ff abort ./stdlib/abort.c:81:7
#10 0x000076c4b034c81b _nl_load_domain ./intl/loadmsgcat.c:1177:9
#11 0x000076c4b035f517 (/lib/x86_64-linux-gnu/libc.so.6+0x3b517)
#12 0x00005b05cc73b172 llvm::patchReplacementInstruction(llvm::Instruction*, llvm::Value*) /root/llvm/llvm-project-21/llvm/lib/Transforms/Utils/Local.cpp:3543:24
#13 0x00005b05cc22ac10 (anonymous namespace)::NewGVN::eliminateInstructions(llvm::Function&) /root/llvm/llvm-project-21/llvm/lib/Transforms/Scalar/NewGVN.cpp:4128:11
[Error] eval /root/iscas/ruyituner/dataset21/poj104-v2-ll_4/train/31_1857.ll: opt failed for pipeline='module(inferattrs),module(scc-oz-module-inliner),function(mem2reg),module(iroutliner),function(gvn-hoist),function(jump-threading),module(elim-avail-extern),function(jump-threading),module(globalopt),cgscc(attributor-cgscc),function(dse),function(newgvn),function(gvn-sink)', target_triple=x86_64-unknown-linux-gnu, returncode=-6, cmd=/root/opt/rv64gc_llvm_21/bin/opt -S -passes=module(inferattrs),module(scc-oz-module-inliner),function(mem2reg),module(iroutliner),function(gvn-hoist),function(jump-threading),module(elim-avail-extern),function(jump-threading),module(globalopt),cgscc(attributor-cgscc),function(dse),function(newgvn),function(gvn-sink) --mtriple=x86_64-unknown-linux-gnu
opt: /root/llvm/llvm-project-21/llvm/lib/Transforms/Utils/Local.cpp:3527: void llvm::patchReplacementInstruction(Instruction*, Value*): Assertion `Success && "We should not be trying to sink callbases " "with non-intersectable attributes"' failed.
PLEASE submit a bug report to https://github.com/llvm/llvm-project/issues/ and include the crash backtrace.
Stack dump:
0.	Program arguments: /root/opt/rv64gc_llvm_21/bin/opt -S -passes=module(inferattrs),module(scc-oz-module-inliner),function(mem2reg),module(iroutliner),function(gvn-hoist),function(jump-threading),module(elim-avail-extern),function(jump-threading),module(globalopt),cgscc(attributor-cgscc),function(dse),function(newgvn),function(gvn-sink) --mtriple=x86_64-unknown-linux-gnu
1.	Running pass "function(newgvn)" on module "<stdin>"
2.	Running pass "newgvn" on function "main"
 #0 0x00005e1205a27dd0 llvm::sys::PrintStackTrace(llvm::raw_ostream&, int) /root/llvm/llvm-project-21/llvm/lib/Support/Unix/Signals.inc:834:22
 #1 0x00005e1205a28259 PrintStackTraceSignalHandler(void*) /root/llvm/llvm-project-21/llvm/lib/Support/Unix/Signals.inc:918:1
 #2 0x00005e1205a253c9 llvm::sys::RunSignalHandlers() /root/llvm/llvm-project-21/llvm/lib/Support/Signals.cpp:104:20
 #3 0x00005e1205a2760d SignalHandler(int, siginfo_t*, void*) /root/llvm/llvm-project-21/llvm/lib/Support/Unix/Signals.inc:426:14
 #4 0x00007438f1868330 (/lib/x86_64-linux-gnu/libc.so.6+0x45330)
 #5 0x00007438f18c1b2c __pthread_kill_implementation ./nptl/pthread_kill.c:44:76
 #6 0x00007438f18c1b2c __pthread_kill_internal ./nptl/pthread_kill.c:78:10
 #7 0x00007438f18c1b2c pthread_kill ./nptl/pthread_kill.c:89:10
 #8 0x00007438f186827e raise ./signal/../sysdeps/posix/raise.c:27:6
 #9 0x00007438f184b8ff abort ./stdlib/abort.c:81:7
#10 0x00007438f184b81b _nl_load_domain ./intl/loadmsgcat.c:1177:9
#11 0x00007438f185e517 (/lib/x86_64-linux-gnu/libc.so.6+0x3b517)
#12 0x00005e12044e3172 llvm::patchReplacementInstruction(llvm::Instruction*, llvm::Value*) /root/llvm/llvm-project-21/llvm/lib/Transforms/Utils/Local.cpp:3543:24
#13 0x00005e1203fd2c10 (anonymous namespace)::NewGVN::eliminateInstructions(llvm::Function&) /root/llvm/llvm-project-21/llvm/lib/Transforms/Scalar/NewGVN.cpp:4128:11
[Error] eval /root/iscas/ruyituner/dataset21/poj104-v2-ll_4/train/31_1857.ll: opt failed for pipeline='module(elim-avail-extern),module(globalopt),function(dse),function(jump-threading),module(elim-avail-extern),module(scc-oz-module-inliner),function(reassociate),function(memcpyopt),function(dce),function(newgvn)', target_triple=x86_64-unknown-linux-gnu, returncode=-6, cmd=/root/opt/rv64gc_llvm_21/bin/opt -S -passes=module(elim-avail-extern),module(globalopt),function(dse),function(jump-threading),module(elim-avail-extern),module(scc-oz-module-inliner),function(reassociate),function(memcpyopt),function(dce),function(newgvn) --mtriple=x86_64-unknown-linux-gnu
opt: /root/llvm/llvm-project-21/llvm/lib/Transforms/Utils/Local.cpp:3527: void llvm::patchReplacementInstruction(Instruction*, Value*): Assertion `Success && "We should not be trying to sink callbases " "with non-intersectable attributes"' failed.
PLEASE submit a bug report to https://github.com/llvm/llvm-project/issues/ and include the crash backtrace.
Stack dump:
0.	Program arguments: /root/opt/rv64gc_llvm_21/bin/opt -S -passes=module(elim-avail-extern),module(globalopt),function(dse),function(jump-threading),module(elim-avail-extern),module(scc-oz-module-inliner),function(reassociate),function(memcpyopt),function(dce),function(newgvn) --mtriple=x86_64-unknown-linux-gnu
1.	Running pass "function(newgvn)" on module "<stdin>"
2.	Running pass "newgvn" on function "main"
 #0 0x000056739558ddd0 llvm::sys::PrintStackTrace(llvm::raw_ostream&, int) /root/llvm/llvm-project-21/llvm/lib/Support/Unix/Signals.inc:834:22
 #1 0x000056739558e259 PrintStackTraceSignalHandler(void*) /root/llvm/llvm-project-21/llvm/lib/Support/Unix/Signals.inc:918:1
 #2 0x000056739558b3c9 llvm::sys::RunSignalHandlers() /root/llvm/llvm-project-21/llvm/lib/Support/Signals.cpp:104:20
 #3 0x000056739558d60d SignalHandler(int, siginfo_t*, void*) /root/llvm/llvm-project-21/llvm/lib/Support/Unix/Signals.inc:426:14
 #4 0x0000781d26390330 (/lib/x86_64-linux-gnu/libc.so.6+0x45330)
 #5 0x0000781d263e9b2c __pthread_kill_implementation ./nptl/pthread_kill.c:44:76
 #6 0x0000781d263e9b2c __pthread_kill_internal ./nptl/pthread_kill.c:78:10
 #7 0x0000781d263e9b2c pthread_kill ./nptl/pthread_kill.c:89:10
 #8 0x0000781d2639027e raise ./signal/../sysdeps/posix/raise.c:27:6
 #9 0x0000781d263738ff abort ./stdlib/abort.c:81:7
#10 0x0000781d2637381b _nl_load_domain ./intl/loadmsgcat.c:1177:9
#11 0x0000781d26386517 (/lib/x86_64-linux-gnu/libc.so.6+0x3b517)
#12 0x0000567394049172 llvm::patchReplacementInstruction(llvm::Instruction*, llvm::Value*) /root/llvm/llvm-project-21/llvm/lib/Transforms/Utils/Local.cpp:3543:24
#13 0x0000567393b38c10 (anonymous namespace)::NewGVN::eliminateInstructions(llvm::Function&) /root/llvm/llvm-project-21/llvm/lib/Transforms/Scalar/NewGVN.cpp:4128:11
[Error] eval /root/iscas/ruyituner/dataset21/poj104-v2-ll_4/train/31_1857.ll: opt failed for pipeline='module(elim-avail-extern),function(mem2reg),function(gvn-sink),function(jump-threading),module(globalopt),function(newgvn),function(gvn-hoist),module(iroutliner)', target_triple=x86_64-unknown-linux-gnu, returncode=-6, cmd=/root/opt/rv64gc_llvm_21/bin/opt -S -passes=module(elim-avail-extern),function(mem2reg),function(gvn-sink),function(jump-threading),module(globalopt),function(newgvn),function(gvn-hoist),module(iroutliner) --mtriple=x86_64-unknown-linux-gnu
opt: /root/llvm/llvm-project-21/llvm/lib/Transforms/Utils/Local.cpp:3527: void llvm::patchReplacementInstruction(Instruction*, Value*): Assertion `Success && "We should not be trying to sink callbases " "with non-intersectable attributes"' failed.
PLEASE submit a bug report to https://github.com/llvm/llvm-project/issues/ and include the crash backtrace.
Stack dump:
0.	Program arguments: /root/opt/rv64gc_llvm_21/bin/opt -S -passes=module(elim-avail-extern),function(mem2reg),function(gvn-sink),function(jump-threading),module(globalopt),function(newgvn),function(gvn-hoist),module(iroutliner) --mtriple=x86_64-unknown-linux-gnu
1.	Running pass "function(newgvn)" on module "<stdin>"
2.	Running pass "newgvn" on function "main"
 #0 0x00005666a136fdd0 llvm::sys::PrintStackTrace(llvm::raw_ostream&, int) /root/llvm/llvm-project-21/llvm/lib/Support/Unix/Signals.inc:834:22
 #1 0x00005666a1370259 PrintStackTraceSignalHandler(void*) /root/llvm/llvm-project-21/llvm/lib/Support/Unix/Signals.inc:918:1
 #2 0x00005666a136d3c9 llvm::sys::RunSignalHandlers() /root/llvm/llvm-project-21/llvm/lib/Support/Signals.cpp:104:20
 #3 0x00005666a136f60d SignalHandler(int, siginfo_t*, void*) /root/llvm/llvm-project-21/llvm/lib/Support/Unix/Signals.inc:426:14
 #4 0x00007152fc10a330 (/lib/x86_64-linux-gnu/libc.so.6+0x45330)
 #5 0x00007152fc163b2c __pthread_kill_implementation ./nptl/pthread_kill.c:44:76
 #6 0x00007152fc163b2c __pthread_kill_internal ./nptl/pthread_kill.c:78:10
 #7 0x00007152fc163b2c pthread_kill ./nptl/pthread_kill.c:89:10
 #8 0x00007152fc10a27e raise ./signal/../sysdeps/posix/raise.c:27:6
 #9 0x00007152fc0ed8ff abort ./stdlib/abort.c:81:7
#10 0x00007152fc0ed81b _nl_load_domain ./intl/loadmsgcat.c:1177:9
#11 0x00007152fc100517 (/lib/x86_64-linux-gnu/libc.so.6+0x3b517)
#12 0x000056669fe2b172 llvm::patchReplacementInstruction(llvm::Instruction*, llvm::Value*) /root/llvm/llvm-project-21/llvm/lib/Transforms/Utils/Local.cpp:3543:24
#13 0x000056669f91ac10 (anonymous namespace)::NewGVN::eliminateInstructions(llvm::Function&) /root/llvm/llvm-project-21/llvm/lib/Transforms/Scalar/NewGVN.cpp:4128:11
[Error] eval /root/iscas/ruyituner/dataset21/poj104-v2-ll_4/train/31_1857.ll: opt failed for pipeline='module(attributor),module(scc-oz-module-inliner),function(newgvn),function(jump-threading),function(newgvn),module(elim-avail-extern),module(scc-oz-module-inliner),module(iroutliner)', target_triple=x86_64-unknown-linux-gnu, returncode=-6, cmd=/root/opt/rv64gc_llvm_21/bin/opt -S -passes=module(attributor),module(scc-oz-module-inliner),function(newgvn),function(jump-threading),function(newgvn),module(elim-avail-extern),module(scc-oz-module-inliner),module(iroutliner) --mtriple=x86_64-unknown-linux-gnu
opt: /root/llvm/llvm-project-21/llvm/lib/Transforms/Utils/Local.cpp:3527: void llvm::patchReplacementInstruction(Instruction*, Value*): Assertion `Success && "We should not be trying to sink callbases " "with non-intersectable attributes"' failed.
PLEASE submit a bug report to https://github.com/llvm/llvm-project/issues/ and include the crash backtrace.
Stack dump:
0.	Program arguments: /root/opt/rv64gc_llvm_21/bin/opt -S -passes=module(attributor),module(scc-oz-module-inliner),function(newgvn),function(jump-threading),function(newgvn),module(elim-avail-extern),module(scc-oz-module-inliner),module(iroutliner) --mtriple=x86_64-unknown-linux-gnu
1.	Running pass "function(newgvn)" on module "<stdin>"
2.	Running pass "newgvn" on function "main"
 #0 0x00005d240890edd0 llvm::sys::PrintStackTrace(llvm::raw_ostream&, int) /root/llvm/llvm-project-21/llvm/lib/Support/Unix/Signals.inc:834:22
 #1 0x00005d240890f259 PrintStackTraceSignalHandler(void*) /root/llvm/llvm-project-21/llvm/lib/Support/Unix/Signals.inc:918:1
 #2 0x00005d240890c3c9 llvm::sys::RunSignalHandlers() /root/llvm/llvm-project-21/llvm/lib/Support/Signals.cpp:104:20
 #3 0x00005d240890e60d SignalHandler(int, siginfo_t*, void*) /root/llvm/llvm-project-21/llvm/lib/Support/Unix/Signals.inc:426:14
 #4 0x00007c334defa330 (/lib/x86_64-linux-gnu/libc.so.6+0x45330)
 #5 0x00007c334df53b2c __pthread_kill_implementation ./nptl/pthread_kill.c:44:76
 #6 0x00007c334df53b2c __pthread_kill_internal ./nptl/pthread_kill.c:78:10
 #7 0x00007c334df53b2c pthread_kill ./nptl/pthread_kill.c:89:10
 #8 0x00007c334defa27e raise ./signal/../sysdeps/posix/raise.c:27:6
 #9 0x00007c334dedd8ff abort ./stdlib/abort.c:81:7
#10 0x00007c334dedd81b _nl_load_domain ./intl/loadmsgcat.c:1177:9
#11 0x00007c334def0517 (/lib/x86_64-linux-gnu/libc.so.6+0x3b517)
#12 0x00005d24073ca172 llvm::patchReplacementInstruction(llvm::Instruction*, llvm::Value*) /root/llvm/llvm-project-21/llvm/lib/Transforms/Utils/Local.cpp:3543:24
#13 0x00005d2406eb9c10 (anonymous namespace)::NewGVN::eliminateInstructions(llvm::Function&) /root/llvm/llvm-project-21/llvm/lib/Transforms/Scalar/NewGVN.cpp:4128:11
[Error] eval /root/iscas/ruyituner/dataset21/poj104-v2-ll_4/train/31_1857.ll: opt failed for pipeline='module(elim-avail-extern),function(mem2reg),function(newgvn),module(globalopt),module(attributor),module(scc-oz-module-inliner),function(reassociate),function(jump-threading)', target_triple=x86_64-unknown-linux-gnu, returncode=-6, cmd=/root/opt/rv64gc_llvm_21/bin/opt -S -passes=module(elim-avail-extern),function(mem2reg),function(newgvn),module(globalopt),module(attributor),module(scc-oz-module-inliner),function(reassociate),function(jump-threading) --mtriple=x86_64-unknown-linux-gnu
opt: /root/llvm/llvm-project-21/llvm/lib/Transforms/Utils/Local.cpp:3527: void llvm::patchReplacementInstruction(Instruction*, Value*): Assertion `Success && "We should not be trying to sink callbases " "with non-intersectable attributes"' failed.
PLEASE submit a bug report to https://github.com/llvm/llvm-project/issues/ and include the crash backtrace.
Stack dump:
0.	Program arguments: /root/opt/rv64gc_llvm_21/bin/opt -S -passes=module(elim-avail-extern),function(mem2reg),function(newgvn),module(globalopt),module(attributor),module(scc-oz-module-inliner),function(reassociate),function(jump-threading) --mtriple=x86_64-unknown-linux-gnu
1.	Running pass "function(newgvn)" on module "<stdin>"
2.	Running pass "newgvn" on function "main"
 #0 0x00005f08146afdd0 llvm::sys::PrintStackTrace(llvm::raw_ostream&, int) /root/llvm/llvm-project-21/llvm/lib/Support/Unix/Signals.inc:834:22
 #1 0x00005f08146b0259 PrintStackTraceSignalHandler(void*) /root/llvm/llvm-project-21/llvm/lib/Support/Unix/Signals.inc:918:1
 #2 0x00005f08146ad3c9 llvm::sys::RunSignalHandlers() /root/llvm/llvm-project-21/llvm/lib/Support/Signals.cpp:104:20
 #3 0x00005f08146af60d SignalHandler(int, siginfo_t*, void*) /root/llvm/llvm-project-21/llvm/lib/Support/Unix/Signals.inc:426:14
 #4 0x000070b903d9c330 (/lib/x86_64-linux-gnu/libc.so.6+0x45330)
 #5 0x000070b903df5b2c __pthread_kill_implementation ./nptl/pthread_kill.c:44:76
 #6 0x000070b903df5b2c __pthread_kill_internal ./nptl/pthread_kill.c:78:10
 #7 0x000070b903df5b2c pthread_kill ./nptl/pthread_kill.c:89:10
 #8 0x000070b903d9c27e raise ./signal/../sysdeps/posix/raise.c:27:6
 #9 0x000070b903d7f8ff abort ./stdlib/abort.c:81:7
#10 0x000070b903d7f81b _nl_load_domain ./intl/loadmsgcat.c:1177:9
#11 0x000070b903d92517 (/lib/x86_64-linux-gnu/libc.so.6+0x3b517)
#12 0x00005f081316b172 llvm::patchReplacementInstruction(llvm::Instruction*, llvm::Value*) /root/llvm/llvm-project-21/llvm/lib/Transforms/Utils/Local.cpp:3543:24
#13 0x00005f0812c5ac10 (anonymous namespace)::NewGVN::eliminateInstructions(llvm::Function&) /root/llvm/llvm-project-21/llvm/lib/Transforms/Scalar/NewGVN.cpp:4128:11
[Error] eval /root/iscas/ruyituner/dataset21/poj104-v2-ll_4/train/31_1857.ll: opt failed for pipeline='module(elim-avail-extern),function(mem2reg),function(instsimplify),module(iroutliner),function(reassociate),function(jump-threading),module(elim-avail-extern),module(globalopt),function(gvn-sink),function(newgvn),cgscc(attributor-cgscc)', target_triple=x86_64-unknown-linux-gnu, returncode=-6, cmd=/root/opt/rv64gc_llvm_21/bin/opt -S -passes=module(elim-avail-extern),function(mem2reg),function(instsimplify),module(iroutliner),function(reassociate),function(jump-threading),module(elim-avail-extern),module(globalopt),function(gvn-sink),function(newgvn),cgscc(attributor-cgscc) --mtriple=x86_64-unknown-linux-gnu
opt: /root/llvm/llvm-project-21/llvm/lib/Transforms/Utils/Local.cpp:3527: void llvm::patchReplacementInstruction(Instruction*, Value*): Assertion `Success && "We should not be trying to sink callbases " "with non-intersectable attributes"' failed.
PLEASE submit a bug report to https://github.com/llvm/llvm-project/issues/ and include the crash backtrace.
Stack dump:
0.	Program arguments: /root/opt/rv64gc_llvm_21/bin/opt -S -passes=module(elim-avail-extern),function(mem2reg),function(instsimplify),module(iroutliner),function(reassociate),function(jump-threading),module(elim-avail-extern),module(globalopt),function(gvn-sink),function(newgvn),cgscc(attributor-cgscc) --mtriple=x86_64-unknown-linux-gnu
1.	Running pass "function(newgvn)" on module "<stdin>"
2.	Running pass "newgvn" on function "main"
 #0 0x0000585fdee45dd0 llvm::sys::PrintStackTrace(llvm::raw_ostream&, int) /root/llvm/llvm-project-21/llvm/lib/Support/Unix/Signals.inc:834:22
 #1 0x0000585fdee46259 PrintStackTraceSignalHandler(void*) /root/llvm/llvm-project-21/llvm/lib/Support/Unix/Signals.inc:918:1
 #2 0x0000585fdee433c9 llvm::sys::RunSignalHandlers() /root/llvm/llvm-project-21/llvm/lib/Support/Signals.cpp:104:20
 #3 0x0000585fdee4560d SignalHandler(int, siginfo_t*, void*) /root/llvm/llvm-project-21/llvm/lib/Support/Unix/Signals.inc:426:14
 #4 0x00007e56052d7330 (/lib/x86_64-linux-gnu/libc.so.6+0x45330)
 #5 0x00007e5605330b2c __pthread_kill_implementation ./nptl/pthread_kill.c:44:76
 #6 0x00007e5605330b2c __pthread_kill_internal ./nptl/pthread_kill.c:78:10
 #7 0x00007e5605330b2c pthread_kill ./nptl/pthread_kill.c:89:10
 #8 0x00007e56052d727e raise ./signal/../sysdeps/posix/raise.c:27:6
 #9 0x00007e56052ba8ff abort ./stdlib/abort.c:81:7
#10 0x00007e56052ba81b _nl_load_domain ./intl/loadmsgcat.c:1177:9
#11 0x00007e56052cd517 (/lib/x86_64-linux-gnu/libc.so.6+0x3b517)
#12 0x0000585fdd901172 llvm::patchReplacementInstruction(llvm::Instruction*, llvm::Value*) /root/llvm/llvm-project-21/llvm/lib/Transforms/Utils/Local.cpp:3543:24
#13 0x0000585fdd3f0c10 (anonymous namespace)::NewGVN::eliminateInstructions(llvm::Function&) /root/llvm/llvm-project-21/llvm/lib/Transforms/Scalar/NewGVN.cpp:4128:11
[Error] eval /root/iscas/ruyituner/dataset21/poj104-v2-ll_4/train/31_1857.ll: opt failed for pipeline='module(attributor),function(memcpyopt),function(dce),function(newgvn),module(elim-avail-extern),function(mem2reg),module(iroutliner),function(reassociate),function(gvn-hoist),function(jump-threading),function(memcpyopt),function(dce),function(newgvn),module(iroutliner),function(gvn-hoist),function(memcpyopt),function(jump-threading),function(dse),module(elim-avail-extern),module(scc-oz-module-inliner),cgscc(attributor-cgscc)', target_triple=x86_64-unknown-linux-gnu, returncode=-6, cmd=/root/opt/rv64gc_llvm_21/bin/opt -S -passes=module(attributor),function(memcpyopt),function(dce),function(newgvn),module(elim-avail-extern),function(mem2reg),module(iroutliner),function(reassociate),function(gvn-hoist),function(jump-threading),function(memcpyopt),function(dce),function(newgvn),module(iroutliner),function(gvn-hoist),function(memcpyopt),function(jump-threading),function(dse),module(elim-avail-extern),module(scc-oz-module-inliner),cgscc(attributor-cgscc) --mtriple=x86_64-unknown-linux-gnu
opt: /root/llvm/llvm-project-21/llvm/lib/Transforms/Utils/Local.cpp:3527: void llvm::patchReplacementInstruction(Instruction*, Value*): Assertion `Success && "We should not be trying to sink callbases " "with non-intersectable attributes"' failed.
PLEASE submit a bug report to https://github.com/llvm/llvm-project/issues/ and include the crash backtrace.
Stack dump:
0.	Program arguments: /root/opt/rv64gc_llvm_21/bin/opt -S -passes=module(attributor),function(memcpyopt),function(dce),function(newgvn),module(elim-avail-extern),function(mem2reg),module(iroutliner),function(reassociate),function(gvn-hoist),function(jump-threading),function(memcpyopt),function(dce),function(newgvn),module(iroutliner),function(gvn-hoist),function(memcpyopt),function(jump-threading),function(dse),module(elim-avail-extern),module(scc-oz-module-inliner),cgscc(attributor-cgscc) --mtriple=x86_64-unknown-linux-gnu
1.	Running pass "function(newgvn)" on module "<stdin>"
2.	Running pass "newgvn" on function "main"
 #0 0x000058be848aadd0 llvm::sys::PrintStackTrace(llvm::raw_ostream&, int) /root/llvm/llvm-project-21/llvm/lib/Support/Unix/Signals.inc:834:22
 #1 0x000058be848ab259 PrintStackTraceSignalHandler(void*) /root/llvm/llvm-project-21/llvm/lib/Support/Unix/Signals.inc:918:1
 #2 0x000058be848a83c9 llvm::sys::RunSignalHandlers() /root/llvm/llvm-project-21/llvm/lib/Support/Signals.cpp:104:20
 #3 0x000058be848aa60d SignalHandler(int, siginfo_t*, void*) /root/llvm/llvm-project-21/llvm/lib/Support/Unix/Signals.inc:426:14
 #4 0x0000725d01327330 (/lib/x86_64-linux-gnu/libc.so.6+0x45330)
 #5 0x0000725d01380b2c __pthread_kill_implementation ./nptl/pthread_kill.c:44:76
 #6 0x0000725d01380b2c __pthread_kill_internal ./nptl/pthread_kill.c:78:10
 #7 0x0000725d01380b2c pthread_kill ./nptl/pthread_kill.c:89:10
 #8 0x0000725d0132727e raise ./signal/../sysdeps/posix/raise.c:27:6
 #9 0x0000725d0130a8ff abort ./stdlib/abort.c:81:7
#10 0x0000725d0130a81b _nl_load_domain ./intl/loadmsgcat.c:1177:9
#11 0x0000725d0131d517 (/lib/x86_64-linux-gnu/libc.so.6+0x3b517)
#12 0x000058be83366172 llvm::patchReplacementInstruction(llvm::Instruction*, llvm::Value*) /root/llvm/llvm-project-21/llvm/lib/Transforms/Utils/Local.cpp:3543:24
#13 0x000058be82e55c10 (anonymous namespace)::NewGVN::eliminateInstructions(llvm::Function&) /root/llvm/llvm-project-21/llvm/lib/Transforms/Scalar/NewGVN.cpp:4128:11
[Error] eval /root/iscas/ruyituner/dataset21/poj104-v2-ll_4/train/31_1857.ll: opt failed for pipeline='module(attributor),module(scc-oz-module-inliner),module(attributor),module(scc-oz-module-inliner),function(reassociate),function(newgvn),function(newgvn)', target_triple=x86_64-unknown-linux-gnu, returncode=-6, cmd=/root/opt/rv64gc_llvm_21/bin/opt -S -passes=module(attributor),module(scc-oz-module-inliner),module(attributor),module(scc-oz-module-inliner),function(reassociate),function(newgvn),function(newgvn) --mtriple=x86_64-unknown-linux-gnu
opt: /root/llvm/llvm-project-21/llvm/lib/Transforms/Utils/Local.cpp:3527: void llvm::patchReplacementInstruction(Instruction*, Value*): Assertion `Success && "We should not be trying to sink callbases " "with non-intersectable attributes"' failed.
PLEASE submit a bug report to https://github.com/llvm/llvm-project/issues/ and include the crash backtrace.
Stack dump:
0.	Program arguments: /root/opt/rv64gc_llvm_21/bin/opt -S -passes=module(attributor),module(scc-oz-module-inliner),module(attributor),module(scc-oz-module-inliner),function(reassociate),function(newgvn),function(newgvn) --mtriple=x86_64-unknown-linux-gnu
1.	Running pass "function(newgvn)" on module "<stdin>"
2.	Running pass "newgvn" on function "main"
 #0 0x00005f4a84b98dd0 llvm::sys::PrintStackTrace(llvm::raw_ostream&, int) /root/llvm/llvm-project-21/llvm/lib/Support/Unix/Signals.inc:834:22
 #1 0x00005f4a84b99259 PrintStackTraceSignalHandler(void*) /root/llvm/llvm-project-21/llvm/lib/Support/Unix/Signals.inc:918:1
 #2 0x00005f4a84b963c9 llvm::sys::RunSignalHandlers() /root/llvm/llvm-project-21/llvm/lib/Support/Signals.cpp:104:20
 #3 0x00005f4a84b9860d SignalHandler(int, siginfo_t*, void*) /root/llvm/llvm-project-21/llvm/lib/Support/Unix/Signals.inc:426:14
 #4 0x00007d0358c67330 (/lib/x86_64-linux-gnu/libc.so.6+0x45330)
 #5 0x00007d0358cc0b2c __pthread_kill_implementation ./nptl/pthread_kill.c:44:76
 #6 0x00007d0358cc0b2c __pthread_kill_internal ./nptl/pthread_kill.c:78:10
 #7 0x00007d0358cc0b2c pthread_kill ./nptl/pthread_kill.c:89:10
 #8 0x00007d0358c6727e raise ./signal/../sysdeps/posix/raise.c:27:6
 #9 0x00007d0358c4a8ff abort ./stdlib/abort.c:81:7
#10 0x00007d0358c4a81b _nl_load_domain ./intl/loadmsgcat.c:1177:9
#11 0x00007d0358c5d517 (/lib/x86_64-linux-gnu/libc.so.6+0x3b517)
#12 0x00005f4a83654172 llvm::patchReplacementInstruction(llvm::Instruction*, llvm::Value*) /root/llvm/llvm-project-21/llvm/lib/Transforms/Utils/Local.cpp:3543:24
#13 0x00005f4a83143c10 (anonymous namespace)::NewGVN::eliminateInstructions(llvm::Function&) /root/llvm/llvm-project-21/llvm/lib/Transforms/Scalar/NewGVN.cpp:4128:11
[Error] eval /root/iscas/ruyituner/dataset21/poj104-v2-ll_4/train/31_1857.ll: opt failed for pipeline='module(inferattrs),module(scc-oz-module-inliner),function(newgvn),function(newgvn),cgscc(attributor-cgscc),function(gvn-sink),module(iroutliner)', target_triple=x86_64-unknown-linux-gnu, returncode=-6, cmd=/root/opt/rv64gc_llvm_21/bin/opt -S -passes=module(inferattrs),module(scc-oz-module-inliner),function(newgvn),function(newgvn),cgscc(attributor-cgscc),function(gvn-sink),module(iroutliner) --mtriple=x86_64-unknown-linux-gnu
opt: /root/llvm/llvm-project-21/llvm/lib/Transforms/Utils/Local.cpp:3527: void llvm::patchReplacementInstruction(Instruction*, Value*): Assertion `Success && "We should not be trying to sink callbases " "with non-intersectable attributes"' failed.
PLEASE submit a bug report to https://github.com/llvm/llvm-project/issues/ and include the crash backtrace.
Stack dump:
0.	Program arguments: /root/opt/rv64gc_llvm_21/bin/opt -S -passes=module(inferattrs),module(scc-oz-module-inliner),function(newgvn),function(newgvn),cgscc(attributor-cgscc),function(gvn-sink),module(iroutliner) --mtriple=x86_64-unknown-linux-gnu
1.	Running pass "function(newgvn)" on module "<stdin>"
2.	Running pass "newgvn" on function "main"
 #0 0x000056a9efca2dd0 llvm::sys::PrintStackTrace(llvm::raw_ostream&, int) /root/llvm/llvm-project-21/llvm/lib/Support/Unix/Signals.inc:834:22
 #1 0x000056a9efca3259 PrintStackTraceSignalHandler(void*) /root/llvm/llvm-project-21/llvm/lib/Support/Unix/Signals.inc:918:1
 #2 0x000056a9efca03c9 llvm::sys::RunSignalHandlers() /root/llvm/llvm-project-21/llvm/lib/Support/Signals.cpp:104:20
 #3 0x000056a9efca260d SignalHandler(int, siginfo_t*, void*) /root/llvm/llvm-project-21/llvm/lib/Support/Unix/Signals.inc:426:14
 #4 0x000075e698e14330 (/lib/x86_64-linux-gnu/libc.so.6+0x45330)
 #5 0x000075e698e6db2c __pthread_kill_implementation ./nptl/pthread_kill.c:44:76
 #6 0x000075e698e6db2c __pthread_kill_internal ./nptl/pthread_kill.c:78:10
 #7 0x000075e698e6db2c pthread_kill ./nptl/pthread_kill.c:89:10
 #8 0x000075e698e1427e raise ./signal/../sysdeps/posix/raise.c:27:6
 #9 0x000075e698df78ff abort ./stdlib/abort.c:81:7
#10 0x000075e698df781b _nl_load_domain ./intl/loadmsgcat.c:1177:9
#11 0x000075e698e0a517 (/lib/x86_64-linux-gnu/libc.so.6+0x3b517)
#12 0x000056a9ee75e172 llvm::patchReplacementInstruction(llvm::Instruction*, llvm::Value*) /root/llvm/llvm-project-21/llvm/lib/Transforms/Utils/Local.cpp:3543:24
#13 0x000056a9ee24dc10 (anonymous namespace)::NewGVN::eliminateInstructions(llvm::Function&) /root/llvm/llvm-project-21/llvm/lib/Transforms/Scalar/NewGVN.cpp:4128:11
[Error] eval /root/iscas/ruyituner/dataset21/poj104-v2-ll_4/train/31_1857.ll: opt failed for pipeline='module(elim-avail-extern),cgscc(attributor-cgscc),module(globalopt),module(elim-avail-extern),module(scc-oz-module-inliner),function(newgvn)', target_triple=x86_64-unknown-linux-gnu, returncode=-6, cmd=/root/opt/rv64gc_llvm_21/bin/opt -S -passes=module(elim-avail-extern),cgscc(attributor-cgscc),module(globalopt),module(elim-avail-extern),module(scc-oz-module-inliner),function(newgvn) --mtriple=x86_64-unknown-linux-gnu
opt: /root/llvm/llvm-project-21/llvm/lib/Transforms/Utils/Local.cpp:3527: void llvm::patchReplacementInstruction(Instruction*, Value*): Assertion `Success && "We should not be trying to sink callbases " "with non-intersectable attributes"' failed.
PLEASE submit a bug report to https://github.com/llvm/llvm-project/issues/ and include the crash backtrace.
Stack dump:
0.	Program arguments: /root/opt/rv64gc_llvm_21/bin/opt -S -passes=module(elim-avail-extern),cgscc(attributor-cgscc),module(globalopt),module(elim-avail-extern),module(scc-oz-module-inliner),function(newgvn) --mtriple=x86_64-unknown-linux-gnu
1.	Running pass "function(newgvn)" on module "<stdin>"
2.	Running pass "newgvn" on function "main"
 #0 0x0000650570132dd0 llvm::sys::PrintStackTrace(llvm::raw_ostream&, int) /root/llvm/llvm-project-21/llvm/lib/Support/Unix/Signals.inc:834:22
 #1 0x0000650570133259 PrintStackTraceSignalHandler(void*) /root/llvm/llvm-project-21/llvm/lib/Support/Unix/Signals.inc:918:1
 #2 0x00006505701303c9 llvm::sys::RunSignalHandlers() /root/llvm/llvm-project-21/llvm/lib/Support/Signals.cpp:104:20
 #3 0x000065057013260d SignalHandler(int, siginfo_t*, void*) /root/llvm/llvm-project-21/llvm/lib/Support/Unix/Signals.inc:426:14
 #4 0x00007eca81fb5330 (/lib/x86_64-linux-gnu/libc.so.6+0x45330)
 #5 0x00007eca8200eb2c __pthread_kill_implementation ./nptl/pthread_kill.c:44:76
 #6 0x00007eca8200eb2c __pthread_kill_internal ./nptl/pthread_kill.c:78:10
 #7 0x00007eca8200eb2c pthread_kill ./nptl/pthread_kill.c:89:10
 #8 0x00007eca81fb527e raise ./signal/../sysdeps/posix/raise.c:27:6
 #9 0x00007eca81f988ff abort ./stdlib/abort.c:81:7
#10 0x00007eca81f9881b _nl_load_domain ./intl/loadmsgcat.c:1177:9
#11 0x00007eca81fab517 (/lib/x86_64-linux-gnu/libc.so.6+0x3b517)
#12 0x000065056ebee172 llvm::patchReplacementInstruction(llvm::Instruction*, llvm::Value*) /root/llvm/llvm-project-21/llvm/lib/Transforms/Utils/Local.cpp:3543:24
#13 0x000065056e6ddc10 (anonymous namespace)::NewGVN::eliminateInstructions(llvm::Function&) /root/llvm/llvm-project-21/llvm/lib/Transforms/Scalar/NewGVN.cpp:4128:11
[Error] eval /root/iscas/ruyituner/dataset21/poj104-v2-ll_4/train/31_1857.ll: opt failed for pipeline='module(attributor),module(scc-oz-module-inliner),function(dce),module(iroutliner),cgscc(attributor-cgscc),module(scc-oz-module-inliner),function(newgvn)', target_triple=x86_64-unknown-linux-gnu, returncode=-6, cmd=/root/opt/rv64gc_llvm_21/bin/opt -S -passes=module(attributor),module(scc-oz-module-inliner),function(dce),module(iroutliner),cgscc(attributor-cgscc),module(scc-oz-module-inliner),function(newgvn) --mtriple=x86_64-unknown-linux-gnu
opt: /root/llvm/llvm-project-21/llvm/lib/Transforms/Utils/Local.cpp:3527: void llvm::patchReplacementInstruction(Instruction*, Value*): Assertion `Success && "We should not be trying to sink callbases " "with non-intersectable attributes"' failed.
PLEASE submit a bug report to https://github.com/llvm/llvm-project/issues/ and include the crash backtrace.
Stack dump:
0.	Program arguments: /root/opt/rv64gc_llvm_21/bin/opt -S -passes=module(attributor),module(scc-oz-module-inliner),function(dce),module(iroutliner),cgscc(attributor-cgscc),module(scc-oz-module-inliner),function(newgvn) --mtriple=x86_64-unknown-linux-gnu
1.	Running pass "function(newgvn)" on module "<stdin>"
2.	Running pass "newgvn" on function "main"
 #0 0x000064a0fa098dd0 llvm::sys::PrintStackTrace(llvm::raw_ostream&, int) /root/llvm/llvm-project-21/llvm/lib/Support/Unix/Signals.inc:834:22
 #1 0x000064a0fa099259 PrintStackTraceSignalHandler(void*) /root/llvm/llvm-project-21/llvm/lib/Support/Unix/Signals.inc:918:1
 #2 0x000064a0fa0963c9 llvm::sys::RunSignalHandlers() /root/llvm/llvm-project-21/llvm/lib/Support/Signals.cpp:104:20
 #3 0x000064a0fa09860d SignalHandler(int, siginfo_t*, void*) /root/llvm/llvm-project-21/llvm/lib/Support/Unix/Signals.inc:426:14
 #4 0x00007de7dafcf330 (/lib/x86_64-linux-gnu/libc.so.6+0x45330)
 #5 0x00007de7db028b2c __pthread_kill_implementation ./nptl/pthread_kill.c:44:76
 #6 0x00007de7db028b2c __pthread_kill_internal ./nptl/pthread_kill.c:78:10
 #7 0x00007de7db028b2c pthread_kill ./nptl/pthread_kill.c:89:10
 #8 0x00007de7dafcf27e raise ./signal/../sysdeps/posix/raise.c:27:6
 #9 0x00007de7dafb28ff abort ./stdlib/abort.c:81:7
#10 0x00007de7dafb281b _nl_load_domain ./intl/loadmsgcat.c:1177:9
#11 0x00007de7dafc5517 (/lib/x86_64-linux-gnu/libc.so.6+0x3b517)
#12 0x000064a0f8b54172 llvm::patchReplacementInstruction(llvm::Instruction*, llvm::Value*) /root/llvm/llvm-project-21/llvm/lib/Transforms/Utils/Local.cpp:3543:24
#13 0x000064a0f8643c10 (anonymous namespace)::NewGVN::eliminateInstructions(llvm::Function&) /root/llvm/llvm-project-21/llvm/lib/Transforms/Scalar/NewGVN.cpp:4128:11
[Error] eval /root/iscas/ruyituner/dataset21/poj104-v2-ll_4/train/31_1857.ll: opt failed for pipeline='module(elim-avail-extern),module(globalopt),function(dse),function(jump-threading),module(elim-avail-extern),module(globalopt),module(iroutliner),module(attributor),module(scc-oz-module-inliner),function(newgvn),module(globalopt),function(mem2reg)', target_triple=x86_64-unknown-linux-gnu, returncode=-6, cmd=/root/opt/rv64gc_llvm_21/bin/opt -S -passes=module(elim-avail-extern),module(globalopt),function(dse),function(jump-threading),module(elim-avail-extern),module(globalopt),module(iroutliner),module(attributor),module(scc-oz-module-inliner),function(newgvn),module(globalopt),function(mem2reg) --mtriple=x86_64-unknown-linux-gnu
opt: /root/llvm/llvm-project-21/llvm/lib/Transforms/Utils/Local.cpp:3527: void llvm::patchReplacementInstruction(Instruction*, Value*): Assertion `Success && "We should not be trying to sink callbases " "with non-intersectable attributes"' failed.
PLEASE submit a bug report to https://github.com/llvm/llvm-project/issues/ and include the crash backtrace.
Stack dump:
0.	Program arguments: /root/opt/rv64gc_llvm_21/bin/opt -S -passes=module(elim-avail-extern),module(globalopt),function(dse),function(jump-threading),module(elim-avail-extern),module(globalopt),module(iroutliner),module(attributor),module(scc-oz-module-inliner),function(newgvn),module(globalopt),function(mem2reg) --mtriple=x86_64-unknown-linux-gnu
1.	Running pass "function(newgvn)" on module "<stdin>"
2.	Running pass "newgvn" on function "main"
 #0 0x00005d98b08dadd0 llvm::sys::PrintStackTrace(llvm::raw_ostream&, int) /root/llvm/llvm-project-21/llvm/lib/Support/Unix/Signals.inc:834:22
 #1 0x00005d98b08db259 PrintStackTraceSignalHandler(void*) /root/llvm/llvm-project-21/llvm/lib/Support/Unix/Signals.inc:918:1
 #2 0x00005d98b08d83c9 llvm::sys::RunSignalHandlers() /root/llvm/llvm-project-21/llvm/lib/Support/Signals.cpp:104:20
 #3 0x00005d98b08da60d SignalHandler(int, siginfo_t*, void*) /root/llvm/llvm-project-21/llvm/lib/Support/Unix/Signals.inc:426:14
 #4 0x0000746c02edf330 (/lib/x86_64-linux-gnu/libc.so.6+0x45330)
 #5 0x0000746c02f38b2c __pthread_kill_implementation ./nptl/pthread_kill.c:44:76
 #6 0x0000746c02f38b2c __pthread_kill_internal ./nptl/pthread_kill.c:78:10
 #7 0x0000746c02f38b2c pthread_kill ./nptl/pthread_kill.c:89:10
 #8 0x0000746c02edf27e raise ./signal/../sysdeps/posix/raise.c:27:6
 #9 0x0000746c02ec28ff abort ./stdlib/abort.c:81:7
#10 0x0000746c02ec281b _nl_load_domain ./intl/loadmsgcat.c:1177:9
#11 0x0000746c02ed5517 (/lib/x86_64-linux-gnu/libc.so.6+0x3b517)
#12 0x00005d98af396172 llvm::patchReplacementInstruction(llvm::Instruction*, llvm::Value*) /root/llvm/llvm-project-21/llvm/lib/Transforms/Utils/Local.cpp:3543:24
#13 0x00005d98aee85c10 (anonymous namespace)::NewGVN::eliminateInstructions(llvm::Function&) /root/llvm/llvm-project-21/llvm/lib/Transforms/Scalar/NewGVN.cpp:4128:11
[Error] eval /root/iscas/ruyituner/dataset21/poj104-v2-ll_4/train/31_1857.ll: opt failed for pipeline='module(scc-oz-module-inliner),module(elim-avail-extern),cgscc(attributor-cgscc),module(iroutliner),module(attributor),function(newgvn)', target_triple=x86_64-unknown-linux-gnu, returncode=-6, cmd=/root/opt/rv64gc_llvm_21/bin/opt -S -passes=module(scc-oz-module-inliner),module(elim-avail-extern),cgscc(attributor-cgscc),module(iroutliner),module(attributor),function(newgvn) --mtriple=x86_64-unknown-linux-gnu
opt: /root/llvm/llvm-project-21/llvm/lib/Transforms/Utils/Local.cpp:3527: void llvm::patchReplacementInstruction(Instruction*, Value*): Assertion `Success && "We should not be trying to sink callbases " "with non-intersectable attributes"' failed.
PLEASE submit a bug report to https://github.com/llvm/llvm-project/issues/ and include the crash backtrace.
Stack dump:
0.	Program arguments: /root/opt/rv64gc_llvm_21/bin/opt -S -passes=module(scc-oz-module-inliner),module(elim-avail-extern),cgscc(attributor-cgscc),module(iroutliner),module(attributor),function(newgvn) --mtriple=x86_64-unknown-linux-gnu
1.	Running pass "function(newgvn)" on module "<stdin>"
2.	Running pass "newgvn" on function "main"
 #0 0x00005f9c0329ddd0 llvm::sys::PrintStackTrace(llvm::raw_ostream&, int) /root/llvm/llvm-project-21/llvm/lib/Support/Unix/Signals.inc:834:22
 #1 0x00005f9c0329e259 PrintStackTraceSignalHandler(void*) /root/llvm/llvm-project-21/llvm/lib/Support/Unix/Signals.inc:918:1
 #2 0x00005f9c0329b3c9 llvm::sys::RunSignalHandlers() /root/llvm/llvm-project-21/llvm/lib/Support/Signals.cpp:104:20
 #3 0x00005f9c0329d60d SignalHandler(int, siginfo_t*, void*) /root/llvm/llvm-project-21/llvm/lib/Support/Unix/Signals.inc:426:14
 #4 0x00007819a5e6f330 (/lib/x86_64-linux-gnu/libc.so.6+0x45330)
 #5 0x00007819a5ec8b2c __pthread_kill_implementation ./nptl/pthread_kill.c:44:76
 #6 0x00007819a5ec8b2c __pthread_kill_internal ./nptl/pthread_kill.c:78:10
 #7 0x00007819a5ec8b2c pthread_kill ./nptl/pthread_kill.c:89:10
 #8 0x00007819a5e6f27e raise ./signal/../sysdeps/posix/raise.c:27:6
 #9 0x00007819a5e528ff abort ./stdlib/abort.c:81:7
#10 0x00007819a5e5281b _nl_load_domain ./intl/loadmsgcat.c:1177:9
#11 0x00007819a5e65517 (/lib/x86_64-linux-gnu/libc.so.6+0x3b517)
#12 0x00005f9c01d59172 llvm::patchReplacementInstruction(llvm::Instruction*, llvm::Value*) /root/llvm/llvm-project-21/llvm/lib/Transforms/Utils/Local.cpp:3543:24
#13 0x00005f9c01848c10 (anonymous namespace)::NewGVN::eliminateInstructions(llvm::Function&) /root/llvm/llvm-project-21/llvm/lib/Transforms/Scalar/NewGVN.cpp:4128:11
[Error] eval /root/iscas/ruyituner/dataset21/poj104-v2-ll_4/train/31_1857.ll: opt failed for pipeline='module(scc-oz-module-inliner),function(gvn-hoist),function(dce),module(iroutliner),function(dce),function(jump-threading),function(dse),module(attributor),function(dce),function(gvn-hoist),function(dce),function(gvn-hoist),module(attributor),module(iroutliner),function(dse),module(globalopt),cgscc(attributor-cgscc),function(newgvn)', target_triple=x86_64-unknown-linux-gnu, returncode=-6, cmd=/root/opt/rv64gc_llvm_21/bin/opt -S -passes=module(scc-oz-module-inliner),function(gvn-hoist),function(dce),module(iroutliner),function(dce),function(jump-threading),function(dse),module(attributor),function(dce),function(gvn-hoist),function(dce),function(gvn-hoist),module(attributor),module(iroutliner),function(dse),module(globalopt),cgscc(attributor-cgscc),function(newgvn) --mtriple=x86_64-unknown-linux-gnu
opt: /root/llvm/llvm-project-21/llvm/lib/Transforms/Utils/Local.cpp:3527: void llvm::patchReplacementInstruction(Instruction*, Value*): Assertion `Success && "We should not be trying to sink callbases " "with non-intersectable attributes"' failed.
PLEASE submit a bug report to https://github.com/llvm/llvm-project/issues/ and include the crash backtrace.
Stack dump:
0.	Program arguments: /root/opt/rv64gc_llvm_21/bin/opt -S -passes=module(scc-oz-module-inliner),function(gvn-hoist),function(dce),module(iroutliner),function(dce),function(jump-threading),function(dse),module(attributor),function(dce),function(gvn-hoist),function(dce),function(gvn-hoist),module(attributor),module(iroutliner),function(dse),module(globalopt),cgscc(attributor-cgscc),function(newgvn) --mtriple=x86_64-unknown-linux-gnu
1.	Running pass "function(newgvn)" on module "<stdin>"
2.	Running pass "newgvn" on function "main"
 #0 0x00005dca88bcbdd0 llvm::sys::PrintStackTrace(llvm::raw_ostream&, int) /root/llvm/llvm-project-21/llvm/lib/Support/Unix/Signals.inc:834:22
 #1 0x00005dca88bcc259 PrintStackTraceSignalHandler(void*) /root/llvm/llvm-project-21/llvm/lib/Support/Unix/Signals.inc:918:1
 #2 0x00005dca88bc93c9 llvm::sys::RunSignalHandlers() /root/llvm/llvm-project-21/llvm/lib/Support/Signals.cpp:104:20
 #3 0x00005dca88bcb60d SignalHandler(int, siginfo_t*, void*) /root/llvm/llvm-project-21/llvm/lib/Support/Unix/Signals.inc:426:14
 #4 0x00007bcdaff00330 (/lib/x86_64-linux-gnu/libc.so.6+0x45330)
 #5 0x00007bcdaff59b2c __pthread_kill_implementation ./nptl/pthread_kill.c:44:76
 #6 0x00007bcdaff59b2c __pthread_kill_internal ./nptl/pthread_kill.c:78:10
 #7 0x00007bcdaff59b2c pthread_kill ./nptl/pthread_kill.c:89:10
 #8 0x00007bcdaff0027e raise ./signal/../sysdeps/posix/raise.c:27:6
 #9 0x00007bcdafee38ff abort ./stdlib/abort.c:81:7
#10 0x00007bcdafee381b _nl_load_domain ./intl/loadmsgcat.c:1177:9
#11 0x00007bcdafef6517 (/lib/x86_64-linux-gnu/libc.so.6+0x3b517)
#12 0x00005dca87687172 llvm::patchReplacementInstruction(llvm::Instruction*, llvm::Value*) /root/llvm/llvm-project-21/llvm/lib/Transforms/Utils/Local.cpp:3543:24
#13 0x00005dca87176c10 (anonymous namespace)::NewGVN::eliminateInstructions(llvm::Function&) /root/llvm/llvm-project-21/llvm/lib/Transforms/Scalar/NewGVN.cpp:4128:11
[Error] eval /root/iscas/ruyituner/dataset21/poj104-v2-ll_4/train/31_1857.ll: opt failed for pipeline='module(elim-avail-extern),module(scc-oz-module-inliner),function(instsimplify),function(memcpyopt),function(newgvn),function(reassociate),function(jump-threading),module(globalopt),function(gvn-sink)', target_triple=x86_64-unknown-linux-gnu, returncode=-6, cmd=/root/opt/rv64gc_llvm_21/bin/opt -S -passes=module(elim-avail-extern),module(scc-oz-module-inliner),function(instsimplify),function(memcpyopt),function(newgvn),function(reassociate),function(jump-threading),module(globalopt),function(gvn-sink) --mtriple=x86_64-unknown-linux-gnu
opt: /root/llvm/llvm-project-21/llvm/lib/Transforms/Utils/Local.cpp:3527: void llvm::patchReplacementInstruction(Instruction*, Value*): Assertion `Success && "We should not be trying to sink callbases " "with non-intersectable attributes"' failed.
PLEASE submit a bug report to https://github.com/llvm/llvm-project/issues/ and include the crash backtrace.
Stack dump:
0.	Program arguments: /root/opt/rv64gc_llvm_21/bin/opt -S -passes=module(elim-avail-extern),module(scc-oz-module-inliner),function(instsimplify),function(memcpyopt),function(newgvn),function(reassociate),function(jump-threading),module(globalopt),function(gvn-sink) --mtriple=x86_64-unknown-linux-gnu
1.	Running pass "function(newgvn)" on module "<stdin>"
2.	Running pass "newgvn" on function "main"
 #0 0x0000594f73dcddd0 llvm::sys::PrintStackTrace(llvm::raw_ostream&, int) /root/llvm/llvm-project-21/llvm/lib/Support/Unix/Signals.inc:834:22
 #1 0x0000594f73dce259 PrintStackTraceSignalHandler(void*) /root/llvm/llvm-project-21/llvm/lib/Support/Unix/Signals.inc:918:1
 #2 0x0000594f73dcb3c9 llvm::sys::RunSignalHandlers() /root/llvm/llvm-project-21/llvm/lib/Support/Signals.cpp:104:20
 #3 0x0000594f73dcd60d SignalHandler(int, siginfo_t*, void*) /root/llvm/llvm-project-21/llvm/lib/Support/Unix/Signals.inc:426:14
 #4 0x00007b2083606330 (/lib/x86_64-linux-gnu/libc.so.6+0x45330)
 #5 0x00007b208365fb2c __pthread_kill_implementation ./nptl/pthread_kill.c:44:76
 #6 0x00007b208365fb2c __pthread_kill_internal ./nptl/pthread_kill.c:78:10
 #7 0x00007b208365fb2c pthread_kill ./nptl/pthread_kill.c:89:10
 #8 0x00007b208360627e raise ./signal/../sysdeps/posix/raise.c:27:6
 #9 0x00007b20835e98ff abort ./stdlib/abort.c:81:7
#10 0x00007b20835e981b _nl_load_domain ./intl/loadmsgcat.c:1177:9
#11 0x00007b20835fc517 (/lib/x86_64-linux-gnu/libc.so.6+0x3b517)
#12 0x0000594f72889172 llvm::patchReplacementInstruction(llvm::Instruction*, llvm::Value*) /root/llvm/llvm-project-21/llvm/lib/Transforms/Utils/Local.cpp:3543:24
#13 0x0000594f72378c10 (anonymous namespace)::NewGVN::eliminateInstructions(llvm::Function&) /root/llvm/llvm-project-21/llvm/lib/Transforms/Scalar/NewGVN.cpp:4128:11
[Error] eval /root/iscas/ruyituner/dataset21/poj104-v2-ll_4/train/31_1857.ll: opt failed for pipeline='module(elim-avail-extern),function(mem2reg),function(newgvn),function(dce),function(memcpyopt),cgscc(attributor-cgscc),function(jump-threading),function(gvn-sink),module(globalopt),module(iroutliner),function(gvn-hoist),function(mem2reg),function(jump-threading)', target_triple=x86_64-unknown-linux-gnu, returncode=-6, cmd=/root/opt/rv64gc_llvm_21/bin/opt -S -passes=module(elim-avail-extern),function(mem2reg),function(newgvn),function(dce),function(memcpyopt),cgscc(attributor-cgscc),function(jump-threading),function(gvn-sink),module(globalopt),module(iroutliner),function(gvn-hoist),function(mem2reg),function(jump-threading) --mtriple=x86_64-unknown-linux-gnu
opt: /root/llvm/llvm-project-21/llvm/lib/Transforms/Utils/Local.cpp:3527: void llvm::patchReplacementInstruction(Instruction*, Value*): Assertion `Success && "We should not be trying to sink callbases " "with non-intersectable attributes"' failed.
PLEASE submit a bug report to https://github.com/llvm/llvm-project/issues/ and include the crash backtrace.
Stack dump:
0.	Program arguments: /root/opt/rv64gc_llvm_21/bin/opt -S -passes=module(elim-avail-extern),function(mem2reg),function(newgvn),function(dce),function(memcpyopt),cgscc(attributor-cgscc),function(jump-threading),function(gvn-sink),module(globalopt),module(iroutliner),function(gvn-hoist),function(mem2reg),function(jump-threading) --mtriple=x86_64-unknown-linux-gnu
1.	Running pass "function(newgvn)" on module "<stdin>"
2.	Running pass "newgvn" on function "main"
 #0 0x0000607f175f0dd0 llvm::sys::PrintStackTrace(llvm::raw_ostream&, int) /root/llvm/llvm-project-21/llvm/lib/Support/Unix/Signals.inc:834:22
 #1 0x0000607f175f1259 PrintStackTraceSignalHandler(void*) /root/llvm/llvm-project-21/llvm/lib/Support/Unix/Signals.inc:918:1
 #2 0x0000607f175ee3c9 llvm::sys::RunSignalHandlers() /root/llvm/llvm-project-21/llvm/lib/Support/Signals.cpp:104:20
 #3 0x0000607f175f060d SignalHandler(int, siginfo_t*, void*) /root/llvm/llvm-project-21/llvm/lib/Support/Unix/Signals.inc:426:14
 #4 0x000071d7dab51330 (/lib/x86_64-linux-gnu/libc.so.6+0x45330)
 #5 0x000071d7dabaab2c __pthread_kill_implementation ./nptl/pthread_kill.c:44:76
 #6 0x000071d7dabaab2c __pthread_kill_internal ./nptl/pthread_kill.c:78:10
 #7 0x000071d7dabaab2c pthread_kill ./nptl/pthread_kill.c:89:10
 #8 0x000071d7dab5127e raise ./signal/../sysdeps/posix/raise.c:27:6
 #9 0x000071d7dab348ff abort ./stdlib/abort.c:81:7
#10 0x000071d7dab3481b _nl_load_domain ./intl/loadmsgcat.c:1177:9
#11 0x000071d7dab47517 (/lib/x86_64-linux-gnu/libc.so.6+0x3b517)
#12 0x0000607f160ac172 llvm::patchReplacementInstruction(llvm::Instruction*, llvm::Value*) /root/llvm/llvm-project-21/llvm/lib/Transforms/Utils/Local.cpp:3543:24
#13 0x0000607f15b9bc10 (anonymous namespace)::NewGVN::eliminateInstructions(llvm::Function&) /root/llvm/llvm-project-21/llvm/lib/Transforms/Scalar/NewGVN.cpp:4128:11
[Error] eval /root/iscas/ruyituner/dataset21/poj104-v2-ll_4/train/31_1857.ll: opt failed for pipeline='module(attributor),module(scc-oz-module-inliner),function(dse),function(jump-threading),function(reassociate),function(newgvn),module(globalopt),function(gvn-sink)', target_triple=x86_64-unknown-linux-gnu, returncode=-6, cmd=/root/opt/rv64gc_llvm_21/bin/opt -S -passes=module(attributor),module(scc-oz-module-inliner),function(dse),function(jump-threading),function(reassociate),function(newgvn),module(globalopt),function(gvn-sink) --mtriple=x86_64-unknown-linux-gnu
opt: /root/llvm/llvm-project-21/llvm/lib/Transforms/Utils/Local.cpp:3527: void llvm::patchReplacementInstruction(Instruction*, Value*): Assertion `Success && "We should not be trying to sink callbases " "with non-intersectable attributes"' failed.
PLEASE submit a bug report to https://github.com/llvm/llvm-project/issues/ and include the crash backtrace.
Stack dump:
0.	Program arguments: /root/opt/rv64gc_llvm_21/bin/opt -S -passes=module(attributor),module(scc-oz-module-inliner),function(dse),function(jump-threading),function(reassociate),function(newgvn),module(globalopt),function(gvn-sink) --mtriple=x86_64-unknown-linux-gnu
1.	Running pass "function(newgvn)" on module "<stdin>"
2.	Running pass "newgvn" on function "main"
 #0 0x000055a2b8e0ddd0 llvm::sys::PrintStackTrace(llvm::raw_ostream&, int) /root/llvm/llvm-project-21/llvm/lib/Support/Unix/Signals.inc:834:22
 #1 0x000055a2b8e0e259 PrintStackTraceSignalHandler(void*) /root/llvm/llvm-project-21/llvm/lib/Support/Unix/Signals.inc:918:1
 #2 0x000055a2b8e0b3c9 llvm::sys::RunSignalHandlers() /root/llvm/llvm-project-21/llvm/lib/Support/Signals.cpp:104:20
 #3 0x000055a2b8e0d60d SignalHandler(int, siginfo_t*, void*) /root/llvm/llvm-project-21/llvm/lib/Support/Unix/Signals.inc:426:14
 #4 0x00007a54a8699330 (/lib/x86_64-linux-gnu/libc.so.6+0x45330)
 #5 0x00007a54a86f2b2c __pthread_kill_implementation ./nptl/pthread_kill.c:44:76
 #6 0x00007a54a86f2b2c __pthread_kill_internal ./nptl/pthread_kill.c:78:10
 #7 0x00007a54a86f2b2c pthread_kill ./nptl/pthread_kill.c:89:10
 #8 0x00007a54a869927e raise ./signal/../sysdeps/posix/raise.c:27:6
 #9 0x00007a54a867c8ff abort ./stdlib/abort.c:81:7
#10 0x00007a54a867c81b _nl_load_domain ./intl/loadmsgcat.c:1177:9
#11 0x00007a54a868f517 (/lib/x86_64-linux-gnu/libc.so.6+0x3b517)
#12 0x000055a2b78c9172 llvm::patchReplacementInstruction(llvm::Instruction*, llvm::Value*) /root/llvm/llvm-project-21/llvm/lib/Transforms/Utils/Local.cpp:3543:24
#13 0x000055a2b73b8c10 (anonymous namespace)::NewGVN::eliminateInstructions(llvm::Function&) /root/llvm/llvm-project-21/llvm/lib/Transforms/Scalar/NewGVN.cpp:4128:11
[Error] eval /root/iscas/ruyituner/dataset21/poj104-v2-ll_4/train/31_1857.ll: opt failed for pipeline='function(newgvn),module(iroutliner),module(elim-avail-extern),module(globalopt),function(mem2reg),function(dse),function(jump-threading),function(newgvn),function(reassociate),function(memcpyopt)', target_triple=x86_64-unknown-linux-gnu, returncode=-6, cmd=/root/opt/rv64gc_llvm_21/bin/opt -S -passes=function(newgvn),module(iroutliner),module(elim-avail-extern),module(globalopt),function(mem2reg),function(dse),function(jump-threading),function(newgvn),function(reassociate),function(memcpyopt) --mtriple=x86_64-unknown-linux-gnu
opt: /root/llvm/llvm-project-21/llvm/lib/Transforms/Utils/Local.cpp:3527: void llvm::patchReplacementInstruction(Instruction*, Value*): Assertion `Success && "We should not be trying to sink callbases " "with non-intersectable attributes"' failed.
PLEASE submit a bug report to https://github.com/llvm/llvm-project/issues/ and include the crash backtrace.
Stack dump:
0.	Program arguments: /root/opt/rv64gc_llvm_21/bin/opt -S -passes=function(newgvn),module(iroutliner),module(elim-avail-extern),module(globalopt),function(mem2reg),function(dse),function(jump-threading),function(newgvn),function(reassociate),function(memcpyopt) --mtriple=x86_64-unknown-linux-gnu
1.	Running pass "function(newgvn)" on module "<stdin>"
2.	Running pass "newgvn" on function "main"
 #0 0x000056f8a1892dd0 llvm::sys::PrintStackTrace(llvm::raw_ostream&, int) /root/llvm/llvm-project-21/llvm/lib/Support/Unix/Signals.inc:834:22
 #1 0x000056f8a1893259 PrintStackTraceSignalHandler(void*) /root/llvm/llvm-project-21/llvm/lib/Support/Unix/Signals.inc:918:1
 #2 0x000056f8a18903c9 llvm::sys::RunSignalHandlers() /root/llvm/llvm-project-21/llvm/lib/Support/Signals.cpp:104:20
 #3 0x000056f8a189260d SignalHandler(int, siginfo_t*, void*) /root/llvm/llvm-project-21/llvm/lib/Support/Unix/Signals.inc:426:14
 #4 0x00007d7203c95330 (/lib/x86_64-linux-gnu/libc.so.6+0x45330)
 #5 0x00007d7203ceeb2c __pthread_kill_implementation ./nptl/pthread_kill.c:44:76
 #6 0x00007d7203ceeb2c __pthread_kill_internal ./nptl/pthread_kill.c:78:10
 #7 0x00007d7203ceeb2c pthread_kill ./nptl/pthread_kill.c:89:10
 #8 0x00007d7203c9527e raise ./signal/../sysdeps/posix/raise.c:27:6
 #9 0x00007d7203c788ff abort ./stdlib/abort.c:81:7
#10 0x00007d7203c7881b _nl_load_domain ./intl/loadmsgcat.c:1177:9
#11 0x00007d7203c8b517 (/lib/x86_64-linux-gnu/libc.so.6+0x3b517)
#12 0x000056f8a034e172 llvm::patchReplacementInstruction(llvm::Instruction*, llvm::Value*) /root/llvm/llvm-project-21/llvm/lib/Transforms/Utils/Local.cpp:3543:24
#13 0x000056f89fe3dc10 (anonymous namespace)::NewGVN::eliminateInstructions(llvm::Function&) /root/llvm/llvm-project-21/llvm/lib/Transforms/Scalar/NewGVN.cpp:4128:11
[Error] eval /root/iscas/ruyituner/dataset21/poj104-v2-ll_4/train/31_1857.ll: opt failed for pipeline='module(scc-oz-module-inliner),function(gvn-hoist),function(memcpyopt),function(newgvn),module(attributor),function(instsimplify),function(newgvn),function(jump-threading),module(globalopt),function(gvn-sink),function(jump-threading)', target_triple=x86_64-unknown-linux-gnu, returncode=-6, cmd=/root/opt/rv64gc_llvm_21/bin/opt -S -passes=module(scc-oz-module-inliner),function(gvn-hoist),function(memcpyopt),function(newgvn),module(attributor),function(instsimplify),function(newgvn),function(jump-threading),module(globalopt),function(gvn-sink),function(jump-threading) --mtriple=x86_64-unknown-linux-gnu
opt: /root/llvm/llvm-project-21/llvm/lib/Transforms/Utils/Local.cpp:3527: void llvm::patchReplacementInstruction(Instruction*, Value*): Assertion `Success && "We should not be trying to sink callbases " "with non-intersectable attributes"' failed.
PLEASE submit a bug report to https://github.com/llvm/llvm-project/issues/ and include the crash backtrace.
Stack dump:
0.	Program arguments: /root/opt/rv64gc_llvm_21/bin/opt -S -passes=module(scc-oz-module-inliner),function(gvn-hoist),function(memcpyopt),function(newgvn),module(attributor),function(instsimplify),function(newgvn),function(jump-threading),module(globalopt),function(gvn-sink),function(jump-threading) --mtriple=x86_64-unknown-linux-gnu
1.	Running pass "function(newgvn)" on module "<stdin>"
2.	Running pass "newgvn" on function "main"
 #0 0x00005dff30a2edd0 llvm::sys::PrintStackTrace(llvm::raw_ostream&, int) /root/llvm/llvm-project-21/llvm/lib/Support/Unix/Signals.inc:834:22
 #1 0x00005dff30a2f259 PrintStackTraceSignalHandler(void*) /root/llvm/llvm-project-21/llvm/lib/Support/Unix/Signals.inc:918:1
 #2 0x00005dff30a2c3c9 llvm::sys::RunSignalHandlers() /root/llvm/llvm-project-21/llvm/lib/Support/Signals.cpp:104:20
 #3 0x00005dff30a2e60d SignalHandler(int, siginfo_t*, void*) /root/llvm/llvm-project-21/llvm/lib/Support/Unix/Signals.inc:426:14
 #4 0x00007b5752a79330 (/lib/x86_64-linux-gnu/libc.so.6+0x45330)
 #5 0x00007b5752ad2b2c __pthread_kill_implementation ./nptl/pthread_kill.c:44:76
 #6 0x00007b5752ad2b2c __pthread_kill_internal ./nptl/pthread_kill.c:78:10
 #7 0x00007b5752ad2b2c pthread_kill ./nptl/pthread_kill.c:89:10
 #8 0x00007b5752a7927e raise ./signal/../sysdeps/posix/raise.c:27:6
 #9 0x00007b5752a5c8ff abort ./stdlib/abort.c:81:7
#10 0x00007b5752a5c81b _nl_load_domain ./intl/loadmsgcat.c:1177:9
#11 0x00007b5752a6f517 (/lib/x86_64-linux-gnu/libc.so.6+0x3b517)
#12 0x00005dff2f4ea172 llvm::patchReplacementInstruction(llvm::Instruction*, llvm::Value*) /root/llvm/llvm-project-21/llvm/lib/Transforms/Utils/Local.cpp:3543:24
#13 0x00005dff2efd9c10 (anonymous namespace)::NewGVN::eliminateInstructions(llvm::Function&) /root/llvm/llvm-project-21/llvm/lib/Transforms/Scalar/NewGVN.cpp:4128:11
[Error] eval /root/iscas/ruyituner/dataset21/poj104-v2-ll_4/train/31_1857.ll: opt failed for pipeline='module(scc-oz-module-inliner),function(newgvn),function(memcpyopt),function(instsimplify),module(iroutliner),module(elim-avail-extern),module(globalopt)', target_triple=x86_64-unknown-linux-gnu, returncode=-6, cmd=/root/opt/rv64gc_llvm_21/bin/opt -S -passes=module(scc-oz-module-inliner),function(newgvn),function(memcpyopt),function(instsimplify),module(iroutliner),module(elim-avail-extern),module(globalopt) --mtriple=x86_64-unknown-linux-gnu
opt: /root/llvm/llvm-project-21/llvm/lib/Transforms/Utils/Local.cpp:3527: void llvm::patchReplacementInstruction(Instruction*, Value*): Assertion `Success && "We should not be trying to sink callbases " "with non-intersectable attributes"' failed.
PLEASE submit a bug report to https://github.com/llvm/llvm-project/issues/ and include the crash backtrace.
Stack dump:
0.	Program arguments: /root/opt/rv64gc_llvm_21/bin/opt -S -passes=module(scc-oz-module-inliner),function(newgvn),function(memcpyopt),function(instsimplify),module(iroutliner),module(elim-avail-extern),module(globalopt) --mtriple=x86_64-unknown-linux-gnu
1.	Running pass "function(newgvn)" on module "<stdin>"
2.	Running pass "newgvn" on function "main"
 #0 0x00005e2b6e581dd0 llvm::sys::PrintStackTrace(llvm::raw_ostream&, int) /root/llvm/llvm-project-21/llvm/lib/Support/Unix/Signals.inc:834:22
 #1 0x00005e2b6e582259 PrintStackTraceSignalHandler(void*) /root/llvm/llvm-project-21/llvm/lib/Support/Unix/Signals.inc:918:1
 #2 0x00005e2b6e57f3c9 llvm::sys::RunSignalHandlers() /root/llvm/llvm-project-21/llvm/lib/Support/Signals.cpp:104:20
 #3 0x00005e2b6e58160d SignalHandler(int, siginfo_t*, void*) /root/llvm/llvm-project-21/llvm/lib/Support/Unix/Signals.inc:426:14
 #4 0x000076ff532ab330 (/lib/x86_64-linux-gnu/libc.so.6+0x45330)
 #5 0x000076ff53304b2c __pthread_kill_implementation ./nptl/pthread_kill.c:44:76
 #6 0x000076ff53304b2c __pthread_kill_internal ./nptl/pthread_kill.c:78:10
 #7 0x000076ff53304b2c pthread_kill ./nptl/pthread_kill.c:89:10
 #8 0x000076ff532ab27e raise ./signal/../sysdeps/posix/raise.c:27:6
 #9 0x000076ff5328e8ff abort ./stdlib/abort.c:81:7
#10 0x000076ff5328e81b _nl_load_domain ./intl/loadmsgcat.c:1177:9
#11 0x000076ff532a1517 (/lib/x86_64-linux-gnu/libc.so.6+0x3b517)
#12 0x00005e2b6d03d172 llvm::patchReplacementInstruction(llvm::Instruction*, llvm::Value*) /root/llvm/llvm-project-21/llvm/lib/Transforms/Utils/Local.cpp:3543:24
#13 0x00005e2b6cb2cc10 (anonymous namespace)::NewGVN::eliminateInstructions(llvm::Function&) /root/llvm/llvm-project-21/llvm/lib/Transforms/Scalar/NewGVN.cpp:4128:11
[Error] eval /root/iscas/ruyituner/dataset21/poj104-v2-ll_4/train/31_1857.ll: opt failed for pipeline='module(elim-avail-extern),function(mem2reg),function(instsimplify),module(iroutliner),function(reassociate),module(iroutliner),cgscc(attributor-cgscc),module(scc-oz-module-inliner),function(newgvn),function(dce),function(jump-threading),module(globalopt),function(newgvn)', target_triple=x86_64-unknown-linux-gnu, returncode=-6, cmd=/root/opt/rv64gc_llvm_21/bin/opt -S -passes=module(elim-avail-extern),function(mem2reg),function(instsimplify),module(iroutliner),function(reassociate),module(iroutliner),cgscc(attributor-cgscc),module(scc-oz-module-inliner),function(newgvn),function(dce),function(jump-threading),module(globalopt),function(newgvn) --mtriple=x86_64-unknown-linux-gnu
opt: /root/llvm/llvm-project-21/llvm/lib/Transforms/Utils/Local.cpp:3527: void llvm::patchReplacementInstruction(Instruction*, Value*): Assertion `Success && "We should not be trying to sink callbases " "with non-intersectable attributes"' failed.
PLEASE submit a bug report to https://github.com/llvm/llvm-project/issues/ and include the crash backtrace.
Stack dump:
0.	Program arguments: /root/opt/rv64gc_llvm_21/bin/opt -S -passes=module(elim-avail-extern),function(mem2reg),function(instsimplify),module(iroutliner),function(reassociate),module(iroutliner),cgscc(attributor-cgscc),module(scc-oz-module-inliner),function(newgvn),function(dce),function(jump-threading),module(globalopt),function(newgvn) --mtriple=x86_64-unknown-linux-gnu
1.	Running pass "function(newgvn)" on module "<stdin>"
2.	Running pass "newgvn" on function "main"
 #0 0x000061dabb6b1dd0 llvm::sys::PrintStackTrace(llvm::raw_ostream&, int) /root/llvm/llvm-project-21/llvm/lib/Support/Unix/Signals.inc:834:22
 #1 0x000061dabb6b2259 PrintStackTraceSignalHandler(void*) /root/llvm/llvm-project-21/llvm/lib/Support/Unix/Signals.inc:918:1
 #2 0x000061dabb6af3c9 llvm::sys::RunSignalHandlers() /root/llvm/llvm-project-21/llvm/lib/Support/Signals.cpp:104:20
 #3 0x000061dabb6b160d SignalHandler(int, siginfo_t*, void*) /root/llvm/llvm-project-21/llvm/lib/Support/Unix/Signals.inc:426:14
 #4 0x00007dfb09af4330 (/lib/x86_64-linux-gnu/libc.so.6+0x45330)
 #5 0x00007dfb09b4db2c __pthread_kill_implementation ./nptl/pthread_kill.c:44:76
 #6 0x00007dfb09b4db2c __pthread_kill_internal ./nptl/pthread_kill.c:78:10
 #7 0x00007dfb09b4db2c pthread_kill ./nptl/pthread_kill.c:89:10
 #8 0x00007dfb09af427e raise ./signal/../sysdeps/posix/raise.c:27:6
 #9 0x00007dfb09ad78ff abort ./stdlib/abort.c:81:7
#10 0x00007dfb09ad781b _nl_load_domain ./intl/loadmsgcat.c:1177:9
#11 0x00007dfb09aea517 (/lib/x86_64-linux-gnu/libc.so.6+0x3b517)
#12 0x000061daba16d172 llvm::patchReplacementInstruction(llvm::Instruction*, llvm::Value*) /root/llvm/llvm-project-21/llvm/lib/Transforms/Utils/Local.cpp:3543:24
#13 0x000061dab9c5cc10 (anonymous namespace)::NewGVN::eliminateInstructions(llvm::Function&) /root/llvm/llvm-project-21/llvm/lib/Transforms/Scalar/NewGVN.cpp:4128:11
[Error] eval /root/iscas/ruyituner/dataset21/poj104-v2-ll_4/train/31_1857.ll: opt failed for pipeline='module(elim-avail-extern),module(globalopt),function(dse),function(jump-threading),cgscc(attributor-cgscc),function(mem2reg),module(elim-avail-extern),function(newgvn),module(attributor),function(gvn-hoist),function(reassociate),function(jump-threading),cgscc(attributor-cgscc),function(mem2reg),function(instsimplify),function(jump-threading),module(elim-avail-extern),module(globalopt),function(gvn-sink),function(newgvn),function(dce),function(memcpyopt),cgscc(attributor-cgscc),function(dse),module(iroutliner),function(instsimplify)', target_triple=x86_64-unknown-linux-gnu, returncode=-6, cmd=/root/opt/rv64gc_llvm_21/bin/opt -S -passes=module(elim-avail-extern),module(globalopt),function(dse),function(jump-threading),cgscc(attributor-cgscc),function(mem2reg),module(elim-avail-extern),function(newgvn),module(attributor),function(gvn-hoist),function(reassociate),function(jump-threading),cgscc(attributor-cgscc),function(mem2reg),function(instsimplify),function(jump-threading),module(elim-avail-extern),module(globalopt),function(gvn-sink),function(newgvn),function(dce),function(memcpyopt),cgscc(attributor-cgscc),function(dse),module(iroutliner),function(instsimplify) --mtriple=x86_64-unknown-linux-gnu
opt: /root/llvm/llvm-project-21/llvm/lib/Transforms/Utils/Local.cpp:3527: void llvm::patchReplacementInstruction(Instruction*, Value*): Assertion `Success && "We should not be trying to sink callbases " "with non-intersectable attributes"' failed.
PLEASE submit a bug report to https://github.com/llvm/llvm-project/issues/ and include the crash backtrace.
Stack dump:
0.	Program arguments: /root/opt/rv64gc_llvm_21/bin/opt -S -passes=module(elim-avail-extern),module(globalopt),function(dse),function(jump-threading),cgscc(attributor-cgscc),function(mem2reg),module(elim-avail-extern),function(newgvn),module(attributor),function(gvn-hoist),function(reassociate),function(jump-threading),cgscc(attributor-cgscc),function(mem2reg),function(instsimplify),function(jump-threading),module(elim-avail-extern),module(globalopt),function(gvn-sink),function(newgvn),function(dce),function(memcpyopt),cgscc(attributor-cgscc),function(dse),module(iroutliner),function(instsimplify) --mtriple=x86_64-unknown-linux-gnu
1.	Running pass "function(newgvn)" on module "<stdin>"
2.	Running pass "newgvn" on function "main"
 #0 0x000059e9ad7d1dd0 llvm::sys::PrintStackTrace(llvm::raw_ostream&, int) /root/llvm/llvm-project-21/llvm/lib/Support/Unix/Signals.inc:834:22
 #1 0x000059e9ad7d2259 PrintStackTraceSignalHandler(void*) /root/llvm/llvm-project-21/llvm/lib/Support/Unix/Signals.inc:918:1
 #2 0x000059e9ad7cf3c9 llvm::sys::RunSignalHandlers() /root/llvm/llvm-project-21/llvm/lib/Support/Signals.cpp:104:20
 #3 0x000059e9ad7d160d SignalHandler(int, siginfo_t*, void*) /root/llvm/llvm-project-21/llvm/lib/Support/Unix/Signals.inc:426:14
 #4 0x00007c2a23ec0330 (/lib/x86_64-linux-gnu/libc.so.6+0x45330)
 #5 0x00007c2a23f19b2c __pthread_kill_implementation ./nptl/pthread_kill.c:44:76
 #6 0x00007c2a23f19b2c __pthread_kill_internal ./nptl/pthread_kill.c:78:10
 #7 0x00007c2a23f19b2c pthread_kill ./nptl/pthread_kill.c:89:10
 #8 0x00007c2a23ec027e raise ./signal/../sysdeps/posix/raise.c:27:6
 #9 0x00007c2a23ea38ff abort ./stdlib/abort.c:81:7
#10 0x00007c2a23ea381b _nl_load_domain ./intl/loadmsgcat.c:1177:9
#11 0x00007c2a23eb6517 (/lib/x86_64-linux-gnu/libc.so.6+0x3b517)
#12 0x000059e9ac28d172 llvm::patchReplacementInstruction(llvm::Instruction*, llvm::Value*) /root/llvm/llvm-project-21/llvm/lib/Transforms/Utils/Local.cpp:3543:24
#13 0x000059e9abd7cc10 (anonymous namespace)::NewGVN::eliminateInstructions(llvm::Function&) /root/llvm/llvm-project-21/llvm/lib/Transforms/Scalar/NewGVN.cpp:4128:11
[Error] eval /root/iscas/ruyituner/dataset21/poj104-v2-ll_4/train/31_1857.ll: opt failed for pipeline='function(mem2reg),module(iroutliner),module(globalopt),function(dse),function(newgvn),function(gvn-sink)', target_triple=x86_64-unknown-linux-gnu, returncode=-6, cmd=/root/opt/rv64gc_llvm_21/bin/opt -S -passes=function(mem2reg),module(iroutliner),module(globalopt),function(dse),function(newgvn),function(gvn-sink) --mtriple=x86_64-unknown-linux-gnu
opt: /root/llvm/llvm-project-21/llvm/lib/Transforms/Utils/Local.cpp:3527: void llvm::patchReplacementInstruction(Instruction*, Value*): Assertion `Success && "We should not be trying to sink callbases " "with non-intersectable attributes"' failed.
PLEASE submit a bug report to https://github.com/llvm/llvm-project/issues/ and include the crash backtrace.
Stack dump:
0.	Program arguments: /root/opt/rv64gc_llvm_21/bin/opt -S -passes=function(mem2reg),module(iroutliner),module(globalopt),function(dse),function(newgvn),function(gvn-sink) --mtriple=x86_64-unknown-linux-gnu
1.	Running pass "function(newgvn)" on module "<stdin>"
2.	Running pass "newgvn" on function "main"
 #0 0x00005a3e5a2dcdd0 llvm::sys::PrintStackTrace(llvm::raw_ostream&, int) /root/llvm/llvm-project-21/llvm/lib/Support/Unix/Signals.inc:834:22
 #1 0x00005a3e5a2dd259 PrintStackTraceSignalHandler(void*) /root/llvm/llvm-project-21/llvm/lib/Support/Unix/Signals.inc:918:1
 #2 0x00005a3e5a2da3c9 llvm::sys::RunSignalHandlers() /root/llvm/llvm-project-21/llvm/lib/Support/Signals.cpp:104:20
 #3 0x00005a3e5a2dc60d SignalHandler(int, siginfo_t*, void*) /root/llvm/llvm-project-21/llvm/lib/Support/Unix/Signals.inc:426:14
 #4 0x0000739e0d574330 (/lib/x86_64-linux-gnu/libc.so.6+0x45330)
 #5 0x0000739e0d5cdb2c __pthread_kill_implementation ./nptl/pthread_kill.c:44:76
 #6 0x0000739e0d5cdb2c __pthread_kill_internal ./nptl/pthread_kill.c:78:10
 #7 0x0000739e0d5cdb2c pthread_kill ./nptl/pthread_kill.c:89:10
 #8 0x0000739e0d57427e raise ./signal/../sysdeps/posix/raise.c:27:6
 #9 0x0000739e0d5578ff abort ./stdlib/abort.c:81:7
#10 0x0000739e0d55781b _nl_load_domain ./intl/loadmsgcat.c:1177:9
#11 0x0000739e0d56a517 (/lib/x86_64-linux-gnu/libc.so.6+0x3b517)
#12 0x00005a3e58d98172 llvm::patchReplacementInstruction(llvm::Instruction*, llvm::Value*) /root/llvm/llvm-project-21/llvm/lib/Transforms/Utils/Local.cpp:3543:24
#13 0x00005a3e58887c10 (anonymous namespace)::NewGVN::eliminateInstructions(llvm::Function&) /root/llvm/llvm-project-21/llvm/lib/Transforms/Scalar/NewGVN.cpp:4128:11
[Error] eval /root/iscas/ruyituner/dataset21/poj104-v2-ll_4/train/31_1857.ll: opt failed for pipeline='module(elim-avail-extern),module(globalopt),module(elim-avail-extern),module(iroutliner),module(attributor),module(scc-oz-module-inliner),module(globalopt),module(elim-avail-extern),module(scc-oz-module-inliner),function(newgvn),function(instsimplify),function(newgvn),function(mem2reg)', target_triple=x86_64-unknown-linux-gnu, returncode=-6, cmd=/root/opt/rv64gc_llvm_21/bin/opt -S -passes=module(elim-avail-extern),module(globalopt),module(elim-avail-extern),module(iroutliner),module(attributor),module(scc-oz-module-inliner),module(globalopt),module(elim-avail-extern),module(scc-oz-module-inliner),function(newgvn),function(instsimplify),function(newgvn),function(mem2reg) --mtriple=x86_64-unknown-linux-gnu
opt: /root/llvm/llvm-project-21/llvm/lib/Transforms/Utils/Local.cpp:3527: void llvm::patchReplacementInstruction(Instruction*, Value*): Assertion `Success && "We should not be trying to sink callbases " "with non-intersectable attributes"' failed.
PLEASE submit a bug report to https://github.com/llvm/llvm-project/issues/ and include the crash backtrace.
Stack dump:
0.	Program arguments: /root/opt/rv64gc_llvm_21/bin/opt -S -passes=module(elim-avail-extern),module(globalopt),module(elim-avail-extern),module(iroutliner),module(attributor),module(scc-oz-module-inliner),module(globalopt),module(elim-avail-extern),module(scc-oz-module-inliner),function(newgvn),function(instsimplify),function(newgvn),function(mem2reg) --mtriple=x86_64-unknown-linux-gnu
1.	Running pass "function(newgvn)" on module "<stdin>"
2.	Running pass "newgvn" on function "main"
 #0 0x00005c5a04d23dd0 llvm::sys::PrintStackTrace(llvm::raw_ostream&, int) /root/llvm/llvm-project-21/llvm/lib/Support/Unix/Signals.inc:834:22
 #1 0x00005c5a04d24259 PrintStackTraceSignalHandler(void*) /root/llvm/llvm-project-21/llvm/lib/Support/Unix/Signals.inc:918:1
 #2 0x00005c5a04d213c9 llvm::sys::RunSignalHandlers() /root/llvm/llvm-project-21/llvm/lib/Support/Signals.cpp:104:20
 #3 0x00005c5a04d2360d SignalHandler(int, siginfo_t*, void*) /root/llvm/llvm-project-21/llvm/lib/Support/Unix/Signals.inc:426:14
 #4 0x00007353f1f64330 (/lib/x86_64-linux-gnu/libc.so.6+0x45330)
 #5 0x00007353f1fbdb2c __pthread_kill_implementation ./nptl/pthread_kill.c:44:76
 #6 0x00007353f1fbdb2c __pthread_kill_internal ./nptl/pthread_kill.c:78:10
 #7 0x00007353f1fbdb2c pthread_kill ./nptl/pthread_kill.c:89:10
 #8 0x00007353f1f6427e raise ./signal/../sysdeps/posix/raise.c:27:6
 #9 0x00007353f1f478ff abort ./stdlib/abort.c:81:7
#10 0x00007353f1f4781b _nl_load_domain ./intl/loadmsgcat.c:1177:9
#11 0x00007353f1f5a517 (/lib/x86_64-linux-gnu/libc.so.6+0x3b517)
#12 0x00005c5a037df172 llvm::patchReplacementInstruction(llvm::Instruction*, llvm::Value*) /root/llvm/llvm-project-21/llvm/lib/Transforms/Utils/Local.cpp:3543:24
#13 0x00005c5a032cec10 (anonymous namespace)::NewGVN::eliminateInstructions(llvm::Function&) /root/llvm/llvm-project-21/llvm/lib/Transforms/Scalar/NewGVN.cpp:4128:11
[Error] eval /root/iscas/ruyituner/dataset21/poj104-v2-ll_4/train/31_1857.ll: opt failed for pipeline='module(scc-oz-module-inliner),function(newgvn),function(gvn-hoist),function(memcpyopt),module(attributor),module(scc-oz-module-inliner)', target_triple=x86_64-unknown-linux-gnu, returncode=-6, cmd=/root/opt/rv64gc_llvm_21/bin/opt -S -passes=module(scc-oz-module-inliner),function(newgvn),function(gvn-hoist),function(memcpyopt),module(attributor),module(scc-oz-module-inliner) --mtriple=x86_64-unknown-linux-gnu
opt: /root/llvm/llvm-project-21/llvm/lib/Transforms/Utils/Local.cpp:3527: void llvm::patchReplacementInstruction(Instruction*, Value*): Assertion `Success && "We should not be trying to sink callbases " "with non-intersectable attributes"' failed.
PLEASE submit a bug report to https://github.com/llvm/llvm-project/issues/ and include the crash backtrace.
Stack dump:
0.	Program arguments: /root/opt/rv64gc_llvm_21/bin/opt -S -passes=module(scc-oz-module-inliner),function(newgvn),function(gvn-hoist),function(memcpyopt),module(attributor),module(scc-oz-module-inliner) --mtriple=x86_64-unknown-linux-gnu
1.	Running pass "function(newgvn)" on module "<stdin>"
2.	Running pass "newgvn" on function "main"
 #0 0x00005ca058c54dd0 llvm::sys::PrintStackTrace(llvm::raw_ostream&, int) /root/llvm/llvm-project-21/llvm/lib/Support/Unix/Signals.inc:834:22
 #1 0x00005ca058c55259 PrintStackTraceSignalHandler(void*) /root/llvm/llvm-project-21/llvm/lib/Support/Unix/Signals.inc:918:1
 #2 0x00005ca058c523c9 llvm::sys::RunSignalHandlers() /root/llvm/llvm-project-21/llvm/lib/Support/Signals.cpp:104:20
 #3 0x00005ca058c5460d SignalHandler(int, siginfo_t*, void*) /root/llvm/llvm-project-21/llvm/lib/Support/Unix/Signals.inc:426:14
 #4 0x000072dbffe05330 (/lib/x86_64-linux-gnu/libc.so.6+0x45330)
 #5 0x000072dbffe5eb2c __pthread_kill_implementation ./nptl/pthread_kill.c:44:76
 #6 0x000072dbffe5eb2c __pthread_kill_internal ./nptl/pthread_kill.c:78:10
 #7 0x000072dbffe5eb2c pthread_kill ./nptl/pthread_kill.c:89:10
 #8 0x000072dbffe0527e raise ./signal/../sysdeps/posix/raise.c:27:6
 #9 0x000072dbffde88ff abort ./stdlib/abort.c:81:7
#10 0x000072dbffde881b _nl_load_domain ./intl/loadmsgcat.c:1177:9
#11 0x000072dbffdfb517 (/lib/x86_64-linux-gnu/libc.so.6+0x3b517)
#12 0x00005ca057710172 llvm::patchReplacementInstruction(llvm::Instruction*, llvm::Value*) /root/llvm/llvm-project-21/llvm/lib/Transforms/Utils/Local.cpp:3543:24
#13 0x00005ca0571ffc10 (anonymous namespace)::NewGVN::eliminateInstructions(llvm::Function&) /root/llvm/llvm-project-21/llvm/lib/Transforms/Scalar/NewGVN.cpp:4128:11
[Error] eval /root/iscas/ruyituner/dataset21/poj104-v2-ll_4/train/31_1857.ll: opt failed for pipeline='module(attributor),function(mem2reg),function(instsimplify),function(memcpyopt),function(gvn-hoist),function(dce),function(newgvn),module(iroutliner),module(globalopt),function(dse),module(attributor),function(dce),function(newgvn),function(jump-threading),cgscc(attributor-cgscc),module(scc-oz-module-inliner),function(memcpyopt),function(gvn-hoist),function(dce),function(newgvn),module(iroutliner),module(globalopt),function(dse),function(gvn-sink),module(iroutliner),module(elim-avail-extern),module(scc-oz-module-inliner)', target_triple=x86_64-unknown-linux-gnu, returncode=-6, cmd=/root/opt/rv64gc_llvm_21/bin/opt -S -passes=module(attributor),function(mem2reg),function(instsimplify),function(memcpyopt),function(gvn-hoist),function(dce),function(newgvn),module(iroutliner),module(globalopt),function(dse),module(attributor),function(dce),function(newgvn),function(jump-threading),cgscc(attributor-cgscc),module(scc-oz-module-inliner),function(memcpyopt),function(gvn-hoist),function(dce),function(newgvn),module(iroutliner),module(globalopt),function(dse),function(gvn-sink),module(iroutliner),module(elim-avail-extern),module(scc-oz-module-inliner) --mtriple=x86_64-unknown-linux-gnu
opt: /root/llvm/llvm-project-21/llvm/lib/Transforms/Utils/Local.cpp:3527: void llvm::patchReplacementInstruction(Instruction*, Value*): Assertion `Success && "We should not be trying to sink callbases " "with non-intersectable attributes"' failed.
PLEASE submit a bug report to https://github.com/llvm/llvm-project/issues/ and include the crash backtrace.
Stack dump:
0.	Program arguments: /root/opt/rv64gc_llvm_21/bin/opt -S -passes=module(attributor),function(mem2reg),function(instsimplify),function(memcpyopt),function(gvn-hoist),function(dce),function(newgvn),module(iroutliner),module(globalopt),function(dse),module(attributor),function(dce),function(newgvn),function(jump-threading),cgscc(attributor-cgscc),module(scc-oz-module-inliner),function(memcpyopt),function(gvn-hoist),function(dce),function(newgvn),module(iroutliner),module(globalopt),function(dse),function(gvn-sink),module(iroutliner),module(elim-avail-extern),module(scc-oz-module-inliner) --mtriple=x86_64-unknown-linux-gnu
1.	Running pass "function(newgvn)" on module "<stdin>"
2.	Running pass "newgvn" on function "main"
 #0 0x00005db96eeb1dd0 llvm::sys::PrintStackTrace(llvm::raw_ostream&, int) /root/llvm/llvm-project-21/llvm/lib/Support/Unix/Signals.inc:834:22
 #1 0x00005db96eeb2259 PrintStackTraceSignalHandler(void*) /root/llvm/llvm-project-21/llvm/lib/Support/Unix/Signals.inc:918:1
 #2 0x00005db96eeaf3c9 llvm::sys::RunSignalHandlers() /root/llvm/llvm-project-21/llvm/lib/Support/Signals.cpp:104:20
 #3 0x00005db96eeb160d SignalHandler(int, siginfo_t*, void*) /root/llvm/llvm-project-21/llvm/lib/Support/Unix/Signals.inc:426:14
 #4 0x00007e3cd1f4b330 (/lib/x86_64-linux-gnu/libc.so.6+0x45330)
 #5 0x00007e3cd1fa4b2c __pthread_kill_implementation ./nptl/pthread_kill.c:44:76
 #6 0x00007e3cd1fa4b2c __pthread_kill_internal ./nptl/pthread_kill.c:78:10
 #7 0x00007e3cd1fa4b2c pthread_kill ./nptl/pthread_kill.c:89:10
 #8 0x00007e3cd1f4b27e raise ./signal/../sysdeps/posix/raise.c:27:6
 #9 0x00007e3cd1f2e8ff abort ./stdlib/abort.c:81:7
#10 0x00007e3cd1f2e81b _nl_load_domain ./intl/loadmsgcat.c:1177:9
#11 0x00007e3cd1f41517 (/lib/x86_64-linux-gnu/libc.so.6+0x3b517)
#12 0x00005db96d96d172 llvm::patchReplacementInstruction(llvm::Instruction*, llvm::Value*) /root/llvm/llvm-project-21/llvm/lib/Transforms/Utils/Local.cpp:3543:24
#13 0x00005db96d45cc10 (anonymous namespace)::NewGVN::eliminateInstructions(llvm::Function&) /root/llvm/llvm-project-21/llvm/lib/Transforms/Scalar/NewGVN.cpp:4128:11
[Error] eval /root/iscas/ruyituner/dataset21/poj104-v2-ll_4/train/31_1857.ll: opt failed for pipeline='module(elim-avail-extern),module(globalopt),function(dse),function(jump-threading),module(iroutliner),module(attributor),function(instsimplify),function(newgvn),function(mem2reg),function(reassociate),function(memcpyopt),function(jump-threading),function(newgvn)', target_triple=x86_64-unknown-linux-gnu, returncode=-6, cmd=/root/opt/rv64gc_llvm_21/bin/opt -S -passes=module(elim-avail-extern),module(globalopt),function(dse),function(jump-threading),module(iroutliner),module(attributor),function(instsimplify),function(newgvn),function(mem2reg),function(reassociate),function(memcpyopt),function(jump-threading),function(newgvn) --mtriple=x86_64-unknown-linux-gnu
opt: /root/llvm/llvm-project-21/llvm/lib/Transforms/Utils/Local.cpp:3527: void llvm::patchReplacementInstruction(Instruction*, Value*): Assertion `Success && "We should not be trying to sink callbases " "with non-intersectable attributes"' failed.
PLEASE submit a bug report to https://github.com/llvm/llvm-project/issues/ and include the crash backtrace.
Stack dump:
0.	Program arguments: /root/opt/rv64gc_llvm_21/bin/opt -S -passes=module(elim-avail-extern),module(globalopt),function(dse),function(jump-threading),module(iroutliner),module(attributor),function(instsimplify),function(newgvn),function(mem2reg),function(reassociate),function(memcpyopt),function(jump-threading),function(newgvn) --mtriple=x86_64-unknown-linux-gnu
1.	Running pass "function(newgvn)" on module "<stdin>"
2.	Running pass "newgvn" on function "main"
 #0 0x00005eb3effbddd0 llvm::sys::PrintStackTrace(llvm::raw_ostream&, int) /root/llvm/llvm-project-21/llvm/lib/Support/Unix/Signals.inc:834:22
 #1 0x00005eb3effbe259 PrintStackTraceSignalHandler(void*) /root/llvm/llvm-project-21/llvm/lib/Support/Unix/Signals.inc:918:1
 #2 0x00005eb3effbb3c9 llvm::sys::RunSignalHandlers() /root/llvm/llvm-project-21/llvm/lib/Support/Signals.cpp:104:20
 #3 0x00005eb3effbd60d SignalHandler(int, siginfo_t*, void*) /root/llvm/llvm-project-21/llvm/lib/Support/Unix/Signals.inc:426:14
 #4 0x00007f5cc9830330 (/lib/x86_64-linux-gnu/libc.so.6+0x45330)
 #5 0x00007f5cc9889b2c __pthread_kill_implementation ./nptl/pthread_kill.c:44:76
 #6 0x00007f5cc9889b2c __pthread_kill_internal ./nptl/pthread_kill.c:78:10
 #7 0x00007f5cc9889b2c pthread_kill ./nptl/pthread_kill.c:89:10
 #8 0x00007f5cc983027e raise ./signal/../sysdeps/posix/raise.c:27:6
 #9 0x00007f5cc98138ff abort ./stdlib/abort.c:81:7
#10 0x00007f5cc981381b _nl_load_domain ./intl/loadmsgcat.c:1177:9
#11 0x00007f5cc9826517 (/lib/x86_64-linux-gnu/libc.so.6+0x3b517)
#12 0x00005eb3eea79172 llvm::patchReplacementInstruction(llvm::Instruction*, llvm::Value*) /root/llvm/llvm-project-21/llvm/lib/Transforms/Utils/Local.cpp:3543:24
#13 0x00005eb3ee568c10 (anonymous namespace)::NewGVN::eliminateInstructions(llvm::Function&) /root/llvm/llvm-project-21/llvm/lib/Transforms/Scalar/NewGVN.cpp:4128:11
[Error] eval /root/iscas/ruyituner/dataset21/poj104-v2-ll_4/train/31_1857.ll: opt failed for pipeline='module(elim-avail-extern),module(scc-oz-module-inliner),function(dse),module(globalopt),module(elim-avail-extern),module(attributor),cgscc(attributor-cgscc),module(globalopt),module(iroutliner),cgscc(attributor-cgscc),module(scc-oz-module-inliner),function(reassociate),function(memcpyopt),module(iroutliner),cgscc(attributor-cgscc),module(scc-oz-module-inliner),function(dce),function(newgvn)', target_triple=x86_64-unknown-linux-gnu, returncode=-6, cmd=/root/opt/rv64gc_llvm_21/bin/opt -S -passes=module(elim-avail-extern),module(scc-oz-module-inliner),function(dse),module(globalopt),module(elim-avail-extern),module(attributor),cgscc(attributor-cgscc),module(globalopt),module(iroutliner),cgscc(attributor-cgscc),module(scc-oz-module-inliner),function(reassociate),function(memcpyopt),module(iroutliner),cgscc(attributor-cgscc),module(scc-oz-module-inliner),function(dce),function(newgvn) --mtriple=x86_64-unknown-linux-gnu
opt: /root/llvm/llvm-project-21/llvm/lib/Transforms/Utils/Local.cpp:3527: void llvm::patchReplacementInstruction(Instruction*, Value*): Assertion `Success && "We should not be trying to sink callbases " "with non-intersectable attributes"' failed.
PLEASE submit a bug report to https://github.com/llvm/llvm-project/issues/ and include the crash backtrace.
Stack dump:
0.	Program arguments: /root/opt/rv64gc_llvm_21/bin/opt -S -passes=module(elim-avail-extern),module(scc-oz-module-inliner),function(dse),module(globalopt),module(elim-avail-extern),module(attributor),cgscc(attributor-cgscc),module(globalopt),module(iroutliner),cgscc(attributor-cgscc),module(scc-oz-module-inliner),function(reassociate),function(memcpyopt),module(iroutliner),cgscc(attributor-cgscc),module(scc-oz-module-inliner),function(dce),function(newgvn) --mtriple=x86_64-unknown-linux-gnu
1.	Running pass "function(newgvn)" on module "<stdin>"
2.	Running pass "newgvn" on function "main"
 #0 0x000060c7992a5dd0 llvm::sys::PrintStackTrace(llvm::raw_ostream&, int) /root/llvm/llvm-project-21/llvm/lib/Support/Unix/Signals.inc:834:22
 #1 0x000060c7992a6259 PrintStackTraceSignalHandler(void*) /root/llvm/llvm-project-21/llvm/lib/Support/Unix/Signals.inc:918:1
 #2 0x000060c7992a33c9 llvm::sys::RunSignalHandlers() /root/llvm/llvm-project-21/llvm/lib/Support/Signals.cpp:104:20
 #3 0x000060c7992a560d SignalHandler(int, siginfo_t*, void*) /root/llvm/llvm-project-21/llvm/lib/Support/Unix/Signals.inc:426:14
 #4 0x0000774b6f04e330 (/lib/x86_64-linux-gnu/libc.so.6+0x45330)
 #5 0x0000774b6f0a7b2c __pthread_kill_implementation ./nptl/pthread_kill.c:44:76
 #6 0x0000774b6f0a7b2c __pthread_kill_internal ./nptl/pthread_kill.c:78:10
 #7 0x0000774b6f0a7b2c pthread_kill ./nptl/pthread_kill.c:89:10
 #8 0x0000774b6f04e27e raise ./signal/../sysdeps/posix/raise.c:27:6
 #9 0x0000774b6f0318ff abort ./stdlib/abort.c:81:7
#10 0x0000774b6f03181b _nl_load_domain ./intl/loadmsgcat.c:1177:9
#11 0x0000774b6f044517 (/lib/x86_64-linux-gnu/libc.so.6+0x3b517)
#12 0x000060c797d61172 llvm::patchReplacementInstruction(llvm::Instruction*, llvm::Value*) /root/llvm/llvm-project-21/llvm/lib/Transforms/Utils/Local.cpp:3543:24
#13 0x000060c797850c10 (anonymous namespace)::NewGVN::eliminateInstructions(llvm::Function&) /root/llvm/llvm-project-21/llvm/lib/Transforms/Scalar/NewGVN.cpp:4128:11
[Error] eval /root/iscas/ruyituner/dataset21/poj104-v2-ll_4/train/31_1857.ll: opt failed for pipeline='function(newgvn),function(gvn-sink),module(elim-avail-extern),module(iroutliner),function(reassociate),function(gvn-hoist),function(mem2reg),function(gvn-hoist),function(mem2reg),module(globalopt),module(attributor),function(newgvn),function(dce),function(gvn-hoist),function(mem2reg),module(globalopt),module(attributor),function(newgvn),function(dce),module(iroutliner),function(jump-threading),function(gvn-hoist)', target_triple=x86_64-unknown-linux-gnu, returncode=-6, cmd=/root/opt/rv64gc_llvm_21/bin/opt -S -passes=function(newgvn),function(gvn-sink),module(elim-avail-extern),module(iroutliner),function(reassociate),function(gvn-hoist),function(mem2reg),function(gvn-hoist),function(mem2reg),module(globalopt),module(attributor),function(newgvn),function(dce),function(gvn-hoist),function(mem2reg),module(globalopt),module(attributor),function(newgvn),function(dce),module(iroutliner),function(jump-threading),function(gvn-hoist) --mtriple=x86_64-unknown-linux-gnu
opt: /root/llvm/llvm-project-21/llvm/lib/Transforms/Utils/Local.cpp:3527: void llvm::patchReplacementInstruction(Instruction*, Value*): Assertion `Success && "We should not be trying to sink callbases " "with non-intersectable attributes"' failed.
PLEASE submit a bug report to https://github.com/llvm/llvm-project/issues/ and include the crash backtrace.
Stack dump:
0.	Program arguments: /root/opt/rv64gc_llvm_21/bin/opt -S -passes=function(newgvn),function(gvn-sink),module(elim-avail-extern),module(iroutliner),function(reassociate),function(gvn-hoist),function(mem2reg),function(gvn-hoist),function(mem2reg),module(globalopt),module(attributor),function(newgvn),function(dce),function(gvn-hoist),function(mem2reg),module(globalopt),module(attributor),function(newgvn),function(dce),module(iroutliner),function(jump-threading),function(gvn-hoist) --mtriple=x86_64-unknown-linux-gnu
1.	Running pass "function(newgvn)" on module "<stdin>"
2.	Running pass "newgvn" on function "main"
 #0 0x00006388ccdaadd0 llvm::sys::PrintStackTrace(llvm::raw_ostream&, int) /root/llvm/llvm-project-21/llvm/lib/Support/Unix/Signals.inc:834:22
 #1 0x00006388ccdab259 PrintStackTraceSignalHandler(void*) /root/llvm/llvm-project-21/llvm/lib/Support/Unix/Signals.inc:918:1
 #2 0x00006388ccda83c9 llvm::sys::RunSignalHandlers() /root/llvm/llvm-project-21/llvm/lib/Support/Signals.cpp:104:20
 #3 0x00006388ccdaa60d SignalHandler(int, siginfo_t*, void*) /root/llvm/llvm-project-21/llvm/lib/Support/Unix/Signals.inc:426:14
 #4 0x0000789222ea2330 (/lib/x86_64-linux-gnu/libc.so.6+0x45330)
 #5 0x0000789222efbb2c __pthread_kill_implementation ./nptl/pthread_kill.c:44:76
 #6 0x0000789222efbb2c __pthread_kill_internal ./nptl/pthread_kill.c:78:10
 #7 0x0000789222efbb2c pthread_kill ./nptl/pthread_kill.c:89:10
 #8 0x0000789222ea227e raise ./signal/../sysdeps/posix/raise.c:27:6
 #9 0x0000789222e858ff abort ./stdlib/abort.c:81:7
#10 0x0000789222e8581b _nl_load_domain ./intl/loadmsgcat.c:1177:9
#11 0x0000789222e98517 (/lib/x86_64-linux-gnu/libc.so.6+0x3b517)
#12 0x00006388cb866172 llvm::patchReplacementInstruction(llvm::Instruction*, llvm::Value*) /root/llvm/llvm-project-21/llvm/lib/Transforms/Utils/Local.cpp:3543:24
#13 0x00006388cb355c10 (anonymous namespace)::NewGVN::eliminateInstructions(llvm::Function&) /root/llvm/llvm-project-21/llvm/lib/Transforms/Scalar/NewGVN.cpp:4128:11
[Error] eval /root/iscas/ruyituner/dataset21/poj104-v2-ll_4/train/31_1857.ll: opt failed for pipeline='module(elim-avail-extern),function(mem2reg),function(instsimplify),module(iroutliner),function(reassociate),function(jump-threading),module(elim-avail-extern),module(globalopt),function(gvn-sink),function(newgvn),function(dce),module(iroutliner),module(attributor),module(scc-oz-module-inliner)', target_triple=x86_64-unknown-linux-gnu, returncode=-6, cmd=/root/opt/rv64gc_llvm_21/bin/opt -S -passes=module(elim-avail-extern),function(mem2reg),function(instsimplify),module(iroutliner),function(reassociate),function(jump-threading),module(elim-avail-extern),module(globalopt),function(gvn-sink),function(newgvn),function(dce),module(iroutliner),module(attributor),module(scc-oz-module-inliner) --mtriple=x86_64-unknown-linux-gnu
opt: /root/llvm/llvm-project-21/llvm/lib/Transforms/Utils/Local.cpp:3527: void llvm::patchReplacementInstruction(Instruction*, Value*): Assertion `Success && "We should not be trying to sink callbases " "with non-intersectable attributes"' failed.
PLEASE submit a bug report to https://github.com/llvm/llvm-project/issues/ and include the crash backtrace.
Stack dump:
0.	Program arguments: /root/opt/rv64gc_llvm_21/bin/opt -S -passes=module(elim-avail-extern),function(mem2reg),function(instsimplify),module(iroutliner),function(reassociate),function(jump-threading),module(elim-avail-extern),module(globalopt),function(gvn-sink),function(newgvn),function(dce),module(iroutliner),module(attributor),module(scc-oz-module-inliner) --mtriple=x86_64-unknown-linux-gnu
1.	Running pass "function(newgvn)" on module "<stdin>"
2.	Running pass "newgvn" on function "main"
 #0 0x00005d9f63fd5dd0 llvm::sys::PrintStackTrace(llvm::raw_ostream&, int) /root/llvm/llvm-project-21/llvm/lib/Support/Unix/Signals.inc:834:22
 #1 0x00005d9f63fd6259 PrintStackTraceSignalHandler(void*) /root/llvm/llvm-project-21/llvm/lib/Support/Unix/Signals.inc:918:1
 #2 0x00005d9f63fd33c9 llvm::sys::RunSignalHandlers() /root/llvm/llvm-project-21/llvm/lib/Support/Signals.cpp:104:20
 #3 0x00005d9f63fd560d SignalHandler(int, siginfo_t*, void*) /root/llvm/llvm-project-21/llvm/lib/Support/Unix/Signals.inc:426:14
 #4 0x00007486d8caa330 (/lib/x86_64-linux-gnu/libc.so.6+0x45330)
 #5 0x00007486d8d03b2c __pthread_kill_implementation ./nptl/pthread_kill.c:44:76
 #6 0x00007486d8d03b2c __pthread_kill_internal ./nptl/pthread_kill.c:78:10
 #7 0x00007486d8d03b2c pthread_kill ./nptl/pthread_kill.c:89:10
 #8 0x00007486d8caa27e raise ./signal/../sysdeps/posix/raise.c:27:6
 #9 0x00007486d8c8d8ff abort ./stdlib/abort.c:81:7
#10 0x00007486d8c8d81b _nl_load_domain ./intl/loadmsgcat.c:1177:9
#11 0x00007486d8ca0517 (/lib/x86_64-linux-gnu/libc.so.6+0x3b517)
#12 0x00005d9f62a91172 llvm::patchReplacementInstruction(llvm::Instruction*, llvm::Value*) /root/llvm/llvm-project-21/llvm/lib/Transforms/Utils/Local.cpp:3543:24
#13 0x00005d9f62580c10 (anonymous namespace)::NewGVN::eliminateInstructions(llvm::Function&) /root/llvm/llvm-project-21/llvm/lib/Transforms/Scalar/NewGVN.cpp:4128:11
[Error] eval /root/iscas/ruyituner/dataset21/poj104-v2-ll_4/train/31_1857.ll: opt failed for pipeline='function(newgvn),module(iroutliner),module(elim-avail-extern),module(globalopt),function(mem2reg),function(dse),cgscc(attributor-cgscc),function(newgvn),function(gvn-hoist),function(jump-threading)', target_triple=x86_64-unknown-linux-gnu, returncode=-6, cmd=/root/opt/rv64gc_llvm_21/bin/opt -S -passes=function(newgvn),module(iroutliner),module(elim-avail-extern),module(globalopt),function(mem2reg),function(dse),cgscc(attributor-cgscc),function(newgvn),function(gvn-hoist),function(jump-threading) --mtriple=x86_64-unknown-linux-gnu
opt: /root/llvm/llvm-project-21/llvm/lib/Transforms/Utils/Local.cpp:3527: void llvm::patchReplacementInstruction(Instruction*, Value*): Assertion `Success && "We should not be trying to sink callbases " "with non-intersectable attributes"' failed.
PLEASE submit a bug report to https://github.com/llvm/llvm-project/issues/ and include the crash backtrace.
Stack dump:
0.	Program arguments: /root/opt/rv64gc_llvm_21/bin/opt -S -passes=function(newgvn),module(iroutliner),module(elim-avail-extern),module(globalopt),function(mem2reg),function(dse),cgscc(attributor-cgscc),function(newgvn),function(gvn-hoist),function(jump-threading) --mtriple=x86_64-unknown-linux-gnu
1.	Running pass "function(newgvn)" on module "<stdin>"
2.	Running pass "newgvn" on function "main"
 #0 0x0000612a9d2f1dd0 llvm::sys::PrintStackTrace(llvm::raw_ostream&, int) /root/llvm/llvm-project-21/llvm/lib/Support/Unix/Signals.inc:834:22
 #1 0x0000612a9d2f2259 PrintStackTraceSignalHandler(void*) /root/llvm/llvm-project-21/llvm/lib/Support/Unix/Signals.inc:918:1
 #2 0x0000612a9d2ef3c9 llvm::sys::RunSignalHandlers() /root/llvm/llvm-project-21/llvm/lib/Support/Signals.cpp:104:20
 #3 0x0000612a9d2f160d SignalHandler(int, siginfo_t*, void*) /root/llvm/llvm-project-21/llvm/lib/Support/Unix/Signals.inc:426:14
 #4 0x00007e008823a330 (/lib/x86_64-linux-gnu/libc.so.6+0x45330)
 #5 0x00007e0088293b2c __pthread_kill_implementation ./nptl/pthread_kill.c:44:76
 #6 0x00007e0088293b2c __pthread_kill_internal ./nptl/pthread_kill.c:78:10
 #7 0x00007e0088293b2c pthread_kill ./nptl/pthread_kill.c:89:10
 #8 0x00007e008823a27e raise ./signal/../sysdeps/posix/raise.c:27:6
 #9 0x00007e008821d8ff abort ./stdlib/abort.c:81:7
#10 0x00007e008821d81b _nl_load_domain ./intl/loadmsgcat.c:1177:9
#11 0x00007e0088230517 (/lib/x86_64-linux-gnu/libc.so.6+0x3b517)
#12 0x0000612a9bdad172 llvm::patchReplacementInstruction(llvm::Instruction*, llvm::Value*) /root/llvm/llvm-project-21/llvm/lib/Transforms/Utils/Local.cpp:3543:24
#13 0x0000612a9b89cc10 (anonymous namespace)::NewGVN::eliminateInstructions(llvm::Function&) /root/llvm/llvm-project-21/llvm/lib/Transforms/Scalar/NewGVN.cpp:4128:11
[Error] eval /root/iscas/ruyituner/dataset21/poj104-v2-ll_4/train/31_1857.ll: opt failed for pipeline='module(attributor),function(mem2reg),module(elim-avail-extern),module(globalopt),module(attributor),module(scc-oz-module-inliner),module(attributor),function(mem2reg),module(iroutliner),function(gvn-hoist),function(dce),function(newgvn)', target_triple=x86_64-unknown-linux-gnu, returncode=-6, cmd=/root/opt/rv64gc_llvm_21/bin/opt -S -passes=module(attributor),function(mem2reg),module(elim-avail-extern),module(globalopt),module(attributor),module(scc-oz-module-inliner),module(attributor),function(mem2reg),module(iroutliner),function(gvn-hoist),function(dce),function(newgvn) --mtriple=x86_64-unknown-linux-gnu
opt: /root/llvm/llvm-project-21/llvm/lib/Transforms/Utils/Local.cpp:3527: void llvm::patchReplacementInstruction(Instruction*, Value*): Assertion `Success && "We should not be trying to sink callbases " "with non-intersectable attributes"' failed.
PLEASE submit a bug report to https://github.com/llvm/llvm-project/issues/ and include the crash backtrace.
Stack dump:
0.	Program arguments: /root/opt/rv64gc_llvm_21/bin/opt -S -passes=module(attributor),function(mem2reg),module(elim-avail-extern),module(globalopt),module(attributor),module(scc-oz-module-inliner),module(attributor),function(mem2reg),module(iroutliner),function(gvn-hoist),function(dce),function(newgvn) --mtriple=x86_64-unknown-linux-gnu
1.	Running pass "function(newgvn)" on module "<stdin>"
2.	Running pass "newgvn" on function "main"
 #0 0x00005f07d24e3dd0 llvm::sys::PrintStackTrace(llvm::raw_ostream&, int) /root/llvm/llvm-project-21/llvm/lib/Support/Unix/Signals.inc:834:22
 #1 0x00005f07d24e4259 PrintStackTraceSignalHandler(void*) /root/llvm/llvm-project-21/llvm/lib/Support/Unix/Signals.inc:918:1
 #2 0x00005f07d24e13c9 llvm::sys::RunSignalHandlers() /root/llvm/llvm-project-21/llvm/lib/Support/Signals.cpp:104:20
 #3 0x00005f07d24e360d SignalHandler(int, siginfo_t*, void*) /root/llvm/llvm-project-21/llvm/lib/Support/Unix/Signals.inc:426:14
 #4 0x0000701cca370330 (/lib/x86_64-linux-gnu/libc.so.6+0x45330)
 #5 0x0000701cca3c9b2c __pthread_kill_implementation ./nptl/pthread_kill.c:44:76
 #6 0x0000701cca3c9b2c __pthread_kill_internal ./nptl/pthread_kill.c:78:10
 #7 0x0000701cca3c9b2c pthread_kill ./nptl/pthread_kill.c:89:10
 #8 0x0000701cca37027e raise ./signal/../sysdeps/posix/raise.c:27:6
 #9 0x0000701cca3538ff abort ./stdlib/abort.c:81:7
#10 0x0000701cca35381b _nl_load_domain ./intl/loadmsgcat.c:1177:9
#11 0x0000701cca366517 (/lib/x86_64-linux-gnu/libc.so.6+0x3b517)
#12 0x00005f07d0f9f172 llvm::patchReplacementInstruction(llvm::Instruction*, llvm::Value*) /root/llvm/llvm-project-21/llvm/lib/Transforms/Utils/Local.cpp:3543:24
#13 0x00005f07d0a8ec10 (anonymous namespace)::NewGVN::eliminateInstructions(llvm::Function&) /root/llvm/llvm-project-21/llvm/lib/Transforms/Scalar/NewGVN.cpp:4128:11
[Error] eval /root/iscas/ruyituner/dataset21/poj104-v2-ll_4/train/31_1857.ll: opt failed for pipeline='module(elim-avail-extern),function(mem2reg),module(elim-avail-extern),function(newgvn),module(globalopt),module(attributor),function(jump-threading),function(memcpyopt),function(gvn-hoist),function(reassociate),function(newgvn),module(globalopt),function(gvn-sink),module(globalopt),module(attributor),module(scc-oz-module-inliner)', target_triple=x86_64-unknown-linux-gnu, returncode=-6, cmd=/root/opt/rv64gc_llvm_21/bin/opt -S -passes=module(elim-avail-extern),function(mem2reg),module(elim-avail-extern),function(newgvn),module(globalopt),module(attributor),function(jump-threading),function(memcpyopt),function(gvn-hoist),function(reassociate),function(newgvn),module(globalopt),function(gvn-sink),module(globalopt),module(attributor),module(scc-oz-module-inliner) --mtriple=x86_64-unknown-linux-gnu
opt: /root/llvm/llvm-project-21/llvm/lib/Transforms/Utils/Local.cpp:3527: void llvm::patchReplacementInstruction(Instruction*, Value*): Assertion `Success && "We should not be trying to sink callbases " "with non-intersectable attributes"' failed.
PLEASE submit a bug report to https://github.com/llvm/llvm-project/issues/ and include the crash backtrace.
Stack dump:
0.	Program arguments: /root/opt/rv64gc_llvm_21/bin/opt -S -passes=module(elim-avail-extern),function(mem2reg),module(elim-avail-extern),function(newgvn),module(globalopt),module(attributor),function(jump-threading),function(memcpyopt),function(gvn-hoist),function(reassociate),function(newgvn),module(globalopt),function(gvn-sink),module(globalopt),module(attributor),module(scc-oz-module-inliner) --mtriple=x86_64-unknown-linux-gnu
1.	Running pass "function(newgvn)" on module "<stdin>"
2.	Running pass "newgvn" on function "main"
 #0 0x00005dc98bbf4dd0 llvm::sys::PrintStackTrace(llvm::raw_ostream&, int) /root/llvm/llvm-project-21/llvm/lib/Support/Unix/Signals.inc:834:22
 #1 0x00005dc98bbf5259 PrintStackTraceSignalHandler(void*) /root/llvm/llvm-project-21/llvm/lib/Support/Unix/Signals.inc:918:1
 #2 0x00005dc98bbf23c9 llvm::sys::RunSignalHandlers() /root/llvm/llvm-project-21/llvm/lib/Support/Signals.cpp:104:20
 #3 0x00005dc98bbf460d SignalHandler(int, siginfo_t*, void*) /root/llvm/llvm-project-21/llvm/lib/Support/Unix/Signals.inc:426:14
 #4 0x00007481d0d8b330 (/lib/x86_64-linux-gnu/libc.so.6+0x45330)
 #5 0x00007481d0de4b2c __pthread_kill_implementation ./nptl/pthread_kill.c:44:76
 #6 0x00007481d0de4b2c __pthread_kill_internal ./nptl/pthread_kill.c:78:10
 #7 0x00007481d0de4b2c pthread_kill ./nptl/pthread_kill.c:89:10
 #8 0x00007481d0d8b27e raise ./signal/../sysdeps/posix/raise.c:27:6
 #9 0x00007481d0d6e8ff abort ./stdlib/abort.c:81:7
#10 0x00007481d0d6e81b _nl_load_domain ./intl/loadmsgcat.c:1177:9
#11 0x00007481d0d81517 (/lib/x86_64-linux-gnu/libc.so.6+0x3b517)
#12 0x00005dc98a6b0172 llvm::patchReplacementInstruction(llvm::Instruction*, llvm::Value*) /root/llvm/llvm-project-21/llvm/lib/Transforms/Utils/Local.cpp:3543:24
#13 0x00005dc98a19fc10 (anonymous namespace)::NewGVN::eliminateInstructions(llvm::Function&) /root/llvm/llvm-project-21/llvm/lib/Transforms/Scalar/NewGVN.cpp:4128:11
[Error] eval /root/iscas/ruyituner/dataset21/poj104-v2-ll_4/train/31_1857.ll: opt failed for pipeline='module(elim-avail-extern),function(mem2reg),module(elim-avail-extern),function(gvn-sink),module(globalopt),function(dse),function(newgvn),cgscc(attributor-cgscc),module(scc-oz-module-inliner),function(newgvn),module(globalopt),module(iroutliner),cgscc(attributor-cgscc)', target_triple=x86_64-unknown-linux-gnu, returncode=-6, cmd=/root/opt/rv64gc_llvm_21/bin/opt -S -passes=module(elim-avail-extern),function(mem2reg),module(elim-avail-extern),function(gvn-sink),module(globalopt),function(dse),function(newgvn),cgscc(attributor-cgscc),module(scc-oz-module-inliner),function(newgvn),module(globalopt),module(iroutliner),cgscc(attributor-cgscc) --mtriple=x86_64-unknown-linux-gnu
opt: /root/llvm/llvm-project-21/llvm/lib/Transforms/Utils/Local.cpp:3527: void llvm::patchReplacementInstruction(Instruction*, Value*): Assertion `Success && "We should not be trying to sink callbases " "with non-intersectable attributes"' failed.
PLEASE submit a bug report to https://github.com/llvm/llvm-project/issues/ and include the crash backtrace.
Stack dump:
0.	Program arguments: /root/opt/rv64gc_llvm_21/bin/opt -S -passes=module(elim-avail-extern),function(mem2reg),module(elim-avail-extern),function(gvn-sink),module(globalopt),function(dse),function(newgvn),cgscc(attributor-cgscc),module(scc-oz-module-inliner),function(newgvn),module(globalopt),module(iroutliner),cgscc(attributor-cgscc) --mtriple=x86_64-unknown-linux-gnu
1.	Running pass "function(newgvn)" on module "<stdin>"
2.	Running pass "newgvn" on function "main"
 #0 0x00005fc0e6203dd0 llvm::sys::PrintStackTrace(llvm::raw_ostream&, int) /root/llvm/llvm-project-21/llvm/lib/Support/Unix/Signals.inc:834:22
 #1 0x00005fc0e6204259 PrintStackTraceSignalHandler(void*) /root/llvm/llvm-project-21/llvm/lib/Support/Unix/Signals.inc:918:1
 #2 0x00005fc0e62013c9 llvm::sys::RunSignalHandlers() /root/llvm/llvm-project-21/llvm/lib/Support/Signals.cpp:104:20
 #3 0x00005fc0e620360d SignalHandler(int, siginfo_t*, void*) /root/llvm/llvm-project-21/llvm/lib/Support/Unix/Signals.inc:426:14
 #4 0x00007246ea3cd330 (/lib/x86_64-linux-gnu/libc.so.6+0x45330)
 #5 0x00007246ea426b2c __pthread_kill_implementation ./nptl/pthread_kill.c:44:76
 #6 0x00007246ea426b2c __pthread_kill_internal ./nptl/pthread_kill.c:78:10
 #7 0x00007246ea426b2c pthread_kill ./nptl/pthread_kill.c:89:10
 #8 0x00007246ea3cd27e raise ./signal/../sysdeps/posix/raise.c:27:6
 #9 0x00007246ea3b08ff abort ./stdlib/abort.c:81:7
#10 0x00007246ea3b081b _nl_load_domain ./intl/loadmsgcat.c:1177:9
#11 0x00007246ea3c3517 (/lib/x86_64-linux-gnu/libc.so.6+0x3b517)
#12 0x00005fc0e4cbf172 llvm::patchReplacementInstruction(llvm::Instruction*, llvm::Value*) /root/llvm/llvm-project-21/llvm/lib/Transforms/Utils/Local.cpp:3543:24
#13 0x00005fc0e47aec10 (anonymous namespace)::NewGVN::eliminateInstructions(llvm::Function&) /root/llvm/llvm-project-21/llvm/lib/Transforms/Scalar/NewGVN.cpp:4128:11
[Error] eval /root/iscas/ruyituner/dataset21/poj104-v2-ll_4/train/31_1857.ll: opt failed for pipeline='module(attributor),function(memcpyopt),function(instsimplify),function(gvn-hoist),function(mem2reg),function(jump-threading),module(elim-avail-extern),cgscc(attributor-cgscc),function(dse),module(globalopt),module(elim-avail-extern),function(mem2reg),module(elim-avail-extern),function(newgvn),cgscc(attributor-cgscc),module(globalopt)', target_triple=x86_64-unknown-linux-gnu, returncode=-6, cmd=/root/opt/rv64gc_llvm_21/bin/opt -S -passes=module(attributor),function(memcpyopt),function(instsimplify),function(gvn-hoist),function(mem2reg),function(jump-threading),module(elim-avail-extern),cgscc(attributor-cgscc),function(dse),module(globalopt),module(elim-avail-extern),function(mem2reg),module(elim-avail-extern),function(newgvn),cgscc(attributor-cgscc),module(globalopt) --mtriple=x86_64-unknown-linux-gnu
opt: /root/llvm/llvm-project-21/llvm/lib/Transforms/Utils/Local.cpp:3527: void llvm::patchReplacementInstruction(Instruction*, Value*): Assertion `Success && "We should not be trying to sink callbases " "with non-intersectable attributes"' failed.
PLEASE submit a bug report to https://github.com/llvm/llvm-project/issues/ and include the crash backtrace.
Stack dump:
0.	Program arguments: /root/opt/rv64gc_llvm_21/bin/opt -S -passes=module(attributor),function(memcpyopt),function(instsimplify),function(gvn-hoist),function(mem2reg),function(jump-threading),module(elim-avail-extern),cgscc(attributor-cgscc),function(dse),module(globalopt),module(elim-avail-extern),function(mem2reg),module(elim-avail-extern),function(newgvn),cgscc(attributor-cgscc),module(globalopt) --mtriple=x86_64-unknown-linux-gnu
1.	Running pass "function(newgvn)" on module "<stdin>"
2.	Running pass "newgvn" on function "main"
 #0 0x000059ee673b4dd0 llvm::sys::PrintStackTrace(llvm::raw_ostream&, int) /root/llvm/llvm-project-21/llvm/lib/Support/Unix/Signals.inc:834:22
 #1 0x000059ee673b5259 PrintStackTraceSignalHandler(void*) /root/llvm/llvm-project-21/llvm/lib/Support/Unix/Signals.inc:918:1
 #2 0x000059ee673b23c9 llvm::sys::RunSignalHandlers() /root/llvm/llvm-project-21/llvm/lib/Support/Signals.cpp:104:20
 #3 0x000059ee673b460d SignalHandler(int, siginfo_t*, void*) /root/llvm/llvm-project-21/llvm/lib/Support/Unix/Signals.inc:426:14
 #4 0x00007341b8832330 (/lib/x86_64-linux-gnu/libc.so.6+0x45330)
 #5 0x00007341b888bb2c __pthread_kill_implementation ./nptl/pthread_kill.c:44:76
 #6 0x00007341b888bb2c __pthread_kill_internal ./nptl/pthread_kill.c:78:10
 #7 0x00007341b888bb2c pthread_kill ./nptl/pthread_kill.c:89:10
 #8 0x00007341b883227e raise ./signal/../sysdeps/posix/raise.c:27:6
 #9 0x00007341b88158ff abort ./stdlib/abort.c:81:7
#10 0x00007341b881581b _nl_load_domain ./intl/loadmsgcat.c:1177:9
#11 0x00007341b8828517 (/lib/x86_64-linux-gnu/libc.so.6+0x3b517)
#12 0x000059ee65e70172 llvm::patchReplacementInstruction(llvm::Instruction*, llvm::Value*) /root/llvm/llvm-project-21/llvm/lib/Transforms/Utils/Local.cpp:3543:24
#13 0x000059ee6595fc10 (anonymous namespace)::NewGVN::eliminateInstructions(llvm::Function&) /root/llvm/llvm-project-21/llvm/lib/Transforms/Scalar/NewGVN.cpp:4128:11
[Error] eval /root/iscas/ruyituner/dataset21/poj104-v2-ll_4/train/31_1857.ll: opt failed for pipeline='module(elim-avail-extern),function(mem2reg),function(newgvn),function(dce),function(memcpyopt),cgscc(attributor-cgscc),function(jump-threading),function(gvn-sink),function(jump-threading),function(newgvn),cgscc(attributor-cgscc),function(memcpyopt),cgscc(attributor-cgscc),function(jump-threading),function(gvn-sink),function(newgvn),module(globalopt),function(gvn-sink),function(jump-threading),function(newgvn),cgscc(attributor-cgscc),function(memcpyopt),cgscc(attributor-cgscc)', target_triple=x86_64-unknown-linux-gnu, returncode=-6, cmd=/root/opt/rv64gc_llvm_21/bin/opt -S -passes=module(elim-avail-extern),function(mem2reg),function(newgvn),function(dce),function(memcpyopt),cgscc(attributor-cgscc),function(jump-threading),function(gvn-sink),function(jump-threading),function(newgvn),cgscc(attributor-cgscc),function(memcpyopt),cgscc(attributor-cgscc),function(jump-threading),function(gvn-sink),function(newgvn),module(globalopt),function(gvn-sink),function(jump-threading),function(newgvn),cgscc(attributor-cgscc),function(memcpyopt),cgscc(attributor-cgscc) --mtriple=x86_64-unknown-linux-gnu
opt: /root/llvm/llvm-project-21/llvm/lib/Transforms/Utils/Local.cpp:3527: void llvm::patchReplacementInstruction(Instruction*, Value*): Assertion `Success && "We should not be trying to sink callbases " "with non-intersectable attributes"' failed.
PLEASE submit a bug report to https://github.com/llvm/llvm-project/issues/ and include the crash backtrace.
Stack dump:
0.	Program arguments: /root/opt/rv64gc_llvm_21/bin/opt -S -passes=module(elim-avail-extern),function(mem2reg),function(newgvn),function(dce),function(memcpyopt),cgscc(attributor-cgscc),function(jump-threading),function(gvn-sink),function(jump-threading),function(newgvn),cgscc(attributor-cgscc),function(memcpyopt),cgscc(attributor-cgscc),function(jump-threading),function(gvn-sink),function(newgvn),module(globalopt),function(gvn-sink),function(jump-threading),function(newgvn),cgscc(attributor-cgscc),function(memcpyopt),cgscc(attributor-cgscc) --mtriple=x86_64-unknown-linux-gnu
1.	Running pass "function(newgvn)" on module "<stdin>"
2.	Running pass "newgvn" on function "main"
 #0 0x000057633bfe8dd0 llvm::sys::PrintStackTrace(llvm::raw_ostream&, int) /root/llvm/llvm-project-21/llvm/lib/Support/Unix/Signals.inc:834:22
 #1 0x000057633bfe9259 PrintStackTraceSignalHandler(void*) /root/llvm/llvm-project-21/llvm/lib/Support/Unix/Signals.inc:918:1
 #2 0x000057633bfe63c9 llvm::sys::RunSignalHandlers() /root/llvm/llvm-project-21/llvm/lib/Support/Signals.cpp:104:20
 #3 0x000057633bfe860d SignalHandler(int, siginfo_t*, void*) /root/llvm/llvm-project-21/llvm/lib/Support/Unix/Signals.inc:426:14
 #4 0x000078ca7d70a330 (/lib/x86_64-linux-gnu/libc.so.6+0x45330)
 #5 0x000078ca7d763b2c __pthread_kill_implementation ./nptl/pthread_kill.c:44:76
 #6 0x000078ca7d763b2c __pthread_kill_internal ./nptl/pthread_kill.c:78:10
 #7 0x000078ca7d763b2c pthread_kill ./nptl/pthread_kill.c:89:10
 #8 0x000078ca7d70a27e raise ./signal/../sysdeps/posix/raise.c:27:6
 #9 0x000078ca7d6ed8ff abort ./stdlib/abort.c:81:7
#10 0x000078ca7d6ed81b _nl_load_domain ./intl/loadmsgcat.c:1177:9
#11 0x000078ca7d700517 (/lib/x86_64-linux-gnu/libc.so.6+0x3b517)
#12 0x000057633aaa4172 llvm::patchReplacementInstruction(llvm::Instruction*, llvm::Value*) /root/llvm/llvm-project-21/llvm/lib/Transforms/Utils/Local.cpp:3543:24
#13 0x000057633a593c10 (anonymous namespace)::NewGVN::eliminateInstructions(llvm::Function&) /root/llvm/llvm-project-21/llvm/lib/Transforms/Scalar/NewGVN.cpp:4128:11
[Error] eval /root/iscas/ruyituner/dataset21/poj104-v2-ll_4/train/31_1857.ll: opt failed for pipeline='module(elim-avail-extern),cgscc(attributor-cgscc),module(scc-oz-module-inliner),module(globalopt),function(newgvn),function(mem2reg),module(iroutliner),function(jump-threading),module(globalopt),module(attributor),function(dce),function(newgvn),module(iroutliner),cgscc(attributor-cgscc),module(scc-oz-module-inliner)', target_triple=x86_64-unknown-linux-gnu, returncode=-6, cmd=/root/opt/rv64gc_llvm_21/bin/opt -S -passes=module(elim-avail-extern),cgscc(attributor-cgscc),module(scc-oz-module-inliner),module(globalopt),function(newgvn),function(mem2reg),module(iroutliner),function(jump-threading),module(globalopt),module(attributor),function(dce),function(newgvn),module(iroutliner),cgscc(attributor-cgscc),module(scc-oz-module-inliner) --mtriple=x86_64-unknown-linux-gnu
opt: /root/llvm/llvm-project-21/llvm/lib/Transforms/Utils/Local.cpp:3527: void llvm::patchReplacementInstruction(Instruction*, Value*): Assertion `Success && "We should not be trying to sink callbases " "with non-intersectable attributes"' failed.
PLEASE submit a bug report to https://github.com/llvm/llvm-project/issues/ and include the crash backtrace.
Stack dump:
0.	Program arguments: /root/opt/rv64gc_llvm_21/bin/opt -S -passes=module(elim-avail-extern),cgscc(attributor-cgscc),module(scc-oz-module-inliner),module(globalopt),function(newgvn),function(mem2reg),module(iroutliner),function(jump-threading),module(globalopt),module(attributor),function(dce),function(newgvn),module(iroutliner),cgscc(attributor-cgscc),module(scc-oz-module-inliner) --mtriple=x86_64-unknown-linux-gnu
1.	Running pass "function(newgvn)" on module "<stdin>"
2.	Running pass "newgvn" on function "main"
 #0 0x00005b761c280dd0 llvm::sys::PrintStackTrace(llvm::raw_ostream&, int) /root/llvm/llvm-project-21/llvm/lib/Support/Unix/Signals.inc:834:22
 #1 0x00005b761c281259 PrintStackTraceSignalHandler(void*) /root/llvm/llvm-project-21/llvm/lib/Support/Unix/Signals.inc:918:1
 #2 0x00005b761c27e3c9 llvm::sys::RunSignalHandlers() /root/llvm/llvm-project-21/llvm/lib/Support/Signals.cpp:104:20
 #3 0x00005b761c28060d SignalHandler(int, siginfo_t*, void*) /root/llvm/llvm-project-21/llvm/lib/Support/Unix/Signals.inc:426:14
 #4 0x000079d6d2aa2330 (/lib/x86_64-linux-gnu/libc.so.6+0x45330)
 #5 0x000079d6d2afbb2c __pthread_kill_implementation ./nptl/pthread_kill.c:44:76
 #6 0x000079d6d2afbb2c __pthread_kill_internal ./nptl/pthread_kill.c:78:10
 #7 0x000079d6d2afbb2c pthread_kill ./nptl/pthread_kill.c:89:10
 #8 0x000079d6d2aa227e raise ./signal/../sysdeps/posix/raise.c:27:6
 #9 0x000079d6d2a858ff abort ./stdlib/abort.c:81:7
#10 0x000079d6d2a8581b _nl_load_domain ./intl/loadmsgcat.c:1177:9
#11 0x000079d6d2a98517 (/lib/x86_64-linux-gnu/libc.so.6+0x3b517)
#12 0x00005b761ad3c172 llvm::patchReplacementInstruction(llvm::Instruction*, llvm::Value*) /root/llvm/llvm-project-21/llvm/lib/Transforms/Utils/Local.cpp:3543:24
#13 0x00005b761a82bc10 (anonymous namespace)::NewGVN::eliminateInstructions(llvm::Function&) /root/llvm/llvm-project-21/llvm/lib/Transforms/Scalar/NewGVN.cpp:4128:11
[Error] eval /root/iscas/ruyituner/dataset21/poj104-v2-ll_4/train/31_1857.ll: opt failed for pipeline='module(elim-avail-extern),function(mem2reg),function(instsimplify),module(iroutliner),function(reassociate),function(jump-threading),module(elim-avail-extern),module(globalopt),function(gvn-sink),function(newgvn)', target_triple=x86_64-unknown-linux-gnu, returncode=-6, cmd=/root/opt/rv64gc_llvm_21/bin/opt -S -passes=module(elim-avail-extern),function(mem2reg),function(instsimplify),module(iroutliner),function(reassociate),function(jump-threading),module(elim-avail-extern),module(globalopt),function(gvn-sink),function(newgvn) --mtriple=x86_64-unknown-linux-gnu
opt: /root/llvm/llvm-project-21/llvm/lib/Transforms/Utils/Local.cpp:3527: void llvm::patchReplacementInstruction(Instruction*, Value*): Assertion `Success && "We should not be trying to sink callbases " "with non-intersectable attributes"' failed.
PLEASE submit a bug report to https://github.com/llvm/llvm-project/issues/ and include the crash backtrace.
Stack dump:
0.	Program arguments: /root/opt/rv64gc_llvm_21/bin/opt -S -passes=module(elim-avail-extern),function(mem2reg),function(instsimplify),module(iroutliner),function(reassociate),function(jump-threading),module(elim-avail-extern),module(globalopt),function(gvn-sink),function(newgvn) --mtriple=x86_64-unknown-linux-gnu
1.	Running pass "function(newgvn)" on module "<stdin>"
2.	Running pass "newgvn" on function "main"
 #0 0x000057ff1da8cdd0 llvm::sys::PrintStackTrace(llvm::raw_ostream&, int) /root/llvm/llvm-project-21/llvm/lib/Support/Unix/Signals.inc:834:22
 #1 0x000057ff1da8d259 PrintStackTraceSignalHandler(void*) /root/llvm/llvm-project-21/llvm/lib/Support/Unix/Signals.inc:918:1
 #2 0x000057ff1da8a3c9 llvm::sys::RunSignalHandlers() /root/llvm/llvm-project-21/llvm/lib/Support/Signals.cpp:104:20
 #3 0x000057ff1da8c60d SignalHandler(int, siginfo_t*, void*) /root/llvm/llvm-project-21/llvm/lib/Support/Unix/Signals.inc:426:14
 #4 0x000072c1c70ef330 (/lib/x86_64-linux-gnu/libc.so.6+0x45330)
 #5 0x000072c1c7148b2c __pthread_kill_implementation ./nptl/pthread_kill.c:44:76
 #6 0x000072c1c7148b2c __pthread_kill_internal ./nptl/pthread_kill.c:78:10
 #7 0x000072c1c7148b2c pthread_kill ./nptl/pthread_kill.c:89:10
 #8 0x000072c1c70ef27e raise ./signal/../sysdeps/posix/raise.c:27:6
 #9 0x000072c1c70d28ff abort ./stdlib/abort.c:81:7
#10 0x000072c1c70d281b _nl_load_domain ./intl/loadmsgcat.c:1177:9
#11 0x000072c1c70e5517 (/lib/x86_64-linux-gnu/libc.so.6+0x3b517)
#12 0x000057ff1c548172 llvm::patchReplacementInstruction(llvm::Instruction*, llvm::Value*) /root/llvm/llvm-project-21/llvm/lib/Transforms/Utils/Local.cpp:3543:24
#13 0x000057ff1c037c10 (anonymous namespace)::NewGVN::eliminateInstructions(llvm::Function&) /root/llvm/llvm-project-21/llvm/lib/Transforms/Scalar/NewGVN.cpp:4128:11

[Step 4] 开始贝叶斯优化（200 轮）...
GA search time: 8.54s, candidates: 368
[Error] eval /root/iscas/ruyituner/dataset21/poj104-v2-ll_4/train/31_1857.ll: opt failed for pipeline='module(scc-oz-module-inliner),function(mem2reg),function(instsimplify),module(iroutliner),function(jump-threading),module(attributor),module(attributor),function(newgvn),function(jump-threading),cgscc(attributor-cgscc),function(jump-threading),function(jump-threading),function(jump-threading),function(newgvn),function(newgvn),function(newgvn),module(iroutliner),cgscc(attributor-cgscc),cgscc(attributor-cgscc),cgscc(attributor-cgscc),cgscc(attributor-cgscc),module(elim-avail-extern),module(globalopt),function(gvn-sink),function(gvn-sink),function(gvn-sink),function(instsimplify),function(dce),module(elim-avail-extern),function(memcpyopt),function(reassociate),function(memcpyopt),function(memcpyopt)', target_triple=x86_64-unknown-linux-gnu, returncode=-6, cmd=/root/opt/rv64gc_llvm_21/bin/opt -S -passes=module(scc-oz-module-inliner),function(mem2reg),function(instsimplify),module(iroutliner),function(jump-threading),module(attributor),module(attributor),function(newgvn),function(jump-threading),cgscc(attributor-cgscc),function(jump-threading),function(jump-threading),function(jump-threading),function(newgvn),function(newgvn),function(newgvn),module(iroutliner),cgscc(attributor-cgscc),cgscc(attributor-cgscc),cgscc(attributor-cgscc),cgscc(attributor-cgscc),module(elim-avail-extern),module(globalopt),function(gvn-sink),function(gvn-sink),function(gvn-sink),function(instsimplify),function(dce),module(elim-avail-extern),function(memcpyopt),function(reassociate),function(memcpyopt),function(memcpyopt) --mtriple=x86_64-unknown-linux-gnu
opt: /root/llvm/llvm-project-21/llvm/lib/Transforms/Utils/Local.cpp:3527: void llvm::patchReplacementInstruction(Instruction*, Value*): Assertion `Success && "We should not be trying to sink callbases " "with non-intersectable attributes"' failed.
PLEASE submit a bug report to https://github.com/llvm/llvm-project/issues/ and include the crash backtrace.
Stack dump:
0.	Program arguments: /root/opt/rv64gc_llvm_21/bin/opt -S -passes=module(scc-oz-module-inliner),function(mem2reg),function(instsimplify),module(iroutliner),function(jump-threading),module(attributor),module(attributor),function(newgvn),function(jump-threading),cgscc(attributor-cgscc),function(jump-threading),function(jump-threading),function(jump-threading),function(newgvn),function(newgvn),function(newgvn),module(iroutliner),cgscc(attributor-cgscc),cgscc(attributor-cgscc),cgscc(attributor-cgscc),cgscc(attributor-cgscc),module(elim-avail-extern),module(globalopt),function(gvn-sink),function(gvn-sink),function(gvn-sink),function(instsimplify),function(dce),module(elim-avail-extern),function(memcpyopt),function(reassociate),function(memcpyopt),function(memcpyopt) --mtriple=x86_64-unknown-linux-gnu
1.	Running pass "function(newgvn)" on module "<stdin>"
2.	Running pass "newgvn" on function "main"
 #0 0x000055f3c3421dd0 llvm::sys::PrintStackTrace(llvm::raw_ostream&, int) /root/llvm/llvm-project-21/llvm/lib/Support/Unix/Signals.inc:834:22
 #1 0x000055f3c3422259 PrintStackTraceSignalHandler(void*) /root/llvm/llvm-project-21/llvm/lib/Support/Unix/Signals.inc:918:1
 #2 0x000055f3c341f3c9 llvm::sys::RunSignalHandlers() /root/llvm/llvm-project-21/llvm/lib/Support/Signals.cpp:104:20
 #3 0x000055f3c342160d SignalHandler(int, siginfo_t*, void*) /root/llvm/llvm-project-21/llvm/lib/Support/Unix/Signals.inc:426:14
 #4 0x00007e6f323b3330 (/lib/x86_64-linux-gnu/libc.so.6+0x45330)
 #5 0x00007e6f3240cb2c __pthread_kill_implementation ./nptl/pthread_kill.c:44:76
 #6 0x00007e6f3240cb2c __pthread_kill_internal ./nptl/pthread_kill.c:78:10
 #7 0x00007e6f3240cb2c pthread_kill ./nptl/pthread_kill.c:89:10
 #8 0x00007e6f323b327e raise ./signal/../sysdeps/posix/raise.c:27:6
 #9 0x00007e6f323968ff abort ./stdlib/abort.c:81:7
#10 0x00007e6f3239681b _nl_load_domain ./intl/loadmsgcat.c:1177:9
#11 0x00007e6f323a9517 (/lib/x86_64-linux-gnu/libc.so.6+0x3b517)
#12 0x000055f3c1edd172 llvm::patchReplacementInstruction(llvm::Instruction*, llvm::Value*) /root/llvm/llvm-project-21/llvm/lib/Transforms/Utils/Local.cpp:3543:24
#13 0x000055f3c19ccc10 (anonymous namespace)::NewGVN::eliminateInstructions(llvm::Function&) /root/llvm/llvm-project-21/llvm/lib/Transforms/Scalar/NewGVN.cpp:4128:11
  [iter   1/200] search_obj=1.0771  search_best=0.8133  validation_best=0.8529  EI=0.0129  rnum=168.4  len=33  syn_rate=0.50  mean=1.0426  worsen=23.00%
GA search time: 6.27s, candidates: 366
[Error] eval /root/iscas/ruyituner/dataset21/poj104-v2-ll_4/train/31_1857.ll: opt failed for pipeline='module(elim-avail-extern),module(iroutliner),function(instsimplify),function(memcpyopt),function(gvn-sink),module(globalopt),module(globalopt),function(dce),function(dce),function(instsimplify),module(attributor),function(gvn-sink),function(newgvn),function(memcpyopt),function(jump-threading),module(globalopt),function(gvn-sink),function(newgvn),function(gvn-sink),module(globalopt),module(attributor),function(dce),module(iroutliner),module(elim-avail-extern),module(scc-oz-module-inliner)', target_triple=x86_64-unknown-linux-gnu, returncode=-6, cmd=/root/opt/rv64gc_llvm_21/bin/opt -S -passes=module(elim-avail-extern),module(iroutliner),function(instsimplify),function(memcpyopt),function(gvn-sink),module(globalopt),module(globalopt),function(dce),function(dce),function(instsimplify),module(attributor),function(gvn-sink),function(newgvn),function(memcpyopt),function(jump-threading),module(globalopt),function(gvn-sink),function(newgvn),function(gvn-sink),module(globalopt),module(attributor),function(dce),module(iroutliner),module(elim-avail-extern),module(scc-oz-module-inliner) --mtriple=x86_64-unknown-linux-gnu
opt: /root/llvm/llvm-project-21/llvm/lib/Transforms/Utils/Local.cpp:3527: void llvm::patchReplacementInstruction(Instruction*, Value*): Assertion `Success && "We should not be trying to sink callbases " "with non-intersectable attributes"' failed.
PLEASE submit a bug report to https://github.com/llvm/llvm-project/issues/ and include the crash backtrace.
Stack dump:
0.	Program arguments: /root/opt/rv64gc_llvm_21/bin/opt -S -passes=module(elim-avail-extern),module(iroutliner),function(instsimplify),function(memcpyopt),function(gvn-sink),module(globalopt),module(globalopt),function(dce),function(dce),function(instsimplify),module(attributor),function(gvn-sink),function(newgvn),function(memcpyopt),function(jump-threading),module(globalopt),function(gvn-sink),function(newgvn),function(gvn-sink),module(globalopt),module(attributor),function(dce),module(iroutliner),module(elim-avail-extern),module(scc-oz-module-inliner) --mtriple=x86_64-unknown-linux-gnu
1.	Running pass "function(newgvn)" on module "<stdin>"
2.	Running pass "newgvn" on function "main"
 #0 0x00005aa39e049dd0 llvm::sys::PrintStackTrace(llvm::raw_ostream&, int) /root/llvm/llvm-project-21/llvm/lib/Support/Unix/Signals.inc:834:22
 #1 0x00005aa39e04a259 PrintStackTraceSignalHandler(void*) /root/llvm/llvm-project-21/llvm/lib/Support/Unix/Signals.inc:918:1
 #2 0x00005aa39e0473c9 llvm::sys::RunSignalHandlers() /root/llvm/llvm-project-21/llvm/lib/Support/Signals.cpp:104:20
 #3 0x00005aa39e04960d SignalHandler(int, siginfo_t*, void*) /root/llvm/llvm-project-21/llvm/lib/Support/Unix/Signals.inc:426:14
 #4 0x00007c28099f0330 (/lib/x86_64-linux-gnu/libc.so.6+0x45330)
 #5 0x00007c2809a49b2c __pthread_kill_implementation ./nptl/pthread_kill.c:44:76
 #6 0x00007c2809a49b2c __pthread_kill_internal ./nptl/pthread_kill.c:78:10
 #7 0x00007c2809a49b2c pthread_kill ./nptl/pthread_kill.c:89:10
 #8 0x00007c28099f027e raise ./signal/../sysdeps/posix/raise.c:27:6
 #9 0x00007c28099d38ff abort ./stdlib/abort.c:81:7
#10 0x00007c28099d381b _nl_load_domain ./intl/loadmsgcat.c:1177:9
#11 0x00007c28099e6517 (/lib/x86_64-linux-gnu/libc.so.6+0x3b517)
#12 0x00005aa39cb05172 llvm::patchReplacementInstruction(llvm::Instruction*, llvm::Value*) /root/llvm/llvm-project-21/llvm/lib/Transforms/Utils/Local.cpp:3543:24
#13 0x00005aa39c5f4c10 (anonymous namespace)::NewGVN::eliminateInstructions(llvm::Function&) /root/llvm/llvm-project-21/llvm/lib/Transforms/Scalar/NewGVN.cpp:4128:11
  [iter   2/200] search_obj=0.8642  search_best=0.8133  validation_best=0.8506  EI=0.0096  rnum=166.3  len=25  syn_rate=0.35  mean=0.8492  worsen=10.00%
GA search time: 8.67s, candidates: 364
[Error] eval /root/iscas/ruyituner/dataset21/poj104-v2-ll_4/train/31_1857.ll: opt failed for pipeline='module(scc-oz-module-inliner),function(jump-threading),function(newgvn),function(newgvn),module(attributor),module(attributor),module(attributor),module(attributor),module(iroutliner),function(dse),module(iroutliner),module(iroutliner),module(iroutliner),module(iroutliner),module(elim-avail-extern),function(gvn-sink),module(elim-avail-extern),module(elim-avail-extern),function(gvn-hoist),function(memcpyopt),module(globalopt),function(gvn-sink),function(gvn-sink),function(memcpyopt),function(memcpyopt),module(globalopt),module(globalopt),module(globalopt),function(instsimplify),function(dce),function(dce),function(instsimplify),function(dce),function(instsimplify)', target_triple=x86_64-unknown-linux-gnu, returncode=-6, cmd=/root/opt/rv64gc_llvm_21/bin/opt -S -passes=module(scc-oz-module-inliner),function(jump-threading),function(newgvn),function(newgvn),module(attributor),module(attributor),module(attributor),module(attributor),module(iroutliner),function(dse),module(iroutliner),module(iroutliner),module(iroutliner),module(iroutliner),module(elim-avail-extern),function(gvn-sink),module(elim-avail-extern),module(elim-avail-extern),function(gvn-hoist),function(memcpyopt),module(globalopt),function(gvn-sink),function(gvn-sink),function(memcpyopt),function(memcpyopt),module(globalopt),module(globalopt),module(globalopt),function(instsimplify),function(dce),function(dce),function(instsimplify),function(dce),function(instsimplify) --mtriple=x86_64-unknown-linux-gnu
opt: /root/llvm/llvm-project-21/llvm/lib/Transforms/Utils/Local.cpp:3527: void llvm::patchReplacementInstruction(Instruction*, Value*): Assertion `Success && "We should not be trying to sink callbases " "with non-intersectable attributes"' failed.
PLEASE submit a bug report to https://github.com/llvm/llvm-project/issues/ and include the crash backtrace.
Stack dump:
0.	Program arguments: /root/opt/rv64gc_llvm_21/bin/opt -S -passes=module(scc-oz-module-inliner),function(jump-threading),function(newgvn),function(newgvn),module(attributor),module(attributor),module(attributor),module(attributor),module(iroutliner),function(dse),module(iroutliner),module(iroutliner),module(iroutliner),module(iroutliner),module(elim-avail-extern),function(gvn-sink),module(elim-avail-extern),module(elim-avail-extern),function(gvn-hoist),function(memcpyopt),module(globalopt),function(gvn-sink),function(gvn-sink),function(memcpyopt),function(memcpyopt),module(globalopt),module(globalopt),module(globalopt),function(instsimplify),function(dce),function(dce),function(instsimplify),function(dce),function(instsimplify) --mtriple=x86_64-unknown-linux-gnu
1.	Running pass "function(newgvn)" on module "<stdin>"
2.	Running pass "newgvn" on function "main"
 #0 0x0000647632638dd0 llvm::sys::PrintStackTrace(llvm::raw_ostream&, int) /root/llvm/llvm-project-21/llvm/lib/Support/Unix/Signals.inc:834:22
 #1 0x0000647632639259 PrintStackTraceSignalHandler(void*) /root/llvm/llvm-project-21/llvm/lib/Support/Unix/Signals.inc:918:1
 #2 0x00006476326363c9 llvm::sys::RunSignalHandlers() /root/llvm/llvm-project-21/llvm/lib/Support/Signals.cpp:104:20
 #3 0x000064763263860d SignalHandler(int, siginfo_t*, void*) /root/llvm/llvm-project-21/llvm/lib/Support/Unix/Signals.inc:426:14
 #4 0x00007b3c8a553330 (/lib/x86_64-linux-gnu/libc.so.6+0x45330)
 #5 0x00007b3c8a5acb2c __pthread_kill_implementation ./nptl/pthread_kill.c:44:76
 #6 0x00007b3c8a5acb2c __pthread_kill_internal ./nptl/pthread_kill.c:78:10
 #7 0x00007b3c8a5acb2c pthread_kill ./nptl/pthread_kill.c:89:10
 #8 0x00007b3c8a55327e raise ./signal/../sysdeps/posix/raise.c:27:6
 #9 0x00007b3c8a5368ff abort ./stdlib/abort.c:81:7
#10 0x00007b3c8a53681b _nl_load_domain ./intl/loadmsgcat.c:1177:9
#11 0x00007b3c8a549517 (/lib/x86_64-linux-gnu/libc.so.6+0x3b517)
#12 0x00006476310f4172 llvm::patchReplacementInstruction(llvm::Instruction*, llvm::Value*) /root/llvm/llvm-project-21/llvm/lib/Transforms/Utils/Local.cpp:3543:24
#13 0x0000647630be3c10 (anonymous namespace)::NewGVN::eliminateInstructions(llvm::Function&) /root/llvm/llvm-project-21/llvm/lib/Transforms/Scalar/NewGVN.cpp:4128:11
  [iter   3/200] search_obj=1.0753  search_best=0.8133  validation_best=0.8506  EI=0.0097  rnum=164.2  len=34  syn_rate=0.36  mean=1.0438  worsen=21.00%
GA search time: 4.96s, candidates: 362
  [iter   4/200] search_obj=0.8148  search_best=0.8133  validation_best=0.8506  EI=0.0100  rnum=162.0  len=18  syn_rate=0.39  mean=0.7998  worsen=10.00%
GA search time: 6.09s, candidates: 359
[Error] eval /root/iscas/ruyituner/dataset21/poj104-v2-ll_4/train/31_1857.ll: opt failed for pipeline='module(scc-oz-module-inliner),function(jump-threading),function(newgvn),module(attributor),module(iroutliner),module(attributor),module(iroutliner),module(globalopt),module(elim-avail-extern),function(gvn-sink),module(globalopt),module(elim-avail-extern),function(jump-threading),function(gvn-hoist),function(gvn-sink),function(memcpyopt),function(reassociate),function(dce),function(instsimplify)', target_triple=x86_64-unknown-linux-gnu, returncode=-6, cmd=/root/opt/rv64gc_llvm_21/bin/opt -S -passes=module(scc-oz-module-inliner),function(jump-threading),function(newgvn),module(attributor),module(iroutliner),module(attributor),module(iroutliner),module(globalopt),module(elim-avail-extern),function(gvn-sink),module(globalopt),module(elim-avail-extern),function(jump-threading),function(gvn-hoist),function(gvn-sink),function(memcpyopt),function(reassociate),function(dce),function(instsimplify) --mtriple=x86_64-unknown-linux-gnu
opt: /root/llvm/llvm-project-21/llvm/lib/Transforms/Utils/Local.cpp:3527: void llvm::patchReplacementInstruction(Instruction*, Value*): Assertion `Success && "We should not be trying to sink callbases " "with non-intersectable attributes"' failed.
PLEASE submit a bug report to https://github.com/llvm/llvm-project/issues/ and include the crash backtrace.
Stack dump:
0.	Program arguments: /root/opt/rv64gc_llvm_21/bin/opt -S -passes=module(scc-oz-module-inliner),function(jump-threading),function(newgvn),module(attributor),module(iroutliner),module(attributor),module(iroutliner),module(globalopt),module(elim-avail-extern),function(gvn-sink),module(globalopt),module(elim-avail-extern),function(jump-threading),function(gvn-hoist),function(gvn-sink),function(memcpyopt),function(reassociate),function(dce),function(instsimplify) --mtriple=x86_64-unknown-linux-gnu
1.	Running pass "function(newgvn)" on module "<stdin>"
2.	Running pass "newgvn" on function "main"
 #0 0x000064dabf710dd0 llvm::sys::PrintStackTrace(llvm::raw_ostream&, int) /root/llvm/llvm-project-21/llvm/lib/Support/Unix/Signals.inc:834:22
 #1 0x000064dabf711259 PrintStackTraceSignalHandler(void*) /root/llvm/llvm-project-21/llvm/lib/Support/Unix/Signals.inc:918:1
 #2 0x000064dabf70e3c9 llvm::sys::RunSignalHandlers() /root/llvm/llvm-project-21/llvm/lib/Support/Signals.cpp:104:20
 #3 0x000064dabf71060d SignalHandler(int, siginfo_t*, void*) /root/llvm/llvm-project-21/llvm/lib/Support/Unix/Signals.inc:426:14
 #4 0x0000756658896330 (/lib/x86_64-linux-gnu/libc.so.6+0x45330)
 #5 0x00007566588efb2c __pthread_kill_implementation ./nptl/pthread_kill.c:44:76
 #6 0x00007566588efb2c __pthread_kill_internal ./nptl/pthread_kill.c:78:10
 #7 0x00007566588efb2c pthread_kill ./nptl/pthread_kill.c:89:10
 #8 0x000075665889627e raise ./signal/../sysdeps/posix/raise.c:27:6
 #9 0x00007566588798ff abort ./stdlib/abort.c:81:7
#10 0x000075665887981b _nl_load_domain ./intl/loadmsgcat.c:1177:9
#11 0x000075665888c517 (/lib/x86_64-linux-gnu/libc.so.6+0x3b517)
#12 0x000064dabe1cc172 llvm::patchReplacementInstruction(llvm::Instruction*, llvm::Value*) /root/llvm/llvm-project-21/llvm/lib/Transforms/Utils/Local.cpp:3543:24
#13 0x000064dabdcbbc10 (anonymous namespace)::NewGVN::eliminateInstructions(llvm::Function&) /root/llvm/llvm-project-21/llvm/lib/Transforms/Scalar/NewGVN.cpp:4128:11
  [iter   5/200] search_obj=1.0751  search_best=0.8133  validation_best=0.8506  EI=0.0161  rnum=159.9  len=19  syn_rate=0.39  mean=1.0421  worsen=22.00%
GA search time: 2.48s, candidates: 357
[Error] eval /root/iscas/ruyituner/dataset21/poj104-v2-ll_4/train/31_1857.ll: opt failed for pipeline='module(scc-oz-module-inliner),module(attributor),function(jump-threading),function(newgvn),module(attributor),module(attributor),module(iroutliner),module(iroutliner),function(gvn-hoist),module(elim-avail-extern),module(elim-avail-extern),function(memcpyopt),module(globalopt),function(gvn-sink),function(gvn-sink),function(dce),function(dce),function(reassociate),function(instsimplify),function(instsimplify),module(globalopt),module(scc-oz-module-inliner),module(scc-oz-module-inliner)', target_triple=x86_64-unknown-linux-gnu, returncode=-6, cmd=/root/opt/rv64gc_llvm_21/bin/opt -S -passes=module(scc-oz-module-inliner),module(attributor),function(jump-threading),function(newgvn),module(attributor),module(attributor),module(iroutliner),module(iroutliner),function(gvn-hoist),module(elim-avail-extern),module(elim-avail-extern),function(memcpyopt),module(globalopt),function(gvn-sink),function(gvn-sink),function(dce),function(dce),function(reassociate),function(instsimplify),function(instsimplify),module(globalopt),module(scc-oz-module-inliner),module(scc-oz-module-inliner) --mtriple=x86_64-unknown-linux-gnu
opt: /root/llvm/llvm-project-21/llvm/lib/Transforms/Utils/Local.cpp:3527: void llvm::patchReplacementInstruction(Instruction*, Value*): Assertion `Success && "We should not be trying to sink callbases " "with non-intersectable attributes"' failed.
PLEASE submit a bug report to https://github.com/llvm/llvm-project/issues/ and include the crash backtrace.
Stack dump:
0.	Program arguments: /root/opt/rv64gc_llvm_21/bin/opt -S -passes=module(scc-oz-module-inliner),module(attributor),function(jump-threading),function(newgvn),module(attributor),module(attributor),module(iroutliner),module(iroutliner),function(gvn-hoist),module(elim-avail-extern),module(elim-avail-extern),function(memcpyopt),module(globalopt),function(gvn-sink),function(gvn-sink),function(dce),function(dce),function(reassociate),function(instsimplify),function(instsimplify),module(globalopt),module(scc-oz-module-inliner),module(scc-oz-module-inliner) --mtriple=x86_64-unknown-linux-gnu
1.	Running pass "function(newgvn)" on module "<stdin>"
2.	Running pass "newgvn" on function "main"
 #0 0x00005c4902fe2dd0 llvm::sys::PrintStackTrace(llvm::raw_ostream&, int) /root/llvm/llvm-project-21/llvm/lib/Support/Unix/Signals.inc:834:22
 #1 0x00005c4902fe3259 PrintStackTraceSignalHandler(void*) /root/llvm/llvm-project-21/llvm/lib/Support/Unix/Signals.inc:918:1
 #2 0x00005c4902fe03c9 llvm::sys::RunSignalHandlers() /root/llvm/llvm-project-21/llvm/lib/Support/Signals.cpp:104:20
 #3 0x00005c4902fe260d SignalHandler(int, siginfo_t*, void*) /root/llvm/llvm-project-21/llvm/lib/Support/Unix/Signals.inc:426:14
 #4 0x00007e45fa5fb330 (/lib/x86_64-linux-gnu/libc.so.6+0x45330)
 #5 0x00007e45fa654b2c __pthread_kill_implementation ./nptl/pthread_kill.c:44:76
 #6 0x00007e45fa654b2c __pthread_kill_internal ./nptl/pthread_kill.c:78:10
 #7 0x00007e45fa654b2c pthread_kill ./nptl/pthread_kill.c:89:10
 #8 0x00007e45fa5fb27e raise ./signal/../sysdeps/posix/raise.c:27:6
 #9 0x00007e45fa5de8ff abort ./stdlib/abort.c:81:7
#10 0x00007e45fa5de81b _nl_load_domain ./intl/loadmsgcat.c:1177:9
#11 0x00007e45fa5f1517 (/lib/x86_64-linux-gnu/libc.so.6+0x3b517)
#12 0x00005c4901a9e172 llvm::patchReplacementInstruction(llvm::Instruction*, llvm::Value*) /root/llvm/llvm-project-21/llvm/lib/Transforms/Utils/Local.cpp:3543:24
#13 0x00005c490158dc10 (anonymous namespace)::NewGVN::eliminateInstructions(llvm::Function&) /root/llvm/llvm-project-21/llvm/lib/Transforms/Scalar/NewGVN.cpp:4128:11
  [iter   6/200] search_obj=1.0673  search_best=0.8133  validation_best=0.8506  EI=0.0137  rnum=157.7  len=23  syn_rate=0.36  mean=1.0388  worsen=19.00%
GA search time: 3.94s, candidates: 355
  [iter   7/200] search_obj=0.9148  search_best=0.8133  validation_best=0.8506  EI=0.0148  rnum=155.6  len=18  syn_rate=0.34  mean=0.8998  worsen=10.00%
GA search time: 2.99s, candidates: 353
  [iter   8/200] search_obj=0.8134  search_best=0.8133  validation_best=0.8506  EI=0.0147  rnum=153.4  len=18  syn_rate=0.36  mean=0.7999  worsen=9.00%
GA search time: 2.37s, candidates: 351
  [iter   9/200] search_obj=0.8133  search_best=0.8133  validation_best=0.8506  EI=0.0153  rnum=151.3  len=18  syn_rate=0.38  mean=0.7998  worsen=9.00%
GA search time: 3.34s, candidates: 349
[Error] eval /root/iscas/ruyituner/dataset21/poj104-v2-ll_4/train/31_1857.ll: opt failed for pipeline='module(scc-oz-module-inliner),function(mem2reg),function(newgvn),function(jump-threading),module(attributor),module(iroutliner),module(attributor),module(iroutliner),function(gvn-hoist),module(globalopt),module(elim-avail-extern),function(gvn-sink),module(globalopt),cgscc(attributor-cgscc),module(elim-avail-extern),function(memcpyopt),function(instsimplify),function(dce),function(reassociate),function(dce),function(gvn-sink)', target_triple=x86_64-unknown-linux-gnu, returncode=-6, cmd=/root/opt/rv64gc_llvm_21/bin/opt -S -passes=module(scc-oz-module-inliner),function(mem2reg),function(newgvn),function(jump-threading),module(attributor),module(iroutliner),module(attributor),module(iroutliner),function(gvn-hoist),module(globalopt),module(elim-avail-extern),function(gvn-sink),module(globalopt),cgscc(attributor-cgscc),module(elim-avail-extern),function(memcpyopt),function(instsimplify),function(dce),function(reassociate),function(dce),function(gvn-sink) --mtriple=x86_64-unknown-linux-gnu
opt: /root/llvm/llvm-project-21/llvm/lib/Transforms/Utils/Local.cpp:3527: void llvm::patchReplacementInstruction(Instruction*, Value*): Assertion `Success && "We should not be trying to sink callbases " "with non-intersectable attributes"' failed.
PLEASE submit a bug report to https://github.com/llvm/llvm-project/issues/ and include the crash backtrace.
Stack dump:
0.	Program arguments: /root/opt/rv64gc_llvm_21/bin/opt -S -passes=module(scc-oz-module-inliner),function(mem2reg),function(newgvn),function(jump-threading),module(attributor),module(iroutliner),module(attributor),module(iroutliner),function(gvn-hoist),module(globalopt),module(elim-avail-extern),function(gvn-sink),module(globalopt),cgscc(attributor-cgscc),module(elim-avail-extern),function(memcpyopt),function(instsimplify),function(dce),function(reassociate),function(dce),function(gvn-sink) --mtriple=x86_64-unknown-linux-gnu
1.	Running pass "function(newgvn)" on module "<stdin>"
2.	Running pass "newgvn" on function "main"
 #0 0x000056f232212dd0 llvm::sys::PrintStackTrace(llvm::raw_ostream&, int) /root/llvm/llvm-project-21/llvm/lib/Support/Unix/Signals.inc:834:22
 #1 0x000056f232213259 PrintStackTraceSignalHandler(void*) /root/llvm/llvm-project-21/llvm/lib/Support/Unix/Signals.inc:918:1
 #2 0x000056f2322103c9 llvm::sys::RunSignalHandlers() /root/llvm/llvm-project-21/llvm/lib/Support/Signals.cpp:104:20
 #3 0x000056f23221260d SignalHandler(int, siginfo_t*, void*) /root/llvm/llvm-project-21/llvm/lib/Support/Unix/Signals.inc:426:14
 #4 0x00007a6f2f1d3330 (/lib/x86_64-linux-gnu/libc.so.6+0x45330)
 #5 0x00007a6f2f22cb2c __pthread_kill_implementation ./nptl/pthread_kill.c:44:76
 #6 0x00007a6f2f22cb2c __pthread_kill_internal ./nptl/pthread_kill.c:78:10
 #7 0x00007a6f2f22cb2c pthread_kill ./nptl/pthread_kill.c:89:10
 #8 0x00007a6f2f1d327e raise ./signal/../sysdeps/posix/raise.c:27:6
 #9 0x00007a6f2f1b68ff abort ./stdlib/abort.c:81:7
#10 0x00007a6f2f1b681b _nl_load_domain ./intl/loadmsgcat.c:1177:9
#11 0x00007a6f2f1c9517 (/lib/x86_64-linux-gnu/libc.so.6+0x3b517)
#12 0x000056f230cce172 llvm::patchReplacementInstruction(llvm::Instruction*, llvm::Value*) /root/llvm/llvm-project-21/llvm/lib/Transforms/Utils/Local.cpp:3543:24
#13 0x000056f2307bdc10 (anonymous namespace)::NewGVN::eliminateInstructions(llvm::Function&) /root/llvm/llvm-project-21/llvm/lib/Transforms/Scalar/NewGVN.cpp:4128:11
  [iter  10/200] search_obj=1.0776  search_best=0.8133  validation_best=0.8506  EI=0.0124  rnum=149.1  len=21  syn_rate=0.52  mean=1.0446  worsen=22.00%
GA search time: 2.77s, candidates: 346
[Error] eval /root/iscas/ruyituner/dataset21/poj104-v2-ll_4/train/31_1857.ll: opt failed for pipeline='module(elim-avail-extern),module(iroutliner),function(dce),function(instsimplify),function(gvn-hoist),module(attributor),function(memcpyopt),function(jump-threading),module(globalopt),function(gvn-sink),function(newgvn),function(gvn-sink),module(globalopt),module(attributor),function(newgvn),function(dce),module(iroutliner),module(elim-avail-extern),module(scc-oz-module-inliner)', target_triple=x86_64-unknown-linux-gnu, returncode=-6, cmd=/root/opt/rv64gc_llvm_21/bin/opt -S -passes=module(elim-avail-extern),module(iroutliner),function(dce),function(instsimplify),function(gvn-hoist),module(attributor),function(memcpyopt),function(jump-threading),module(globalopt),function(gvn-sink),function(newgvn),function(gvn-sink),module(globalopt),module(attributor),function(newgvn),function(dce),module(iroutliner),module(elim-avail-extern),module(scc-oz-module-inliner) --mtriple=x86_64-unknown-linux-gnu
opt: /root/llvm/llvm-project-21/llvm/lib/Transforms/Utils/Local.cpp:3527: void llvm::patchReplacementInstruction(Instruction*, Value*): Assertion `Success && "We should not be trying to sink callbases " "with non-intersectable attributes"' failed.
PLEASE submit a bug report to https://github.com/llvm/llvm-project/issues/ and include the crash backtrace.
Stack dump:
0.	Program arguments: /root/opt/rv64gc_llvm_21/bin/opt -S -passes=module(elim-avail-extern),module(iroutliner),function(dce),function(instsimplify),function(gvn-hoist),module(attributor),function(memcpyopt),function(jump-threading),module(globalopt),function(gvn-sink),function(newgvn),function(gvn-sink),module(globalopt),module(attributor),function(newgvn),function(dce),module(iroutliner),module(elim-avail-extern),module(scc-oz-module-inliner) --mtriple=x86_64-unknown-linux-gnu
1.	Running pass "function(newgvn)" on module "<stdin>"
2.	Running pass "newgvn" on function "main"
 #0 0x0000597194b5cdd0 llvm::sys::PrintStackTrace(llvm::raw_ostream&, int) /root/llvm/llvm-project-21/llvm/lib/Support/Unix/Signals.inc:834:22
 #1 0x0000597194b5d259 PrintStackTraceSignalHandler(void*) /root/llvm/llvm-project-21/llvm/lib/Support/Unix/Signals.inc:918:1
 #2 0x0000597194b5a3c9 llvm::sys::RunSignalHandlers() /root/llvm/llvm-project-21/llvm/lib/Support/Signals.cpp:104:20
 #3 0x0000597194b5c60d SignalHandler(int, siginfo_t*, void*) /root/llvm/llvm-project-21/llvm/lib/Support/Unix/Signals.inc:426:14
 #4 0x0000791259c59330 (/lib/x86_64-linux-gnu/libc.so.6+0x45330)
 #5 0x0000791259cb2b2c __pthread_kill_implementation ./nptl/pthread_kill.c:44:76
 #6 0x0000791259cb2b2c __pthread_kill_internal ./nptl/pthread_kill.c:78:10
 #7 0x0000791259cb2b2c pthread_kill ./nptl/pthread_kill.c:89:10
 #8 0x0000791259c5927e raise ./signal/../sysdeps/posix/raise.c:27:6
 #9 0x0000791259c3c8ff abort ./stdlib/abort.c:81:7
#10 0x0000791259c3c81b _nl_load_domain ./intl/loadmsgcat.c:1177:9
#11 0x0000791259c4f517 (/lib/x86_64-linux-gnu/libc.so.6+0x3b517)
#12 0x0000597193618172 llvm::patchReplacementInstruction(llvm::Instruction*, llvm::Value*) /root/llvm/llvm-project-21/llvm/lib/Transforms/Utils/Local.cpp:3543:24
#13 0x0000597193107c10 (anonymous namespace)::NewGVN::eliminateInstructions(llvm::Function&) /root/llvm/llvm-project-21/llvm/lib/Transforms/Scalar/NewGVN.cpp:4128:11
  [iter  11/200] search_obj=0.8092  search_best=0.8092  validation_best=0.8506  EI=0.0177  rnum=147.0  len=19  syn_rate=0.38  mean=0.7957  worsen=9.00%
GA search time: 2.09s, candidates: 344
  [iter  12/200] search_obj=0.7941  search_best=0.7941  validation_best=0.8356  EI=0.0129  rnum=144.8  len=18  syn_rate=0.36  mean=0.7806  worsen=9.00%
GA search time: 2.89s, candidates: 342
[Error] eval /root/iscas/ruyituner/dataset21/poj104-v2-ll_4/train/31_1857.ll: opt failed for pipeline='module(scc-oz-module-inliner),function(jump-threading),function(newgvn),module(attributor),module(iroutliner),module(attributor),module(iroutliner),module(globalopt),module(elim-avail-extern),function(gvn-sink),module(elim-avail-extern),module(globalopt),function(gvn-sink),function(gvn-hoist),function(dce),function(memcpyopt),function(gvn-hoist),function(instsimplify)', target_triple=x86_64-unknown-linux-gnu, returncode=-6, cmd=/root/opt/rv64gc_llvm_21/bin/opt -S -passes=module(scc-oz-module-inliner),function(jump-threading),function(newgvn),module(attributor),module(iroutliner),module(attributor),module(iroutliner),module(globalopt),module(elim-avail-extern),function(gvn-sink),module(elim-avail-extern),module(globalopt),function(gvn-sink),function(gvn-hoist),function(dce),function(memcpyopt),function(gvn-hoist),function(instsimplify) --mtriple=x86_64-unknown-linux-gnu
opt: /root/llvm/llvm-project-21/llvm/lib/Transforms/Utils/Local.cpp:3527: void llvm::patchReplacementInstruction(Instruction*, Value*): Assertion `Success && "We should not be trying to sink callbases " "with non-intersectable attributes"' failed.
PLEASE submit a bug report to https://github.com/llvm/llvm-project/issues/ and include the crash backtrace.
Stack dump:
0.	Program arguments: /root/opt/rv64gc_llvm_21/bin/opt -S -passes=module(scc-oz-module-inliner),function(jump-threading),function(newgvn),module(attributor),module(iroutliner),module(attributor),module(iroutliner),module(globalopt),module(elim-avail-extern),function(gvn-sink),module(elim-avail-extern),module(globalopt),function(gvn-sink),function(gvn-hoist),function(dce),function(memcpyopt),function(gvn-hoist),function(instsimplify) --mtriple=x86_64-unknown-linux-gnu
1.	Running pass "function(newgvn)" on module "<stdin>"
2.	Running pass "newgvn" on function "main"
 #0 0x00005cb18cb74dd0 llvm::sys::PrintStackTrace(llvm::raw_ostream&, int) /root/llvm/llvm-project-21/llvm/lib/Support/Unix/Signals.inc:834:22
 #1 0x00005cb18cb75259 PrintStackTraceSignalHandler(void*) /root/llvm/llvm-project-21/llvm/lib/Support/Unix/Signals.inc:918:1
 #2 0x00005cb18cb723c9 llvm::sys::RunSignalHandlers() /root/llvm/llvm-project-21/llvm/lib/Support/Signals.cpp:104:20
 #3 0x00005cb18cb7460d SignalHandler(int, siginfo_t*, void*) /root/llvm/llvm-project-21/llvm/lib/Support/Unix/Signals.inc:426:14
 #4 0x000071b34cc72330 (/lib/x86_64-linux-gnu/libc.so.6+0x45330)
 #5 0x000071b34cccbb2c __pthread_kill_implementation ./nptl/pthread_kill.c:44:76
 #6 0x000071b34cccbb2c __pthread_kill_internal ./nptl/pthread_kill.c:78:10
 #7 0x000071b34cccbb2c pthread_kill ./nptl/pthread_kill.c:89:10
 #8 0x000071b34cc7227e raise ./signal/../sysdeps/posix/raise.c:27:6
 #9 0x000071b34cc558ff abort ./stdlib/abort.c:81:7
#10 0x000071b34cc5581b _nl_load_domain ./intl/loadmsgcat.c:1177:9
#11 0x000071b34cc68517 (/lib/x86_64-linux-gnu/libc.so.6+0x3b517)
#12 0x00005cb18b630172 llvm::patchReplacementInstruction(llvm::Instruction*, llvm::Value*) /root/llvm/llvm-project-21/llvm/lib/Transforms/Utils/Local.cpp:3543:24
#13 0x00005cb18b11fc10 (anonymous namespace)::NewGVN::eliminateInstructions(llvm::Function&) /root/llvm/llvm-project-21/llvm/lib/Transforms/Scalar/NewGVN.cpp:4128:11
  [iter  13/200] search_obj=1.0754  search_best=0.7941  validation_best=0.8356  EI=0.0126  rnum=142.7  len=18  syn_rate=0.33  mean=1.0439  worsen=21.00%
GA search time: 1.95s, candidates: 340
[Error] eval /root/iscas/ruyituner/dataset21/poj104-v2-ll_4/train/31_1857.ll: opt failed for pipeline='module(elim-avail-extern),module(iroutliner),function(instsimplify),function(instsimplify),function(gvn-hoist),module(scc-oz-module-inliner),function(memcpyopt),function(jump-threading),module(globalopt),function(gvn-sink),function(newgvn),function(gvn-sink),module(globalopt),module(attributor),function(dce),module(iroutliner),module(elim-avail-extern),module(attributor)', target_triple=x86_64-unknown-linux-gnu, returncode=-6, cmd=/root/opt/rv64gc_llvm_21/bin/opt -S -passes=module(elim-avail-extern),module(iroutliner),function(instsimplify),function(instsimplify),function(gvn-hoist),module(scc-oz-module-inliner),function(memcpyopt),function(jump-threading),module(globalopt),function(gvn-sink),function(newgvn),function(gvn-sink),module(globalopt),module(attributor),function(dce),module(iroutliner),module(elim-avail-extern),module(attributor) --mtriple=x86_64-unknown-linux-gnu
opt: /root/llvm/llvm-project-21/llvm/lib/Transforms/Utils/Local.cpp:3527: void llvm::patchReplacementInstruction(Instruction*, Value*): Assertion `Success && "We should not be trying to sink callbases " "with non-intersectable attributes"' failed.
PLEASE submit a bug report to https://github.com/llvm/llvm-project/issues/ and include the crash backtrace.
Stack dump:
0.	Program arguments: /root/opt/rv64gc_llvm_21/bin/opt -S -passes=module(elim-avail-extern),module(iroutliner),function(instsimplify),function(instsimplify),function(gvn-hoist),module(scc-oz-module-inliner),function(memcpyopt),function(jump-threading),module(globalopt),function(gvn-sink),function(newgvn),function(gvn-sink),module(globalopt),module(attributor),function(dce),module(iroutliner),module(elim-avail-extern),module(attributor) --mtriple=x86_64-unknown-linux-gnu
1.	Running pass "function(newgvn)" on module "<stdin>"
2.	Running pass "newgvn" on function "main"
 #0 0x0000579cb512fdd0 llvm::sys::PrintStackTrace(llvm::raw_ostream&, int) /root/llvm/llvm-project-21/llvm/lib/Support/Unix/Signals.inc:834:22
 #1 0x0000579cb5130259 PrintStackTraceSignalHandler(void*) /root/llvm/llvm-project-21/llvm/lib/Support/Unix/Signals.inc:918:1
 #2 0x0000579cb512d3c9 llvm::sys::RunSignalHandlers() /root/llvm/llvm-project-21/llvm/lib/Support/Signals.cpp:104:20
 #3 0x0000579cb512f60d SignalHandler(int, siginfo_t*, void*) /root/llvm/llvm-project-21/llvm/lib/Support/Unix/Signals.inc:426:14
 #4 0x000071e4838f5330 (/lib/x86_64-linux-gnu/libc.so.6+0x45330)
 #5 0x000071e48394eb2c __pthread_kill_implementation ./nptl/pthread_kill.c:44:76
 #6 0x000071e48394eb2c __pthread_kill_internal ./nptl/pthread_kill.c:78:10
 #7 0x000071e48394eb2c pthread_kill ./nptl/pthread_kill.c:89:10
 #8 0x000071e4838f527e raise ./signal/../sysdeps/posix/raise.c:27:6
 #9 0x000071e4838d88ff abort ./stdlib/abort.c:81:7
#10 0x000071e4838d881b _nl_load_domain ./intl/loadmsgcat.c:1177:9
#11 0x000071e4838eb517 (/lib/x86_64-linux-gnu/libc.so.6+0x3b517)
#12 0x0000579cb3beb172 llvm::patchReplacementInstruction(llvm::Instruction*, llvm::Value*) /root/llvm/llvm-project-21/llvm/lib/Transforms/Utils/Local.cpp:3543:24
#13 0x0000579cb36dac10 (anonymous namespace)::NewGVN::eliminateInstructions(llvm::Function&) /root/llvm/llvm-project-21/llvm/lib/Transforms/Scalar/NewGVN.cpp:4128:11
  [iter  14/200] search_obj=1.0006  search_best=0.7941  validation_best=0.8356  EI=0.0137  rnum=140.5  len=18  syn_rate=0.37  mean=0.9826  worsen=12.00%
GA search time: 1.71s, candidates: 338
[Error] eval /root/iscas/ruyituner/dataset21/poj104-v2-ll_4/train/31_1857.ll: opt failed for pipeline='module(elim-avail-extern),module(iroutliner),function(instsimplify),function(gvn-hoist),module(attributor),function(memcpyopt),function(jump-threading),module(globalopt),function(gvn-sink),function(newgvn),function(gvn-sink),module(globalopt),module(attributor),function(dce),module(iroutliner),module(elim-avail-extern),function(newgvn),function(mem2reg),module(scc-oz-module-inliner)', target_triple=x86_64-unknown-linux-gnu, returncode=-6, cmd=/root/opt/rv64gc_llvm_21/bin/opt -S -passes=module(elim-avail-extern),module(iroutliner),function(instsimplify),function(gvn-hoist),module(attributor),function(memcpyopt),function(jump-threading),module(globalopt),function(gvn-sink),function(newgvn),function(gvn-sink),module(globalopt),module(attributor),function(dce),module(iroutliner),module(elim-avail-extern),function(newgvn),function(mem2reg),module(scc-oz-module-inliner) --mtriple=x86_64-unknown-linux-gnu
opt: /root/llvm/llvm-project-21/llvm/lib/Transforms/Utils/Local.cpp:3527: void llvm::patchReplacementInstruction(Instruction*, Value*): Assertion `Success && "We should not be trying to sink callbases " "with non-intersectable attributes"' failed.
PLEASE submit a bug report to https://github.com/llvm/llvm-project/issues/ and include the crash backtrace.
Stack dump:
0.	Program arguments: /root/opt/rv64gc_llvm_21/bin/opt -S -passes=module(elim-avail-extern),module(iroutliner),function(instsimplify),function(gvn-hoist),module(attributor),function(memcpyopt),function(jump-threading),module(globalopt),function(gvn-sink),function(newgvn),function(gvn-sink),module(globalopt),module(attributor),function(dce),module(iroutliner),module(elim-avail-extern),function(newgvn),function(mem2reg),module(scc-oz-module-inliner) --mtriple=x86_64-unknown-linux-gnu
1.	Running pass "function(newgvn)" on module "<stdin>"
2.	Running pass "newgvn" on function "main"
 #0 0x000055a884e35dd0 llvm::sys::PrintStackTrace(llvm::raw_ostream&, int) /root/llvm/llvm-project-21/llvm/lib/Support/Unix/Signals.inc:834:22
 #1 0x000055a884e36259 PrintStackTraceSignalHandler(void*) /root/llvm/llvm-project-21/llvm/lib/Support/Unix/Signals.inc:918:1
 #2 0x000055a884e333c9 llvm::sys::RunSignalHandlers() /root/llvm/llvm-project-21/llvm/lib/Support/Signals.cpp:104:20
 #3 0x000055a884e3560d SignalHandler(int, siginfo_t*, void*) /root/llvm/llvm-project-21/llvm/lib/Support/Unix/Signals.inc:426:14
 #4 0x000072a312c8c330 (/lib/x86_64-linux-gnu/libc.so.6+0x45330)
 #5 0x000072a312ce5b2c __pthread_kill_implementation ./nptl/pthread_kill.c:44:76
 #6 0x000072a312ce5b2c __pthread_kill_internal ./nptl/pthread_kill.c:78:10
 #7 0x000072a312ce5b2c pthread_kill ./nptl/pthread_kill.c:89:10
 #8 0x000072a312c8c27e raise ./signal/../sysdeps/posix/raise.c:27:6
 #9 0x000072a312c6f8ff abort ./stdlib/abort.c:81:7
#10 0x000072a312c6f81b _nl_load_domain ./intl/loadmsgcat.c:1177:9
#11 0x000072a312c82517 (/lib/x86_64-linux-gnu/libc.so.6+0x3b517)
#12 0x000055a8838f1172 llvm::patchReplacementInstruction(llvm::Instruction*, llvm::Value*) /root/llvm/llvm-project-21/llvm/lib/Transforms/Utils/Local.cpp:3543:24
#13 0x000055a8833e0c10 (anonymous namespace)::NewGVN::eliminateInstructions(llvm::Function&) /root/llvm/llvm-project-21/llvm/lib/Transforms/Scalar/NewGVN.cpp:4128:11
  [iter  15/200] search_obj=0.8093  search_best=0.7941  validation_best=0.8356  EI=0.0136  rnum=138.4  len=19  syn_rate=0.39  mean=0.7958  worsen=9.00%
GA search time: 2.89s, candidates: 336
  [iter  16/200] search_obj=0.7896  search_best=0.7896  validation_best=0.8315  EI=0.0139  rnum=136.3  len=19  syn_rate=0.43  mean=0.7761  worsen=9.00%
GA search time: 2.32s, candidates: 334
[Error] eval /root/iscas/ruyituner/dataset21/poj104-v2-ll_4/train/31_1857.ll: opt failed for pipeline='module(elim-avail-extern),module(iroutliner),function(dce),function(instsimplify),function(gvn-hoist),module(attributor),module(scc-oz-module-inliner),function(memcpyopt),function(jump-threading),module(globalopt),function(gvn-sink),function(newgvn),function(gvn-sink),module(globalopt),module(attributor),function(dce),module(iroutliner),module(elim-avail-extern),module(scc-oz-module-inliner)', target_triple=x86_64-unknown-linux-gnu, returncode=-6, cmd=/root/opt/rv64gc_llvm_21/bin/opt -S -passes=module(elim-avail-extern),module(iroutliner),function(dce),function(instsimplify),function(gvn-hoist),module(attributor),module(scc-oz-module-inliner),function(memcpyopt),function(jump-threading),module(globalopt),function(gvn-sink),function(newgvn),function(gvn-sink),module(globalopt),module(attributor),function(dce),module(iroutliner),module(elim-avail-extern),module(scc-oz-module-inliner) --mtriple=x86_64-unknown-linux-gnu
opt: /root/llvm/llvm-project-21/llvm/lib/Transforms/Utils/Local.cpp:3527: void llvm::patchReplacementInstruction(Instruction*, Value*): Assertion `Success && "We should not be trying to sink callbases " "with non-intersectable attributes"' failed.
PLEASE submit a bug report to https://github.com/llvm/llvm-project/issues/ and include the crash backtrace.
Stack dump:
0.	Program arguments: /root/opt/rv64gc_llvm_21/bin/opt -S -passes=module(elim-avail-extern),module(iroutliner),function(dce),function(instsimplify),function(gvn-hoist),module(attributor),module(scc-oz-module-inliner),function(memcpyopt),function(jump-threading),module(globalopt),function(gvn-sink),function(newgvn),function(gvn-sink),module(globalopt),module(attributor),function(dce),module(iroutliner),module(elim-avail-extern),module(scc-oz-module-inliner) --mtriple=x86_64-unknown-linux-gnu
1.	Running pass "function(newgvn)" on module "<stdin>"
2.	Running pass "newgvn" on function "main"
 #0 0x00005ff7e7293dd0 llvm::sys::PrintStackTrace(llvm::raw_ostream&, int) /root/llvm/llvm-project-21/llvm/lib/Support/Unix/Signals.inc:834:22
 #1 0x00005ff7e7294259 PrintStackTraceSignalHandler(void*) /root/llvm/llvm-project-21/llvm/lib/Support/Unix/Signals.inc:918:1
 #2 0x00005ff7e72913c9 llvm::sys::RunSignalHandlers() /root/llvm/llvm-project-21/llvm/lib/Support/Signals.cpp:104:20
 #3 0x00005ff7e729360d SignalHandler(int, siginfo_t*, void*) /root/llvm/llvm-project-21/llvm/lib/Support/Unix/Signals.inc:426:14
 #4 0x0000761bf7b45330 (/lib/x86_64-linux-gnu/libc.so.6+0x45330)
 #5 0x0000761bf7b9eb2c __pthread_kill_implementation ./nptl/pthread_kill.c:44:76
 #6 0x0000761bf7b9eb2c __pthread_kill_internal ./nptl/pthread_kill.c:78:10
 #7 0x0000761bf7b9eb2c pthread_kill ./nptl/pthread_kill.c:89:10
 #8 0x0000761bf7b4527e raise ./signal/../sysdeps/posix/raise.c:27:6
 #9 0x0000761bf7b288ff abort ./stdlib/abort.c:81:7
#10 0x0000761bf7b2881b _nl_load_domain ./intl/loadmsgcat.c:1177:9
#11 0x0000761bf7b3b517 (/lib/x86_64-linux-gnu/libc.so.6+0x3b517)
#12 0x00005ff7e5d4f172 llvm::patchReplacementInstruction(llvm::Instruction*, llvm::Value*) /root/llvm/llvm-project-21/llvm/lib/Transforms/Utils/Local.cpp:3543:24
#13 0x00005ff7e583ec10 (anonymous namespace)::NewGVN::eliminateInstructions(llvm::Function&) /root/llvm/llvm-project-21/llvm/lib/Transforms/Scalar/NewGVN.cpp:4128:11
  [iter  17/200] search_obj=0.8209  search_best=0.7896  validation_best=0.8202  EI=0.0162  rnum=134.2  len=19  syn_rate=0.43  mean=0.8089  worsen=8.00%
GA search time: 1.94s, candidates: 332
[Error] eval /root/iscas/ruyituner/dataset21/poj104-v2-ll_4/train/31_1857.ll: opt failed for pipeline='module(scc-oz-module-inliner),function(newgvn),function(jump-threading),cgscc(attributor-cgscc),function(dce),module(attributor),module(iroutliner),module(iroutliner),module(elim-avail-extern),module(globalopt),function(gvn-sink),module(globalopt),function(gvn-sink),module(elim-avail-extern),module(attributor),function(gvn-hoist),function(instsimplify),function(memcpyopt),function(gvn-hoist)', target_triple=x86_64-unknown-linux-gnu, returncode=-6, cmd=/root/opt/rv64gc_llvm_21/bin/opt -S -passes=module(scc-oz-module-inliner),function(newgvn),function(jump-threading),cgscc(attributor-cgscc),function(dce),module(attributor),module(iroutliner),module(iroutliner),module(elim-avail-extern),module(globalopt),function(gvn-sink),module(globalopt),function(gvn-sink),module(elim-avail-extern),module(attributor),function(gvn-hoist),function(instsimplify),function(memcpyopt),function(gvn-hoist) --mtriple=x86_64-unknown-linux-gnu
opt: /root/llvm/llvm-project-21/llvm/lib/Transforms/Utils/Local.cpp:3527: void llvm::patchReplacementInstruction(Instruction*, Value*): Assertion `Success && "We should not be trying to sink callbases " "with non-intersectable attributes"' failed.
PLEASE submit a bug report to https://github.com/llvm/llvm-project/issues/ and include the crash backtrace.
Stack dump:
0.	Program arguments: /root/opt/rv64gc_llvm_21/bin/opt -S -passes=module(scc-oz-module-inliner),function(newgvn),function(jump-threading),cgscc(attributor-cgscc),function(dce),module(attributor),module(iroutliner),module(iroutliner),module(elim-avail-extern),module(globalopt),function(gvn-sink),module(globalopt),function(gvn-sink),module(elim-avail-extern),module(attributor),function(gvn-hoist),function(instsimplify),function(memcpyopt),function(gvn-hoist) --mtriple=x86_64-unknown-linux-gnu
1.	Running pass "function(newgvn)" on module "<stdin>"
2.	Running pass "newgvn" on function "main"
 #0 0x0000615e6fd5edd0 llvm::sys::PrintStackTrace(llvm::raw_ostream&, int) /root/llvm/llvm-project-21/llvm/lib/Support/Unix/Signals.inc:834:22
 #1 0x0000615e6fd5f259 PrintStackTraceSignalHandler(void*) /root/llvm/llvm-project-21/llvm/lib/Support/Unix/Signals.inc:918:1
 #2 0x0000615e6fd5c3c9 llvm::sys::RunSignalHandlers() /root/llvm/llvm-project-21/llvm/lib/Support/Signals.cpp:104:20
 #3 0x0000615e6fd5e60d SignalHandler(int, siginfo_t*, void*) /root/llvm/llvm-project-21/llvm/lib/Support/Unix/Signals.inc:426:14
 #4 0x00007b895adb0330 (/lib/x86_64-linux-gnu/libc.so.6+0x45330)
 #5 0x00007b895ae09b2c __pthread_kill_implementation ./nptl/pthread_kill.c:44:76
 #6 0x00007b895ae09b2c __pthread_kill_internal ./nptl/pthread_kill.c:78:10
 #7 0x00007b895ae09b2c pthread_kill ./nptl/pthread_kill.c:89:10
 #8 0x00007b895adb027e raise ./signal/../sysdeps/posix/raise.c:27:6
 #9 0x00007b895ad938ff abort ./stdlib/abort.c:81:7
#10 0x00007b895ad9381b _nl_load_domain ./intl/loadmsgcat.c:1177:9
#11 0x00007b895ada6517 (/lib/x86_64-linux-gnu/libc.so.6+0x3b517)
#12 0x0000615e6e81a172 llvm::patchReplacementInstruction(llvm::Instruction*, llvm::Value*) /root/llvm/llvm-project-21/llvm/lib/Transforms/Utils/Local.cpp:3543:24
#13 0x0000615e6e309c10 (anonymous namespace)::NewGVN::eliminateInstructions(llvm::Function&) /root/llvm/llvm-project-21/llvm/lib/Transforms/Scalar/NewGVN.cpp:4128:11
  [iter  18/200] search_obj=1.0753  search_best=0.7896  validation_best=0.8202  EI=0.0151  rnum=132.1  len=19  syn_rate=0.40  mean=1.0438  worsen=21.00%
GA search time: 2.44s, candidates: 329
  [iter  19/200] search_obj=0.7700  search_best=0.7700  validation_best=0.8148  EI=0.0145  rnum=130.0  len=19  syn_rate=0.45  mean=0.7580  worsen=8.00%
GA search time: 1.85s, candidates: 327
[Error] eval /root/iscas/ruyituner/dataset21/poj104-v2-ll_4/train/31_1857.ll: opt failed for pipeline='module(scc-oz-module-inliner),function(jump-threading),function(newgvn),cgscc(attributor-cgscc),module(attributor),module(iroutliner),module(attributor),module(iroutliner),function(dse),module(elim-avail-extern),function(gvn-sink),module(globalopt),module(elim-avail-extern),function(gvn-sink),module(globalopt),function(memcpyopt),function(dce),function(gvn-hoist),function(gvn-hoist),function(instsimplify)', target_triple=x86_64-unknown-linux-gnu, returncode=-6, cmd=/root/opt/rv64gc_llvm_21/bin/opt -S -passes=module(scc-oz-module-inliner),function(jump-threading),function(newgvn),cgscc(attributor-cgscc),module(attributor),module(iroutliner),module(attributor),module(iroutliner),function(dse),module(elim-avail-extern),function(gvn-sink),module(globalopt),module(elim-avail-extern),function(gvn-sink),module(globalopt),function(memcpyopt),function(dce),function(gvn-hoist),function(gvn-hoist),function(instsimplify) --mtriple=x86_64-unknown-linux-gnu
opt: /root/llvm/llvm-project-21/llvm/lib/Transforms/Utils/Local.cpp:3527: void llvm::patchReplacementInstruction(Instruction*, Value*): Assertion `Success && "We should not be trying to sink callbases " "with non-intersectable attributes"' failed.
PLEASE submit a bug report to https://github.com/llvm/llvm-project/issues/ and include the crash backtrace.
Stack dump:
0.	Program arguments: /root/opt/rv64gc_llvm_21/bin/opt -S -passes=module(scc-oz-module-inliner),function(jump-threading),function(newgvn),cgscc(attributor-cgscc),module(attributor),module(iroutliner),module(attributor),module(iroutliner),function(dse),module(elim-avail-extern),function(gvn-sink),module(globalopt),module(elim-avail-extern),function(gvn-sink),module(globalopt),function(memcpyopt),function(dce),function(gvn-hoist),function(gvn-hoist),function(instsimplify) --mtriple=x86_64-unknown-linux-gnu
1.	Running pass "function(newgvn)" on module "<stdin>"
2.	Running pass "newgvn" on function "main"
 #0 0x00005df7b28a7dd0 llvm::sys::PrintStackTrace(llvm::raw_ostream&, int) /root/llvm/llvm-project-21/llvm/lib/Support/Unix/Signals.inc:834:22
 #1 0x00005df7b28a8259 PrintStackTraceSignalHandler(void*) /root/llvm/llvm-project-21/llvm/lib/Support/Unix/Signals.inc:918:1
 #2 0x00005df7b28a53c9 llvm::sys::RunSignalHandlers() /root/llvm/llvm-project-21/llvm/lib/Support/Signals.cpp:104:20
 #3 0x00005df7b28a760d SignalHandler(int, siginfo_t*, void*) /root/llvm/llvm-project-21/llvm/lib/Support/Unix/Signals.inc:426:14
 #4 0x000078534ee78330 (/lib/x86_64-linux-gnu/libc.so.6+0x45330)
 #5 0x000078534eed1b2c __pthread_kill_implementation ./nptl/pthread_kill.c:44:76
 #6 0x000078534eed1b2c __pthread_kill_internal ./nptl/pthread_kill.c:78:10
 #7 0x000078534eed1b2c pthread_kill ./nptl/pthread_kill.c:89:10
 #8 0x000078534ee7827e raise ./signal/../sysdeps/posix/raise.c:27:6
 #9 0x000078534ee5b8ff abort ./stdlib/abort.c:81:7
#10 0x000078534ee5b81b _nl_load_domain ./intl/loadmsgcat.c:1177:9
#11 0x000078534ee6e517 (/lib/x86_64-linux-gnu/libc.so.6+0x3b517)
#12 0x00005df7b1363172 llvm::patchReplacementInstruction(llvm::Instruction*, llvm::Value*) /root/llvm/llvm-project-21/llvm/lib/Transforms/Utils/Local.cpp:3543:24
#13 0x00005df7b0e52c10 (anonymous namespace)::NewGVN::eliminateInstructions(llvm::Function&) /root/llvm/llvm-project-21/llvm/lib/Transforms/Scalar/NewGVN.cpp:4128:11
  [iter  20/200] search_obj=1.0754  search_best=0.7700  validation_best=0.8148  EI=0.0097  rnum=127.9  len=20  syn_rate=0.44  mean=1.0439  worsen=21.00%
GA search time: 1.67s, candidates: 325
  [iter  21/200] search_obj=0.8112  search_best=0.7700  validation_best=0.8148  EI=0.0135  rnum=125.8  len=18  syn_rate=0.39  mean=0.7992  worsen=8.00%
GA search time: 2.29s, candidates: 323
[Error] eval /root/iscas/ruyituner/dataset21/poj104-v2-ll_4/train/31_1857.ll: opt failed for pipeline='module(scc-oz-module-inliner),function(newgvn),cgscc(attributor-cgscc),function(jump-threading),module(attributor),module(iroutliner),module(attributor),module(iroutliner),function(instsimplify),function(gvn-hoist),function(gvn-sink),module(globalopt),module(elim-avail-extern),module(elim-avail-extern),module(globalopt),function(gvn-sink),function(memcpyopt),function(dce),function(reassociate)', target_triple=x86_64-unknown-linux-gnu, returncode=-6, cmd=/root/opt/rv64gc_llvm_21/bin/opt -S -passes=module(scc-oz-module-inliner),function(newgvn),cgscc(attributor-cgscc),function(jump-threading),module(attributor),module(iroutliner),module(attributor),module(iroutliner),function(instsimplify),function(gvn-hoist),function(gvn-sink),module(globalopt),module(elim-avail-extern),module(elim-avail-extern),module(globalopt),function(gvn-sink),function(memcpyopt),function(dce),function(reassociate) --mtriple=x86_64-unknown-linux-gnu
opt: /root/llvm/llvm-project-21/llvm/lib/Transforms/Utils/Local.cpp:3527: void llvm::patchReplacementInstruction(Instruction*, Value*): Assertion `Success && "We should not be trying to sink callbases " "with non-intersectable attributes"' failed.
PLEASE submit a bug report to https://github.com/llvm/llvm-project/issues/ and include the crash backtrace.
Stack dump:
0.	Program arguments: /root/opt/rv64gc_llvm_21/bin/opt -S -passes=module(scc-oz-module-inliner),function(newgvn),cgscc(attributor-cgscc),function(jump-threading),module(attributor),module(iroutliner),module(attributor),module(iroutliner),function(instsimplify),function(gvn-hoist),function(gvn-sink),module(globalopt),module(elim-avail-extern),module(elim-avail-extern),module(globalopt),function(gvn-sink),function(memcpyopt),function(dce),function(reassociate) --mtriple=x86_64-unknown-linux-gnu
1.	Running pass "function(newgvn)" on module "<stdin>"
2.	Running pass "newgvn" on function "main"
 #0 0x000057bdcea51dd0 llvm::sys::PrintStackTrace(llvm::raw_ostream&, int) /root/llvm/llvm-project-21/llvm/lib/Support/Unix/Signals.inc:834:22
 #1 0x000057bdcea52259 PrintStackTraceSignalHandler(void*) /root/llvm/llvm-project-21/llvm/lib/Support/Unix/Signals.inc:918:1
 #2 0x000057bdcea4f3c9 llvm::sys::RunSignalHandlers() /root/llvm/llvm-project-21/llvm/lib/Support/Signals.cpp:104:20
 #3 0x000057bdcea5160d SignalHandler(int, siginfo_t*, void*) /root/llvm/llvm-project-21/llvm/lib/Support/Unix/Signals.inc:426:14
 #4 0x000070dda5658330 (/lib/x86_64-linux-gnu/libc.so.6+0x45330)
 #5 0x000070dda56b1b2c __pthread_kill_implementation ./nptl/pthread_kill.c:44:76
 #6 0x000070dda56b1b2c __pthread_kill_internal ./nptl/pthread_kill.c:78:10
 #7 0x000070dda56b1b2c pthread_kill ./nptl/pthread_kill.c:89:10
 #8 0x000070dda565827e raise ./signal/../sysdeps/posix/raise.c:27:6
 #9 0x000070dda563b8ff abort ./stdlib/abort.c:81:7
#10 0x000070dda563b81b _nl_load_domain ./intl/loadmsgcat.c:1177:9
#11 0x000070dda564e517 (/lib/x86_64-linux-gnu/libc.so.6+0x3b517)
#12 0x000057bdcd50d172 llvm::patchReplacementInstruction(llvm::Instruction*, llvm::Value*) /root/llvm/llvm-project-21/llvm/lib/Transforms/Utils/Local.cpp:3543:24
#13 0x000057bdccffcc10 (anonymous namespace)::NewGVN::eliminateInstructions(llvm::Function&) /root/llvm/llvm-project-21/llvm/lib/Transforms/Scalar/NewGVN.cpp:4128:11
  [iter  22/200] search_obj=1.0777  search_best=0.7700  validation_best=0.8148  EI=0.0109  rnum=123.7  len=19  syn_rate=0.43  mean=1.0447  worsen=22.00%
GA search time: 2.40s, candidates: 321
[Error] eval /root/iscas/ruyituner/dataset21/poj104-v2-ll_4/train/31_1857.ll: opt failed for pipeline='module(scc-oz-module-inliner),function(jump-threading),function(newgvn),module(attributor),module(iroutliner),module(attributor),module(iroutliner),function(dse),module(globalopt),module(elim-avail-extern),function(gvn-sink),function(gvn-sink),module(globalopt),module(elim-avail-extern),function(memcpyopt),function(gvn-hoist),function(instsimplify),function(dce),function(gvn-hoist)', target_triple=x86_64-unknown-linux-gnu, returncode=-6, cmd=/root/opt/rv64gc_llvm_21/bin/opt -S -passes=module(scc-oz-module-inliner),function(jump-threading),function(newgvn),module(attributor),module(iroutliner),module(attributor),module(iroutliner),function(dse),module(globalopt),module(elim-avail-extern),function(gvn-sink),function(gvn-sink),module(globalopt),module(elim-avail-extern),function(memcpyopt),function(gvn-hoist),function(instsimplify),function(dce),function(gvn-hoist) --mtriple=x86_64-unknown-linux-gnu
opt: /root/llvm/llvm-project-21/llvm/lib/Transforms/Utils/Local.cpp:3527: void llvm::patchReplacementInstruction(Instruction*, Value*): Assertion `Success && "We should not be trying to sink callbases " "with non-intersectable attributes"' failed.
PLEASE submit a bug report to https://github.com/llvm/llvm-project/issues/ and include the crash backtrace.
Stack dump:
0.	Program arguments: /root/opt/rv64gc_llvm_21/bin/opt -S -passes=module(scc-oz-module-inliner),function(jump-threading),function(newgvn),module(attributor),module(iroutliner),module(attributor),module(iroutliner),function(dse),module(globalopt),module(elim-avail-extern),function(gvn-sink),function(gvn-sink),module(globalopt),module(elim-avail-extern),function(memcpyopt),function(gvn-hoist),function(instsimplify),function(dce),function(gvn-hoist) --mtriple=x86_64-unknown-linux-gnu
1.	Running pass "function(newgvn)" on module "<stdin>"
2.	Running pass "newgvn" on function "main"
 #0 0x00005a9dcece9dd0 llvm::sys::PrintStackTrace(llvm::raw_ostream&, int) /root/llvm/llvm-project-21/llvm/lib/Support/Unix/Signals.inc:834:22
 #1 0x00005a9dcecea259 PrintStackTraceSignalHandler(void*) /root/llvm/llvm-project-21/llvm/lib/Support/Unix/Signals.inc:918:1
 #2 0x00005a9dcece73c9 llvm::sys::RunSignalHandlers() /root/llvm/llvm-project-21/llvm/lib/Support/Signals.cpp:104:20
 #3 0x00005a9dcece960d SignalHandler(int, siginfo_t*, void*) /root/llvm/llvm-project-21/llvm/lib/Support/Unix/Signals.inc:426:14
 #4 0x00007a90482e3330 (/lib/x86_64-linux-gnu/libc.so.6+0x45330)
 #5 0x00007a904833cb2c __pthread_kill_implementation ./nptl/pthread_kill.c:44:76
 #6 0x00007a904833cb2c __pthread_kill_internal ./nptl/pthread_kill.c:78:10
 #7 0x00007a904833cb2c pthread_kill ./nptl/pthread_kill.c:89:10
 #8 0x00007a90482e327e raise ./signal/../sysdeps/posix/raise.c:27:6
 #9 0x00007a90482c68ff abort ./stdlib/abort.c:81:7
#10 0x00007a90482c681b _nl_load_domain ./intl/loadmsgcat.c:1177:9
#11 0x00007a90482d9517 (/lib/x86_64-linux-gnu/libc.so.6+0x3b517)
#12 0x00005a9dcd7a5172 llvm::patchReplacementInstruction(llvm::Instruction*, llvm::Value*) /root/llvm/llvm-project-21/llvm/lib/Transforms/Utils/Local.cpp:3543:24
#13 0x00005a9dcd294c10 (anonymous namespace)::NewGVN::eliminateInstructions(llvm::Function&) /root/llvm/llvm-project-21/llvm/lib/Transforms/Scalar/NewGVN.cpp:4128:11
  [iter  23/200] search_obj=1.0754  search_best=0.7700  validation_best=0.8148  EI=0.0141  rnum=121.6  len=19  syn_rate=0.38  mean=1.0439  worsen=21.00%
GA search time: 1.66s, candidates: 319
[Error] eval /root/iscas/ruyituner/dataset21/poj104-v2-ll_4/train/31_1857.ll: opt failed for pipeline='module(elim-avail-extern),module(iroutliner),function(instsimplify),function(gvn-hoist),module(attributor),function(memcpyopt),function(jump-threading),module(globalopt),function(gvn-sink),function(newgvn),function(gvn-sink),function(reassociate),module(globalopt),module(attributor),function(newgvn),function(dce),module(iroutliner),module(elim-avail-extern),module(scc-oz-module-inliner)', target_triple=x86_64-unknown-linux-gnu, returncode=-6, cmd=/root/opt/rv64gc_llvm_21/bin/opt -S -passes=module(elim-avail-extern),module(iroutliner),function(instsimplify),function(gvn-hoist),module(attributor),function(memcpyopt),function(jump-threading),module(globalopt),function(gvn-sink),function(newgvn),function(gvn-sink),function(reassociate),module(globalopt),module(attributor),function(newgvn),function(dce),module(iroutliner),module(elim-avail-extern),module(scc-oz-module-inliner) --mtriple=x86_64-unknown-linux-gnu
opt: /root/llvm/llvm-project-21/llvm/lib/Transforms/Utils/Local.cpp:3527: void llvm::patchReplacementInstruction(Instruction*, Value*): Assertion `Success && "We should not be trying to sink callbases " "with non-intersectable attributes"' failed.
PLEASE submit a bug report to https://github.com/llvm/llvm-project/issues/ and include the crash backtrace.
Stack dump:
0.	Program arguments: /root/opt/rv64gc_llvm_21/bin/opt -S -passes=module(elim-avail-extern),module(iroutliner),function(instsimplify),function(gvn-hoist),module(attributor),function(memcpyopt),function(jump-threading),module(globalopt),function(gvn-sink),function(newgvn),function(gvn-sink),function(reassociate),module(globalopt),module(attributor),function(newgvn),function(dce),module(iroutliner),module(elim-avail-extern),module(scc-oz-module-inliner) --mtriple=x86_64-unknown-linux-gnu
1.	Running pass "function(newgvn)" on module "<stdin>"
2.	Running pass "newgvn" on function "main"
 #0 0x00005a4a7001bdd0 llvm::sys::PrintStackTrace(llvm::raw_ostream&, int) /root/llvm/llvm-project-21/llvm/lib/Support/Unix/Signals.inc:834:22
 #1 0x00005a4a7001c259 PrintStackTraceSignalHandler(void*) /root/llvm/llvm-project-21/llvm/lib/Support/Unix/Signals.inc:918:1
 #2 0x00005a4a700193c9 llvm::sys::RunSignalHandlers() /root/llvm/llvm-project-21/llvm/lib/Support/Signals.cpp:104:20
 #3 0x00005a4a7001b60d SignalHandler(int, siginfo_t*, void*) /root/llvm/llvm-project-21/llvm/lib/Support/Unix/Signals.inc:426:14
 #4 0x00007febe86e2330 (/lib/x86_64-linux-gnu/libc.so.6+0x45330)
 #5 0x00007febe873bb2c __pthread_kill_implementation ./nptl/pthread_kill.c:44:76
 #6 0x00007febe873bb2c __pthread_kill_internal ./nptl/pthread_kill.c:78:10
 #7 0x00007febe873bb2c pthread_kill ./nptl/pthread_kill.c:89:10
 #8 0x00007febe86e227e raise ./signal/../sysdeps/posix/raise.c:27:6
 #9 0x00007febe86c58ff abort ./stdlib/abort.c:81:7
#10 0x00007febe86c581b _nl_load_domain ./intl/loadmsgcat.c:1177:9
#11 0x00007febe86d8517 (/lib/x86_64-linux-gnu/libc.so.6+0x3b517)
#12 0x00005a4a6ead7172 llvm::patchReplacementInstruction(llvm::Instruction*, llvm::Value*) /root/llvm/llvm-project-21/llvm/lib/Transforms/Utils/Local.cpp:3543:24
#13 0x00005a4a6e5c6c10 (anonymous namespace)::NewGVN::eliminateInstructions(llvm::Function&) /root/llvm/llvm-project-21/llvm/lib/Transforms/Scalar/NewGVN.cpp:4128:11
  [iter  24/200] search_obj=0.8107  search_best=0.7700  validation_best=0.8148  EI=0.0107  rnum=119.6  len=19  syn_rate=0.40  mean=0.7957  worsen=10.00%
GA search time: 1.83s, candidates: 317
[Error] eval /root/iscas/ruyituner/dataset21/poj104-v2-ll_4/train/31_1857.ll: opt failed for pipeline='module(scc-oz-module-inliner),function(jump-threading),function(newgvn),module(attributor),module(iroutliner),module(iroutliner),module(globalopt),module(elim-avail-extern),function(gvn-sink),module(elim-avail-extern),module(globalopt),function(gvn-sink),function(gvn-hoist),function(dce),module(attributor),function(memcpyopt),function(gvn-hoist),function(instsimplify)', target_triple=x86_64-unknown-linux-gnu, returncode=-6, cmd=/root/opt/rv64gc_llvm_21/bin/opt -S -passes=module(scc-oz-module-inliner),function(jump-threading),function(newgvn),module(attributor),module(iroutliner),module(iroutliner),module(globalopt),module(elim-avail-extern),function(gvn-sink),module(elim-avail-extern),module(globalopt),function(gvn-sink),function(gvn-hoist),function(dce),module(attributor),function(memcpyopt),function(gvn-hoist),function(instsimplify) --mtriple=x86_64-unknown-linux-gnu
opt: /root/llvm/llvm-project-21/llvm/lib/Transforms/Utils/Local.cpp:3527: void llvm::patchReplacementInstruction(Instruction*, Value*): Assertion `Success && "We should not be trying to sink callbases " "with non-intersectable attributes"' failed.
PLEASE submit a bug report to https://github.com/llvm/llvm-project/issues/ and include the crash backtrace.
Stack dump:
0.	Program arguments: /root/opt/rv64gc_llvm_21/bin/opt -S -passes=module(scc-oz-module-inliner),function(jump-threading),function(newgvn),module(attributor),module(iroutliner),module(iroutliner),module(globalopt),module(elim-avail-extern),function(gvn-sink),module(elim-avail-extern),module(globalopt),function(gvn-sink),function(gvn-hoist),function(dce),module(attributor),function(memcpyopt),function(gvn-hoist),function(instsimplify) --mtriple=x86_64-unknown-linux-gnu
1.	Running pass "function(newgvn)" on module "<stdin>"
2.	Running pass "newgvn" on function "main"
 #0 0x000063b79e19cdd0 llvm::sys::PrintStackTrace(llvm::raw_ostream&, int) /root/llvm/llvm-project-21/llvm/lib/Support/Unix/Signals.inc:834:22
 #1 0x000063b79e19d259 PrintStackTraceSignalHandler(void*) /root/llvm/llvm-project-21/llvm/lib/Support/Unix/Signals.inc:918:1
 #2 0x000063b79e19a3c9 llvm::sys::RunSignalHandlers() /root/llvm/llvm-project-21/llvm/lib/Support/Signals.cpp:104:20
 #3 0x000063b79e19c60d SignalHandler(int, siginfo_t*, void*) /root/llvm/llvm-project-21/llvm/lib/Support/Unix/Signals.inc:426:14
 #4 0x0000711016bf0330 (/lib/x86_64-linux-gnu/libc.so.6+0x45330)
 #5 0x0000711016c49b2c __pthread_kill_implementation ./nptl/pthread_kill.c:44:76
 #6 0x0000711016c49b2c __pthread_kill_internal ./nptl/pthread_kill.c:78:10
 #7 0x0000711016c49b2c pthread_kill ./nptl/pthread_kill.c:89:10
 #8 0x0000711016bf027e raise ./signal/../sysdeps/posix/raise.c:27:6
 #9 0x0000711016bd38ff abort ./stdlib/abort.c:81:7
#10 0x0000711016bd381b _nl_load_domain ./intl/loadmsgcat.c:1177:9
#11 0x0000711016be6517 (/lib/x86_64-linux-gnu/libc.so.6+0x3b517)
#12 0x000063b79cc58172 llvm::patchReplacementInstruction(llvm::Instruction*, llvm::Value*) /root/llvm/llvm-project-21/llvm/lib/Transforms/Utils/Local.cpp:3543:24
#13 0x000063b79c747c10 (anonymous namespace)::NewGVN::eliminateInstructions(llvm::Function&) /root/llvm/llvm-project-21/llvm/lib/Transforms/Scalar/NewGVN.cpp:4128:11
  [iter  25/200] search_obj=1.0754  search_best=0.7700  validation_best=0.8148  EI=0.0116  rnum=117.5  len=18  syn_rate=0.35  mean=1.0439  worsen=21.00%
GA search time: 2.75s, candidates: 315
  [iter  26/200] search_obj=0.7942  search_best=0.7700  validation_best=0.8148  EI=0.0110  rnum=115.5  len=18  syn_rate=0.35  mean=0.7807  worsen=9.00%
GA search time: 3.06s, candidates: 313
  [iter  27/200] search_obj=0.8014  search_best=0.7700  validation_best=0.8148  EI=0.0101  rnum=113.5  len=19  syn_rate=0.39  mean=0.7864  worsen=10.00%
GA search time: 2.28s, candidates: 311
[Error] eval /root/iscas/ruyituner/dataset21/poj104-v2-ll_4/train/31_1857.ll: opt failed for pipeline='module(scc-oz-module-inliner),function(jump-threading),function(newgvn),module(attributor),module(iroutliner),module(attributor),module(iroutliner),function(gvn-sink),module(globalopt),module(elim-avail-extern),module(globalopt),module(elim-avail-extern),function(gvn-hoist),function(dce),function(memcpyopt),function(gvn-hoist),function(instsimplify),function(gvn-sink),function(reassociate)', target_triple=x86_64-unknown-linux-gnu, returncode=-6, cmd=/root/opt/rv64gc_llvm_21/bin/opt -S -passes=module(scc-oz-module-inliner),function(jump-threading),function(newgvn),module(attributor),module(iroutliner),module(attributor),module(iroutliner),function(gvn-sink),module(globalopt),module(elim-avail-extern),module(globalopt),module(elim-avail-extern),function(gvn-hoist),function(dce),function(memcpyopt),function(gvn-hoist),function(instsimplify),function(gvn-sink),function(reassociate) --mtriple=x86_64-unknown-linux-gnu
opt: /root/llvm/llvm-project-21/llvm/lib/Transforms/Utils/Local.cpp:3527: void llvm::patchReplacementInstruction(Instruction*, Value*): Assertion `Success && "We should not be trying to sink callbases " "with non-intersectable attributes"' failed.
PLEASE submit a bug report to https://github.com/llvm/llvm-project/issues/ and include the crash backtrace.
Stack dump:
0.	Program arguments: /root/opt/rv64gc_llvm_21/bin/opt -S -passes=module(scc-oz-module-inliner),function(jump-threading),function(newgvn),module(attributor),module(iroutliner),module(attributor),module(iroutliner),function(gvn-sink),module(globalopt),module(elim-avail-extern),module(globalopt),module(elim-avail-extern),function(gvn-hoist),function(dce),function(memcpyopt),function(gvn-hoist),function(instsimplify),function(gvn-sink),function(reassociate) --mtriple=x86_64-unknown-linux-gnu
1.	Running pass "function(newgvn)" on module "<stdin>"
2.	Running pass "newgvn" on function "main"
 #0 0x00005c0acb7fadd0 llvm::sys::PrintStackTrace(llvm::raw_ostream&, int) /root/llvm/llvm-project-21/llvm/lib/Support/Unix/Signals.inc:834:22
 #1 0x00005c0acb7fb259 PrintStackTraceSignalHandler(void*) /root/llvm/llvm-project-21/llvm/lib/Support/Unix/Signals.inc:918:1
 #2 0x00005c0acb7f83c9 llvm::sys::RunSignalHandlers() /root/llvm/llvm-project-21/llvm/lib/Support/Signals.cpp:104:20
 #3 0x00005c0acb7fa60d SignalHandler(int, siginfo_t*, void*) /root/llvm/llvm-project-21/llvm/lib/Support/Unix/Signals.inc:426:14
 #4 0x000076dbd7ec5330 (/lib/x86_64-linux-gnu/libc.so.6+0x45330)
 #5 0x000076dbd7f1eb2c __pthread_kill_implementation ./nptl/pthread_kill.c:44:76
 #6 0x000076dbd7f1eb2c __pthread_kill_internal ./nptl/pthread_kill.c:78:10
 #7 0x000076dbd7f1eb2c pthread_kill ./nptl/pthread_kill.c:89:10
 #8 0x000076dbd7ec527e raise ./signal/../sysdeps/posix/raise.c:27:6
 #9 0x000076dbd7ea88ff abort ./stdlib/abort.c:81:7
#10 0x000076dbd7ea881b _nl_load_domain ./intl/loadmsgcat.c:1177:9
#11 0x000076dbd7ebb517 (/lib/x86_64-linux-gnu/libc.so.6+0x3b517)
#12 0x00005c0aca2b6172 llvm::patchReplacementInstruction(llvm::Instruction*, llvm::Value*) /root/llvm/llvm-project-21/llvm/lib/Transforms/Utils/Local.cpp:3543:24
#13 0x00005c0ac9da5c10 (anonymous namespace)::NewGVN::eliminateInstructions(llvm::Function&) /root/llvm/llvm-project-21/llvm/lib/Transforms/Scalar/NewGVN.cpp:4128:11
  [iter  28/200] search_obj=1.0778  search_best=0.7700  validation_best=0.8148  EI=0.0117  rnum=111.5  len=19  syn_rate=0.37  mean=1.0448  worsen=22.00%
GA search time: 3.30s, candidates: 309
[Error] eval /root/iscas/ruyituner/dataset21/poj104-v2-ll_4/train/31_1857.ll: opt failed for pipeline='cgscc(attributor-cgscc),module(scc-oz-module-inliner),function(jump-threading),function(newgvn),module(attributor),module(iroutliner),module(attributor),module(iroutliner),function(gvn-sink),module(globalopt),module(elim-avail-extern),function(gvn-sink),module(globalopt),module(elim-avail-extern),function(gvn-hoist),function(dce),function(memcpyopt),function(gvn-hoist)', target_triple=x86_64-unknown-linux-gnu, returncode=-6, cmd=/root/opt/rv64gc_llvm_21/bin/opt -S -passes=cgscc(attributor-cgscc),module(scc-oz-module-inliner),function(jump-threading),function(newgvn),module(attributor),module(iroutliner),module(attributor),module(iroutliner),function(gvn-sink),module(globalopt),module(elim-avail-extern),function(gvn-sink),module(globalopt),module(elim-avail-extern),function(gvn-hoist),function(dce),function(memcpyopt),function(gvn-hoist) --mtriple=x86_64-unknown-linux-gnu
opt: /root/llvm/llvm-project-21/llvm/lib/Transforms/Utils/Local.cpp:3527: void llvm::patchReplacementInstruction(Instruction*, Value*): Assertion `Success && "We should not be trying to sink callbases " "with non-intersectable attributes"' failed.
PLEASE submit a bug report to https://github.com/llvm/llvm-project/issues/ and include the crash backtrace.
Stack dump:
0.	Program arguments: /root/opt/rv64gc_llvm_21/bin/opt -S -passes=cgscc(attributor-cgscc),module(scc-oz-module-inliner),function(jump-threading),function(newgvn),module(attributor),module(iroutliner),module(attributor),module(iroutliner),function(gvn-sink),module(globalopt),module(elim-avail-extern),function(gvn-sink),module(globalopt),module(elim-avail-extern),function(gvn-hoist),function(dce),function(memcpyopt),function(gvn-hoist) --mtriple=x86_64-unknown-linux-gnu
1.	Running pass "function(newgvn)" on module "<stdin>"
2.	Running pass "newgvn" on function "main"
 #0 0x00005e5d6842bdd0 llvm::sys::PrintStackTrace(llvm::raw_ostream&, int) /root/llvm/llvm-project-21/llvm/lib/Support/Unix/Signals.inc:834:22
 #1 0x00005e5d6842c259 PrintStackTraceSignalHandler(void*) /root/llvm/llvm-project-21/llvm/lib/Support/Unix/Signals.inc:918:1
 #2 0x00005e5d684293c9 llvm::sys::RunSignalHandlers() /root/llvm/llvm-project-21/llvm/lib/Support/Signals.cpp:104:20
 #3 0x00005e5d6842b60d SignalHandler(int, siginfo_t*, void*) /root/llvm/llvm-project-21/llvm/lib/Support/Unix/Signals.inc:426:14
 #4 0x000074e7d8ccf330 (/lib/x86_64-linux-gnu/libc.so.6+0x45330)
 #5 0x000074e7d8d28b2c __pthread_kill_implementation ./nptl/pthread_kill.c:44:76
 #6 0x000074e7d8d28b2c __pthread_kill_internal ./nptl/pthread_kill.c:78:10
 #7 0x000074e7d8d28b2c pthread_kill ./nptl/pthread_kill.c:89:10
 #8 0x000074e7d8ccf27e raise ./signal/../sysdeps/posix/raise.c:27:6
 #9 0x000074e7d8cb28ff abort ./stdlib/abort.c:81:7
#10 0x000074e7d8cb281b _nl_load_domain ./intl/loadmsgcat.c:1177:9
#11 0x000074e7d8cc5517 (/lib/x86_64-linux-gnu/libc.so.6+0x3b517)
#12 0x00005e5d66ee7172 llvm::patchReplacementInstruction(llvm::Instruction*, llvm::Value*) /root/llvm/llvm-project-21/llvm/lib/Transforms/Utils/Local.cpp:3543:24
#13 0x00005e5d669d6c10 (anonymous namespace)::NewGVN::eliminateInstructions(llvm::Function&) /root/llvm/llvm-project-21/llvm/lib/Transforms/Scalar/NewGVN.cpp:4128:11
  [iter  29/200] search_obj=1.0279  search_best=0.7700  validation_best=0.8148  EI=0.0100  rnum=109.5  len=18  syn_rate=0.35  mean=0.9979  worsen=20.00%
GA search time: 2.72s, candidates: 307
[Error] eval /root/iscas/ruyituner/dataset21/poj104-v2-ll_4/train/31_1857.ll: opt failed for pipeline='module(scc-oz-module-inliner),function(dce),module(attributor),function(newgvn),function(newgvn),module(iroutliner),module(attributor),module(iroutliner),module(elim-avail-extern),module(globalopt),function(gvn-sink),module(elim-avail-extern),module(globalopt),function(gvn-sink),function(gvn-hoist),function(reassociate),function(memcpyopt),function(gvn-hoist),function(mem2reg),function(instsimplify),function(dce)', target_triple=x86_64-unknown-linux-gnu, returncode=-6, cmd=/root/opt/rv64gc_llvm_21/bin/opt -S -passes=module(scc-oz-module-inliner),function(dce),module(attributor),function(newgvn),function(newgvn),module(iroutliner),module(attributor),module(iroutliner),module(elim-avail-extern),module(globalopt),function(gvn-sink),module(elim-avail-extern),module(globalopt),function(gvn-sink),function(gvn-hoist),function(reassociate),function(memcpyopt),function(gvn-hoist),function(mem2reg),function(instsimplify),function(dce) --mtriple=x86_64-unknown-linux-gnu
opt: /root/llvm/llvm-project-21/llvm/lib/Transforms/Utils/Local.cpp:3527: void llvm::patchReplacementInstruction(Instruction*, Value*): Assertion `Success && "We should not be trying to sink callbases " "with non-intersectable attributes"' failed.
PLEASE submit a bug report to https://github.com/llvm/llvm-project/issues/ and include the crash backtrace.
Stack dump:
0.	Program arguments: /root/opt/rv64gc_llvm_21/bin/opt -S -passes=module(scc-oz-module-inliner),function(dce),module(attributor),function(newgvn),function(newgvn),module(iroutliner),module(attributor),module(iroutliner),module(elim-avail-extern),module(globalopt),function(gvn-sink),module(elim-avail-extern),module(globalopt),function(gvn-sink),function(gvn-hoist),function(reassociate),function(memcpyopt),function(gvn-hoist),function(mem2reg),function(instsimplify),function(dce) --mtriple=x86_64-unknown-linux-gnu
1.	Running pass "function(newgvn)" on module "<stdin>"
2.	Running pass "newgvn" on function "main"
 #0 0x00005dfeff3a6dd0 llvm::sys::PrintStackTrace(llvm::raw_ostream&, int) /root/llvm/llvm-project-21/llvm/lib/Support/Unix/Signals.inc:834:22
 #1 0x00005dfeff3a7259 PrintStackTraceSignalHandler(void*) /root/llvm/llvm-project-21/llvm/lib/Support/Unix/Signals.inc:918:1
 #2 0x00005dfeff3a43c9 llvm::sys::RunSignalHandlers() /root/llvm/llvm-project-21/llvm/lib/Support/Signals.cpp:104:20
 #3 0x00005dfeff3a660d SignalHandler(int, siginfo_t*, void*) /root/llvm/llvm-project-21/llvm/lib/Support/Unix/Signals.inc:426:14
 #4 0x000077e1c8cd3330 (/lib/x86_64-linux-gnu/libc.so.6+0x45330)
 #5 0x000077e1c8d2cb2c __pthread_kill_implementation ./nptl/pthread_kill.c:44:76
 #6 0x000077e1c8d2cb2c __pthread_kill_internal ./nptl/pthread_kill.c:78:10
 #7 0x000077e1c8d2cb2c pthread_kill ./nptl/pthread_kill.c:89:10
 #8 0x000077e1c8cd327e raise ./signal/../sysdeps/posix/raise.c:27:6
 #9 0x000077e1c8cb68ff abort ./stdlib/abort.c:81:7
#10 0x000077e1c8cb681b _nl_load_domain ./intl/loadmsgcat.c:1177:9
#11 0x000077e1c8cc9517 (/lib/x86_64-linux-gnu/libc.so.6+0x3b517)
#12 0x00005dfefde62172 llvm::patchReplacementInstruction(llvm::Instruction*, llvm::Value*) /root/llvm/llvm-project-21/llvm/lib/Transforms/Utils/Local.cpp:3543:24
#13 0x00005dfefd951c10 (anonymous namespace)::NewGVN::eliminateInstructions(llvm::Function&) /root/llvm/llvm-project-21/llvm/lib/Transforms/Scalar/NewGVN.cpp:4128:11
  [iter  30/200] search_obj=1.0790  search_best=0.7700  validation_best=0.8148  EI=0.0060  rnum=107.6  len=21  syn_rate=0.38  mean=1.0445  worsen=23.00%
GA search time: 1.25s, candidates: 305
[Error] eval /root/iscas/ruyituner/dataset21/poj104-v2-ll_4/train/31_1857.ll: opt failed for pipeline='module(scc-oz-module-inliner),function(newgvn),function(jump-threading),module(attributor),module(iroutliner),module(attributor),function(gvn-hoist),module(elim-avail-extern),function(gvn-sink),module(globalopt),module(elim-avail-extern),function(gvn-sink),function(memcpyopt),function(dce),function(instsimplify),function(dce),function(reassociate),module(globalopt)', target_triple=x86_64-unknown-linux-gnu, returncode=-6, cmd=/root/opt/rv64gc_llvm_21/bin/opt -S -passes=module(scc-oz-module-inliner),function(newgvn),function(jump-threading),module(attributor),module(iroutliner),module(attributor),function(gvn-hoist),module(elim-avail-extern),function(gvn-sink),module(globalopt),module(elim-avail-extern),function(gvn-sink),function(memcpyopt),function(dce),function(instsimplify),function(dce),function(reassociate),module(globalopt) --mtriple=x86_64-unknown-linux-gnu
opt: /root/llvm/llvm-project-21/llvm/lib/Transforms/Utils/Local.cpp:3527: void llvm::patchReplacementInstruction(Instruction*, Value*): Assertion `Success && "We should not be trying to sink callbases " "with non-intersectable attributes"' failed.
PLEASE submit a bug report to https://github.com/llvm/llvm-project/issues/ and include the crash backtrace.
Stack dump:
0.	Program arguments: /root/opt/rv64gc_llvm_21/bin/opt -S -passes=module(scc-oz-module-inliner),function(newgvn),function(jump-threading),module(attributor),module(iroutliner),module(attributor),function(gvn-hoist),module(elim-avail-extern),function(gvn-sink),module(globalopt),module(elim-avail-extern),function(gvn-sink),function(memcpyopt),function(dce),function(instsimplify),function(dce),function(reassociate),module(globalopt) --mtriple=x86_64-unknown-linux-gnu
1.	Running pass "function(newgvn)" on module "<stdin>"
2.	Running pass "newgvn" on function "main"
 #0 0x00005e2fd1a1add0 llvm::sys::PrintStackTrace(llvm::raw_ostream&, int) /root/llvm/llvm-project-21/llvm/lib/Support/Unix/Signals.inc:834:22
 #1 0x00005e2fd1a1b259 PrintStackTraceSignalHandler(void*) /root/llvm/llvm-project-21/llvm/lib/Support/Unix/Signals.inc:918:1
 #2 0x00005e2fd1a183c9 llvm::sys::RunSignalHandlers() /root/llvm/llvm-project-21/llvm/lib/Support/Signals.cpp:104:20
 #3 0x00005e2fd1a1a60d SignalHandler(int, siginfo_t*, void*) /root/llvm/llvm-project-21/llvm/lib/Support/Unix/Signals.inc:426:14
 #4 0x000078d6e25e2330 (/lib/x86_64-linux-gnu/libc.so.6+0x45330)
 #5 0x000078d6e263bb2c __pthread_kill_implementation ./nptl/pthread_kill.c:44:76
 #6 0x000078d6e263bb2c __pthread_kill_internal ./nptl/pthread_kill.c:78:10
 #7 0x000078d6e263bb2c pthread_kill ./nptl/pthread_kill.c:89:10
 #8 0x000078d6e25e227e raise ./signal/../sysdeps/posix/raise.c:27:6
 #9 0x000078d6e25c58ff abort ./stdlib/abort.c:81:7
#10 0x000078d6e25c581b _nl_load_domain ./intl/loadmsgcat.c:1177:9
#11 0x000078d6e25d8517 (/lib/x86_64-linux-gnu/libc.so.6+0x3b517)
#12 0x00005e2fd04d6172 llvm::patchReplacementInstruction(llvm::Instruction*, llvm::Value*) /root/llvm/llvm-project-21/llvm/lib/Transforms/Utils/Local.cpp:3543:24
#13 0x00005e2fcffc5c10 (anonymous namespace)::NewGVN::eliminateInstructions(llvm::Function&) /root/llvm/llvm-project-21/llvm/lib/Transforms/Scalar/NewGVN.cpp:4128:11
  [iter  31/200] search_obj=1.0776  search_best=0.7700  validation_best=0.8148  EI=0.0112  rnum=105.6  len=18  syn_rate=0.36  mean=1.0446  worsen=22.00%
GA search time: 2.23s, candidates: 303
  [iter  32/200] search_obj=0.8140  search_best=0.7700  validation_best=0.8148  EI=0.0132  rnum=103.7  len=19  syn_rate=0.45  mean=0.8005  worsen=9.00%
GA search time: 3.62s, candidates: 301
  [iter  33/200] search_obj=0.7941  search_best=0.7700  validation_best=0.8148  EI=0.0127  rnum=101.7  len=18  syn_rate=0.36  mean=0.7806  worsen=9.00%
GA search time: 2.66s, candidates: 299
[Error] eval /root/iscas/ruyituner/dataset21/poj104-v2-ll_4/train/31_1857.ll: opt failed for pipeline='cgscc(attributor-cgscc),module(scc-oz-module-inliner),function(jump-threading),function(newgvn),module(attributor),module(iroutliner),module(attributor),module(iroutliner),function(dse),module(globalopt),module(elim-avail-extern),function(gvn-sink),module(globalopt),module(elim-avail-extern),function(gvn-sink),function(memcpyopt),function(gvn-hoist),function(instsimplify),cgscc(attributor-cgscc)', target_triple=x86_64-unknown-linux-gnu, returncode=-6, cmd=/root/opt/rv64gc_llvm_21/bin/opt -S -passes=cgscc(attributor-cgscc),module(scc-oz-module-inliner),function(jump-threading),function(newgvn),module(attributor),module(iroutliner),module(attributor),module(iroutliner),function(dse),module(globalopt),module(elim-avail-extern),function(gvn-sink),module(globalopt),module(elim-avail-extern),function(gvn-sink),function(memcpyopt),function(gvn-hoist),function(instsimplify),cgscc(attributor-cgscc) --mtriple=x86_64-unknown-linux-gnu
opt: /root/llvm/llvm-project-21/llvm/lib/Transforms/Utils/Local.cpp:3527: void llvm::patchReplacementInstruction(Instruction*, Value*): Assertion `Success && "We should not be trying to sink callbases " "with non-intersectable attributes"' failed.
PLEASE submit a bug report to https://github.com/llvm/llvm-project/issues/ and include the crash backtrace.
Stack dump:
0.	Program arguments: /root/opt/rv64gc_llvm_21/bin/opt -S -passes=cgscc(attributor-cgscc),module(scc-oz-module-inliner),function(jump-threading),function(newgvn),module(attributor),module(iroutliner),module(attributor),module(iroutliner),function(dse),module(globalopt),module(elim-avail-extern),function(gvn-sink),module(globalopt),module(elim-avail-extern),function(gvn-sink),function(memcpyopt),function(gvn-hoist),function(instsimplify),cgscc(attributor-cgscc) --mtriple=x86_64-unknown-linux-gnu
1.	Running pass "function(newgvn)" on module "<stdin>"
2.	Running pass "newgvn" on function "main"
 #0 0x000065424bb6ddd0 llvm::sys::PrintStackTrace(llvm::raw_ostream&, int) /root/llvm/llvm-project-21/llvm/lib/Support/Unix/Signals.inc:834:22
 #1 0x000065424bb6e259 PrintStackTraceSignalHandler(void*) /root/llvm/llvm-project-21/llvm/lib/Support/Unix/Signals.inc:918:1
 #2 0x000065424bb6b3c9 llvm::sys::RunSignalHandlers() /root/llvm/llvm-project-21/llvm/lib/Support/Signals.cpp:104:20
 #3 0x000065424bb6d60d SignalHandler(int, siginfo_t*, void*) /root/llvm/llvm-project-21/llvm/lib/Support/Unix/Signals.inc:426:14
 #4 0x000076a2467e6330 (/lib/x86_64-linux-gnu/libc.so.6+0x45330)
 #5 0x000076a24683fb2c __pthread_kill_implementation ./nptl/pthread_kill.c:44:76
 #6 0x000076a24683fb2c __pthread_kill_internal ./nptl/pthread_kill.c:78:10
 #7 0x000076a24683fb2c pthread_kill ./nptl/pthread_kill.c:89:10
 #8 0x000076a2467e627e raise ./signal/../sysdeps/posix/raise.c:27:6
 #9 0x000076a2467c98ff abort ./stdlib/abort.c:81:7
#10 0x000076a2467c981b _nl_load_domain ./intl/loadmsgcat.c:1177:9
#11 0x000076a2467dc517 (/lib/x86_64-linux-gnu/libc.so.6+0x3b517)
#12 0x000065424a629172 llvm::patchReplacementInstruction(llvm::Instruction*, llvm::Value*) /root/llvm/llvm-project-21/llvm/lib/Transforms/Utils/Local.cpp:3543:24
#13 0x000065424a118c10 (anonymous namespace)::NewGVN::eliminateInstructions(llvm::Function&) /root/llvm/llvm-project-21/llvm/lib/Transforms/Scalar/NewGVN.cpp:4128:11
  [iter  34/200] search_obj=1.0255  search_best=0.7700  validation_best=0.8148  EI=0.0104  rnum=99.8  len=19  syn_rate=0.45  mean=0.9955  worsen=20.00%
GA search time: 2.93s, candidates: 297
  [iter  35/200] search_obj=0.7814  search_best=0.7700  validation_best=0.8148  EI=0.0124  rnum=97.9  len=19  syn_rate=0.37  mean=0.7694  worsen=8.00%
GA search time: 2.56s, candidates: 296
  [iter  36/200] search_obj=0.8717  search_best=0.7700  validation_best=0.8148  EI=0.0079  rnum=96.1  len=18  syn_rate=0.35  mean=0.8552  worsen=11.00%
GA search time: 2.22s, candidates: 294
  [iter  37/200] search_obj=0.8131  search_best=0.7700  validation_best=0.8148  EI=0.0120  rnum=94.2  len=19  syn_rate=0.37  mean=0.7996  worsen=9.00%
GA search time: 1.99s, candidates: 292
  [iter  38/200] search_obj=0.7700  search_best=0.7700  validation_best=0.8148  EI=0.0123  rnum=92.4  len=19  syn_rate=0.41  mean=0.7580  worsen=8.00%
GA search time: 2.11s, candidates: 290
[Error] eval /root/iscas/ruyituner/dataset21/poj104-v2-ll_4/train/31_1857.ll: opt failed for pipeline='module(scc-oz-module-inliner),function(jump-threading),function(newgvn),module(attributor),module(iroutliner),module(attributor),module(iroutliner),function(dse),module(globalopt),function(gvn-sink),module(elim-avail-extern),module(globalopt),module(elim-avail-extern),function(gvn-sink),function(memcpyopt),function(instsimplify),function(gvn-hoist),function(dce),function(reassociate)', target_triple=x86_64-unknown-linux-gnu, returncode=-6, cmd=/root/opt/rv64gc_llvm_21/bin/opt -S -passes=module(scc-oz-module-inliner),function(jump-threading),function(newgvn),module(attributor),module(iroutliner),module(attributor),module(iroutliner),function(dse),module(globalopt),function(gvn-sink),module(elim-avail-extern),module(globalopt),module(elim-avail-extern),function(gvn-sink),function(memcpyopt),function(instsimplify),function(gvn-hoist),function(dce),function(reassociate) --mtriple=x86_64-unknown-linux-gnu
opt: /root/llvm/llvm-project-21/llvm/lib/Transforms/Utils/Local.cpp:3527: void llvm::patchReplacementInstruction(Instruction*, Value*): Assertion `Success && "We should not be trying to sink callbases " "with non-intersectable attributes"' failed.
PLEASE submit a bug report to https://github.com/llvm/llvm-project/issues/ and include the crash backtrace.
Stack dump:
0.	Program arguments: /root/opt/rv64gc_llvm_21/bin/opt -S -passes=module(scc-oz-module-inliner),function(jump-threading),function(newgvn),module(attributor),module(iroutliner),module(attributor),module(iroutliner),function(dse),module(globalopt),function(gvn-sink),module(elim-avail-extern),module(globalopt),module(elim-avail-extern),function(gvn-sink),function(memcpyopt),function(instsimplify),function(gvn-hoist),function(dce),function(reassociate) --mtriple=x86_64-unknown-linux-gnu
1.	Running pass "function(newgvn)" on module "<stdin>"
2.	Running pass "newgvn" on function "main"
 #0 0x00005d00a4763dd0 llvm::sys::PrintStackTrace(llvm::raw_ostream&, int) /root/llvm/llvm-project-21/llvm/lib/Support/Unix/Signals.inc:834:22
 #1 0x00005d00a4764259 PrintStackTraceSignalHandler(void*) /root/llvm/llvm-project-21/llvm/lib/Support/Unix/Signals.inc:918:1
 #2 0x00005d00a47613c9 llvm::sys::RunSignalHandlers() /root/llvm/llvm-project-21/llvm/lib/Support/Signals.cpp:104:20
 #3 0x00005d00a476360d SignalHandler(int, siginfo_t*, void*) /root/llvm/llvm-project-21/llvm/lib/Support/Unix/Signals.inc:426:14
 #4 0x00007cb888e4f330 (/lib/x86_64-linux-gnu/libc.so.6+0x45330)
 #5 0x00007cb888ea8b2c __pthread_kill_implementation ./nptl/pthread_kill.c:44:76
 #6 0x00007cb888ea8b2c __pthread_kill_internal ./nptl/pthread_kill.c:78:10
 #7 0x00007cb888ea8b2c pthread_kill ./nptl/pthread_kill.c:89:10
 #8 0x00007cb888e4f27e raise ./signal/../sysdeps/posix/raise.c:27:6
 #9 0x00007cb888e328ff abort ./stdlib/abort.c:81:7
#10 0x00007cb888e3281b _nl_load_domain ./intl/loadmsgcat.c:1177:9
#11 0x00007cb888e45517 (/lib/x86_64-linux-gnu/libc.so.6+0x3b517)
#12 0x00005d00a321f172 llvm::patchReplacementInstruction(llvm::Instruction*, llvm::Value*) /root/llvm/llvm-project-21/llvm/lib/Transforms/Utils/Local.cpp:3543:24
#13 0x00005d00a2d0ec10 (anonymous namespace)::NewGVN::eliminateInstructions(llvm::Function&) /root/llvm/llvm-project-21/llvm/lib/Transforms/Scalar/NewGVN.cpp:4128:11
  [iter  39/200] search_obj=1.0779  search_best=0.7700  validation_best=0.8148  EI=0.0137  rnum=90.5  len=19  syn_rate=0.41  mean=1.0449  worsen=22.00%
GA search time: 2.10s, candidates: 288
[Error] eval /root/iscas/ruyituner/dataset21/poj104-v2-ll_4/train/31_1857.ll: opt failed for pipeline='module(scc-oz-module-inliner),function(jump-threading),function(newgvn),module(attributor),module(elim-avail-extern),module(attributor),module(iroutliner),function(dse),function(gvn-sink),module(globalopt),module(elim-avail-extern),module(globalopt),function(gvn-sink),module(iroutliner),function(memcpyopt),function(dce),function(gvn-hoist),function(instsimplify),function(gvn-hoist)', target_triple=x86_64-unknown-linux-gnu, returncode=-6, cmd=/root/opt/rv64gc_llvm_21/bin/opt -S -passes=module(scc-oz-module-inliner),function(jump-threading),function(newgvn),module(attributor),module(elim-avail-extern),module(attributor),module(iroutliner),function(dse),function(gvn-sink),module(globalopt),module(elim-avail-extern),module(globalopt),function(gvn-sink),module(iroutliner),function(memcpyopt),function(dce),function(gvn-hoist),function(instsimplify),function(gvn-hoist) --mtriple=x86_64-unknown-linux-gnu
opt: /root/llvm/llvm-project-21/llvm/lib/Transforms/Utils/Local.cpp:3527: void llvm::patchReplacementInstruction(Instruction*, Value*): Assertion `Success && "We should not be trying to sink callbases " "with non-intersectable attributes"' failed.
PLEASE submit a bug report to https://github.com/llvm/llvm-project/issues/ and include the crash backtrace.
Stack dump:
0.	Program arguments: /root/opt/rv64gc_llvm_21/bin/opt -S -passes=module(scc-oz-module-inliner),function(jump-threading),function(newgvn),module(attributor),module(elim-avail-extern),module(attributor),module(iroutliner),function(dse),function(gvn-sink),module(globalopt),module(elim-avail-extern),module(globalopt),function(gvn-sink),module(iroutliner),function(memcpyopt),function(dce),function(gvn-hoist),function(instsimplify),function(gvn-hoist) --mtriple=x86_64-unknown-linux-gnu
1.	Running pass "function(newgvn)" on module "<stdin>"
2.	Running pass "newgvn" on function "main"
 #0 0x000060dd08753dd0 llvm::sys::PrintStackTrace(llvm::raw_ostream&, int) /root/llvm/llvm-project-21/llvm/lib/Support/Unix/Signals.inc:834:22
 #1 0x000060dd08754259 PrintStackTraceSignalHandler(void*) /root/llvm/llvm-project-21/llvm/lib/Support/Unix/Signals.inc:918:1
 #2 0x000060dd087513c9 llvm::sys::RunSignalHandlers() /root/llvm/llvm-project-21/llvm/lib/Support/Signals.cpp:104:20
 #3 0x000060dd0875360d SignalHandler(int, siginfo_t*, void*) /root/llvm/llvm-project-21/llvm/lib/Support/Unix/Signals.inc:426:14
 #4 0x0000786d4f021330 (/lib/x86_64-linux-gnu/libc.so.6+0x45330)
 #5 0x0000786d4f07ab2c __pthread_kill_implementation ./nptl/pthread_kill.c:44:76
 #6 0x0000786d4f07ab2c __pthread_kill_internal ./nptl/pthread_kill.c:78:10
 #7 0x0000786d4f07ab2c pthread_kill ./nptl/pthread_kill.c:89:10
 #8 0x0000786d4f02127e raise ./signal/../sysdeps/posix/raise.c:27:6
 #9 0x0000786d4f0048ff abort ./stdlib/abort.c:81:7
#10 0x0000786d4f00481b _nl_load_domain ./intl/loadmsgcat.c:1177:9
#11 0x0000786d4f017517 (/lib/x86_64-linux-gnu/libc.so.6+0x3b517)
#12 0x000060dd0720f172 llvm::patchReplacementInstruction(llvm::Instruction*, llvm::Value*) /root/llvm/llvm-project-21/llvm/lib/Transforms/Utils/Local.cpp:3543:24
#13 0x000060dd06cfec10 (anonymous namespace)::NewGVN::eliminateInstructions(llvm::Function&) /root/llvm/llvm-project-21/llvm/lib/Transforms/Scalar/NewGVN.cpp:4128:11
  [iter  40/200] search_obj=1.0754  search_best=0.7700  validation_best=0.8148  EI=0.0145  rnum=88.7  len=19  syn_rate=0.40  mean=1.0439  worsen=21.00%
GA search time: 2.44s, candidates: 286
  [iter  41/200] search_obj=0.7941  search_best=0.7700  validation_best=0.8148  EI=0.0123  rnum=87.0  len=19  syn_rate=0.36  mean=0.7806  worsen=9.00%
GA search time: 2.39s, candidates: 285
[Error] eval /root/iscas/ruyituner/dataset21/poj104-v2-ll_4/train/31_1857.ll: opt failed for pipeline='module(elim-avail-extern),function(newgvn),function(instsimplify),module(attributor),function(gvn-sink),module(iroutliner),function(gvn-sink),function(jump-threading),function(gvn-sink),module(scc-oz-module-inliner),module(elim-avail-extern),function(dce),module(globalopt),function(newgvn),module(attributor),function(gvn-hoist),function(memcpyopt),function(jump-threading),module(iroutliner)', target_triple=x86_64-unknown-linux-gnu, returncode=-6, cmd=/root/opt/rv64gc_llvm_21/bin/opt -S -passes=module(elim-avail-extern),function(newgvn),function(instsimplify),module(attributor),function(gvn-sink),module(iroutliner),function(gvn-sink),function(jump-threading),function(gvn-sink),module(scc-oz-module-inliner),module(elim-avail-extern),function(dce),module(globalopt),function(newgvn),module(attributor),function(gvn-hoist),function(memcpyopt),function(jump-threading),module(iroutliner) --mtriple=x86_64-unknown-linux-gnu
opt: /root/llvm/llvm-project-21/llvm/lib/Transforms/Utils/Local.cpp:3527: void llvm::patchReplacementInstruction(Instruction*, Value*): Assertion `Success && "We should not be trying to sink callbases " "with non-intersectable attributes"' failed.
PLEASE submit a bug report to https://github.com/llvm/llvm-project/issues/ and include the crash backtrace.
Stack dump:
0.	Program arguments: /root/opt/rv64gc_llvm_21/bin/opt -S -passes=module(elim-avail-extern),function(newgvn),function(instsimplify),module(attributor),function(gvn-sink),module(iroutliner),function(gvn-sink),function(jump-threading),function(gvn-sink),module(scc-oz-module-inliner),module(elim-avail-extern),function(dce),module(globalopt),function(newgvn),module(attributor),function(gvn-hoist),function(memcpyopt),function(jump-threading),module(iroutliner) --mtriple=x86_64-unknown-linux-gnu
1.	Running pass "function(newgvn)" on module "<stdin>"
2.	Running pass "newgvn" on function "main"
 #0 0x00005693773bfdd0 llvm::sys::PrintStackTrace(llvm::raw_ostream&, int) /root/llvm/llvm-project-21/llvm/lib/Support/Unix/Signals.inc:834:22
 #1 0x00005693773c0259 PrintStackTraceSignalHandler(void*) /root/llvm/llvm-project-21/llvm/lib/Support/Unix/Signals.inc:918:1
 #2 0x00005693773bd3c9 llvm::sys::RunSignalHandlers() /root/llvm/llvm-project-21/llvm/lib/Support/Signals.cpp:104:20
 #3 0x00005693773bf60d SignalHandler(int, siginfo_t*, void*) /root/llvm/llvm-project-21/llvm/lib/Support/Unix/Signals.inc:426:14
 #4 0x00007c294e87f330 (/lib/x86_64-linux-gnu/libc.so.6+0x45330)
 #5 0x00007c294e8d8b2c __pthread_kill_implementation ./nptl/pthread_kill.c:44:76
 #6 0x00007c294e8d8b2c __pthread_kill_internal ./nptl/pthread_kill.c:78:10
 #7 0x00007c294e8d8b2c pthread_kill ./nptl/pthread_kill.c:89:10
 #8 0x00007c294e87f27e raise ./signal/../sysdeps/posix/raise.c:27:6
 #9 0x00007c294e8628ff abort ./stdlib/abort.c:81:7
#10 0x00007c294e86281b _nl_load_domain ./intl/loadmsgcat.c:1177:9
#11 0x00007c294e875517 (/lib/x86_64-linux-gnu/libc.so.6+0x3b517)
#12 0x0000569375e7b172 llvm::patchReplacementInstruction(llvm::Instruction*, llvm::Value*) /root/llvm/llvm-project-21/llvm/lib/Transforms/Utils/Local.cpp:3543:24
#13 0x000056937596ac10 (anonymous namespace)::NewGVN::eliminateInstructions(llvm::Function&) /root/llvm/llvm-project-21/llvm/lib/Transforms/Scalar/NewGVN.cpp:4128:11
  [iter  42/200] search_obj=0.9532  search_best=0.7700  validation_best=0.8148  EI=0.0101  rnum=85.2  len=19  syn_rate=0.43  mean=0.9352  worsen=12.00%
GA search time: 1.78s, candidates: 283
  [iter  43/200] search_obj=0.8148  search_best=0.7700  validation_best=0.8148  EI=0.0129  rnum=83.5  len=19  syn_rate=0.39  mean=0.7998  worsen=10.00%
GA search time: 1.74s, candidates: 281
  [iter  44/200] search_obj=0.8112  search_best=0.7700  validation_best=0.8148  EI=0.0113  rnum=81.7  len=19  syn_rate=0.40  mean=0.7992  worsen=8.00%
GA search time: 1.40s, candidates: 280
  [iter  45/200] search_obj=0.9021  search_best=0.7700  validation_best=0.8148  EI=0.0179  rnum=80.0  len=19  syn_rate=0.44  mean=0.8871  worsen=10.00%
GA search time: 1.43s, candidates: 278
[Error] eval /root/iscas/ruyituner/dataset21/poj104-v2-ll_4/train/31_1857.ll: opt failed for pipeline='module(elim-avail-extern),module(iroutliner),function(instsimplify),function(gvn-hoist),module(attributor),function(memcpyopt),function(jump-threading),function(gvn-sink),module(scc-oz-module-inliner),function(newgvn),function(gvn-sink),module(globalopt),module(attributor),function(dce),function(jump-threading),function(dce),module(iroutliner),module(elim-avail-extern),module(scc-oz-module-inliner)', target_triple=x86_64-unknown-linux-gnu, returncode=-6, cmd=/root/opt/rv64gc_llvm_21/bin/opt -S -passes=module(elim-avail-extern),module(iroutliner),function(instsimplify),function(gvn-hoist),module(attributor),function(memcpyopt),function(jump-threading),function(gvn-sink),module(scc-oz-module-inliner),function(newgvn),function(gvn-sink),module(globalopt),module(attributor),function(dce),function(jump-threading),function(dce),module(iroutliner),module(elim-avail-extern),module(scc-oz-module-inliner) --mtriple=x86_64-unknown-linux-gnu
opt: /root/llvm/llvm-project-21/llvm/lib/Transforms/Utils/Local.cpp:3527: void llvm::patchReplacementInstruction(Instruction*, Value*): Assertion `Success && "We should not be trying to sink callbases " "with non-intersectable attributes"' failed.
PLEASE submit a bug report to https://github.com/llvm/llvm-project/issues/ and include the crash backtrace.
Stack dump:
0.	Program arguments: /root/opt/rv64gc_llvm_21/bin/opt -S -passes=module(elim-avail-extern),module(iroutliner),function(instsimplify),function(gvn-hoist),module(attributor),function(memcpyopt),function(jump-threading),function(gvn-sink),module(scc-oz-module-inliner),function(newgvn),function(gvn-sink),module(globalopt),module(attributor),function(dce),function(jump-threading),function(dce),module(iroutliner),module(elim-avail-extern),module(scc-oz-module-inliner) --mtriple=x86_64-unknown-linux-gnu
1.	Running pass "function(newgvn)" on module "<stdin>"
2.	Running pass "newgvn" on function "main"
 #0 0x00005b08bc7dadd0 llvm::sys::PrintStackTrace(llvm::raw_ostream&, int) /root/llvm/llvm-project-21/llvm/lib/Support/Unix/Signals.inc:834:22
 #1 0x00005b08bc7db259 PrintStackTraceSignalHandler(void*) /root/llvm/llvm-project-21/llvm/lib/Support/Unix/Signals.inc:918:1
 #2 0x00005b08bc7d83c9 llvm::sys::RunSignalHandlers() /root/llvm/llvm-project-21/llvm/lib/Support/Signals.cpp:104:20
 #3 0x00005b08bc7da60d SignalHandler(int, siginfo_t*, void*) /root/llvm/llvm-project-21/llvm/lib/Support/Unix/Signals.inc:426:14
 #4 0x00007a2178d0f330 (/lib/x86_64-linux-gnu/libc.so.6+0x45330)
 #5 0x00007a2178d68b2c __pthread_kill_implementation ./nptl/pthread_kill.c:44:76
 #6 0x00007a2178d68b2c __pthread_kill_internal ./nptl/pthread_kill.c:78:10
 #7 0x00007a2178d68b2c pthread_kill ./nptl/pthread_kill.c:89:10
 #8 0x00007a2178d0f27e raise ./signal/../sysdeps/posix/raise.c:27:6
 #9 0x00007a2178cf28ff abort ./stdlib/abort.c:81:7
#10 0x00007a2178cf281b _nl_load_domain ./intl/loadmsgcat.c:1177:9
#11 0x00007a2178d05517 (/lib/x86_64-linux-gnu/libc.so.6+0x3b517)
#12 0x00005b08bb296172 llvm::patchReplacementInstruction(llvm::Instruction*, llvm::Value*) /root/llvm/llvm-project-21/llvm/lib/Transforms/Utils/Local.cpp:3543:24
#13 0x00005b08bad85c10 (anonymous namespace)::NewGVN::eliminateInstructions(llvm::Function&) /root/llvm/llvm-project-21/llvm/lib/Transforms/Scalar/NewGVN.cpp:4128:11
  [iter  46/200] search_obj=0.8174  search_best=0.7700  validation_best=0.8148  EI=0.0128  rnum=78.4  len=19  syn_rate=0.40  mean=0.8054  worsen=8.00%
GA search time: 1.80s, candidates: 276
  [iter  47/200] search_obj=0.7941  search_best=0.7700  validation_best=0.8148  EI=0.0124  rnum=76.7  len=18  syn_rate=0.36  mean=0.7806  worsen=9.00%
GA search time: 1.92s, candidates: 275
  [iter  48/200] search_obj=0.7959  search_best=0.7700  validation_best=0.8148  EI=0.0104  rnum=75.1  len=19  syn_rate=0.40  mean=0.7809  worsen=10.00%
GA search time: 1.78s, candidates: 273
  [iter  49/200] search_obj=0.8133  search_best=0.7700  validation_best=0.8148  EI=0.0144  rnum=73.4  len=18  syn_rate=0.35  mean=0.7998  worsen=9.00%
GA search time: 2.19s, candidates: 271
  [iter  50/200] search_obj=0.8665  search_best=0.7700  validation_best=0.8148  EI=0.0118  rnum=71.8  len=19  syn_rate=0.43  mean=0.8530  worsen=9.00%
GA search time: 3.86s, candidates: 270
  [iter  51/200] search_obj=0.7701  search_best=0.7700  validation_best=0.8148  EI=0.0098  rnum=70.3  len=20  syn_rate=0.43  mean=0.7581  worsen=8.00%
GA search time: 2.12s, candidates: 268
  [iter  52/200] search_obj=0.7700  search_best=0.7700  validation_best=0.8148  EI=0.0197  rnum=68.7  len=19  syn_rate=0.47  mean=0.7580  worsen=8.00%
GA search time: 1.88s, candidates: 267
  [iter  53/200] search_obj=0.8034  search_best=0.7700  validation_best=0.8148  EI=0.0111  rnum=67.2  len=19  syn_rate=0.39  mean=0.7929  worsen=7.00%
GA search time: 1.61s, candidates: 265
  [iter  54/200] search_obj=0.7814  search_best=0.7700  validation_best=0.8148  EI=0.0127  rnum=65.7  len=20  syn_rate=0.37  mean=0.7694  worsen=8.00%
GA search time: 1.24s, candidates: 264
  [iter  55/200] search_obj=0.7603  search_best=0.7603  validation_best=0.8057  EI=0.0133  rnum=64.2  len=21  syn_rate=0.48  mean=0.7483  worsen=8.00%
GA search time: 1.63s, candidates: 262
  [iter  56/200] search_obj=0.8973  search_best=0.7603  validation_best=0.8057  EI=0.0189  rnum=62.7  len=20  syn_rate=0.48  mean=0.8823  worsen=10.00%
GA search time: 1.71s, candidates: 261
  [iter  57/200] search_obj=0.7684  search_best=0.7603  validation_best=0.8057  EI=0.0168  rnum=61.3  len=21  syn_rate=0.48  mean=0.7564  worsen=8.00%
GA search time: 2.99s, candidates: 259
  [iter  58/200] search_obj=0.7700  search_best=0.7603  validation_best=0.8057  EI=0.0182  rnum=59.8  len=20  syn_rate=0.41  mean=0.7580  worsen=8.00%
GA search time: 1.84s, candidates: 258
[Error] eval /root/iscas/ruyituner/dataset21/poj104-v2-ll_4/train/31_1857.ll: opt failed for pipeline='module(attributor),module(scc-oz-module-inliner),function(newgvn),function(jump-threading),module(attributor),module(iroutliner),module(iroutliner),function(dse),function(memcpyopt),module(elim-avail-extern),module(globalopt),function(gvn-sink),module(elim-avail-extern),function(gvn-sink),function(instsimplify),function(gvn-hoist),function(gvn-hoist),function(gvn-hoist),function(dce),function(dce),module(scc-oz-module-inliner)', target_triple=x86_64-unknown-linux-gnu, returncode=-6, cmd=/root/opt/rv64gc_llvm_21/bin/opt -S -passes=module(attributor),module(scc-oz-module-inliner),function(newgvn),function(jump-threading),module(attributor),module(iroutliner),module(iroutliner),function(dse),function(memcpyopt),module(elim-avail-extern),module(globalopt),function(gvn-sink),module(elim-avail-extern),function(gvn-sink),function(instsimplify),function(gvn-hoist),function(gvn-hoist),function(gvn-hoist),function(dce),function(dce),module(scc-oz-module-inliner) --mtriple=x86_64-unknown-linux-gnu
opt: /root/llvm/llvm-project-21/llvm/lib/Transforms/Utils/Local.cpp:3527: void llvm::patchReplacementInstruction(Instruction*, Value*): Assertion `Success && "We should not be trying to sink callbases " "with non-intersectable attributes"' failed.
PLEASE submit a bug report to https://github.com/llvm/llvm-project/issues/ and include the crash backtrace.
Stack dump:
0.	Program arguments: /root/opt/rv64gc_llvm_21/bin/opt -S -passes=module(attributor),module(scc-oz-module-inliner),function(newgvn),function(jump-threading),module(attributor),module(iroutliner),module(iroutliner),function(dse),function(memcpyopt),module(elim-avail-extern),module(globalopt),function(gvn-sink),module(elim-avail-extern),function(gvn-sink),function(instsimplify),function(gvn-hoist),function(gvn-hoist),function(gvn-hoist),function(dce),function(dce),module(scc-oz-module-inliner) --mtriple=x86_64-unknown-linux-gnu
1.	Running pass "function(newgvn)" on module "<stdin>"
2.	Running pass "newgvn" on function "main"
 #0 0x0000641c829afdd0 llvm::sys::PrintStackTrace(llvm::raw_ostream&, int) /root/llvm/llvm-project-21/llvm/lib/Support/Unix/Signals.inc:834:22
 #1 0x0000641c829b0259 PrintStackTraceSignalHandler(void*) /root/llvm/llvm-project-21/llvm/lib/Support/Unix/Signals.inc:918:1
 #2 0x0000641c829ad3c9 llvm::sys::RunSignalHandlers() /root/llvm/llvm-project-21/llvm/lib/Support/Signals.cpp:104:20
 #3 0x0000641c829af60d SignalHandler(int, siginfo_t*, void*) /root/llvm/llvm-project-21/llvm/lib/Support/Unix/Signals.inc:426:14
 #4 0x00007f7f709cf330 (/lib/x86_64-linux-gnu/libc.so.6+0x45330)
 #5 0x00007f7f70a28b2c __pthread_kill_implementation ./nptl/pthread_kill.c:44:76
 #6 0x00007f7f70a28b2c __pthread_kill_internal ./nptl/pthread_kill.c:78:10
 #7 0x00007f7f70a28b2c pthread_kill ./nptl/pthread_kill.c:89:10
 #8 0x00007f7f709cf27e raise ./signal/../sysdeps/posix/raise.c:27:6
 #9 0x00007f7f709b28ff abort ./stdlib/abort.c:81:7
#10 0x00007f7f709b281b _nl_load_domain ./intl/loadmsgcat.c:1177:9
#11 0x00007f7f709c5517 (/lib/x86_64-linux-gnu/libc.so.6+0x3b517)
#12 0x0000641c8146b172 llvm::patchReplacementInstruction(llvm::Instruction*, llvm::Value*) /root/llvm/llvm-project-21/llvm/lib/Transforms/Utils/Local.cpp:3543:24
#13 0x0000641c80f5ac10 (anonymous namespace)::NewGVN::eliminateInstructions(llvm::Function&) /root/llvm/llvm-project-21/llvm/lib/Transforms/Scalar/NewGVN.cpp:4128:11
  [iter  59/200] search_obj=1.0080  search_best=0.7603  validation_best=0.8057  EI=0.0212  rnum=58.4  len=21  syn_rate=0.38  mean=0.9795  worsen=19.00%
GA search time: 2.14s, candidates: 257
  [iter  60/200] search_obj=0.7698  search_best=0.7603  validation_best=0.8057  EI=0.0184  rnum=57.0  len=29  syn_rate=0.47  mean=0.7578  worsen=8.00%
GA search time: 2.84s, candidates: 255
  [iter  61/200] search_obj=0.7539  search_best=0.7539  validation_best=0.7994  EI=0.0202  rnum=55.7  len=28  syn_rate=0.48  mean=0.7434  worsen=7.00%
GA search time: 2.31s, candidates: 254
  [iter  62/200] search_obj=0.7483  search_best=0.7483  validation_best=0.7927  EI=0.0218  rnum=54.3  len=34  syn_rate=0.52  mean=0.7378  worsen=7.00%
GA search time: 3.29s, candidates: 253
[Error] eval /root/iscas/ruyituner/dataset21/poj104-v2-ll_4/train/31_1857.ll: opt failed for pipeline='function(gvn-hoist),module(elim-avail-extern),module(iroutliner),module(inferattrs),module(elim-avail-extern),function(gvn-sink),function(memcpyopt),function(gvn-hoist),function(instsimplify),function(gvn-hoist),function(gvn-sink),module(globalopt),module(attributor),function(dce),module(iroutliner),module(elim-avail-extern),module(attributor),function(memcpyopt),function(jump-threading),function(gvn-sink),function(newgvn),function(dse),function(gvn-sink),module(globalopt),module(attributor),module(iroutliner),function(gvn-hoist),module(globalopt),module(elim-avail-extern),function(memcpyopt),module(attributor),module(inferattrs),function(dce),module(iroutliner),module(elim-avail-extern),module(scc-oz-module-inliner),module(elim-avail-extern),function(memcpyopt),function(gvn-hoist),function(jump-threading),function(gvn-sink),function(newgvn),function(dse),function(gvn-sink),function(lower-switch),module(attributor),module(attributor),function(dce),module(iroutliner),module(elim-avail-extern),function(gvn-sink),module(elim-avail-extern),module(elim-avail-extern),module(iroutliner)', target_triple=x86_64-unknown-linux-gnu, returncode=-6, cmd=/root/opt/rv64gc_llvm_21/bin/opt -S -passes=function(gvn-hoist),module(elim-avail-extern),module(iroutliner),module(inferattrs),module(elim-avail-extern),function(gvn-sink),function(memcpyopt),function(gvn-hoist),function(instsimplify),function(gvn-hoist),function(gvn-sink),module(globalopt),module(attributor),function(dce),module(iroutliner),module(elim-avail-extern),module(attributor),function(memcpyopt),function(jump-threading),function(gvn-sink),function(newgvn),function(dse),function(gvn-sink),module(globalopt),module(attributor),module(iroutliner),function(gvn-hoist),module(globalopt),module(elim-avail-extern),function(memcpyopt),module(attributor),module(inferattrs),function(dce),module(iroutliner),module(elim-avail-extern),module(scc-oz-module-inliner),module(elim-avail-extern),function(memcpyopt),function(gvn-hoist),function(jump-threading),function(gvn-sink),function(newgvn),function(dse),function(gvn-sink),function(lower-switch),module(attributor),module(attributor),function(dce),module(iroutliner),module(elim-avail-extern),function(gvn-sink),module(elim-avail-extern),module(elim-avail-extern),module(iroutliner) --mtriple=x86_64-unknown-linux-gnu
opt: /root/llvm/llvm-project-21/llvm/lib/Transforms/Utils/Local.cpp:3527: void llvm::patchReplacementInstruction(Instruction*, Value*): Assertion `Success && "We should not be trying to sink callbases " "with non-intersectable attributes"' failed.
PLEASE submit a bug report to https://github.com/llvm/llvm-project/issues/ and include the crash backtrace.
Stack dump:
0.	Program arguments: /root/opt/rv64gc_llvm_21/bin/opt -S -passes=function(gvn-hoist),module(elim-avail-extern),module(iroutliner),module(inferattrs),module(elim-avail-extern),function(gvn-sink),function(memcpyopt),function(gvn-hoist),function(instsimplify),function(gvn-hoist),function(gvn-sink),module(globalopt),module(attributor),function(dce),module(iroutliner),module(elim-avail-extern),module(attributor),function(memcpyopt),function(jump-threading),function(gvn-sink),function(newgvn),function(dse),function(gvn-sink),module(globalopt),module(attributor),module(iroutliner),function(gvn-hoist),module(globalopt),module(elim-avail-extern),function(memcpyopt),module(attributor),module(inferattrs),function(dce),module(iroutliner),module(elim-avail-extern),module(scc-oz-module-inliner),module(elim-avail-extern),function(memcpyopt),function(gvn-hoist),function(jump-threading),function(gvn-sink),function(newgvn),function(dse),function(gvn-sink),function(lower-switch),module(attributor),module(attributor),function(dce),module(iroutliner),module(elim-avail-extern),function(gvn-sink),module(elim-avail-extern),module(elim-avail-extern),module(iroutliner) --mtriple=x86_64-unknown-linux-gnu
1.	Running pass "function(newgvn)" on module "<stdin>"
2.	Running pass "newgvn" on function "main"
 #0 0x00005f9e648e3dd0 llvm::sys::PrintStackTrace(llvm::raw_ostream&, int) /root/llvm/llvm-project-21/llvm/lib/Support/Unix/Signals.inc:834:22
 #1 0x00005f9e648e4259 PrintStackTraceSignalHandler(void*) /root/llvm/llvm-project-21/llvm/lib/Support/Unix/Signals.inc:918:1
 #2 0x00005f9e648e13c9 llvm::sys::RunSignalHandlers() /root/llvm/llvm-project-21/llvm/lib/Support/Signals.cpp:104:20
 #3 0x00005f9e648e360d SignalHandler(int, siginfo_t*, void*) /root/llvm/llvm-project-21/llvm/lib/Support/Unix/Signals.inc:426:14
 #4 0x00007384058ba330 (/lib/x86_64-linux-gnu/libc.so.6+0x45330)
 #5 0x0000738405913b2c __pthread_kill_implementation ./nptl/pthread_kill.c:44:76
 #6 0x0000738405913b2c __pthread_kill_internal ./nptl/pthread_kill.c:78:10
 #7 0x0000738405913b2c pthread_kill ./nptl/pthread_kill.c:89:10
 #8 0x00007384058ba27e raise ./signal/../sysdeps/posix/raise.c:27:6
 #9 0x000073840589d8ff abort ./stdlib/abort.c:81:7
#10 0x000073840589d81b _nl_load_domain ./intl/loadmsgcat.c:1177:9
#11 0x00007384058b0517 (/lib/x86_64-linux-gnu/libc.so.6+0x3b517)
#12 0x00005f9e6339f172 llvm::patchReplacementInstruction(llvm::Instruction*, llvm::Value*) /root/llvm/llvm-project-21/llvm/lib/Transforms/Utils/Local.cpp:3543:24
#13 0x00005f9e62e8ec10 (anonymous namespace)::NewGVN::eliminateInstructions(llvm::Function&) /root/llvm/llvm-project-21/llvm/lib/Transforms/Scalar/NewGVN.cpp:4128:11
  [iter  63/200] search_obj=0.7561  search_best=0.7483  validation_best=0.7910  EI=0.0214  rnum=53.0  len=54  syn_rate=0.59  mean=0.7426  worsen=9.00%
GA search time: 4.83s, candidates: 251
[Error] eval /root/iscas/ruyituner/dataset21/poj104-v2-ll_4/train/31_1857.ll: opt failed for pipeline='function(gvn-hoist),module(elim-avail-extern),module(iroutliner),function(instsimplify),function(gvn-hoist),module(attributor),function(memcpyopt),function(jump-threading),function(gvn-sink),function(newgvn),function(dse),function(gvn-sink),module(iroutliner),module(elim-avail-extern),module(scc-oz-module-inliner),module(elim-avail-extern),function(memcpyopt),function(gvn-hoist),function(jump-threading),function(gvn-sink),function(newgvn),function(dse),function(gvn-sink),function(lower-switch),module(attributor),module(attributor),function(dce),module(iroutliner),module(elim-avail-extern),function(gvn-sink),module(elim-avail-extern),module(elim-avail-extern),module(iroutliner)', target_triple=x86_64-unknown-linux-gnu, returncode=-6, cmd=/root/opt/rv64gc_llvm_21/bin/opt -S -passes=function(gvn-hoist),module(elim-avail-extern),module(iroutliner),function(instsimplify),function(gvn-hoist),module(attributor),function(memcpyopt),function(jump-threading),function(gvn-sink),function(newgvn),function(dse),function(gvn-sink),module(iroutliner),module(elim-avail-extern),module(scc-oz-module-inliner),module(elim-avail-extern),function(memcpyopt),function(gvn-hoist),function(jump-threading),function(gvn-sink),function(newgvn),function(dse),function(gvn-sink),function(lower-switch),module(attributor),module(attributor),function(dce),module(iroutliner),module(elim-avail-extern),function(gvn-sink),module(elim-avail-extern),module(elim-avail-extern),module(iroutliner) --mtriple=x86_64-unknown-linux-gnu
opt: /root/llvm/llvm-project-21/llvm/lib/Transforms/Utils/Local.cpp:3527: void llvm::patchReplacementInstruction(Instruction*, Value*): Assertion `Success && "We should not be trying to sink callbases " "with non-intersectable attributes"' failed.
PLEASE submit a bug report to https://github.com/llvm/llvm-project/issues/ and include the crash backtrace.
Stack dump:
0.	Program arguments: /root/opt/rv64gc_llvm_21/bin/opt -S -passes=function(gvn-hoist),module(elim-avail-extern),module(iroutliner),function(instsimplify),function(gvn-hoist),module(attributor),function(memcpyopt),function(jump-threading),function(gvn-sink),function(newgvn),function(dse),function(gvn-sink),module(iroutliner),module(elim-avail-extern),module(scc-oz-module-inliner),module(elim-avail-extern),function(memcpyopt),function(gvn-hoist),function(jump-threading),function(gvn-sink),function(newgvn),function(dse),function(gvn-sink),function(lower-switch),module(attributor),module(attributor),function(dce),module(iroutliner),module(elim-avail-extern),function(gvn-sink),module(elim-avail-extern),module(elim-avail-extern),module(iroutliner) --mtriple=x86_64-unknown-linux-gnu
1.	Running pass "function(newgvn)" on module "<stdin>"
2.	Running pass "newgvn" on function "main"
 #0 0x00005f47c375add0 llvm::sys::PrintStackTrace(llvm::raw_ostream&, int) /root/llvm/llvm-project-21/llvm/lib/Support/Unix/Signals.inc:834:22
 #1 0x00005f47c375b259 PrintStackTraceSignalHandler(void*) /root/llvm/llvm-project-21/llvm/lib/Support/Unix/Signals.inc:918:1
 #2 0x00005f47c37583c9 llvm::sys::RunSignalHandlers() /root/llvm/llvm-project-21/llvm/lib/Support/Signals.cpp:104:20
 #3 0x00005f47c375a60d SignalHandler(int, siginfo_t*, void*) /root/llvm/llvm-project-21/llvm/lib/Support/Unix/Signals.inc:426:14
 #4 0x00007d7c2ff20330 (/lib/x86_64-linux-gnu/libc.so.6+0x45330)
 #5 0x00007d7c2ff79b2c __pthread_kill_implementation ./nptl/pthread_kill.c:44:76
 #6 0x00007d7c2ff79b2c __pthread_kill_internal ./nptl/pthread_kill.c:78:10
 #7 0x00007d7c2ff79b2c pthread_kill ./nptl/pthread_kill.c:89:10
 #8 0x00007d7c2ff2027e raise ./signal/../sysdeps/posix/raise.c:27:6
 #9 0x00007d7c2ff038ff abort ./stdlib/abort.c:81:7
#10 0x00007d7c2ff0381b _nl_load_domain ./intl/loadmsgcat.c:1177:9
#11 0x00007d7c2ff16517 (/lib/x86_64-linux-gnu/libc.so.6+0x3b517)
#12 0x00005f47c2216172 llvm::patchReplacementInstruction(llvm::Instruction*, llvm::Value*) /root/llvm/llvm-project-21/llvm/lib/Transforms/Utils/Local.cpp:3543:24
#13 0x00005f47c1d05c10 (anonymous namespace)::NewGVN::eliminateInstructions(llvm::Function&) /root/llvm/llvm-project-21/llvm/lib/Transforms/Scalar/NewGVN.cpp:4128:11
  [iter  64/200] search_obj=1.0395  search_best=0.7483  validation_best=0.7910  EI=0.0316  rnum=51.7  len=33  syn_rate=0.48  mean=0.9825  worsen=38.00%
GA search time: 3.62s, candidates: 250
  [iter  65/200] search_obj=0.7483  search_best=0.7483  validation_best=0.7910  EI=0.0202  rnum=50.5  len=35  syn_rate=0.51  mean=0.7378  worsen=7.00%
GA search time: 5.84s, candidates: 249
[Error] eval /root/iscas/ruyituner/dataset21/poj104-v2-ll_4/train/31_1857.ll: opt failed for pipeline='module(scc-oz-module-inliner),function(newgvn),function(jump-threading),function(jump-threading),function(newgvn),module(attributor),module(attributor),module(attributor),module(attributor),module(attributor),module(attributor),module(iroutliner),function(dse),module(iroutliner),module(iroutliner),module(iroutliner),module(iroutliner),module(iroutliner),function(dse),module(globalopt),module(globalopt),module(globalopt),module(globalopt),module(globalopt),function(gvn-sink),function(gvn-sink),function(gvn-sink),function(gvn-sink),function(gvn-sink),function(gvn-sink),function(gvn-sink),function(dce),function(memcpyopt),function(gvn-hoist),module(globalopt),module(attributor),function(dce),module(iroutliner),module(elim-avail-extern),module(attributor),function(memcpyopt),function(jump-threading),function(gvn-sink),function(newgvn),function(dse),function(gvn-sink),module(globalopt),module(attributor),module(iroutliner),function(gvn-hoist),function(dce),function(dce),function(instsimplify),function(memcpyopt),function(memcpyopt),function(memcpyopt),module(elim-avail-extern),function(gvn-hoist),module(elim-avail-extern),module(elim-avail-extern),module(elim-avail-extern),module(elim-avail-extern),module(elim-avail-extern),module(elim-avail-extern),module(elim-avail-extern),function(gvn-hoist),function(gvn-hoist),module(elim-avail-extern),function(lower-switch),module(inferattrs),module(inferattrs)', target_triple=x86_64-unknown-linux-gnu, returncode=-6, cmd=/root/opt/rv64gc_llvm_21/bin/opt -S -passes=module(scc-oz-module-inliner),function(newgvn),function(jump-threading),function(jump-threading),function(newgvn),module(attributor),module(attributor),module(attributor),module(attributor),module(attributor),module(attributor),module(iroutliner),function(dse),module(iroutliner),module(iroutliner),module(iroutliner),module(iroutliner),module(iroutliner),function(dse),module(globalopt),module(globalopt),module(globalopt),module(globalopt),module(globalopt),function(gvn-sink),function(gvn-sink),function(gvn-sink),function(gvn-sink),function(gvn-sink),function(gvn-sink),function(gvn-sink),function(dce),function(memcpyopt),function(gvn-hoist),module(globalopt),module(attributor),function(dce),module(iroutliner),module(elim-avail-extern),module(attributor),function(memcpyopt),function(jump-threading),function(gvn-sink),function(newgvn),function(dse),function(gvn-sink),module(globalopt),module(attributor),module(iroutliner),function(gvn-hoist),function(dce),function(dce),function(instsimplify),function(memcpyopt),function(memcpyopt),function(memcpyopt),module(elim-avail-extern),function(gvn-hoist),module(elim-avail-extern),module(elim-avail-extern),module(elim-avail-extern),module(elim-avail-extern),module(elim-avail-extern),module(elim-avail-extern),module(elim-avail-extern),function(gvn-hoist),function(gvn-hoist),module(elim-avail-extern),function(lower-switch),module(inferattrs),module(inferattrs) --mtriple=x86_64-unknown-linux-gnu
opt: /root/llvm/llvm-project-21/llvm/lib/Transforms/Utils/Local.cpp:3527: void llvm::patchReplacementInstruction(Instruction*, Value*): Assertion `Success && "We should not be trying to sink callbases " "with non-intersectable attributes"' failed.
PLEASE submit a bug report to https://github.com/llvm/llvm-project/issues/ and include the crash backtrace.
Stack dump:
0.	Program arguments: /root/opt/rv64gc_llvm_21/bin/opt -S -passes=module(scc-oz-module-inliner),function(newgvn),function(jump-threading),function(jump-threading),function(newgvn),module(attributor),module(attributor),module(attributor),module(attributor),module(attributor),module(attributor),module(iroutliner),function(dse),module(iroutliner),module(iroutliner),module(iroutliner),module(iroutliner),module(iroutliner),function(dse),module(globalopt),module(globalopt),module(globalopt),module(globalopt),module(globalopt),function(gvn-sink),function(gvn-sink),function(gvn-sink),function(gvn-sink),function(gvn-sink),function(gvn-sink),function(gvn-sink),function(dce),function(memcpyopt),function(gvn-hoist),module(globalopt),module(attributor),function(dce),module(iroutliner),module(elim-avail-extern),module(attributor),function(memcpyopt),function(jump-threading),function(gvn-sink),function(newgvn),function(dse),function(gvn-sink),module(globalopt),module(attributor),module(iroutliner),function(gvn-hoist),function(dce),function(dce),function(instsimplify),function(memcpyopt),function(memcpyopt),function(memcpyopt),module(elim-avail-extern),function(gvn-hoist),module(elim-avail-extern),module(elim-avail-extern),module(elim-avail-extern),module(elim-avail-extern),module(elim-avail-extern),module(elim-avail-extern),module(elim-avail-extern),function(gvn-hoist),function(gvn-hoist),module(elim-avail-extern),function(lower-switch),module(inferattrs),module(inferattrs) --mtriple=x86_64-unknown-linux-gnu
1.	Running pass "function(newgvn)" on module "<stdin>"
2.	Running pass "newgvn" on function "main"
 #0 0x0000637892b4fdd0 llvm::sys::PrintStackTrace(llvm::raw_ostream&, int) /root/llvm/llvm-project-21/llvm/lib/Support/Unix/Signals.inc:834:22
 #1 0x0000637892b50259 PrintStackTraceSignalHandler(void*) /root/llvm/llvm-project-21/llvm/lib/Support/Unix/Signals.inc:918:1
 #2 0x0000637892b4d3c9 llvm::sys::RunSignalHandlers() /root/llvm/llvm-project-21/llvm/lib/Support/Signals.cpp:104:20
 #3 0x0000637892b4f60d SignalHandler(int, siginfo_t*, void*) /root/llvm/llvm-project-21/llvm/lib/Support/Unix/Signals.inc:426:14
 #4 0x0000749c36779330 (/lib/x86_64-linux-gnu/libc.so.6+0x45330)
 #5 0x0000749c367d2b2c __pthread_kill_implementation ./nptl/pthread_kill.c:44:76
 #6 0x0000749c367d2b2c __pthread_kill_internal ./nptl/pthread_kill.c:78:10
 #7 0x0000749c367d2b2c pthread_kill ./nptl/pthread_kill.c:89:10
 #8 0x0000749c3677927e raise ./signal/../sysdeps/posix/raise.c:27:6
 #9 0x0000749c3675c8ff abort ./stdlib/abort.c:81:7
#10 0x0000749c3675c81b _nl_load_domain ./intl/loadmsgcat.c:1177:9
#11 0x0000749c3676f517 (/lib/x86_64-linux-gnu/libc.so.6+0x3b517)
#12 0x000063789160b172 llvm::patchReplacementInstruction(llvm::Instruction*, llvm::Value*) /root/llvm/llvm-project-21/llvm/lib/Transforms/Utils/Local.cpp:3543:24
#13 0x00006378910fac10 (anonymous namespace)::NewGVN::eliminateInstructions(llvm::Function&) /root/llvm/llvm-project-21/llvm/lib/Transforms/Scalar/NewGVN.cpp:4128:11
  [iter  66/200] search_obj=1.1180  search_best=0.7483  validation_best=0.7910  EI=0.0216  rnum=49.2  len=71  syn_rate=0.57  mean=1.0760  worsen=28.00%
GA search time: 3.95s, candidates: 247
  [iter  67/200] search_obj=0.7483  search_best=0.7483  validation_best=0.7910  EI=0.0255  rnum=48.0  len=36  syn_rate=0.51  mean=0.7378  worsen=7.00%
GA search time: 4.34s, candidates: 246
[Error] eval /root/iscas/ruyituner/dataset21/poj104-v2-ll_4/train/31_1857.ll: opt failed for pipeline='function(gvn-hoist),function(gvn-sink),function(newgvn),function(dse),function(gvn-sink),module(globalopt),module(attributor),function(dce),module(elim-avail-extern),module(iroutliner),module(inferattrs),function(instsimplify),function(gvn-hoist),function(gvn-sink),module(globalopt),module(attributor),function(dce),module(iroutliner),module(elim-avail-extern),module(attributor),module(globalopt),function(memcpyopt),function(jump-threading),function(gvn-sink),function(newgvn),function(dse),function(gvn-sink),module(globalopt),module(iroutliner),function(gvn-hoist),module(globalopt),module(elim-avail-extern),module(elim-avail-extern),function(memcpyopt),module(attributor),module(globalopt),module(attributor),function(dce),module(iroutliner),module(elim-avail-extern),module(scc-oz-module-inliner),function(gvn-hoist)', target_triple=x86_64-unknown-linux-gnu, returncode=-6, cmd=/root/opt/rv64gc_llvm_21/bin/opt -S -passes=function(gvn-hoist),function(gvn-sink),function(newgvn),function(dse),function(gvn-sink),module(globalopt),module(attributor),function(dce),module(elim-avail-extern),module(iroutliner),module(inferattrs),function(instsimplify),function(gvn-hoist),function(gvn-sink),module(globalopt),module(attributor),function(dce),module(iroutliner),module(elim-avail-extern),module(attributor),module(globalopt),function(memcpyopt),function(jump-threading),function(gvn-sink),function(newgvn),function(dse),function(gvn-sink),module(globalopt),module(iroutliner),function(gvn-hoist),module(globalopt),module(elim-avail-extern),module(elim-avail-extern),function(memcpyopt),module(attributor),module(globalopt),module(attributor),function(dce),module(iroutliner),module(elim-avail-extern),module(scc-oz-module-inliner),function(gvn-hoist) --mtriple=x86_64-unknown-linux-gnu
opt: /root/llvm/llvm-project-21/llvm/lib/Transforms/Utils/Local.cpp:3527: void llvm::patchReplacementInstruction(Instruction*, Value*): Assertion `Success && "We should not be trying to sink callbases " "with non-intersectable attributes"' failed.
PLEASE submit a bug report to https://github.com/llvm/llvm-project/issues/ and include the crash backtrace.
Stack dump:
0.	Program arguments: /root/opt/rv64gc_llvm_21/bin/opt -S -passes=function(gvn-hoist),function(gvn-sink),function(newgvn),function(dse),function(gvn-sink),module(globalopt),module(attributor),function(dce),module(elim-avail-extern),module(iroutliner),module(inferattrs),function(instsimplify),function(gvn-hoist),function(gvn-sink),module(globalopt),module(attributor),function(dce),module(iroutliner),module(elim-avail-extern),module(attributor),module(globalopt),function(memcpyopt),function(jump-threading),function(gvn-sink),function(newgvn),function(dse),function(gvn-sink),module(globalopt),module(iroutliner),function(gvn-hoist),module(globalopt),module(elim-avail-extern),module(elim-avail-extern),function(memcpyopt),module(attributor),module(globalopt),module(attributor),function(dce),module(iroutliner),module(elim-avail-extern),module(scc-oz-module-inliner),function(gvn-hoist) --mtriple=x86_64-unknown-linux-gnu
1.	Running pass "function(newgvn)" on module "<stdin>"
2.	Running pass "newgvn" on function "main"
 #0 0x00005d68ad853dd0 llvm::sys::PrintStackTrace(llvm::raw_ostream&, int) /root/llvm/llvm-project-21/llvm/lib/Support/Unix/Signals.inc:834:22
 #1 0x00005d68ad854259 PrintStackTraceSignalHandler(void*) /root/llvm/llvm-project-21/llvm/lib/Support/Unix/Signals.inc:918:1
 #2 0x00005d68ad8513c9 llvm::sys::RunSignalHandlers() /root/llvm/llvm-project-21/llvm/lib/Support/Signals.cpp:104:20
 #3 0x00005d68ad85360d SignalHandler(int, siginfo_t*, void*) /root/llvm/llvm-project-21/llvm/lib/Support/Unix/Signals.inc:426:14
 #4 0x00007e7db8797330 (/lib/x86_64-linux-gnu/libc.so.6+0x45330)
 #5 0x00007e7db87f0b2c __pthread_kill_implementation ./nptl/pthread_kill.c:44:76
 #6 0x00007e7db87f0b2c __pthread_kill_internal ./nptl/pthread_kill.c:78:10
 #7 0x00007e7db87f0b2c pthread_kill ./nptl/pthread_kill.c:89:10
 #8 0x00007e7db879727e raise ./signal/../sysdeps/posix/raise.c:27:6
 #9 0x00007e7db877a8ff abort ./stdlib/abort.c:81:7
#10 0x00007e7db877a81b _nl_load_domain ./intl/loadmsgcat.c:1177:9
#11 0x00007e7db878d517 (/lib/x86_64-linux-gnu/libc.so.6+0x3b517)
#12 0x00005d68ac30f172 llvm::patchReplacementInstruction(llvm::Instruction*, llvm::Value*) /root/llvm/llvm-project-21/llvm/lib/Transforms/Utils/Local.cpp:3543:24
#13 0x00005d68abdfec10 (anonymous namespace)::NewGVN::eliminateInstructions(llvm::Function&) /root/llvm/llvm-project-21/llvm/lib/Transforms/Scalar/NewGVN.cpp:4128:11
  [iter  68/200] search_obj=0.9547  search_best=0.7483  validation_best=0.7910  EI=0.0252  rnum=46.8  len=42  syn_rate=0.53  mean=0.9352  worsen=13.00%
GA search time: 4.08s, candidates: 245
[Error] eval /root/iscas/ruyituner/dataset21/poj104-v2-ll_4/train/31_1857.ll: opt failed for pipeline='function(gvn-hoist),module(elim-avail-extern),function(gvn-sink),function(newgvn),function(gvn-sink),module(globalopt),function(dce),module(iroutliner),module(elim-avail-extern),module(scc-oz-module-inliner),module(iroutliner),module(inferattrs),function(instsimplify),function(gvn-hoist),module(attributor),function(memcpyopt),function(jump-threading),function(gvn-sink),function(newgvn),function(dse),function(gvn-sink),module(globalopt),module(attributor),module(iroutliner),function(gvn-hoist),module(globalopt),module(elim-avail-extern),function(memcpyopt),module(attributor),function(dce),module(iroutliner),module(elim-avail-extern),module(scc-oz-module-inliner),module(elim-avail-extern),function(memcpyopt),function(gvn-hoist)', target_triple=x86_64-unknown-linux-gnu, returncode=-6, cmd=/root/opt/rv64gc_llvm_21/bin/opt -S -passes=function(gvn-hoist),module(elim-avail-extern),function(gvn-sink),function(newgvn),function(gvn-sink),module(globalopt),function(dce),module(iroutliner),module(elim-avail-extern),module(scc-oz-module-inliner),module(iroutliner),module(inferattrs),function(instsimplify),function(gvn-hoist),module(attributor),function(memcpyopt),function(jump-threading),function(gvn-sink),function(newgvn),function(dse),function(gvn-sink),module(globalopt),module(attributor),module(iroutliner),function(gvn-hoist),module(globalopt),module(elim-avail-extern),function(memcpyopt),module(attributor),function(dce),module(iroutliner),module(elim-avail-extern),module(scc-oz-module-inliner),module(elim-avail-extern),function(memcpyopt),function(gvn-hoist) --mtriple=x86_64-unknown-linux-gnu
opt: /root/llvm/llvm-project-21/llvm/lib/Transforms/Utils/Local.cpp:3527: void llvm::patchReplacementInstruction(Instruction*, Value*): Assertion `Success && "We should not be trying to sink callbases " "with non-intersectable attributes"' failed.
PLEASE submit a bug report to https://github.com/llvm/llvm-project/issues/ and include the crash backtrace.
Stack dump:
0.	Program arguments: /root/opt/rv64gc_llvm_21/bin/opt -S -passes=function(gvn-hoist),module(elim-avail-extern),function(gvn-sink),function(newgvn),function(gvn-sink),module(globalopt),function(dce),module(iroutliner),module(elim-avail-extern),module(scc-oz-module-inliner),module(iroutliner),module(inferattrs),function(instsimplify),function(gvn-hoist),module(attributor),function(memcpyopt),function(jump-threading),function(gvn-sink),function(newgvn),function(dse),function(gvn-sink),module(globalopt),module(attributor),module(iroutliner),function(gvn-hoist),module(globalopt),module(elim-avail-extern),function(memcpyopt),module(attributor),function(dce),module(iroutliner),module(elim-avail-extern),module(scc-oz-module-inliner),module(elim-avail-extern),function(memcpyopt),function(gvn-hoist) --mtriple=x86_64-unknown-linux-gnu
1.	Running pass "function(newgvn)" on module "<stdin>"
2.	Running pass "newgvn" on function "main"
 #0 0x0000609820bf7dd0 llvm::sys::PrintStackTrace(llvm::raw_ostream&, int) /root/llvm/llvm-project-21/llvm/lib/Support/Unix/Signals.inc:834:22
 #1 0x0000609820bf8259 PrintStackTraceSignalHandler(void*) /root/llvm/llvm-project-21/llvm/lib/Support/Unix/Signals.inc:918:1
 #2 0x0000609820bf53c9 llvm::sys::RunSignalHandlers() /root/llvm/llvm-project-21/llvm/lib/Support/Signals.cpp:104:20
 #3 0x0000609820bf760d SignalHandler(int, siginfo_t*, void*) /root/llvm/llvm-project-21/llvm/lib/Support/Unix/Signals.inc:426:14
 #4 0x000075484e5fd330 (/lib/x86_64-linux-gnu/libc.so.6+0x45330)
 #5 0x000075484e656b2c __pthread_kill_implementation ./nptl/pthread_kill.c:44:76
 #6 0x000075484e656b2c __pthread_kill_internal ./nptl/pthread_kill.c:78:10
 #7 0x000075484e656b2c pthread_kill ./nptl/pthread_kill.c:89:10
 #8 0x000075484e5fd27e raise ./signal/../sysdeps/posix/raise.c:27:6
 #9 0x000075484e5e08ff abort ./stdlib/abort.c:81:7
#10 0x000075484e5e081b _nl_load_domain ./intl/loadmsgcat.c:1177:9
#11 0x000075484e5f3517 (/lib/x86_64-linux-gnu/libc.so.6+0x3b517)
#12 0x000060981f6b3172 llvm::patchReplacementInstruction(llvm::Instruction*, llvm::Value*) /root/llvm/llvm-project-21/llvm/lib/Transforms/Utils/Local.cpp:3543:24
#13 0x000060981f1a2c10 (anonymous namespace)::NewGVN::eliminateInstructions(llvm::Function&) /root/llvm/llvm-project-21/llvm/lib/Transforms/Scalar/NewGVN.cpp:4128:11
  [iter  69/200] search_obj=0.9864  search_best=0.7483  validation_best=0.7910  EI=0.0214  rnum=45.6  len=36  syn_rate=0.58  mean=0.9714  worsen=10.00%
GA search time: 2.54s, candidates: 244
  [iter  70/200] search_obj=0.7476  search_best=0.7476  validation_best=0.7910  EI=0.0217  rnum=44.4  len=49  syn_rate=0.52  mean=0.7371  worsen=7.00%
GA search time: 2.78s, candidates: 243
[Error] eval /root/iscas/ruyituner/dataset21/poj104-v2-ll_4/train/31_1857.ll: opt failed for pipeline='module(scc-oz-module-inliner),function(newgvn),function(mem2reg),function(jump-threading),function(jump-threading),module(attributor),module(attributor),module(attributor),module(attributor),module(attributor),module(attributor),function(dse),module(iroutliner),module(iroutliner),module(iroutliner),module(iroutliner),module(iroutliner),module(iroutliner),module(iroutliner),module(iroutliner),module(iroutliner),function(gvn-sink),module(globalopt),function(gvn-sink),function(gvn-sink),function(gvn-sink),function(gvn-sink),function(gvn-sink),function(gvn-sink),function(gvn-sink),function(gvn-sink),function(gvn-sink),module(globalopt),module(globalopt),module(globalopt),module(globalopt),module(globalopt),module(globalopt),module(globalopt),module(globalopt),module(globalopt),module(globalopt),function(instsimplify),function(gvn-hoist),function(gvn-hoist),function(gvn-hoist),function(gvn-hoist),function(gvn-hoist),function(gvn-hoist),function(dce),function(memcpyopt),function(memcpyopt),function(memcpyopt),function(memcpyopt),function(memcpyopt),function(memcpyopt),function(memcpyopt),module(elim-avail-extern),module(elim-avail-extern),module(elim-avail-extern),module(elim-avail-extern),module(elim-avail-extern),module(elim-avail-extern),module(elim-avail-extern),module(elim-avail-extern),module(elim-avail-extern),module(elim-avail-extern),module(elim-avail-extern),module(elim-avail-extern),module(elim-avail-extern),module(elim-avail-extern),function(dce),function(dce),function(dce),function(dce),module(inferattrs),function(lower-switch),module(inferattrs)', target_triple=x86_64-unknown-linux-gnu, returncode=-6, cmd=/root/opt/rv64gc_llvm_21/bin/opt -S -passes=module(scc-oz-module-inliner),function(newgvn),function(mem2reg),function(jump-threading),function(jump-threading),module(attributor),module(attributor),module(attributor),module(attributor),module(attributor),module(attributor),function(dse),module(iroutliner),module(iroutliner),module(iroutliner),module(iroutliner),module(iroutliner),module(iroutliner),module(iroutliner),module(iroutliner),module(iroutliner),function(gvn-sink),module(globalopt),function(gvn-sink),function(gvn-sink),function(gvn-sink),function(gvn-sink),function(gvn-sink),function(gvn-sink),function(gvn-sink),function(gvn-sink),function(gvn-sink),module(globalopt),module(globalopt),module(globalopt),module(globalopt),module(globalopt),module(globalopt),module(globalopt),module(globalopt),module(globalopt),module(globalopt),function(instsimplify),function(gvn-hoist),function(gvn-hoist),function(gvn-hoist),function(gvn-hoist),function(gvn-hoist),function(gvn-hoist),function(dce),function(memcpyopt),function(memcpyopt),function(memcpyopt),function(memcpyopt),function(memcpyopt),function(memcpyopt),function(memcpyopt),module(elim-avail-extern),module(elim-avail-extern),module(elim-avail-extern),module(elim-avail-extern),module(elim-avail-extern),module(elim-avail-extern),module(elim-avail-extern),module(elim-avail-extern),module(elim-avail-extern),module(elim-avail-extern),module(elim-avail-extern),module(elim-avail-extern),module(elim-avail-extern),module(elim-avail-extern),function(dce),function(dce),function(dce),function(dce),module(inferattrs),function(lower-switch),module(inferattrs) --mtriple=x86_64-unknown-linux-gnu
opt: /root/llvm/llvm-project-21/llvm/lib/Transforms/Utils/Local.cpp:3527: void llvm::patchReplacementInstruction(Instruction*, Value*): Assertion `Success && "We should not be trying to sink callbases " "with non-intersectable attributes"' failed.
PLEASE submit a bug report to https://github.com/llvm/llvm-project/issues/ and include the crash backtrace.
Stack dump:
0.	Program arguments: /root/opt/rv64gc_llvm_21/bin/opt -S -passes=module(scc-oz-module-inliner),function(newgvn),function(mem2reg),function(jump-threading),function(jump-threading),module(attributor),module(attributor),module(attributor),module(attributor),module(attributor),module(attributor),function(dse),module(iroutliner),module(iroutliner),module(iroutliner),module(iroutliner),module(iroutliner),module(iroutliner),module(iroutliner),module(iroutliner),module(iroutliner),function(gvn-sink),module(globalopt),function(gvn-sink),function(gvn-sink),function(gvn-sink),function(gvn-sink),function(gvn-sink),function(gvn-sink),function(gvn-sink),function(gvn-sink),function(gvn-sink),module(globalopt),module(globalopt),module(globalopt),module(globalopt),module(globalopt),module(globalopt),module(globalopt),module(globalopt),module(globalopt),module(globalopt),function(instsimplify),function(gvn-hoist),function(gvn-hoist),function(gvn-hoist),function(gvn-hoist),function(gvn-hoist),function(gvn-hoist),function(dce),function(memcpyopt),function(memcpyopt),function(memcpyopt),function(memcpyopt),function(memcpyopt),function(memcpyopt),function(memcpyopt),module(elim-avail-extern),module(elim-avail-extern),module(elim-avail-extern),module(elim-avail-extern),module(elim-avail-extern),module(elim-avail-extern),module(elim-avail-extern),module(elim-avail-extern),module(elim-avail-extern),module(elim-avail-extern),module(elim-avail-extern),module(elim-avail-extern),module(elim-avail-extern),module(elim-avail-extern),function(dce),function(dce),function(dce),function(dce),module(inferattrs),function(lower-switch),module(inferattrs) --mtriple=x86_64-unknown-linux-gnu
1.	Running pass "function(newgvn)" on module "<stdin>"
2.	Running pass "newgvn" on function "main"
 #0 0x000060a2bf54bdd0 llvm::sys::PrintStackTrace(llvm::raw_ostream&, int) /root/llvm/llvm-project-21/llvm/lib/Support/Unix/Signals.inc:834:22
 #1 0x000060a2bf54c259 PrintStackTraceSignalHandler(void*) /root/llvm/llvm-project-21/llvm/lib/Support/Unix/Signals.inc:918:1
 #2 0x000060a2bf5493c9 llvm::sys::RunSignalHandlers() /root/llvm/llvm-project-21/llvm/lib/Support/Signals.cpp:104:20
 #3 0x000060a2bf54b60d SignalHandler(int, siginfo_t*, void*) /root/llvm/llvm-project-21/llvm/lib/Support/Unix/Signals.inc:426:14
 #4 0x000072094ef72330 (/lib/x86_64-linux-gnu/libc.so.6+0x45330)
 #5 0x000072094efcbb2c __pthread_kill_implementation ./nptl/pthread_kill.c:44:76
 #6 0x000072094efcbb2c __pthread_kill_internal ./nptl/pthread_kill.c:78:10
 #7 0x000072094efcbb2c pthread_kill ./nptl/pthread_kill.c:89:10
 #8 0x000072094ef7227e raise ./signal/../sysdeps/posix/raise.c:27:6
 #9 0x000072094ef558ff abort ./stdlib/abort.c:81:7
#10 0x000072094ef5581b _nl_load_domain ./intl/loadmsgcat.c:1177:9
#11 0x000072094ef68517 (/lib/x86_64-linux-gnu/libc.so.6+0x3b517)
#12 0x000060a2be007172 llvm::patchReplacementInstruction(llvm::Instruction*, llvm::Value*) /root/llvm/llvm-project-21/llvm/lib/Transforms/Utils/Local.cpp:3543:24
#13 0x000060a2bdaf6c10 (anonymous namespace)::NewGVN::eliminateInstructions(llvm::Function&) /root/llvm/llvm-project-21/llvm/lib/Transforms/Scalar/NewGVN.cpp:4128:11
  [iter  71/200] search_obj=1.2512  search_best=0.7476  validation_best=0.7910  EI=0.0211  rnum=43.3  len=78  syn_rate=0.43  mean=1.1687  worsen=55.00%
GA search time: 3.09s, candidates: 242
  [iter  72/200] search_obj=0.7476  search_best=0.7476  validation_best=0.7910  EI=0.0324  rnum=42.2  len=56  syn_rate=0.52  mean=0.7371  worsen=7.00%
GA search time: 2.62s, candidates: 241
  [iter  73/200] search_obj=0.8441  search_best=0.7476  validation_best=0.7910  EI=0.0298  rnum=41.1  len=34  syn_rate=0.48  mean=0.8321  worsen=8.00%
GA search time: 1.79s, candidates: 239
  [iter  74/200] search_obj=0.8122  search_best=0.7476  validation_best=0.7910  EI=0.0318  rnum=40.0  len=40  syn_rate=0.52  mean=0.8002  worsen=8.00%
GA search time: 1.70s, candidates: 238
[Error] eval /root/iscas/ruyituner/dataset21/poj104-v2-ll_4/train/31_1857.ll: opt failed for pipeline='cgscc(attributor-cgscc),module(scc-oz-module-inliner),function(newgvn),function(jump-threading),module(attributor),function(jump-threading),module(attributor),module(attributor),module(iroutliner),function(dse),module(iroutliner),module(iroutliner),module(iroutliner),function(gvn-sink),module(globalopt),function(gvn-sink),module(globalopt),module(globalopt),function(dce),function(memcpyopt),function(instsimplify),function(gvn-hoist),function(memcpyopt),function(memcpyopt),function(memcpyopt),function(gvn-hoist),function(gvn-hoist),function(gvn-hoist),module(elim-avail-extern),module(elim-avail-extern),module(elim-avail-extern),module(elim-avail-extern),module(elim-avail-extern),function(dce),module(inferattrs)', target_triple=x86_64-unknown-linux-gnu, returncode=-6, cmd=/root/opt/rv64gc_llvm_21/bin/opt -S -passes=cgscc(attributor-cgscc),module(scc-oz-module-inliner),function(newgvn),function(jump-threading),module(attributor),function(jump-threading),module(attributor),module(attributor),module(iroutliner),function(dse),module(iroutliner),module(iroutliner),module(iroutliner),function(gvn-sink),module(globalopt),function(gvn-sink),module(globalopt),module(globalopt),function(dce),function(memcpyopt),function(instsimplify),function(gvn-hoist),function(memcpyopt),function(memcpyopt),function(memcpyopt),function(gvn-hoist),function(gvn-hoist),function(gvn-hoist),module(elim-avail-extern),module(elim-avail-extern),module(elim-avail-extern),module(elim-avail-extern),module(elim-avail-extern),function(dce),module(inferattrs) --mtriple=x86_64-unknown-linux-gnu
opt: /root/llvm/llvm-project-21/llvm/lib/Transforms/Utils/Local.cpp:3527: void llvm::patchReplacementInstruction(Instruction*, Value*): Assertion `Success && "We should not be trying to sink callbases " "with non-intersectable attributes"' failed.
PLEASE submit a bug report to https://github.com/llvm/llvm-project/issues/ and include the crash backtrace.
Stack dump:
0.	Program arguments: /root/opt/rv64gc_llvm_21/bin/opt -S -passes=cgscc(attributor-cgscc),module(scc-oz-module-inliner),function(newgvn),function(jump-threading),module(attributor),function(jump-threading),module(attributor),module(attributor),module(iroutliner),function(dse),module(iroutliner),module(iroutliner),module(iroutliner),function(gvn-sink),module(globalopt),function(gvn-sink),module(globalopt),module(globalopt),function(dce),function(memcpyopt),function(instsimplify),function(gvn-hoist),function(memcpyopt),function(memcpyopt),function(memcpyopt),function(gvn-hoist),function(gvn-hoist),function(gvn-hoist),module(elim-avail-extern),module(elim-avail-extern),module(elim-avail-extern),module(elim-avail-extern),module(elim-avail-extern),function(dce),module(inferattrs) --mtriple=x86_64-unknown-linux-gnu
1.	Running pass "function(newgvn)" on module "<stdin>"
2.	Running pass "newgvn" on function "main"
 #0 0x000058ca4dfd1dd0 llvm::sys::PrintStackTrace(llvm::raw_ostream&, int) /root/llvm/llvm-project-21/llvm/lib/Support/Unix/Signals.inc:834:22
 #1 0x000058ca4dfd2259 PrintStackTraceSignalHandler(void*) /root/llvm/llvm-project-21/llvm/lib/Support/Unix/Signals.inc:918:1
 #2 0x000058ca4dfcf3c9 llvm::sys::RunSignalHandlers() /root/llvm/llvm-project-21/llvm/lib/Support/Signals.cpp:104:20
 #3 0x000058ca4dfd160d SignalHandler(int, siginfo_t*, void*) /root/llvm/llvm-project-21/llvm/lib/Support/Unix/Signals.inc:426:14
 #4 0x000074fa0c3cd330 (/lib/x86_64-linux-gnu/libc.so.6+0x45330)
 #5 0x000074fa0c426b2c __pthread_kill_implementation ./nptl/pthread_kill.c:44:76
 #6 0x000074fa0c426b2c __pthread_kill_internal ./nptl/pthread_kill.c:78:10
 #7 0x000074fa0c426b2c pthread_kill ./nptl/pthread_kill.c:89:10
 #8 0x000074fa0c3cd27e raise ./signal/../sysdeps/posix/raise.c:27:6
 #9 0x000074fa0c3b08ff abort ./stdlib/abort.c:81:7
#10 0x000074fa0c3b081b _nl_load_domain ./intl/loadmsgcat.c:1177:9
#11 0x000074fa0c3c3517 (/lib/x86_64-linux-gnu/libc.so.6+0x3b517)
#12 0x000058ca4ca8d172 llvm::patchReplacementInstruction(llvm::Instruction*, llvm::Value*) /root/llvm/llvm-project-21/llvm/lib/Transforms/Utils/Local.cpp:3543:24
#13 0x000058ca4c57cc10 (anonymous namespace)::NewGVN::eliminateInstructions(llvm::Function&) /root/llvm/llvm-project-21/llvm/lib/Transforms/Scalar/NewGVN.cpp:4128:11
  [iter  75/200] search_obj=1.1555  search_best=0.7476  validation_best=0.7910  EI=0.0229  rnum=38.9  len=35  syn_rate=0.46  mean=1.0850  worsen=47.00%
GA search time: 2.15s, candidates: 237
[Error] eval /root/iscas/ruyituner/dataset21/poj104-v2-ll_4/train/31_1857.ll: opt failed for pipeline='module(scc-oz-module-inliner),function(mem2reg),function(jump-threading),function(newgvn),module(attributor),module(attributor),module(attributor),module(attributor),module(attributor),module(iroutliner),function(dse),module(iroutliner),module(iroutliner),module(iroutliner),module(iroutliner),function(gvn-sink),module(globalopt),function(gvn-sink),function(gvn-sink),module(globalopt),module(globalopt),function(memcpyopt),function(dce),function(gvn-hoist),function(memcpyopt),function(memcpyopt),function(instsimplify),function(gvn-hoist),function(gvn-hoist),function(gvn-hoist),module(elim-avail-extern),module(elim-avail-extern),module(elim-avail-extern),module(elim-avail-extern),module(elim-avail-extern),module(elim-avail-extern),function(dce),function(dce),module(inferattrs)', target_triple=x86_64-unknown-linux-gnu, returncode=-6, cmd=/root/opt/rv64gc_llvm_21/bin/opt -S -passes=module(scc-oz-module-inliner),function(mem2reg),function(jump-threading),function(newgvn),module(attributor),module(attributor),module(attributor),module(attributor),module(attributor),module(iroutliner),function(dse),module(iroutliner),module(iroutliner),module(iroutliner),module(iroutliner),function(gvn-sink),module(globalopt),function(gvn-sink),function(gvn-sink),module(globalopt),module(globalopt),function(memcpyopt),function(dce),function(gvn-hoist),function(memcpyopt),function(memcpyopt),function(instsimplify),function(gvn-hoist),function(gvn-hoist),function(gvn-hoist),module(elim-avail-extern),module(elim-avail-extern),module(elim-avail-extern),module(elim-avail-extern),module(elim-avail-extern),module(elim-avail-extern),function(dce),function(dce),module(inferattrs) --mtriple=x86_64-unknown-linux-gnu
opt: /root/llvm/llvm-project-21/llvm/lib/Transforms/Utils/Local.cpp:3527: void llvm::patchReplacementInstruction(Instruction*, Value*): Assertion `Success && "We should not be trying to sink callbases " "with non-intersectable attributes"' failed.
PLEASE submit a bug report to https://github.com/llvm/llvm-project/issues/ and include the crash backtrace.
Stack dump:
0.	Program arguments: /root/opt/rv64gc_llvm_21/bin/opt -S -passes=module(scc-oz-module-inliner),function(mem2reg),function(jump-threading),function(newgvn),module(attributor),module(attributor),module(attributor),module(attributor),module(attributor),module(iroutliner),function(dse),module(iroutliner),module(iroutliner),module(iroutliner),module(iroutliner),function(gvn-sink),module(globalopt),function(gvn-sink),function(gvn-sink),module(globalopt),module(globalopt),function(memcpyopt),function(dce),function(gvn-hoist),function(memcpyopt),function(memcpyopt),function(instsimplify),function(gvn-hoist),function(gvn-hoist),function(gvn-hoist),module(elim-avail-extern),module(elim-avail-extern),module(elim-avail-extern),module(elim-avail-extern),module(elim-avail-extern),module(elim-avail-extern),function(dce),function(dce),module(inferattrs) --mtriple=x86_64-unknown-linux-gnu
1.	Running pass "function(newgvn)" on module "<stdin>"
2.	Running pass "newgvn" on function "main"
 #0 0x00005856be39fdd0 llvm::sys::PrintStackTrace(llvm::raw_ostream&, int) /root/llvm/llvm-project-21/llvm/lib/Support/Unix/Signals.inc:834:22
 #1 0x00005856be3a0259 PrintStackTraceSignalHandler(void*) /root/llvm/llvm-project-21/llvm/lib/Support/Unix/Signals.inc:918:1
 #2 0x00005856be39d3c9 llvm::sys::RunSignalHandlers() /root/llvm/llvm-project-21/llvm/lib/Support/Signals.cpp:104:20
 #3 0x00005856be39f60d SignalHandler(int, siginfo_t*, void*) /root/llvm/llvm-project-21/llvm/lib/Support/Unix/Signals.inc:426:14
 #4 0x00007171bc4c0330 (/lib/x86_64-linux-gnu/libc.so.6+0x45330)
 #5 0x00007171bc519b2c __pthread_kill_implementation ./nptl/pthread_kill.c:44:76
 #6 0x00007171bc519b2c __pthread_kill_internal ./nptl/pthread_kill.c:78:10
 #7 0x00007171bc519b2c pthread_kill ./nptl/pthread_kill.c:89:10
 #8 0x00007171bc4c027e raise ./signal/../sysdeps/posix/raise.c:27:6
 #9 0x00007171bc4a38ff abort ./stdlib/abort.c:81:7
#10 0x00007171bc4a381b _nl_load_domain ./intl/loadmsgcat.c:1177:9
#11 0x00007171bc4b6517 (/lib/x86_64-linux-gnu/libc.so.6+0x3b517)
#12 0x00005856bce5b172 llvm::patchReplacementInstruction(llvm::Instruction*, llvm::Value*) /root/llvm/llvm-project-21/llvm/lib/Transforms/Utils/Local.cpp:3543:24
#13 0x00005856bc94ac10 (anonymous namespace)::NewGVN::eliminateInstructions(llvm::Function&) /root/llvm/llvm-project-21/llvm/lib/Transforms/Scalar/NewGVN.cpp:4128:11
  [iter  76/200] search_obj=1.2081  search_best=0.7476  validation_best=0.7910  EI=0.0231  rnum=37.9  len=39  syn_rate=0.45  mean=1.1331  worsen=50.00%
GA search time: 2.77s, candidates: 236
  [iter  77/200] search_obj=0.8726  search_best=0.7476  validation_best=0.7910  EI=0.0238  rnum=36.9  len=38  syn_rate=0.52  mean=0.8576  worsen=10.00%
GA search time: 1.54s, candidates: 235
  [iter  78/200] search_obj=0.7589  search_best=0.7476  validation_best=0.7910  EI=0.0229  rnum=35.9  len=36  syn_rate=0.44  mean=0.7484  worsen=7.00%
GA search time: 1.45s, candidates: 234
[Error] eval /root/iscas/ruyituner/dataset21/poj104-v2-ll_4/train/31_1857.ll: opt failed for pipeline='module(scc-oz-module-inliner),function(jump-threading),function(newgvn),module(attributor),module(attributor),module(attributor),module(attributor),module(iroutliner),function(dse),module(iroutliner),module(iroutliner),module(iroutliner),module(globalopt),function(gvn-sink),module(globalopt),module(globalopt),function(gvn-sink),function(gvn-sink),function(instsimplify),function(memcpyopt),function(dce),function(gvn-hoist),function(memcpyopt),function(memcpyopt),function(gvn-hoist),function(gvn-hoist),module(elim-avail-extern),module(elim-avail-extern),module(elim-avail-extern),function(gvn-hoist),module(elim-avail-extern),module(elim-avail-extern),function(dce),module(inferattrs)', target_triple=x86_64-unknown-linux-gnu, returncode=-6, cmd=/root/opt/rv64gc_llvm_21/bin/opt -S -passes=module(scc-oz-module-inliner),function(jump-threading),function(newgvn),module(attributor),module(attributor),module(attributor),module(attributor),module(iroutliner),function(dse),module(iroutliner),module(iroutliner),module(iroutliner),module(globalopt),function(gvn-sink),module(globalopt),module(globalopt),function(gvn-sink),function(gvn-sink),function(instsimplify),function(memcpyopt),function(dce),function(gvn-hoist),function(memcpyopt),function(memcpyopt),function(gvn-hoist),function(gvn-hoist),module(elim-avail-extern),module(elim-avail-extern),module(elim-avail-extern),function(gvn-hoist),module(elim-avail-extern),module(elim-avail-extern),function(dce),module(inferattrs) --mtriple=x86_64-unknown-linux-gnu
opt: /root/llvm/llvm-project-21/llvm/lib/Transforms/Utils/Local.cpp:3527: void llvm::patchReplacementInstruction(Instruction*, Value*): Assertion `Success && "We should not be trying to sink callbases " "with non-intersectable attributes"' failed.
PLEASE submit a bug report to https://github.com/llvm/llvm-project/issues/ and include the crash backtrace.
Stack dump:
0.	Program arguments: /root/opt/rv64gc_llvm_21/bin/opt -S -passes=module(scc-oz-module-inliner),function(jump-threading),function(newgvn),module(attributor),module(attributor),module(attributor),module(attributor),module(iroutliner),function(dse),module(iroutliner),module(iroutliner),module(iroutliner),module(globalopt),function(gvn-sink),module(globalopt),module(globalopt),function(gvn-sink),function(gvn-sink),function(instsimplify),function(memcpyopt),function(dce),function(gvn-hoist),function(memcpyopt),function(memcpyopt),function(gvn-hoist),function(gvn-hoist),module(elim-avail-extern),module(elim-avail-extern),module(elim-avail-extern),function(gvn-hoist),module(elim-avail-extern),module(elim-avail-extern),function(dce),module(inferattrs) --mtriple=x86_64-unknown-linux-gnu
1.	Running pass "function(newgvn)" on module "<stdin>"
2.	Running pass "newgvn" on function "main"
 #0 0x0000637469183dd0 llvm::sys::PrintStackTrace(llvm::raw_ostream&, int) /root/llvm/llvm-project-21/llvm/lib/Support/Unix/Signals.inc:834:22
 #1 0x0000637469184259 PrintStackTraceSignalHandler(void*) /root/llvm/llvm-project-21/llvm/lib/Support/Unix/Signals.inc:918:1
 #2 0x00006374691813c9 llvm::sys::RunSignalHandlers() /root/llvm/llvm-project-21/llvm/lib/Support/Signals.cpp:104:20
 #3 0x000063746918360d SignalHandler(int, siginfo_t*, void*) /root/llvm/llvm-project-21/llvm/lib/Support/Unix/Signals.inc:426:14
 #4 0x00007c934dbfe330 (/lib/x86_64-linux-gnu/libc.so.6+0x45330)
 #5 0x00007c934dc57b2c __pthread_kill_implementation ./nptl/pthread_kill.c:44:76
 #6 0x00007c934dc57b2c __pthread_kill_internal ./nptl/pthread_kill.c:78:10
 #7 0x00007c934dc57b2c pthread_kill ./nptl/pthread_kill.c:89:10
 #8 0x00007c934dbfe27e raise ./signal/../sysdeps/posix/raise.c:27:6
 #9 0x00007c934dbe18ff abort ./stdlib/abort.c:81:7
#10 0x00007c934dbe181b _nl_load_domain ./intl/loadmsgcat.c:1177:9
#11 0x00007c934dbf4517 (/lib/x86_64-linux-gnu/libc.so.6+0x3b517)
#12 0x0000637467c3f172 llvm::patchReplacementInstruction(llvm::Instruction*, llvm::Value*) /root/llvm/llvm-project-21/llvm/lib/Transforms/Utils/Local.cpp:3543:24
#13 0x000063746772ec10 (anonymous namespace)::NewGVN::eliminateInstructions(llvm::Function&) /root/llvm/llvm-project-21/llvm/lib/Transforms/Scalar/NewGVN.cpp:4128:11
  [iter  79/200] search_obj=1.2083  search_best=0.7476  validation_best=0.7910  EI=0.0167  rnum=34.9  len=34  syn_rate=0.38  mean=1.1333  worsen=50.00%
GA search time: 1.35s, candidates: 233
  [iter  80/200] search_obj=0.7526  search_best=0.7476  validation_best=0.7910  EI=0.0166  rnum=33.9  len=29  syn_rate=0.48  mean=0.7421  worsen=7.00%
GA search time: 1.46s, candidates: 233
[Error] eval /root/iscas/ruyituner/dataset21/poj104-v2-ll_4/train/31_1857.ll: opt failed for pipeline='module(scc-oz-module-inliner),function(jump-threading),function(instsimplify),module(attributor),module(iroutliner),module(attributor),module(iroutliner),function(gvn-hoist),module(attributor),function(memcpyopt),function(jump-threading),function(gvn-sink),function(newgvn),function(dse),function(gvn-sink),module(globalopt),module(attributor),module(iroutliner),function(gvn-hoist),module(globalopt),module(elim-avail-extern),function(memcpyopt),function(dce),module(iroutliner),module(elim-avail-extern),module(scc-oz-module-inliner),module(elim-avail-extern),function(memcpyopt),function(gvn-hoist)', target_triple=x86_64-unknown-linux-gnu, returncode=-6, cmd=/root/opt/rv64gc_llvm_21/bin/opt -S -passes=module(scc-oz-module-inliner),function(jump-threading),function(instsimplify),module(attributor),module(iroutliner),module(attributor),module(iroutliner),function(gvn-hoist),module(attributor),function(memcpyopt),function(jump-threading),function(gvn-sink),function(newgvn),function(dse),function(gvn-sink),module(globalopt),module(attributor),module(iroutliner),function(gvn-hoist),module(globalopt),module(elim-avail-extern),function(memcpyopt),function(dce),module(iroutliner),module(elim-avail-extern),module(scc-oz-module-inliner),module(elim-avail-extern),function(memcpyopt),function(gvn-hoist) --mtriple=x86_64-unknown-linux-gnu
opt: /root/llvm/llvm-project-21/llvm/lib/Transforms/Utils/Local.cpp:3527: void llvm::patchReplacementInstruction(Instruction*, Value*): Assertion `Success && "We should not be trying to sink callbases " "with non-intersectable attributes"' failed.
PLEASE submit a bug report to https://github.com/llvm/llvm-project/issues/ and include the crash backtrace.
Stack dump:
0.	Program arguments: /root/opt/rv64gc_llvm_21/bin/opt -S -passes=module(scc-oz-module-inliner),function(jump-threading),function(instsimplify),module(attributor),module(iroutliner),module(attributor),module(iroutliner),function(gvn-hoist),module(attributor),function(memcpyopt),function(jump-threading),function(gvn-sink),function(newgvn),function(dse),function(gvn-sink),module(globalopt),module(attributor),module(iroutliner),function(gvn-hoist),module(globalopt),module(elim-avail-extern),function(memcpyopt),function(dce),module(iroutliner),module(elim-avail-extern),module(scc-oz-module-inliner),module(elim-avail-extern),function(memcpyopt),function(gvn-hoist) --mtriple=x86_64-unknown-linux-gnu
1.	Running pass "function(newgvn)" on module "<stdin>"
2.	Running pass "newgvn" on function "main"
 #0 0x0000630a593c8dd0 llvm::sys::PrintStackTrace(llvm::raw_ostream&, int) /root/llvm/llvm-project-21/llvm/lib/Support/Unix/Signals.inc:834:22
 #1 0x0000630a593c9259 PrintStackTraceSignalHandler(void*) /root/llvm/llvm-project-21/llvm/lib/Support/Unix/Signals.inc:918:1
 #2 0x0000630a593c63c9 llvm::sys::RunSignalHandlers() /root/llvm/llvm-project-21/llvm/lib/Support/Signals.cpp:104:20
 #3 0x0000630a593c860d SignalHandler(int, siginfo_t*, void*) /root/llvm/llvm-project-21/llvm/lib/Support/Unix/Signals.inc:426:14
 #4 0x0000734802156330 (/lib/x86_64-linux-gnu/libc.so.6+0x45330)
 #5 0x00007348021afb2c __pthread_kill_implementation ./nptl/pthread_kill.c:44:76
 #6 0x00007348021afb2c __pthread_kill_internal ./nptl/pthread_kill.c:78:10
 #7 0x00007348021afb2c pthread_kill ./nptl/pthread_kill.c:89:10
 #8 0x000073480215627e raise ./signal/../sysdeps/posix/raise.c:27:6
 #9 0x00007348021398ff abort ./stdlib/abort.c:81:7
#10 0x000073480213981b _nl_load_domain ./intl/loadmsgcat.c:1177:9
#11 0x000073480214c517 (/lib/x86_64-linux-gnu/libc.so.6+0x3b517)
#12 0x0000630a57e84172 llvm::patchReplacementInstruction(llvm::Instruction*, llvm::Value*) /root/llvm/llvm-project-21/llvm/lib/Transforms/Utils/Local.cpp:3543:24
#13 0x0000630a57973c10 (anonymous namespace)::NewGVN::eliminateInstructions(llvm::Function&) /root/llvm/llvm-project-21/llvm/lib/Transforms/Scalar/NewGVN.cpp:4128:11
  [iter  81/200] search_obj=1.2031  search_best=0.7476  validation_best=0.7910  EI=0.0214  rnum=33.0  len=29  syn_rate=0.49  mean=1.1281  worsen=50.00%
GA search time: 2.15s, candidates: 232
  [iter  82/200] search_obj=0.7534  search_best=0.7476  validation_best=0.7821  EI=0.0206  rnum=32.1  len=37  syn_rate=0.50  mean=0.7429  worsen=7.00%
GA search time: 1.49s, candidates: 231
[Error] eval /root/iscas/ruyituner/dataset21/poj104-v2-ll_4/train/31_1857.ll: opt failed for pipeline='module(scc-oz-module-inliner),function(newgvn),function(jump-threading),module(attributor),function(jump-threading),module(iroutliner),module(attributor),module(attributor),module(iroutliner),module(iroutliner),function(dse),module(elim-avail-extern),module(globalopt),function(gvn-sink),module(globalopt),module(globalopt),module(globalopt),module(elim-avail-extern),module(elim-avail-extern),function(memcpyopt),function(instsimplify),function(memcpyopt),function(gvn-hoist),function(dce),function(gvn-hoist),function(gvn-hoist),function(gvn-hoist),function(gvn-sink),module(iroutliner),module(elim-avail-extern),module(globalopt),module(elim-avail-extern),module(attributor),module(iroutliner),function(dse),function(memcpyopt),module(elim-avail-extern),function(gvn-hoist),module(elim-avail-extern),module(elim-avail-extern),function(dce),function(memcpyopt),module(globalopt),function(gvn-hoist),module(attributor),module(attributor),function(gvn-hoist),module(scc-oz-module-inliner),module(globalopt),module(iroutliner),module(iroutliner),module(scc-oz-module-inliner),function(gvn-hoist),module(attributor),function(dce),module(iroutliner),module(iroutliner)', target_triple=x86_64-unknown-linux-gnu, returncode=-6, cmd=/root/opt/rv64gc_llvm_21/bin/opt -S -passes=module(scc-oz-module-inliner),function(newgvn),function(jump-threading),module(attributor),function(jump-threading),module(iroutliner),module(attributor),module(attributor),module(iroutliner),module(iroutliner),function(dse),module(elim-avail-extern),module(globalopt),function(gvn-sink),module(globalopt),module(globalopt),module(globalopt),module(elim-avail-extern),module(elim-avail-extern),function(memcpyopt),function(instsimplify),function(memcpyopt),function(gvn-hoist),function(dce),function(gvn-hoist),function(gvn-hoist),function(gvn-hoist),function(gvn-sink),module(iroutliner),module(elim-avail-extern),module(globalopt),module(elim-avail-extern),module(attributor),module(iroutliner),function(dse),function(memcpyopt),module(elim-avail-extern),function(gvn-hoist),module(elim-avail-extern),module(elim-avail-extern),function(dce),function(memcpyopt),module(globalopt),function(gvn-hoist),module(attributor),module(attributor),function(gvn-hoist),module(scc-oz-module-inliner),module(globalopt),module(iroutliner),module(iroutliner),module(scc-oz-module-inliner),function(gvn-hoist),module(attributor),function(dce),module(iroutliner),module(iroutliner) --mtriple=x86_64-unknown-linux-gnu
opt: /root/llvm/llvm-project-21/llvm/lib/Transforms/Utils/Local.cpp:3527: void llvm::patchReplacementInstruction(Instruction*, Value*): Assertion `Success && "We should not be trying to sink callbases " "with non-intersectable attributes"' failed.
PLEASE submit a bug report to https://github.com/llvm/llvm-project/issues/ and include the crash backtrace.
Stack dump:
0.	Program arguments: /root/opt/rv64gc_llvm_21/bin/opt -S -passes=module(scc-oz-module-inliner),function(newgvn),function(jump-threading),module(attributor),function(jump-threading),module(iroutliner),module(attributor),module(attributor),module(iroutliner),module(iroutliner),function(dse),module(elim-avail-extern),module(globalopt),function(gvn-sink),module(globalopt),module(globalopt),module(globalopt),module(elim-avail-extern),module(elim-avail-extern),function(memcpyopt),function(instsimplify),function(memcpyopt),function(gvn-hoist),function(dce),function(gvn-hoist),function(gvn-hoist),function(gvn-hoist),function(gvn-sink),module(iroutliner),module(elim-avail-extern),module(globalopt),module(elim-avail-extern),module(attributor),module(iroutliner),function(dse),function(memcpyopt),module(elim-avail-extern),function(gvn-hoist),module(elim-avail-extern),module(elim-avail-extern),function(dce),function(memcpyopt),module(globalopt),function(gvn-hoist),module(attributor),module(attributor),function(gvn-hoist),module(scc-oz-module-inliner),module(globalopt),module(iroutliner),module(iroutliner),module(scc-oz-module-inliner),function(gvn-hoist),module(attributor),function(dce),module(iroutliner),module(iroutliner) --mtriple=x86_64-unknown-linux-gnu
1.	Running pass "function(newgvn)" on module "<stdin>"
2.	Running pass "newgvn" on function "main"
 #0 0x0000600a5a170dd0 llvm::sys::PrintStackTrace(llvm::raw_ostream&, int) /root/llvm/llvm-project-21/llvm/lib/Support/Unix/Signals.inc:834:22
 #1 0x0000600a5a171259 PrintStackTraceSignalHandler(void*) /root/llvm/llvm-project-21/llvm/lib/Support/Unix/Signals.inc:918:1
 #2 0x0000600a5a16e3c9 llvm::sys::RunSignalHandlers() /root/llvm/llvm-project-21/llvm/lib/Support/Signals.cpp:104:20
 #3 0x0000600a5a17060d SignalHandler(int, siginfo_t*, void*) /root/llvm/llvm-project-21/llvm/lib/Support/Unix/Signals.inc:426:14
 #4 0x00007a0b76906330 (/lib/x86_64-linux-gnu/libc.so.6+0x45330)
 #5 0x00007a0b7695fb2c __pthread_kill_implementation ./nptl/pthread_kill.c:44:76
 #6 0x00007a0b7695fb2c __pthread_kill_internal ./nptl/pthread_kill.c:78:10
 #7 0x00007a0b7695fb2c pthread_kill ./nptl/pthread_kill.c:89:10
 #8 0x00007a0b7690627e raise ./signal/../sysdeps/posix/raise.c:27:6
 #9 0x00007a0b768e98ff abort ./stdlib/abort.c:81:7
#10 0x00007a0b768e981b _nl_load_domain ./intl/loadmsgcat.c:1177:9
#11 0x00007a0b768fc517 (/lib/x86_64-linux-gnu/libc.so.6+0x3b517)
#12 0x0000600a58c2c172 llvm::patchReplacementInstruction(llvm::Instruction*, llvm::Value*) /root/llvm/llvm-project-21/llvm/lib/Transforms/Utils/Local.cpp:3543:24
#13 0x0000600a5871bc10 (anonymous namespace)::NewGVN::eliminateInstructions(llvm::Function&) /root/llvm/llvm-project-21/llvm/lib/Transforms/Scalar/NewGVN.cpp:4128:11
  [iter  83/200] search_obj=1.0673  search_best=0.7476  validation_best=0.7821  EI=0.0297  rnum=31.2  len=57  syn_rate=0.50  mean=1.0388  worsen=19.00%
GA search time: 1.40s, candidates: 230
  [iter  84/200] search_obj=0.9794  search_best=0.7476  validation_best=0.7821  EI=0.0190  rnum=30.3  len=31  syn_rate=0.40  mean=0.9539  worsen=17.00%
GA search time: 1.21s, candidates: 229
  [iter  85/200] search_obj=0.7625  search_best=0.7476  validation_best=0.7821  EI=0.0208  rnum=29.5  len=23  syn_rate=0.48  mean=0.7505  worsen=8.00%
GA search time: 1.24s, candidates: 228
[Error] eval /root/iscas/ruyituner/dataset21/poj104-v2-ll_4/train/31_1857.ll: opt failed for pipeline='module(elim-avail-extern),module(iroutliner),function(instsimplify),function(gvn-hoist),function(dce),module(attributor),module(elim-avail-extern),module(scc-oz-module-inliner),module(attributor),module(scc-oz-module-inliner),function(memcpyopt),function(gvn-hoist),function(gvn-hoist),module(attributor),function(dce),function(gvn-hoist),function(memcpyopt),function(jump-threading),module(globalopt),function(gvn-sink),function(newgvn),function(dse),function(gvn-sink),module(globalopt),module(attributor),function(dce),module(iroutliner),module(scc-oz-module-inliner),function(gvn-hoist)', target_triple=x86_64-unknown-linux-gnu, returncode=-6, cmd=/root/opt/rv64gc_llvm_21/bin/opt -S -passes=module(elim-avail-extern),module(iroutliner),function(instsimplify),function(gvn-hoist),function(dce),module(attributor),module(elim-avail-extern),module(scc-oz-module-inliner),module(attributor),module(scc-oz-module-inliner),function(memcpyopt),function(gvn-hoist),function(gvn-hoist),module(attributor),function(dce),function(gvn-hoist),function(memcpyopt),function(jump-threading),module(globalopt),function(gvn-sink),function(newgvn),function(dse),function(gvn-sink),module(globalopt),module(attributor),function(dce),module(iroutliner),module(scc-oz-module-inliner),function(gvn-hoist) --mtriple=x86_64-unknown-linux-gnu
opt: /root/llvm/llvm-project-21/llvm/lib/Transforms/Utils/Local.cpp:3527: void llvm::patchReplacementInstruction(Instruction*, Value*): Assertion `Success && "We should not be trying to sink callbases " "with non-intersectable attributes"' failed.
PLEASE submit a bug report to https://github.com/llvm/llvm-project/issues/ and include the crash backtrace.
Stack dump:
0.	Program arguments: /root/opt/rv64gc_llvm_21/bin/opt -S -passes=module(elim-avail-extern),module(iroutliner),function(instsimplify),function(gvn-hoist),function(dce),module(attributor),module(elim-avail-extern),module(scc-oz-module-inliner),module(attributor),module(scc-oz-module-inliner),function(memcpyopt),function(gvn-hoist),function(gvn-hoist),module(attributor),function(dce),function(gvn-hoist),function(memcpyopt),function(jump-threading),module(globalopt),function(gvn-sink),function(newgvn),function(dse),function(gvn-sink),module(globalopt),module(attributor),function(dce),module(iroutliner),module(scc-oz-module-inliner),function(gvn-hoist) --mtriple=x86_64-unknown-linux-gnu
1.	Running pass "function(newgvn)" on module "<stdin>"
2.	Running pass "newgvn" on function "main"
 #0 0x0000594d77982dd0 llvm::sys::PrintStackTrace(llvm::raw_ostream&, int) /root/llvm/llvm-project-21/llvm/lib/Support/Unix/Signals.inc:834:22
 #1 0x0000594d77983259 PrintStackTraceSignalHandler(void*) /root/llvm/llvm-project-21/llvm/lib/Support/Unix/Signals.inc:918:1
 #2 0x0000594d779803c9 llvm::sys::RunSignalHandlers() /root/llvm/llvm-project-21/llvm/lib/Support/Signals.cpp:104:20
 #3 0x0000594d7798260d SignalHandler(int, siginfo_t*, void*) /root/llvm/llvm-project-21/llvm/lib/Support/Unix/Signals.inc:426:14
 #4 0x00007d00d5b95330 (/lib/x86_64-linux-gnu/libc.so.6+0x45330)
 #5 0x00007d00d5beeb2c __pthread_kill_implementation ./nptl/pthread_kill.c:44:76
 #6 0x00007d00d5beeb2c __pthread_kill_internal ./nptl/pthread_kill.c:78:10
 #7 0x00007d00d5beeb2c pthread_kill ./nptl/pthread_kill.c:89:10
 #8 0x00007d00d5b9527e raise ./signal/../sysdeps/posix/raise.c:27:6
 #9 0x00007d00d5b788ff abort ./stdlib/abort.c:81:7
#10 0x00007d00d5b7881b _nl_load_domain ./intl/loadmsgcat.c:1177:9
#11 0x00007d00d5b8b517 (/lib/x86_64-linux-gnu/libc.so.6+0x3b517)
#12 0x0000594d7643e172 llvm::patchReplacementInstruction(llvm::Instruction*, llvm::Value*) /root/llvm/llvm-project-21/llvm/lib/Transforms/Utils/Local.cpp:3543:24
#13 0x0000594d75f2dc10 (anonymous namespace)::NewGVN::eliminateInstructions(llvm::Function&) /root/llvm/llvm-project-21/llvm/lib/Transforms/Scalar/NewGVN.cpp:4128:11
  [iter  86/200] search_obj=0.8191  search_best=0.7476  validation_best=0.7821  EI=0.0244  rnum=28.6  len=29  syn_rate=0.49  mean=0.8071  worsen=8.00%
GA search time: 1.13s, candidates: 227
[Error] eval /root/iscas/ruyituner/dataset21/poj104-v2-ll_4/train/31_1857.ll: opt failed for pipeline='module(iroutliner),function(dce),module(elim-avail-extern),module(elim-avail-extern),module(scc-oz-module-inliner),module(globalopt),module(attributor),module(iroutliner),module(inferattrs),function(gvn-hoist),function(gvn-sink),module(iroutliner),function(dce),function(gvn-hoist),module(attributor),function(memcpyopt),function(jump-threading),module(globalopt),function(gvn-sink),function(newgvn),function(dse),function(gvn-sink),module(globalopt),module(attributor),function(dce),module(iroutliner),module(elim-avail-extern),module(scc-oz-module-inliner),function(gvn-hoist)', target_triple=x86_64-unknown-linux-gnu, returncode=-6, cmd=/root/opt/rv64gc_llvm_21/bin/opt -S -passes=module(iroutliner),function(dce),module(elim-avail-extern),module(elim-avail-extern),module(scc-oz-module-inliner),module(globalopt),module(attributor),module(iroutliner),module(inferattrs),function(gvn-hoist),function(gvn-sink),module(iroutliner),function(dce),function(gvn-hoist),module(attributor),function(memcpyopt),function(jump-threading),module(globalopt),function(gvn-sink),function(newgvn),function(dse),function(gvn-sink),module(globalopt),module(attributor),function(dce),module(iroutliner),module(elim-avail-extern),module(scc-oz-module-inliner),function(gvn-hoist) --mtriple=x86_64-unknown-linux-gnu
opt: /root/llvm/llvm-project-21/llvm/lib/Transforms/Utils/Local.cpp:3527: void llvm::patchReplacementInstruction(Instruction*, Value*): Assertion `Success && "We should not be trying to sink callbases " "with non-intersectable attributes"' failed.
PLEASE submit a bug report to https://github.com/llvm/llvm-project/issues/ and include the crash backtrace.
Stack dump:
0.	Program arguments: /root/opt/rv64gc_llvm_21/bin/opt -S -passes=module(iroutliner),function(dce),module(elim-avail-extern),module(elim-avail-extern),module(scc-oz-module-inliner),module(globalopt),module(attributor),module(iroutliner),module(inferattrs),function(gvn-hoist),function(gvn-sink),module(iroutliner),function(dce),function(gvn-hoist),module(attributor),function(memcpyopt),function(jump-threading),module(globalopt),function(gvn-sink),function(newgvn),function(dse),function(gvn-sink),module(globalopt),module(attributor),function(dce),module(iroutliner),module(elim-avail-extern),module(scc-oz-module-inliner),function(gvn-hoist) --mtriple=x86_64-unknown-linux-gnu
1.	Running pass "function(newgvn)" on module "<stdin>"
2.	Running pass "newgvn" on function "main"
 #0 0x00005bd02e5b8dd0 llvm::sys::PrintStackTrace(llvm::raw_ostream&, int) /root/llvm/llvm-project-21/llvm/lib/Support/Unix/Signals.inc:834:22
 #1 0x00005bd02e5b9259 PrintStackTraceSignalHandler(void*) /root/llvm/llvm-project-21/llvm/lib/Support/Unix/Signals.inc:918:1
 #2 0x00005bd02e5b63c9 llvm::sys::RunSignalHandlers() /root/llvm/llvm-project-21/llvm/lib/Support/Signals.cpp:104:20
 #3 0x00005bd02e5b860d SignalHandler(int, siginfo_t*, void*) /root/llvm/llvm-project-21/llvm/lib/Support/Unix/Signals.inc:426:14
 #4 0x0000708fa7128330 (/lib/x86_64-linux-gnu/libc.so.6+0x45330)
 #5 0x0000708fa7181b2c __pthread_kill_implementation ./nptl/pthread_kill.c:44:76
 #6 0x0000708fa7181b2c __pthread_kill_internal ./nptl/pthread_kill.c:78:10
 #7 0x0000708fa7181b2c pthread_kill ./nptl/pthread_kill.c:89:10
 #8 0x0000708fa712827e raise ./signal/../sysdeps/posix/raise.c:27:6
 #9 0x0000708fa710b8ff abort ./stdlib/abort.c:81:7
#10 0x0000708fa710b81b _nl_load_domain ./intl/loadmsgcat.c:1177:9
#11 0x0000708fa711e517 (/lib/x86_64-linux-gnu/libc.so.6+0x3b517)
#12 0x00005bd02d074172 llvm::patchReplacementInstruction(llvm::Instruction*, llvm::Value*) /root/llvm/llvm-project-21/llvm/lib/Transforms/Utils/Local.cpp:3543:24
#13 0x00005bd02cb63c10 (anonymous namespace)::NewGVN::eliminateInstructions(llvm::Function&) /root/llvm/llvm-project-21/llvm/lib/Transforms/Scalar/NewGVN.cpp:4128:11
  [iter  87/200] search_obj=0.9988  search_best=0.7476  validation_best=0.7821  EI=0.0219  rnum=27.8  len=29  syn_rate=0.51  mean=0.9793  worsen=13.00%
GA search time: 1.22s, candidates: 226
[Error] eval /root/iscas/ruyituner/dataset21/poj104-v2-ll_4/train/31_1857.ll: opt failed for pipeline='module(scc-oz-module-inliner),function(jump-threading),function(newgvn),module(attributor),module(iroutliner),function(gvn-hoist),module(iroutliner),module(globalopt),module(elim-avail-extern),function(gvn-sink),module(globalopt),module(elim-avail-extern),function(dce),module(iroutliner),module(attributor),module(iroutliner),module(attributor),module(iroutliner),function(dse),function(memcpyopt),function(gvn-hoist),function(dce),function(gvn-hoist),module(attributor),module(globalopt),module(elim-avail-extern),function(gvn-sink),function(gvn-sink),module(elim-avail-extern),module(globalopt),function(reassociate),function(dce),function(instsimplify)', target_triple=x86_64-unknown-linux-gnu, returncode=-6, cmd=/root/opt/rv64gc_llvm_21/bin/opt -S -passes=module(scc-oz-module-inliner),function(jump-threading),function(newgvn),module(attributor),module(iroutliner),function(gvn-hoist),module(iroutliner),module(globalopt),module(elim-avail-extern),function(gvn-sink),module(globalopt),module(elim-avail-extern),function(dce),module(iroutliner),module(attributor),module(iroutliner),module(attributor),module(iroutliner),function(dse),function(memcpyopt),function(gvn-hoist),function(dce),function(gvn-hoist),module(attributor),module(globalopt),module(elim-avail-extern),function(gvn-sink),function(gvn-sink),module(elim-avail-extern),module(globalopt),function(reassociate),function(dce),function(instsimplify) --mtriple=x86_64-unknown-linux-gnu
opt: /root/llvm/llvm-project-21/llvm/lib/Transforms/Utils/Local.cpp:3527: void llvm::patchReplacementInstruction(Instruction*, Value*): Assertion `Success && "We should not be trying to sink callbases " "with non-intersectable attributes"' failed.
PLEASE submit a bug report to https://github.com/llvm/llvm-project/issues/ and include the crash backtrace.
Stack dump:
0.	Program arguments: /root/opt/rv64gc_llvm_21/bin/opt -S -passes=module(scc-oz-module-inliner),function(jump-threading),function(newgvn),module(attributor),module(iroutliner),function(gvn-hoist),module(iroutliner),module(globalopt),module(elim-avail-extern),function(gvn-sink),module(globalopt),module(elim-avail-extern),function(dce),module(iroutliner),module(attributor),module(iroutliner),module(attributor),module(iroutliner),function(dse),function(memcpyopt),function(gvn-hoist),function(dce),function(gvn-hoist),module(attributor),module(globalopt),module(elim-avail-extern),function(gvn-sink),function(gvn-sink),module(elim-avail-extern),module(globalopt),function(reassociate),function(dce),function(instsimplify) --mtriple=x86_64-unknown-linux-gnu
1.	Running pass "function(newgvn)" on module "<stdin>"
2.	Running pass "newgvn" on function "main"
 #0 0x0000607abb31edd0 llvm::sys::PrintStackTrace(llvm::raw_ostream&, int) /root/llvm/llvm-project-21/llvm/lib/Support/Unix/Signals.inc:834:22
 #1 0x0000607abb31f259 PrintStackTraceSignalHandler(void*) /root/llvm/llvm-project-21/llvm/lib/Support/Unix/Signals.inc:918:1
 #2 0x0000607abb31c3c9 llvm::sys::RunSignalHandlers() /root/llvm/llvm-project-21/llvm/lib/Support/Signals.cpp:104:20
 #3 0x0000607abb31e60d SignalHandler(int, siginfo_t*, void*) /root/llvm/llvm-project-21/llvm/lib/Support/Unix/Signals.inc:426:14
 #4 0x0000786b2e290330 (/lib/x86_64-linux-gnu/libc.so.6+0x45330)
 #5 0x0000786b2e2e9b2c __pthread_kill_implementation ./nptl/pthread_kill.c:44:76
 #6 0x0000786b2e2e9b2c __pthread_kill_internal ./nptl/pthread_kill.c:78:10
 #7 0x0000786b2e2e9b2c pthread_kill ./nptl/pthread_kill.c:89:10
 #8 0x0000786b2e29027e raise ./signal/../sysdeps/posix/raise.c:27:6
 #9 0x0000786b2e2738ff abort ./stdlib/abort.c:81:7
#10 0x0000786b2e27381b _nl_load_domain ./intl/loadmsgcat.c:1177:9
#11 0x0000786b2e286517 (/lib/x86_64-linux-gnu/libc.so.6+0x3b517)
#12 0x0000607ab9dda172 llvm::patchReplacementInstruction(llvm::Instruction*, llvm::Value*) /root/llvm/llvm-project-21/llvm/lib/Transforms/Utils/Local.cpp:3543:24
#13 0x0000607ab98c9c10 (anonymous namespace)::NewGVN::eliminateInstructions(llvm::Function&) /root/llvm/llvm-project-21/llvm/lib/Transforms/Scalar/NewGVN.cpp:4128:11
  [iter  88/200] search_obj=1.0778  search_best=0.7476  validation_best=0.7821  EI=0.0236  rnum=27.0  len=33  syn_rate=0.49  mean=1.0448  worsen=22.00%
GA search time: 1.44s, candidates: 226
[Error] eval /root/iscas/ruyituner/dataset21/poj104-v2-ll_4/train/31_1857.ll: opt failed for pipeline='module(globalopt),module(elim-avail-extern),module(iroutliner),module(globalopt),module(globalopt),function(jump-threading),module(attributor),function(gvn-hoist),function(newgvn),function(dse),module(elim-avail-extern),module(globalopt),module(attributor),function(instsimplify),module(iroutliner),module(elim-avail-extern),module(scc-oz-module-inliner),module(globalopt),function(gvn-hoist),function(gvn-hoist),module(attributor),function(memcpyopt),function(jump-threading),module(globalopt),function(gvn-sink),function(newgvn),function(gvn-sink),module(globalopt),module(attributor),function(dce),module(iroutliner),module(elim-avail-extern),module(scc-oz-module-inliner)', target_triple=x86_64-unknown-linux-gnu, returncode=-6, cmd=/root/opt/rv64gc_llvm_21/bin/opt -S -passes=module(globalopt),module(elim-avail-extern),module(iroutliner),module(globalopt),module(globalopt),function(jump-threading),module(attributor),function(gvn-hoist),function(newgvn),function(dse),module(elim-avail-extern),module(globalopt),module(attributor),function(instsimplify),module(iroutliner),module(elim-avail-extern),module(scc-oz-module-inliner),module(globalopt),function(gvn-hoist),function(gvn-hoist),module(attributor),function(memcpyopt),function(jump-threading),module(globalopt),function(gvn-sink),function(newgvn),function(gvn-sink),module(globalopt),module(attributor),function(dce),module(iroutliner),module(elim-avail-extern),module(scc-oz-module-inliner) --mtriple=x86_64-unknown-linux-gnu
opt: /root/llvm/llvm-project-21/llvm/lib/Transforms/Utils/Local.cpp:3527: void llvm::patchReplacementInstruction(Instruction*, Value*): Assertion `Success && "We should not be trying to sink callbases " "with non-intersectable attributes"' failed.
PLEASE submit a bug report to https://github.com/llvm/llvm-project/issues/ and include the crash backtrace.
Stack dump:
0.	Program arguments: /root/opt/rv64gc_llvm_21/bin/opt -S -passes=module(globalopt),module(elim-avail-extern),module(iroutliner),module(globalopt),module(globalopt),function(jump-threading),module(attributor),function(gvn-hoist),function(newgvn),function(dse),module(elim-avail-extern),module(globalopt),module(attributor),function(instsimplify),module(iroutliner),module(elim-avail-extern),module(scc-oz-module-inliner),module(globalopt),function(gvn-hoist),function(gvn-hoist),module(attributor),function(memcpyopt),function(jump-threading),module(globalopt),function(gvn-sink),function(newgvn),function(gvn-sink),module(globalopt),module(attributor),function(dce),module(iroutliner),module(elim-avail-extern),module(scc-oz-module-inliner) --mtriple=x86_64-unknown-linux-gnu
1.	Running pass "function(newgvn)" on module "<stdin>"
2.	Running pass "newgvn" on function "main"
 #0 0x000058d17ef10dd0 llvm::sys::PrintStackTrace(llvm::raw_ostream&, int) /root/llvm/llvm-project-21/llvm/lib/Support/Unix/Signals.inc:834:22
 #1 0x000058d17ef11259 PrintStackTraceSignalHandler(void*) /root/llvm/llvm-project-21/llvm/lib/Support/Unix/Signals.inc:918:1
 #2 0x000058d17ef0e3c9 llvm::sys::RunSignalHandlers() /root/llvm/llvm-project-21/llvm/lib/Support/Signals.cpp:104:20
 #3 0x000058d17ef1060d SignalHandler(int, siginfo_t*, void*) /root/llvm/llvm-project-21/llvm/lib/Support/Unix/Signals.inc:426:14
 #4 0x000073bc83790330 (/lib/x86_64-linux-gnu/libc.so.6+0x45330)
 #5 0x000073bc837e9b2c __pthread_kill_implementation ./nptl/pthread_kill.c:44:76
 #6 0x000073bc837e9b2c __pthread_kill_internal ./nptl/pthread_kill.c:78:10
 #7 0x000073bc837e9b2c pthread_kill ./nptl/pthread_kill.c:89:10
 #8 0x000073bc8379027e raise ./signal/../sysdeps/posix/raise.c:27:6
 #9 0x000073bc837738ff abort ./stdlib/abort.c:81:7
#10 0x000073bc8377381b _nl_load_domain ./intl/loadmsgcat.c:1177:9
#11 0x000073bc83786517 (/lib/x86_64-linux-gnu/libc.so.6+0x3b517)
#12 0x000058d17d9cc172 llvm::patchReplacementInstruction(llvm::Instruction*, llvm::Value*) /root/llvm/llvm-project-21/llvm/lib/Transforms/Utils/Local.cpp:3543:24
#13 0x000058d17d4bbc10 (anonymous namespace)::NewGVN::eliminateInstructions(llvm::Function&) /root/llvm/llvm-project-21/llvm/lib/Transforms/Scalar/NewGVN.cpp:4128:11
  [iter  89/200] search_obj=0.8011  search_best=0.7476  validation_best=0.7797  EI=0.0200  rnum=26.2  len=33  syn_rate=0.55  mean=0.7891  worsen=8.00%
GA search time: 1.40s, candidates: 225
[Error] eval /root/iscas/ruyituner/dataset21/poj104-v2-ll_4/train/31_1857.ll: opt failed for pipeline='module(elim-avail-extern),module(iroutliner),module(attributor),module(iroutliner),module(iroutliner),function(memcpyopt),module(iroutliner),function(dse),module(elim-avail-extern),module(globalopt),module(elim-avail-extern),module(globalopt),module(scc-oz-module-inliner),function(memcpyopt),module(attributor),module(elim-avail-extern),function(gvn-sink),module(attributor),function(dce),function(dce),function(gvn-hoist),function(memcpyopt),module(iroutliner),module(scc-oz-module-inliner),function(instsimplify),function(gvn-sink),function(newgvn),module(inferattrs),module(elim-avail-extern),function(gvn-sink),module(elim-avail-extern),function(dce),module(iroutliner),module(elim-avail-extern),function(gvn-sink),function(gvn-hoist),function(instsimplify),function(memcpyopt),function(gvn-hoist),module(elim-avail-extern),module(globalopt),module(attributor),module(globalopt),module(attributor),module(attributor),function(jump-threading)', target_triple=x86_64-unknown-linux-gnu, returncode=-6, cmd=/root/opt/rv64gc_llvm_21/bin/opt -S -passes=module(elim-avail-extern),module(iroutliner),module(attributor),module(iroutliner),module(iroutliner),function(memcpyopt),module(iroutliner),function(dse),module(elim-avail-extern),module(globalopt),module(elim-avail-extern),module(globalopt),module(scc-oz-module-inliner),function(memcpyopt),module(attributor),module(elim-avail-extern),function(gvn-sink),module(attributor),function(dce),function(dce),function(gvn-hoist),function(memcpyopt),module(iroutliner),module(scc-oz-module-inliner),function(instsimplify),function(gvn-sink),function(newgvn),module(inferattrs),module(elim-avail-extern),function(gvn-sink),module(elim-avail-extern),function(dce),module(iroutliner),module(elim-avail-extern),function(gvn-sink),function(gvn-hoist),function(instsimplify),function(memcpyopt),function(gvn-hoist),module(elim-avail-extern),module(globalopt),module(attributor),module(globalopt),module(attributor),module(attributor),function(jump-threading) --mtriple=x86_64-unknown-linux-gnu
opt: /root/llvm/llvm-project-21/llvm/lib/Transforms/Utils/Local.cpp:3527: void llvm::patchReplacementInstruction(Instruction*, Value*): Assertion `Success && "We should not be trying to sink callbases " "with non-intersectable attributes"' failed.
PLEASE submit a bug report to https://github.com/llvm/llvm-project/issues/ and include the crash backtrace.
Stack dump:
0.	Program arguments: /root/opt/rv64gc_llvm_21/bin/opt -S -passes=module(elim-avail-extern),module(iroutliner),module(attributor),module(iroutliner),module(iroutliner),function(memcpyopt),module(iroutliner),function(dse),module(elim-avail-extern),module(globalopt),module(elim-avail-extern),module(globalopt),module(scc-oz-module-inliner),function(memcpyopt),module(attributor),module(elim-avail-extern),function(gvn-sink),module(attributor),function(dce),function(dce),function(gvn-hoist),function(memcpyopt),module(iroutliner),module(scc-oz-module-inliner),function(instsimplify),function(gvn-sink),function(newgvn),module(inferattrs),module(elim-avail-extern),function(gvn-sink),module(elim-avail-extern),function(dce),module(iroutliner),module(elim-avail-extern),function(gvn-sink),function(gvn-hoist),function(instsimplify),function(memcpyopt),function(gvn-hoist),module(elim-avail-extern),module(globalopt),module(attributor),module(globalopt),module(attributor),module(attributor),function(jump-threading) --mtriple=x86_64-unknown-linux-gnu
1.	Running pass "function(newgvn)" on module "<stdin>"
2.	Running pass "newgvn" on function "main"
 #0 0x0000644dde11add0 llvm::sys::PrintStackTrace(llvm::raw_ostream&, int) /root/llvm/llvm-project-21/llvm/lib/Support/Unix/Signals.inc:834:22
 #1 0x0000644dde11b259 PrintStackTraceSignalHandler(void*) /root/llvm/llvm-project-21/llvm/lib/Support/Unix/Signals.inc:918:1
 #2 0x0000644dde1183c9 llvm::sys::RunSignalHandlers() /root/llvm/llvm-project-21/llvm/lib/Support/Signals.cpp:104:20
 #3 0x0000644dde11a60d SignalHandler(int, siginfo_t*, void*) /root/llvm/llvm-project-21/llvm/lib/Support/Unix/Signals.inc:426:14
 #4 0x000079d825049330 (/lib/x86_64-linux-gnu/libc.so.6+0x45330)
 #5 0x000079d8250a2b2c __pthread_kill_implementation ./nptl/pthread_kill.c:44:76
 #6 0x000079d8250a2b2c __pthread_kill_internal ./nptl/pthread_kill.c:78:10
 #7 0x000079d8250a2b2c pthread_kill ./nptl/pthread_kill.c:89:10
 #8 0x000079d82504927e raise ./signal/../sysdeps/posix/raise.c:27:6
 #9 0x000079d82502c8ff abort ./stdlib/abort.c:81:7
#10 0x000079d82502c81b _nl_load_domain ./intl/loadmsgcat.c:1177:9
#11 0x000079d82503f517 (/lib/x86_64-linux-gnu/libc.so.6+0x3b517)
#12 0x0000644ddcbd6172 llvm::patchReplacementInstruction(llvm::Instruction*, llvm::Value*) /root/llvm/llvm-project-21/llvm/lib/Transforms/Utils/Local.cpp:3543:24
#13 0x0000644ddc6c5c10 (anonymous namespace)::NewGVN::eliminateInstructions(llvm::Function&) /root/llvm/llvm-project-21/llvm/lib/Transforms/Scalar/NewGVN.cpp:4128:11
  [iter  90/200] search_obj=0.8210  search_best=0.7476  validation_best=0.7797  EI=0.0227  rnum=25.4  len=46  syn_rate=0.52  mean=0.8075  worsen=9.00%
GA search time: 1.44s, candidates: 224
[Error] eval /root/iscas/ruyituner/dataset21/poj104-v2-ll_4/train/31_1857.ll: opt failed for pipeline='module(scc-oz-module-inliner),function(jump-threading),function(newgvn),module(attributor),module(iroutliner),module(attributor),module(iroutliner),function(dse),function(gvn-sink),module(elim-avail-extern),function(gvn-sink),module(globalopt),function(memcpyopt),module(elim-avail-extern),function(gvn-hoist),function(instsimplify),module(iroutliner),function(gvn-hoist),function(dce),function(dce),function(gvn-sink),module(globalopt),module(attributor),function(dce),module(iroutliner),module(elim-avail-extern),module(attributor),module(elim-avail-extern),module(scc-oz-module-inliner),function(memcpyopt),function(gvn-hoist)', target_triple=x86_64-unknown-linux-gnu, returncode=-6, cmd=/root/opt/rv64gc_llvm_21/bin/opt -S -passes=module(scc-oz-module-inliner),function(jump-threading),function(newgvn),module(attributor),module(iroutliner),module(attributor),module(iroutliner),function(dse),function(gvn-sink),module(elim-avail-extern),function(gvn-sink),module(globalopt),function(memcpyopt),module(elim-avail-extern),function(gvn-hoist),function(instsimplify),module(iroutliner),function(gvn-hoist),function(dce),function(dce),function(gvn-sink),module(globalopt),module(attributor),function(dce),module(iroutliner),module(elim-avail-extern),module(attributor),module(elim-avail-extern),module(scc-oz-module-inliner),function(memcpyopt),function(gvn-hoist) --mtriple=x86_64-unknown-linux-gnu
opt: /root/llvm/llvm-project-21/llvm/lib/Transforms/Utils/Local.cpp:3527: void llvm::patchReplacementInstruction(Instruction*, Value*): Assertion `Success && "We should not be trying to sink callbases " "with non-intersectable attributes"' failed.
PLEASE submit a bug report to https://github.com/llvm/llvm-project/issues/ and include the crash backtrace.
Stack dump:
0.	Program arguments: /root/opt/rv64gc_llvm_21/bin/opt -S -passes=module(scc-oz-module-inliner),function(jump-threading),function(newgvn),module(attributor),module(iroutliner),module(attributor),module(iroutliner),function(dse),function(gvn-sink),module(elim-avail-extern),function(gvn-sink),module(globalopt),function(memcpyopt),module(elim-avail-extern),function(gvn-hoist),function(instsimplify),module(iroutliner),function(gvn-hoist),function(dce),function(dce),function(gvn-sink),module(globalopt),module(attributor),function(dce),module(iroutliner),module(elim-avail-extern),module(attributor),module(elim-avail-extern),module(scc-oz-module-inliner),function(memcpyopt),function(gvn-hoist) --mtriple=x86_64-unknown-linux-gnu
1.	Running pass "function(newgvn)" on module "<stdin>"
2.	Running pass "newgvn" on function "main"
 #0 0x00005cb5b541edd0 llvm::sys::PrintStackTrace(llvm::raw_ostream&, int) /root/llvm/llvm-project-21/llvm/lib/Support/Unix/Signals.inc:834:22
 #1 0x00005cb5b541f259 PrintStackTraceSignalHandler(void*) /root/llvm/llvm-project-21/llvm/lib/Support/Unix/Signals.inc:918:1
 #2 0x00005cb5b541c3c9 llvm::sys::RunSignalHandlers() /root/llvm/llvm-project-21/llvm/lib/Support/Signals.cpp:104:20
 #3 0x00005cb5b541e60d SignalHandler(int, siginfo_t*, void*) /root/llvm/llvm-project-21/llvm/lib/Support/Unix/Signals.inc:426:14
 #4 0x0000735a2295b330 (/lib/x86_64-linux-gnu/libc.so.6+0x45330)
 #5 0x0000735a229b4b2c __pthread_kill_implementation ./nptl/pthread_kill.c:44:76
 #6 0x0000735a229b4b2c __pthread_kill_internal ./nptl/pthread_kill.c:78:10
 #7 0x0000735a229b4b2c pthread_kill ./nptl/pthread_kill.c:89:10
 #8 0x0000735a2295b27e raise ./signal/../sysdeps/posix/raise.c:27:6
 #9 0x0000735a2293e8ff abort ./stdlib/abort.c:81:7
#10 0x0000735a2293e81b _nl_load_domain ./intl/loadmsgcat.c:1177:9
#11 0x0000735a22951517 (/lib/x86_64-linux-gnu/libc.so.6+0x3b517)
#12 0x00005cb5b3eda172 llvm::patchReplacementInstruction(llvm::Instruction*, llvm::Value*) /root/llvm/llvm-project-21/llvm/lib/Transforms/Utils/Local.cpp:3543:24
#13 0x00005cb5b39c9c10 (anonymous namespace)::NewGVN::eliminateInstructions(llvm::Function&) /root/llvm/llvm-project-21/llvm/lib/Transforms/Scalar/NewGVN.cpp:4128:11
  [iter  91/200] search_obj=1.0690  search_best=0.7476  validation_best=0.7797  EI=0.0234  rnum=24.7  len=31  syn_rate=0.48  mean=1.0390  worsen=20.00%
GA search time: 1.31s, candidates: 223
  [iter  92/200] search_obj=0.7477  search_best=0.7476  validation_best=0.7797  EI=0.0190  rnum=24.0  len=45  syn_rate=0.51  mean=0.7387  worsen=6.00%
GA search time: 1.39s, candidates: 223
[Error] eval /root/iscas/ruyituner/dataset21/poj104-v2-ll_4/train/31_1857.ll: opt failed for pipeline='module(attributor),function(instsimplify),function(gvn-sink),function(gvn-sink),module(elim-avail-extern),module(scc-oz-module-inliner),function(memcpyopt),module(elim-avail-extern),module(elim-avail-extern),function(memcpyopt),function(memcpyopt),module(elim-avail-extern),function(gvn-sink),module(elim-avail-extern),function(jump-threading),module(attributor),module(globalopt),module(globalopt),function(gvn-sink),function(gvn-hoist),function(memcpyopt),module(iroutliner),module(elim-avail-extern),module(iroutliner),function(gvn-hoist),module(elim-avail-extern),module(globalopt),function(gvn-sink),function(newgvn),function(gvn-sink),module(globalopt),module(attributor),function(dce),module(globalopt),module(attributor),module(globalopt),module(attributor),module(attributor),function(dce),function(dce),module(iroutliner),module(elim-avail-extern),module(scc-oz-module-inliner)', target_triple=x86_64-unknown-linux-gnu, returncode=-6, cmd=/root/opt/rv64gc_llvm_21/bin/opt -S -passes=module(attributor),function(instsimplify),function(gvn-sink),function(gvn-sink),module(elim-avail-extern),module(scc-oz-module-inliner),function(memcpyopt),module(elim-avail-extern),module(elim-avail-extern),function(memcpyopt),function(memcpyopt),module(elim-avail-extern),function(gvn-sink),module(elim-avail-extern),function(jump-threading),module(attributor),module(globalopt),module(globalopt),function(gvn-sink),function(gvn-hoist),function(memcpyopt),module(iroutliner),module(elim-avail-extern),module(iroutliner),function(gvn-hoist),module(elim-avail-extern),module(globalopt),function(gvn-sink),function(newgvn),function(gvn-sink),module(globalopt),module(attributor),function(dce),module(globalopt),module(attributor),module(globalopt),module(attributor),module(attributor),function(dce),function(dce),module(iroutliner),module(elim-avail-extern),module(scc-oz-module-inliner) --mtriple=x86_64-unknown-linux-gnu
opt: /root/llvm/llvm-project-21/llvm/lib/Transforms/Utils/Local.cpp:3527: void llvm::patchReplacementInstruction(Instruction*, Value*): Assertion `Success && "We should not be trying to sink callbases " "with non-intersectable attributes"' failed.
PLEASE submit a bug report to https://github.com/llvm/llvm-project/issues/ and include the crash backtrace.
Stack dump:
0.	Program arguments: /root/opt/rv64gc_llvm_21/bin/opt -S -passes=module(attributor),function(instsimplify),function(gvn-sink),function(gvn-sink),module(elim-avail-extern),module(scc-oz-module-inliner),function(memcpyopt),module(elim-avail-extern),module(elim-avail-extern),function(memcpyopt),function(memcpyopt),module(elim-avail-extern),function(gvn-sink),module(elim-avail-extern),function(jump-threading),module(attributor),module(globalopt),module(globalopt),function(gvn-sink),function(gvn-hoist),function(memcpyopt),module(iroutliner),module(elim-avail-extern),module(iroutliner),function(gvn-hoist),module(elim-avail-extern),module(globalopt),function(gvn-sink),function(newgvn),function(gvn-sink),module(globalopt),module(attributor),function(dce),module(globalopt),module(attributor),module(globalopt),module(attributor),module(attributor),function(dce),function(dce),module(iroutliner),module(elim-avail-extern),module(scc-oz-module-inliner) --mtriple=x86_64-unknown-linux-gnu
1.	Running pass "function(newgvn)" on module "<stdin>"
2.	Running pass "newgvn" on function "main"
 #0 0x00005615e4c98dd0 llvm::sys::PrintStackTrace(llvm::raw_ostream&, int) /root/llvm/llvm-project-21/llvm/lib/Support/Unix/Signals.inc:834:22
 #1 0x00005615e4c99259 PrintStackTraceSignalHandler(void*) /root/llvm/llvm-project-21/llvm/lib/Support/Unix/Signals.inc:918:1
 #2 0x00005615e4c963c9 llvm::sys::RunSignalHandlers() /root/llvm/llvm-project-21/llvm/lib/Support/Signals.cpp:104:20
 #3 0x00005615e4c9860d SignalHandler(int, siginfo_t*, void*) /root/llvm/llvm-project-21/llvm/lib/Support/Unix/Signals.inc:426:14
 #4 0x000075aefa0d7330 (/lib/x86_64-linux-gnu/libc.so.6+0x45330)
 #5 0x000075aefa130b2c __pthread_kill_implementation ./nptl/pthread_kill.c:44:76
 #6 0x000075aefa130b2c __pthread_kill_internal ./nptl/pthread_kill.c:78:10
 #7 0x000075aefa130b2c pthread_kill ./nptl/pthread_kill.c:89:10
 #8 0x000075aefa0d727e raise ./signal/../sysdeps/posix/raise.c:27:6
 #9 0x000075aefa0ba8ff abort ./stdlib/abort.c:81:7
#10 0x000075aefa0ba81b _nl_load_domain ./intl/loadmsgcat.c:1177:9
#11 0x000075aefa0cd517 (/lib/x86_64-linux-gnu/libc.so.6+0x3b517)
#12 0x00005615e3754172 llvm::patchReplacementInstruction(llvm::Instruction*, llvm::Value*) /root/llvm/llvm-project-21/llvm/lib/Transforms/Utils/Local.cpp:3543:24
#13 0x00005615e3243c10 (anonymous namespace)::NewGVN::eliminateInstructions(llvm::Function&) /root/llvm/llvm-project-21/llvm/lib/Transforms/Scalar/NewGVN.cpp:4128:11
  [iter  93/200] search_obj=0.9218  search_best=0.7476  validation_best=0.7797  EI=0.0262  rnum=23.3  len=43  syn_rate=0.43  mean=0.9068  worsen=10.00%
GA search time: 1.23s, candidates: 222
[Error] eval /root/iscas/ruyituner/dataset21/poj104-v2-ll_4/train/31_1857.ll: opt failed for pipeline='module(elim-avail-extern),module(iroutliner),function(dce),function(instsimplify),function(gvn-hoist),module(attributor),function(memcpyopt),function(jump-threading),module(globalopt),function(gvn-sink),function(newgvn),function(dse),module(globalopt),module(attributor),function(newgvn),function(dce),module(globalopt),module(attributor),function(dce),module(iroutliner),module(elim-avail-extern),module(scc-oz-module-inliner),module(elim-avail-extern),module(globalopt),module(elim-avail-extern),module(iroutliner),module(attributor),module(scc-oz-module-inliner),module(globalopt),module(elim-avail-extern),module(scc-oz-module-inliner),function(newgvn),function(dce),function(newgvn),function(gvn-sink),function(memcpyopt),module(attributor),module(scc-oz-module-inliner),module(iroutliner),function(gvn-sink),module(globalopt),function(gvn-sink),function(dce),module(iroutliner),module(elim-avail-extern),module(globalopt),function(dce),module(attributor),module(globalopt),module(iroutliner)', target_triple=x86_64-unknown-linux-gnu, returncode=-6, cmd=/root/opt/rv64gc_llvm_21/bin/opt -S -passes=module(elim-avail-extern),module(iroutliner),function(dce),function(instsimplify),function(gvn-hoist),module(attributor),function(memcpyopt),function(jump-threading),module(globalopt),function(gvn-sink),function(newgvn),function(dse),module(globalopt),module(attributor),function(newgvn),function(dce),module(globalopt),module(attributor),function(dce),module(iroutliner),module(elim-avail-extern),module(scc-oz-module-inliner),module(elim-avail-extern),module(globalopt),module(elim-avail-extern),module(iroutliner),module(attributor),module(scc-oz-module-inliner),module(globalopt),module(elim-avail-extern),module(scc-oz-module-inliner),function(newgvn),function(dce),function(newgvn),function(gvn-sink),function(memcpyopt),module(attributor),module(scc-oz-module-inliner),module(iroutliner),function(gvn-sink),module(globalopt),function(gvn-sink),function(dce),module(iroutliner),module(elim-avail-extern),module(globalopt),function(dce),module(attributor),module(globalopt),module(iroutliner) --mtriple=x86_64-unknown-linux-gnu
opt: /root/llvm/llvm-project-21/llvm/lib/Transforms/Utils/Local.cpp:3527: void llvm::patchReplacementInstruction(Instruction*, Value*): Assertion `Success && "We should not be trying to sink callbases " "with non-intersectable attributes"' failed.
PLEASE submit a bug report to https://github.com/llvm/llvm-project/issues/ and include the crash backtrace.
Stack dump:
0.	Program arguments: /root/opt/rv64gc_llvm_21/bin/opt -S -passes=module(elim-avail-extern),module(iroutliner),function(dce),function(instsimplify),function(gvn-hoist),module(attributor),function(memcpyopt),function(jump-threading),module(globalopt),function(gvn-sink),function(newgvn),function(dse),module(globalopt),module(attributor),function(newgvn),function(dce),module(globalopt),module(attributor),function(dce),module(iroutliner),module(elim-avail-extern),module(scc-oz-module-inliner),module(elim-avail-extern),module(globalopt),module(elim-avail-extern),module(iroutliner),module(attributor),module(scc-oz-module-inliner),module(globalopt),module(elim-avail-extern),module(scc-oz-module-inliner),function(newgvn),function(dce),function(newgvn),function(gvn-sink),function(memcpyopt),module(attributor),module(scc-oz-module-inliner),module(iroutliner),function(gvn-sink),module(globalopt),function(gvn-sink),function(dce),module(iroutliner),module(elim-avail-extern),module(globalopt),function(dce),module(attributor),module(globalopt),module(iroutliner) --mtriple=x86_64-unknown-linux-gnu
1.	Running pass "function(newgvn)" on module "<stdin>"
2.	Running pass "newgvn" on function "main"
 #0 0x00005eb7ec707dd0 llvm::sys::PrintStackTrace(llvm::raw_ostream&, int) /root/llvm/llvm-project-21/llvm/lib/Support/Unix/Signals.inc:834:22
 #1 0x00005eb7ec708259 PrintStackTraceSignalHandler(void*) /root/llvm/llvm-project-21/llvm/lib/Support/Unix/Signals.inc:918:1
 #2 0x00005eb7ec7053c9 llvm::sys::RunSignalHandlers() /root/llvm/llvm-project-21/llvm/lib/Support/Signals.cpp:104:20
 #3 0x00005eb7ec70760d SignalHandler(int, siginfo_t*, void*) /root/llvm/llvm-project-21/llvm/lib/Support/Unix/Signals.inc:426:14
 #4 0x0000781904d92330 (/lib/x86_64-linux-gnu/libc.so.6+0x45330)
 #5 0x0000781904debb2c __pthread_kill_implementation ./nptl/pthread_kill.c:44:76
 #6 0x0000781904debb2c __pthread_kill_internal ./nptl/pthread_kill.c:78:10
 #7 0x0000781904debb2c pthread_kill ./nptl/pthread_kill.c:89:10
 #8 0x0000781904d9227e raise ./signal/../sysdeps/posix/raise.c:27:6
 #9 0x0000781904d758ff abort ./stdlib/abort.c:81:7
#10 0x0000781904d7581b _nl_load_domain ./intl/loadmsgcat.c:1177:9
#11 0x0000781904d88517 (/lib/x86_64-linux-gnu/libc.so.6+0x3b517)
#12 0x00005eb7eb1c3172 llvm::patchReplacementInstruction(llvm::Instruction*, llvm::Value*) /root/llvm/llvm-project-21/llvm/lib/Transforms/Utils/Local.cpp:3543:24
#13 0x00005eb7eacb2c10 (anonymous namespace)::NewGVN::eliminateInstructions(llvm::Function&) /root/llvm/llvm-project-21/llvm/lib/Transforms/Scalar/NewGVN.cpp:4128:11
  [iter  94/200] search_obj=0.7485  search_best=0.7476  validation_best=0.7797  EI=0.0161  rnum=22.6  len=50  syn_rate=0.51  mean=0.7380  worsen=7.00%
GA search time: 1.42s, candidates: 221
[Error] eval /root/iscas/ruyituner/dataset21/poj104-v2-ll_4/train/31_1857.ll: opt failed for pipeline='module(scc-oz-module-inliner),module(scc-oz-module-inliner),function(jump-threading),function(gvn-sink),module(elim-avail-extern),function(memcpyopt),function(dse),module(elim-avail-extern),module(scc-oz-module-inliner),module(scc-oz-module-inliner),function(gvn-sink),module(iroutliner),module(attributor),function(memcpyopt),function(gvn-hoist),module(elim-avail-extern),module(iroutliner),function(newgvn),function(jump-threading),function(newgvn),module(attributor),module(attributor),module(attributor),module(attributor),module(attributor),module(iroutliner),module(iroutliner),module(scc-oz-module-inliner),module(iroutliner),module(iroutliner),module(iroutliner),function(gvn-sink),function(gvn-sink),module(globalopt),module(elim-avail-extern),module(globalopt),module(globalopt),function(memcpyopt),function(gvn-hoist),function(dce),function(gvn-hoist),function(gvn-hoist),module(elim-avail-extern),function(dce),module(elim-avail-extern),function(instsimplify),module(elim-avail-extern)', target_triple=x86_64-unknown-linux-gnu, returncode=-6, cmd=/root/opt/rv64gc_llvm_21/bin/opt -S -passes=module(scc-oz-module-inliner),module(scc-oz-module-inliner),function(jump-threading),function(gvn-sink),module(elim-avail-extern),function(memcpyopt),function(dse),module(elim-avail-extern),module(scc-oz-module-inliner),module(scc-oz-module-inliner),function(gvn-sink),module(iroutliner),module(attributor),function(memcpyopt),function(gvn-hoist),module(elim-avail-extern),module(iroutliner),function(newgvn),function(jump-threading),function(newgvn),module(attributor),module(attributor),module(attributor),module(attributor),module(attributor),module(iroutliner),module(iroutliner),module(scc-oz-module-inliner),module(iroutliner),module(iroutliner),module(iroutliner),function(gvn-sink),function(gvn-sink),module(globalopt),module(elim-avail-extern),module(globalopt),module(globalopt),function(memcpyopt),function(gvn-hoist),function(dce),function(gvn-hoist),function(gvn-hoist),module(elim-avail-extern),function(dce),module(elim-avail-extern),function(instsimplify),module(elim-avail-extern) --mtriple=x86_64-unknown-linux-gnu
opt: /root/llvm/llvm-project-21/llvm/lib/Transforms/Utils/Local.cpp:3527: void llvm::patchReplacementInstruction(Instruction*, Value*): Assertion `Success && "We should not be trying to sink callbases " "with non-intersectable attributes"' failed.
PLEASE submit a bug report to https://github.com/llvm/llvm-project/issues/ and include the crash backtrace.
Stack dump:
0.	Program arguments: /root/opt/rv64gc_llvm_21/bin/opt -S -passes=module(scc-oz-module-inliner),module(scc-oz-module-inliner),function(jump-threading),function(gvn-sink),module(elim-avail-extern),function(memcpyopt),function(dse),module(elim-avail-extern),module(scc-oz-module-inliner),module(scc-oz-module-inliner),function(gvn-sink),module(iroutliner),module(attributor),function(memcpyopt),function(gvn-hoist),module(elim-avail-extern),module(iroutliner),function(newgvn),function(jump-threading),function(newgvn),module(attributor),module(attributor),module(attributor),module(attributor),module(attributor),module(iroutliner),module(iroutliner),module(scc-oz-module-inliner),module(iroutliner),module(iroutliner),module(iroutliner),function(gvn-sink),function(gvn-sink),module(globalopt),module(elim-avail-extern),module(globalopt),module(globalopt),function(memcpyopt),function(gvn-hoist),function(dce),function(gvn-hoist),function(gvn-hoist),module(elim-avail-extern),function(dce),module(elim-avail-extern),function(instsimplify),module(elim-avail-extern) --mtriple=x86_64-unknown-linux-gnu
1.	Running pass "function(newgvn)" on module "<stdin>"
2.	Running pass "newgvn" on function "main"
 #0 0x00005e8c37c09dd0 llvm::sys::PrintStackTrace(llvm::raw_ostream&, int) /root/llvm/llvm-project-21/llvm/lib/Support/Unix/Signals.inc:834:22
 #1 0x00005e8c37c0a259 PrintStackTraceSignalHandler(void*) /root/llvm/llvm-project-21/llvm/lib/Support/Unix/Signals.inc:918:1
 #2 0x00005e8c37c073c9 llvm::sys::RunSignalHandlers() /root/llvm/llvm-project-21/llvm/lib/Support/Signals.cpp:104:20
 #3 0x00005e8c37c0960d SignalHandler(int, siginfo_t*, void*) /root/llvm/llvm-project-21/llvm/lib/Support/Unix/Signals.inc:426:14
 #4 0x00007f0956848330 (/lib/x86_64-linux-gnu/libc.so.6+0x45330)
 #5 0x00007f09568a1b2c __pthread_kill_implementation ./nptl/pthread_kill.c:44:76
 #6 0x00007f09568a1b2c __pthread_kill_internal ./nptl/pthread_kill.c:78:10
 #7 0x00007f09568a1b2c pthread_kill ./nptl/pthread_kill.c:89:10
 #8 0x00007f095684827e raise ./signal/../sysdeps/posix/raise.c:27:6
 #9 0x00007f095682b8ff abort ./stdlib/abort.c:81:7
#10 0x00007f095682b81b _nl_load_domain ./intl/loadmsgcat.c:1177:9
#11 0x00007f095683e517 (/lib/x86_64-linux-gnu/libc.so.6+0x3b517)
#12 0x00005e8c366c5172 llvm::patchReplacementInstruction(llvm::Instruction*, llvm::Value*) /root/llvm/llvm-project-21/llvm/lib/Transforms/Utils/Local.cpp:3543:24
#13 0x00005e8c361b4c10 (anonymous namespace)::NewGVN::eliminateInstructions(llvm::Function&) /root/llvm/llvm-project-21/llvm/lib/Transforms/Scalar/NewGVN.cpp:4128:11
  [iter  95/200] search_obj=1.0671  search_best=0.7476  validation_best=0.7797  EI=0.0302  rnum=21.9  len=47  syn_rate=0.51  mean=1.0386  worsen=19.00%
GA search time: 1.21s, candidates: 221
[Error] eval /root/iscas/ruyituner/dataset21/poj104-v2-ll_4/train/31_1857.ll: opt failed for pipeline='function(gvn-hoist),module(scc-oz-module-inliner),module(inferattrs),function(gvn-hoist),function(dce),function(newgvn),function(gvn-sink),module(globalopt),module(attributor),function(memcpyopt),module(elim-avail-extern),module(elim-avail-extern),module(iroutliner),module(attributor),function(dce),module(iroutliner),module(elim-avail-extern),module(scc-oz-module-inliner),module(scc-oz-module-inliner),function(jump-threading),function(newgvn),module(globalopt),module(iroutliner),module(attributor),module(iroutliner),module(iroutliner),module(elim-avail-extern),function(gvn-hoist),module(iroutliner),module(globalopt),function(newgvn),function(memcpyopt),module(iroutliner),function(gvn-hoist),function(jump-threading),function(instsimplify),function(gvn-sink),module(attributor),module(scc-oz-module-inliner),module(iroutliner),function(instsimplify),module(attributor),module(iroutliner),function(gvn-hoist),module(elim-avail-extern)', target_triple=x86_64-unknown-linux-gnu, returncode=-6, cmd=/root/opt/rv64gc_llvm_21/bin/opt -S -passes=function(gvn-hoist),module(scc-oz-module-inliner),module(inferattrs),function(gvn-hoist),function(dce),function(newgvn),function(gvn-sink),module(globalopt),module(attributor),function(memcpyopt),module(elim-avail-extern),module(elim-avail-extern),module(iroutliner),module(attributor),function(dce),module(iroutliner),module(elim-avail-extern),module(scc-oz-module-inliner),module(scc-oz-module-inliner),function(jump-threading),function(newgvn),module(globalopt),module(iroutliner),module(attributor),module(iroutliner),module(iroutliner),module(elim-avail-extern),function(gvn-hoist),module(iroutliner),module(globalopt),function(newgvn),function(memcpyopt),module(iroutliner),function(gvn-hoist),function(jump-threading),function(instsimplify),function(gvn-sink),module(attributor),module(scc-oz-module-inliner),module(iroutliner),function(instsimplify),module(attributor),module(iroutliner),function(gvn-hoist),module(elim-avail-extern) --mtriple=x86_64-unknown-linux-gnu
opt: /root/llvm/llvm-project-21/llvm/lib/Transforms/Utils/Local.cpp:3527: void llvm::patchReplacementInstruction(Instruction*, Value*): Assertion `Success && "We should not be trying to sink callbases " "with non-intersectable attributes"' failed.
PLEASE submit a bug report to https://github.com/llvm/llvm-project/issues/ and include the crash backtrace.
Stack dump:
0.	Program arguments: /root/opt/rv64gc_llvm_21/bin/opt -S -passes=function(gvn-hoist),module(scc-oz-module-inliner),module(inferattrs),function(gvn-hoist),function(dce),function(newgvn),function(gvn-sink),module(globalopt),module(attributor),function(memcpyopt),module(elim-avail-extern),module(elim-avail-extern),module(iroutliner),module(attributor),function(dce),module(iroutliner),module(elim-avail-extern),module(scc-oz-module-inliner),module(scc-oz-module-inliner),function(jump-threading),function(newgvn),module(globalopt),module(iroutliner),module(attributor),module(iroutliner),module(iroutliner),module(elim-avail-extern),function(gvn-hoist),module(iroutliner),module(globalopt),function(newgvn),function(memcpyopt),module(iroutliner),function(gvn-hoist),function(jump-threading),function(instsimplify),function(gvn-sink),module(attributor),module(scc-oz-module-inliner),module(iroutliner),function(instsimplify),module(attributor),module(iroutliner),function(gvn-hoist),module(elim-avail-extern) --mtriple=x86_64-unknown-linux-gnu
1.	Running pass "function(newgvn)" on module "<stdin>"
2.	Running pass "newgvn" on function "main"
 #0 0x0000588770bb8dd0 llvm::sys::PrintStackTrace(llvm::raw_ostream&, int) /root/llvm/llvm-project-21/llvm/lib/Support/Unix/Signals.inc:834:22
 #1 0x0000588770bb9259 PrintStackTraceSignalHandler(void*) /root/llvm/llvm-project-21/llvm/lib/Support/Unix/Signals.inc:918:1
 #2 0x0000588770bb63c9 llvm::sys::RunSignalHandlers() /root/llvm/llvm-project-21/llvm/lib/Support/Signals.cpp:104:20
 #3 0x0000588770bb860d SignalHandler(int, siginfo_t*, void*) /root/llvm/llvm-project-21/llvm/lib/Support/Unix/Signals.inc:426:14
 #4 0x00007ceaadd8a330 (/lib/x86_64-linux-gnu/libc.so.6+0x45330)
 #5 0x00007ceaadde3b2c __pthread_kill_implementation ./nptl/pthread_kill.c:44:76
 #6 0x00007ceaadde3b2c __pthread_kill_internal ./nptl/pthread_kill.c:78:10
 #7 0x00007ceaadde3b2c pthread_kill ./nptl/pthread_kill.c:89:10
 #8 0x00007ceaadd8a27e raise ./signal/../sysdeps/posix/raise.c:27:6
 #9 0x00007ceaadd6d8ff abort ./stdlib/abort.c:81:7
#10 0x00007ceaadd6d81b _nl_load_domain ./intl/loadmsgcat.c:1177:9
#11 0x00007ceaadd80517 (/lib/x86_64-linux-gnu/libc.so.6+0x3b517)
#12 0x000058876f674172 llvm::patchReplacementInstruction(llvm::Instruction*, llvm::Value*) /root/llvm/llvm-project-21/llvm/lib/Transforms/Utils/Local.cpp:3543:24
#13 0x000058876f163c10 (anonymous namespace)::NewGVN::eliminateInstructions(llvm::Function&) /root/llvm/llvm-project-21/llvm/lib/Transforms/Scalar/NewGVN.cpp:4128:11
  [iter  96/200] search_obj=1.0630  search_best=0.7476  validation_best=0.7797  EI=0.0214  rnum=21.2  len=45  syn_rate=0.49  mean=1.0360  worsen=18.00%
GA search time: 1.26s, candidates: 220
  [iter  97/200] search_obj=0.7573  search_best=0.7476  validation_best=0.7797  EI=0.0177  rnum=20.6  len=29  syn_rate=0.46  mean=0.7453  worsen=8.00%
GA search time: 1.68s, candidates: 219
[Error] eval /root/iscas/ruyituner/dataset21/poj104-v2-ll_4/train/31_1857.ll: opt failed for pipeline='module(scc-oz-module-inliner),function(jump-threading),function(newgvn),module(attributor),module(elim-avail-extern),module(attributor),module(iroutliner),function(dse),function(gvn-sink),module(globalopt),module(elim-avail-extern),module(globalopt),function(gvn-sink),module(iroutliner),function(memcpyopt),function(dce),function(gvn-hoist),function(instsimplify),function(gvn-hoist),function(gvn-hoist),module(elim-avail-extern),module(iroutliner),function(instsimplify),function(gvn-hoist),module(attributor),module(iroutliner),module(elim-avail-extern),module(scc-oz-module-inliner)', target_triple=x86_64-unknown-linux-gnu, returncode=-6, cmd=/root/opt/rv64gc_llvm_21/bin/opt -S -passes=module(scc-oz-module-inliner),function(jump-threading),function(newgvn),module(attributor),module(elim-avail-extern),module(attributor),module(iroutliner),function(dse),function(gvn-sink),module(globalopt),module(elim-avail-extern),module(globalopt),function(gvn-sink),module(iroutliner),function(memcpyopt),function(dce),function(gvn-hoist),function(instsimplify),function(gvn-hoist),function(gvn-hoist),module(elim-avail-extern),module(iroutliner),function(instsimplify),function(gvn-hoist),module(attributor),module(iroutliner),module(elim-avail-extern),module(scc-oz-module-inliner) --mtriple=x86_64-unknown-linux-gnu
opt: /root/llvm/llvm-project-21/llvm/lib/Transforms/Utils/Local.cpp:3527: void llvm::patchReplacementInstruction(Instruction*, Value*): Assertion `Success && "We should not be trying to sink callbases " "with non-intersectable attributes"' failed.
PLEASE submit a bug report to https://github.com/llvm/llvm-project/issues/ and include the crash backtrace.
Stack dump:
0.	Program arguments: /root/opt/rv64gc_llvm_21/bin/opt -S -passes=module(scc-oz-module-inliner),function(jump-threading),function(newgvn),module(attributor),module(elim-avail-extern),module(attributor),module(iroutliner),function(dse),function(gvn-sink),module(globalopt),module(elim-avail-extern),module(globalopt),function(gvn-sink),module(iroutliner),function(memcpyopt),function(dce),function(gvn-hoist),function(instsimplify),function(gvn-hoist),function(gvn-hoist),module(elim-avail-extern),module(iroutliner),function(instsimplify),function(gvn-hoist),module(attributor),module(iroutliner),module(elim-avail-extern),module(scc-oz-module-inliner) --mtriple=x86_64-unknown-linux-gnu
1.	Running pass "function(newgvn)" on module "<stdin>"
2.	Running pass "newgvn" on function "main"
 #0 0x00005edcea5f1dd0 llvm::sys::PrintStackTrace(llvm::raw_ostream&, int) /root/llvm/llvm-project-21/llvm/lib/Support/Unix/Signals.inc:834:22
 #1 0x00005edcea5f2259 PrintStackTraceSignalHandler(void*) /root/llvm/llvm-project-21/llvm/lib/Support/Unix/Signals.inc:918:1
 #2 0x00005edcea5ef3c9 llvm::sys::RunSignalHandlers() /root/llvm/llvm-project-21/llvm/lib/Support/Signals.cpp:104:20
 #3 0x00005edcea5f160d SignalHandler(int, siginfo_t*, void*) /root/llvm/llvm-project-21/llvm/lib/Support/Unix/Signals.inc:426:14
 #4 0x000079d24cd5d330 (/lib/x86_64-linux-gnu/libc.so.6+0x45330)
 #5 0x000079d24cdb6b2c __pthread_kill_implementation ./nptl/pthread_kill.c:44:76
 #6 0x000079d24cdb6b2c __pthread_kill_internal ./nptl/pthread_kill.c:78:10
 #7 0x000079d24cdb6b2c pthread_kill ./nptl/pthread_kill.c:89:10
 #8 0x000079d24cd5d27e raise ./signal/../sysdeps/posix/raise.c:27:6
 #9 0x000079d24cd408ff abort ./stdlib/abort.c:81:7
#10 0x000079d24cd4081b _nl_load_domain ./intl/loadmsgcat.c:1177:9
#11 0x000079d24cd53517 (/lib/x86_64-linux-gnu/libc.so.6+0x3b517)
#12 0x00005edce90ad172 llvm::patchReplacementInstruction(llvm::Instruction*, llvm::Value*) /root/llvm/llvm-project-21/llvm/lib/Transforms/Utils/Local.cpp:3543:24
#13 0x00005edce8b9cc10 (anonymous namespace)::NewGVN::eliminateInstructions(llvm::Function&) /root/llvm/llvm-project-21/llvm/lib/Transforms/Scalar/NewGVN.cpp:4128:11
  [iter  98/200] search_obj=1.0690  search_best=0.7476  validation_best=0.7797  EI=0.0184  rnum=19.9  len=28  syn_rate=0.47  mean=1.0390  worsen=20.00%
GA search time: 1.16s, candidates: 219
[Error] eval /root/iscas/ruyituner/dataset21/poj104-v2-ll_4/train/31_1857.ll: opt failed for pipeline='module(attributor),module(scc-oz-module-inliner),module(iroutliner),function(instsimplify),function(gvn-hoist),module(attributor),function(memcpyopt),function(jump-threading),module(globalopt),function(gvn-sink),function(newgvn),function(gvn-sink),module(globalopt),module(attributor),function(dce),module(iroutliner),module(elim-avail-extern),module(scc-oz-module-inliner),function(gvn-hoist),function(dce),module(elim-avail-extern),module(scc-oz-module-inliner),module(attributor),module(scc-oz-module-inliner),module(iroutliner),function(instsimplify),function(gvn-hoist),module(attributor),function(memcpyopt),function(jump-threading),module(globalopt),function(gvn-sink),function(newgvn),function(gvn-sink),module(globalopt),module(attributor),function(dce),module(iroutliner),module(elim-avail-extern),module(scc-oz-module-inliner),function(gvn-hoist)', target_triple=x86_64-unknown-linux-gnu, returncode=-6, cmd=/root/opt/rv64gc_llvm_21/bin/opt -S -passes=module(attributor),module(scc-oz-module-inliner),module(iroutliner),function(instsimplify),function(gvn-hoist),module(attributor),function(memcpyopt),function(jump-threading),module(globalopt),function(gvn-sink),function(newgvn),function(gvn-sink),module(globalopt),module(attributor),function(dce),module(iroutliner),module(elim-avail-extern),module(scc-oz-module-inliner),function(gvn-hoist),function(dce),module(elim-avail-extern),module(scc-oz-module-inliner),module(attributor),module(scc-oz-module-inliner),module(iroutliner),function(instsimplify),function(gvn-hoist),module(attributor),function(memcpyopt),function(jump-threading),module(globalopt),function(gvn-sink),function(newgvn),function(gvn-sink),module(globalopt),module(attributor),function(dce),module(iroutliner),module(elim-avail-extern),module(scc-oz-module-inliner),function(gvn-hoist) --mtriple=x86_64-unknown-linux-gnu
opt: /root/llvm/llvm-project-21/llvm/lib/Transforms/Utils/Local.cpp:3527: void llvm::patchReplacementInstruction(Instruction*, Value*): Assertion `Success && "We should not be trying to sink callbases " "with non-intersectable attributes"' failed.
PLEASE submit a bug report to https://github.com/llvm/llvm-project/issues/ and include the crash backtrace.
Stack dump:
0.	Program arguments: /root/opt/rv64gc_llvm_21/bin/opt -S -passes=module(attributor),module(scc-oz-module-inliner),module(iroutliner),function(instsimplify),function(gvn-hoist),module(attributor),function(memcpyopt),function(jump-threading),module(globalopt),function(gvn-sink),function(newgvn),function(gvn-sink),module(globalopt),module(attributor),function(dce),module(iroutliner),module(elim-avail-extern),module(scc-oz-module-inliner),function(gvn-hoist),function(dce),module(elim-avail-extern),module(scc-oz-module-inliner),module(attributor),module(scc-oz-module-inliner),module(iroutliner),function(instsimplify),function(gvn-hoist),module(attributor),function(memcpyopt),function(jump-threading),module(globalopt),function(gvn-sink),function(newgvn),function(gvn-sink),module(globalopt),module(attributor),function(dce),module(iroutliner),module(elim-avail-extern),module(scc-oz-module-inliner),function(gvn-hoist) --mtriple=x86_64-unknown-linux-gnu
1.	Running pass "function(newgvn)" on module "<stdin>"
2.	Running pass "newgvn" on function "main"
 #0 0x00005d250609add0 llvm::sys::PrintStackTrace(llvm::raw_ostream&, int) /root/llvm/llvm-project-21/llvm/lib/Support/Unix/Signals.inc:834:22
 #1 0x00005d250609b259 PrintStackTraceSignalHandler(void*) /root/llvm/llvm-project-21/llvm/lib/Support/Unix/Signals.inc:918:1
 #2 0x00005d25060983c9 llvm::sys::RunSignalHandlers() /root/llvm/llvm-project-21/llvm/lib/Support/Signals.cpp:104:20
 #3 0x00005d250609a60d SignalHandler(int, siginfo_t*, void*) /root/llvm/llvm-project-21/llvm/lib/Support/Unix/Signals.inc:426:14
 #4 0x0000718dc1471330 (/lib/x86_64-linux-gnu/libc.so.6+0x45330)
 #5 0x0000718dc14cab2c __pthread_kill_implementation ./nptl/pthread_kill.c:44:76
 #6 0x0000718dc14cab2c __pthread_kill_internal ./nptl/pthread_kill.c:78:10
 #7 0x0000718dc14cab2c pthread_kill ./nptl/pthread_kill.c:89:10
 #8 0x0000718dc147127e raise ./signal/../sysdeps/posix/raise.c:27:6
 #9 0x0000718dc14548ff abort ./stdlib/abort.c:81:7
#10 0x0000718dc145481b _nl_load_domain ./intl/loadmsgcat.c:1177:9
#11 0x0000718dc1467517 (/lib/x86_64-linux-gnu/libc.so.6+0x3b517)
#12 0x00005d2504b56172 llvm::patchReplacementInstruction(llvm::Instruction*, llvm::Value*) /root/llvm/llvm-project-21/llvm/lib/Transforms/Utils/Local.cpp:3543:24
#13 0x00005d2504645c10 (anonymous namespace)::NewGVN::eliminateInstructions(llvm::Function&) /root/llvm/llvm-project-21/llvm/lib/Transforms/Scalar/NewGVN.cpp:4128:11
  [iter  99/200] search_obj=1.0066  search_best=0.7476  validation_best=0.7797  EI=0.0176  rnum=19.3  len=41  syn_rate=0.51  mean=0.9781  worsen=19.00%
GA search time: 1.28s, candidates: 218
[Error] eval /root/iscas/ruyituner/dataset21/poj104-v2-ll_4/train/31_1857.ll: opt failed for pipeline='module(scc-oz-module-inliner),function(mem2reg),function(jump-threading),function(newgvn),module(attributor),function(newgvn),module(iroutliner),module(iroutliner),module(attributor),module(attributor),module(attributor),function(gvn-sink),module(globalopt),function(gvn-sink),module(globalopt),module(globalopt),module(elim-avail-extern),module(elim-avail-extern),module(attributor),module(attributor),module(scc-oz-module-inliner),module(scc-oz-module-inliner),module(iroutliner),module(iroutliner),module(iroutliner),module(iroutliner),module(iroutliner),function(dse),function(gvn-sink),module(elim-avail-extern),module(globalopt),module(elim-avail-extern),module(elim-avail-extern),module(elim-avail-extern),module(elim-avail-extern),module(elim-avail-extern),module(attributor),function(gvn-sink),function(gvn-sink),module(elim-avail-extern),module(elim-avail-extern),module(elim-avail-extern),module(elim-avail-extern),module(scc-oz-module-inliner),function(dce),function(memcpyopt),function(gvn-hoist),function(instsimplify),function(gvn-hoist),function(gvn-hoist)', target_triple=x86_64-unknown-linux-gnu, returncode=-6, cmd=/root/opt/rv64gc_llvm_21/bin/opt -S -passes=module(scc-oz-module-inliner),function(mem2reg),function(jump-threading),function(newgvn),module(attributor),function(newgvn),module(iroutliner),module(iroutliner),module(attributor),module(attributor),module(attributor),function(gvn-sink),module(globalopt),function(gvn-sink),module(globalopt),module(globalopt),module(elim-avail-extern),module(elim-avail-extern),module(attributor),module(attributor),module(scc-oz-module-inliner),module(scc-oz-module-inliner),module(iroutliner),module(iroutliner),module(iroutliner),module(iroutliner),module(iroutliner),function(dse),function(gvn-sink),module(elim-avail-extern),module(globalopt),module(elim-avail-extern),module(elim-avail-extern),module(elim-avail-extern),module(elim-avail-extern),module(elim-avail-extern),module(attributor),function(gvn-sink),function(gvn-sink),module(elim-avail-extern),module(elim-avail-extern),module(elim-avail-extern),module(elim-avail-extern),module(scc-oz-module-inliner),function(dce),function(memcpyopt),function(gvn-hoist),function(instsimplify),function(gvn-hoist),function(gvn-hoist) --mtriple=x86_64-unknown-linux-gnu
opt: /root/llvm/llvm-project-21/llvm/lib/Transforms/Utils/Local.cpp:3527: void llvm::patchReplacementInstruction(Instruction*, Value*): Assertion `Success && "We should not be trying to sink callbases " "with non-intersectable attributes"' failed.
PLEASE submit a bug report to https://github.com/llvm/llvm-project/issues/ and include the crash backtrace.
Stack dump:
0.	Program arguments: /root/opt/rv64gc_llvm_21/bin/opt -S -passes=module(scc-oz-module-inliner),function(mem2reg),function(jump-threading),function(newgvn),module(attributor),function(newgvn),module(iroutliner),module(iroutliner),module(attributor),module(attributor),module(attributor),function(gvn-sink),module(globalopt),function(gvn-sink),module(globalopt),module(globalopt),module(elim-avail-extern),module(elim-avail-extern),module(attributor),module(attributor),module(scc-oz-module-inliner),module(scc-oz-module-inliner),module(iroutliner),module(iroutliner),module(iroutliner),module(iroutliner),module(iroutliner),function(dse),function(gvn-sink),module(elim-avail-extern),module(globalopt),module(elim-avail-extern),module(elim-avail-extern),module(elim-avail-extern),module(elim-avail-extern),module(elim-avail-extern),module(attributor),function(gvn-sink),function(gvn-sink),module(elim-avail-extern),module(elim-avail-extern),module(elim-avail-extern),module(elim-avail-extern),module(scc-oz-module-inliner),function(dce),function(memcpyopt),function(gvn-hoist),function(instsimplify),function(gvn-hoist),function(gvn-hoist) --mtriple=x86_64-unknown-linux-gnu
1.	Running pass "function(newgvn)" on module "<stdin>"
2.	Running pass "newgvn" on function "main"
 #0 0x000058d7a3bffdd0 llvm::sys::PrintStackTrace(llvm::raw_ostream&, int) /root/llvm/llvm-project-21/llvm/lib/Support/Unix/Signals.inc:834:22
 #1 0x000058d7a3c00259 PrintStackTraceSignalHandler(void*) /root/llvm/llvm-project-21/llvm/lib/Support/Unix/Signals.inc:918:1
 #2 0x000058d7a3bfd3c9 llvm::sys::RunSignalHandlers() /root/llvm/llvm-project-21/llvm/lib/Support/Signals.cpp:104:20
 #3 0x000058d7a3bff60d SignalHandler(int, siginfo_t*, void*) /root/llvm/llvm-project-21/llvm/lib/Support/Unix/Signals.inc:426:14
 #4 0x0000758d321b7330 (/lib/x86_64-linux-gnu/libc.so.6+0x45330)
 #5 0x0000758d32210b2c __pthread_kill_implementation ./nptl/pthread_kill.c:44:76
 #6 0x0000758d32210b2c __pthread_kill_internal ./nptl/pthread_kill.c:78:10
 #7 0x0000758d32210b2c pthread_kill ./nptl/pthread_kill.c:89:10
 #8 0x0000758d321b727e raise ./signal/../sysdeps/posix/raise.c:27:6
 #9 0x0000758d3219a8ff abort ./stdlib/abort.c:81:7
#10 0x0000758d3219a81b _nl_load_domain ./intl/loadmsgcat.c:1177:9
#11 0x0000758d321ad517 (/lib/x86_64-linux-gnu/libc.so.6+0x3b517)
#12 0x000058d7a26bb172 llvm::patchReplacementInstruction(llvm::Instruction*, llvm::Value*) /root/llvm/llvm-project-21/llvm/lib/Transforms/Utils/Local.cpp:3543:24
#13 0x000058d7a21aac10 (anonymous namespace)::NewGVN::eliminateInstructions(llvm::Function&) /root/llvm/llvm-project-21/llvm/lib/Transforms/Scalar/NewGVN.cpp:4128:11
  [iter 100/200] search_obj=1.0676  search_best=0.7476  validation_best=0.7797  EI=0.0148  rnum=18.7  len=50  syn_rate=0.51  mean=1.0391  worsen=19.00%
GA search time: 1.25s, candidates: 218
  [iter 101/200] search_obj=0.8947  search_best=0.7476  validation_best=0.7797  EI=0.0158  rnum=18.1  len=49  syn_rate=0.56  mean=0.8812  worsen=9.00%
GA search time: 1.27s, candidates: 217
  [iter 102/200] search_obj=0.8255  search_best=0.7476  validation_best=0.7797  EI=0.0174  rnum=17.6  len=22  syn_rate=0.36  mean=0.8135  worsen=8.00%
GA search time: 1.20s, candidates: 216
  [iter 103/200] search_obj=0.7641  search_best=0.7476  validation_best=0.7797  EI=0.0151  rnum=17.0  len=27  syn_rate=0.43  mean=0.7536  worsen=7.00%
GA search time: 1.39s, candidates: 216
  [iter 104/200] search_obj=0.7693  search_best=0.7476  validation_best=0.7797  EI=0.0163  rnum=16.5  len=29  syn_rate=0.49  mean=0.7573  worsen=8.00%
GA search time: 1.26s, candidates: 215
[Error] eval /root/iscas/ruyituner/dataset21/poj104-v2-ll_4/train/31_1857.ll: opt failed for pipeline='module(attributor),module(scc-oz-module-inliner),function(jump-threading),function(newgvn),module(attributor),module(scc-oz-module-inliner),module(iroutliner),function(dce),module(inferattrs),module(elim-avail-extern),function(gvn-sink),module(elim-avail-extern),module(elim-avail-extern),module(globalopt),function(gvn-sink),module(globalopt),module(globalopt),function(dse),function(gvn-sink),module(globalopt),module(attributor),function(dce),module(iroutliner),function(memcpyopt),function(gvn-sink),function(gvn-sink),module(globalopt),function(gvn-sink),module(attributor),module(iroutliner),function(instsimplify),function(memcpyopt),function(gvn-hoist),function(dce),function(gvn-hoist),function(instsimplify),function(dce),module(scc-oz-module-inliner),module(iroutliner)', target_triple=x86_64-unknown-linux-gnu, returncode=-6, cmd=/root/opt/rv64gc_llvm_21/bin/opt -S -passes=module(attributor),module(scc-oz-module-inliner),function(jump-threading),function(newgvn),module(attributor),module(scc-oz-module-inliner),module(iroutliner),function(dce),module(inferattrs),module(elim-avail-extern),function(gvn-sink),module(elim-avail-extern),module(elim-avail-extern),module(globalopt),function(gvn-sink),module(globalopt),module(globalopt),function(dse),function(gvn-sink),module(globalopt),module(attributor),function(dce),module(iroutliner),function(memcpyopt),function(gvn-sink),function(gvn-sink),module(globalopt),function(gvn-sink),module(attributor),module(iroutliner),function(instsimplify),function(memcpyopt),function(gvn-hoist),function(dce),function(gvn-hoist),function(instsimplify),function(dce),module(scc-oz-module-inliner),module(iroutliner) --mtriple=x86_64-unknown-linux-gnu
opt: /root/llvm/llvm-project-21/llvm/lib/Transforms/Utils/Local.cpp:3527: void llvm::patchReplacementInstruction(Instruction*, Value*): Assertion `Success && "We should not be trying to sink callbases " "with non-intersectable attributes"' failed.
PLEASE submit a bug report to https://github.com/llvm/llvm-project/issues/ and include the crash backtrace.
Stack dump:
0.	Program arguments: /root/opt/rv64gc_llvm_21/bin/opt -S -passes=module(attributor),module(scc-oz-module-inliner),function(jump-threading),function(newgvn),module(attributor),module(scc-oz-module-inliner),module(iroutliner),function(dce),module(inferattrs),module(elim-avail-extern),function(gvn-sink),module(elim-avail-extern),module(elim-avail-extern),module(globalopt),function(gvn-sink),module(globalopt),module(globalopt),function(dse),function(gvn-sink),module(globalopt),module(attributor),function(dce),module(iroutliner),function(memcpyopt),function(gvn-sink),function(gvn-sink),module(globalopt),function(gvn-sink),module(attributor),module(iroutliner),function(instsimplify),function(memcpyopt),function(gvn-hoist),function(dce),function(gvn-hoist),function(instsimplify),function(dce),module(scc-oz-module-inliner),module(iroutliner) --mtriple=x86_64-unknown-linux-gnu
1.	Running pass "function(newgvn)" on module "<stdin>"
2.	Running pass "newgvn" on function "main"
 #0 0x000060a810e46dd0 llvm::sys::PrintStackTrace(llvm::raw_ostream&, int) /root/llvm/llvm-project-21/llvm/lib/Support/Unix/Signals.inc:834:22
 #1 0x000060a810e47259 PrintStackTraceSignalHandler(void*) /root/llvm/llvm-project-21/llvm/lib/Support/Unix/Signals.inc:918:1
 #2 0x000060a810e443c9 llvm::sys::RunSignalHandlers() /root/llvm/llvm-project-21/llvm/lib/Support/Signals.cpp:104:20
 #3 0x000060a810e4660d SignalHandler(int, siginfo_t*, void*) /root/llvm/llvm-project-21/llvm/lib/Support/Unix/Signals.inc:426:14
 #4 0x000079bd16696330 (/lib/x86_64-linux-gnu/libc.so.6+0x45330)
 #5 0x000079bd166efb2c __pthread_kill_implementation ./nptl/pthread_kill.c:44:76
 #6 0x000079bd166efb2c __pthread_kill_internal ./nptl/pthread_kill.c:78:10
 #7 0x000079bd166efb2c pthread_kill ./nptl/pthread_kill.c:89:10
 #8 0x000079bd1669627e raise ./signal/../sysdeps/posix/raise.c:27:6
 #9 0x000079bd166798ff abort ./stdlib/abort.c:81:7
#10 0x000079bd1667981b _nl_load_domain ./intl/loadmsgcat.c:1177:9
#11 0x000079bd1668c517 (/lib/x86_64-linux-gnu/libc.so.6+0x3b517)
#12 0x000060a80f902172 llvm::patchReplacementInstruction(llvm::Instruction*, llvm::Value*) /root/llvm/llvm-project-21/llvm/lib/Transforms/Utils/Local.cpp:3543:24
#13 0x000060a80f3f1c10 (anonymous namespace)::NewGVN::eliminateInstructions(llvm::Function&) /root/llvm/llvm-project-21/llvm/lib/Transforms/Scalar/NewGVN.cpp:4128:11
  [iter 105/200] search_obj=1.0067  search_best=0.7476  validation_best=0.7797  EI=0.0182  rnum=15.9  len=39  syn_rate=0.49  mean=0.9782  worsen=19.00%
GA search time: 1.39s, candidates: 215
  [iter 106/200] search_obj=0.8651  search_best=0.7476  validation_best=0.7797  EI=0.0226  rnum=15.4  len=29  syn_rate=0.43  mean=0.8501  worsen=10.00%
GA search time: 1.29s, candidates: 214
[Error] eval /root/iscas/ruyituner/dataset21/poj104-v2-ll_4/train/31_1857.ll: opt failed for pipeline='function(gvn-hoist),function(dse),module(elim-avail-extern),module(iroutliner),module(globalopt),function(instsimplify),function(gvn-sink),function(memcpyopt),module(elim-avail-extern),module(scc-oz-module-inliner),module(globalopt),function(newgvn),module(inferattrs),module(globalopt),function(dce),module(iroutliner),function(dce),function(jump-threading),function(gvn-sink),function(memcpyopt),function(gvn-hoist),function(dce),module(globalopt),module(attributor),module(elim-avail-extern),module(iroutliner),module(iroutliner),module(elim-avail-extern),module(globalopt),function(gvn-hoist),function(dce)', target_triple=x86_64-unknown-linux-gnu, returncode=-6, cmd=/root/opt/rv64gc_llvm_21/bin/opt -S -passes=function(gvn-hoist),function(dse),module(elim-avail-extern),module(iroutliner),module(globalopt),function(instsimplify),function(gvn-sink),function(memcpyopt),module(elim-avail-extern),module(scc-oz-module-inliner),module(globalopt),function(newgvn),module(inferattrs),module(globalopt),function(dce),module(iroutliner),function(dce),function(jump-threading),function(gvn-sink),function(memcpyopt),function(gvn-hoist),function(dce),module(globalopt),module(attributor),module(elim-avail-extern),module(iroutliner),module(iroutliner),module(elim-avail-extern),module(globalopt),function(gvn-hoist),function(dce) --mtriple=x86_64-unknown-linux-gnu
opt: /root/llvm/llvm-project-21/llvm/lib/Transforms/Utils/Local.cpp:3527: void llvm::patchReplacementInstruction(Instruction*, Value*): Assertion `Success && "We should not be trying to sink callbases " "with non-intersectable attributes"' failed.
PLEASE submit a bug report to https://github.com/llvm/llvm-project/issues/ and include the crash backtrace.
Stack dump:
0.	Program arguments: /root/opt/rv64gc_llvm_21/bin/opt -S -passes=function(gvn-hoist),function(dse),module(elim-avail-extern),module(iroutliner),module(globalopt),function(instsimplify),function(gvn-sink),function(memcpyopt),module(elim-avail-extern),module(scc-oz-module-inliner),module(globalopt),function(newgvn),module(inferattrs),module(globalopt),function(dce),module(iroutliner),function(dce),function(jump-threading),function(gvn-sink),function(memcpyopt),function(gvn-hoist),function(dce),module(globalopt),module(attributor),module(elim-avail-extern),module(iroutliner),module(iroutliner),module(elim-avail-extern),module(globalopt),function(gvn-hoist),function(dce) --mtriple=x86_64-unknown-linux-gnu
1.	Running pass "function(newgvn)" on module "<stdin>"
2.	Running pass "newgvn" on function "main"
 #0 0x00005ad330a75dd0 llvm::sys::PrintStackTrace(llvm::raw_ostream&, int) /root/llvm/llvm-project-21/llvm/lib/Support/Unix/Signals.inc:834:22
 #1 0x00005ad330a76259 PrintStackTraceSignalHandler(void*) /root/llvm/llvm-project-21/llvm/lib/Support/Unix/Signals.inc:918:1
 #2 0x00005ad330a733c9 llvm::sys::RunSignalHandlers() /root/llvm/llvm-project-21/llvm/lib/Support/Signals.cpp:104:20
 #3 0x00005ad330a7560d SignalHandler(int, siginfo_t*, void*) /root/llvm/llvm-project-21/llvm/lib/Support/Unix/Signals.inc:426:14
 #4 0x00007d11f11dc330 (/lib/x86_64-linux-gnu/libc.so.6+0x45330)
 #5 0x00007d11f1235b2c __pthread_kill_implementation ./nptl/pthread_kill.c:44:76
 #6 0x00007d11f1235b2c __pthread_kill_internal ./nptl/pthread_kill.c:78:10
 #7 0x00007d11f1235b2c pthread_kill ./nptl/pthread_kill.c:89:10
 #8 0x00007d11f11dc27e raise ./signal/../sysdeps/posix/raise.c:27:6
 #9 0x00007d11f11bf8ff abort ./stdlib/abort.c:81:7
#10 0x00007d11f11bf81b _nl_load_domain ./intl/loadmsgcat.c:1177:9
#11 0x00007d11f11d2517 (/lib/x86_64-linux-gnu/libc.so.6+0x3b517)
#12 0x00005ad32f531172 llvm::patchReplacementInstruction(llvm::Instruction*, llvm::Value*) /root/llvm/llvm-project-21/llvm/lib/Transforms/Utils/Local.cpp:3543:24
#13 0x00005ad32f020c10 (anonymous namespace)::NewGVN::eliminateInstructions(llvm::Function&) /root/llvm/llvm-project-21/llvm/lib/Transforms/Scalar/NewGVN.cpp:4128:11
  [iter 107/200] search_obj=0.9978  search_best=0.7476  validation_best=0.7797  EI=0.0215  rnum=14.9  len=31  syn_rate=0.49  mean=0.9798  worsen=12.00%
GA search time: 1.08s, candidates: 214
  [iter 108/200] search_obj=0.7698  search_best=0.7476  validation_best=0.7797  EI=0.0194  rnum=14.4  len=28  syn_rate=0.51  mean=0.7578  worsen=8.00%
GA search time: 1.55s, candidates: 213
[Error] eval /root/iscas/ruyituner/dataset21/poj104-v2-ll_4/train/31_1857.ll: opt failed for pipeline='module(scc-oz-module-inliner),function(newgvn),function(gvn-sink),function(jump-threading),function(newgvn),module(attributor),module(iroutliner),module(attributor),module(attributor),module(iroutliner),module(iroutliner),module(globalopt),module(elim-avail-extern),function(gvn-sink),module(elim-avail-extern),module(attributor),function(gvn-sink),module(attributor),module(iroutliner),module(iroutliner),module(globalopt),module(elim-avail-extern),module(attributor),function(gvn-sink),module(elim-avail-extern),module(globalopt),function(gvn-sink),function(gvn-hoist),module(elim-avail-extern),module(iroutliner),function(instsimplify),function(gvn-hoist),module(attributor),function(memcpyopt),function(reassociate),module(globalopt),function(gvn-sink),function(newgvn),function(gvn-sink),function(jump-threading),module(globalopt),module(attributor),function(newgvn),function(dce),module(elim-avail-extern),module(scc-oz-module-inliner)', target_triple=x86_64-unknown-linux-gnu, returncode=-6, cmd=/root/opt/rv64gc_llvm_21/bin/opt -S -passes=module(scc-oz-module-inliner),function(newgvn),function(gvn-sink),function(jump-threading),function(newgvn),module(attributor),module(iroutliner),module(attributor),module(attributor),module(iroutliner),module(iroutliner),module(globalopt),module(elim-avail-extern),function(gvn-sink),module(elim-avail-extern),module(attributor),function(gvn-sink),module(attributor),module(iroutliner),module(iroutliner),module(globalopt),module(elim-avail-extern),module(attributor),function(gvn-sink),module(elim-avail-extern),module(globalopt),function(gvn-sink),function(gvn-hoist),module(elim-avail-extern),module(iroutliner),function(instsimplify),function(gvn-hoist),module(attributor),function(memcpyopt),function(reassociate),module(globalopt),function(gvn-sink),function(newgvn),function(gvn-sink),function(jump-threading),module(globalopt),module(attributor),function(newgvn),function(dce),module(elim-avail-extern),module(scc-oz-module-inliner) --mtriple=x86_64-unknown-linux-gnu
opt: /root/llvm/llvm-project-21/llvm/lib/Transforms/Utils/Local.cpp:3527: void llvm::patchReplacementInstruction(Instruction*, Value*): Assertion `Success && "We should not be trying to sink callbases " "with non-intersectable attributes"' failed.
PLEASE submit a bug report to https://github.com/llvm/llvm-project/issues/ and include the crash backtrace.
Stack dump:
0.	Program arguments: /root/opt/rv64gc_llvm_21/bin/opt -S -passes=module(scc-oz-module-inliner),function(newgvn),function(gvn-sink),function(jump-threading),function(newgvn),module(attributor),module(iroutliner),module(attributor),module(attributor),module(iroutliner),module(iroutliner),module(globalopt),module(elim-avail-extern),function(gvn-sink),module(elim-avail-extern),module(attributor),function(gvn-sink),module(attributor),module(iroutliner),module(iroutliner),module(globalopt),module(elim-avail-extern),module(attributor),function(gvn-sink),module(elim-avail-extern),module(globalopt),function(gvn-sink),function(gvn-hoist),module(elim-avail-extern),module(iroutliner),function(instsimplify),function(gvn-hoist),module(attributor),function(memcpyopt),function(reassociate),module(globalopt),function(gvn-sink),function(newgvn),function(gvn-sink),function(jump-threading),module(globalopt),module(attributor),function(newgvn),function(dce),module(elim-avail-extern),module(scc-oz-module-inliner) --mtriple=x86_64-unknown-linux-gnu
1.	Running pass "function(newgvn)" on module "<stdin>"
2.	Running pass "newgvn" on function "main"
 #0 0x00005daf136f3dd0 llvm::sys::PrintStackTrace(llvm::raw_ostream&, int) /root/llvm/llvm-project-21/llvm/lib/Support/Unix/Signals.inc:834:22
 #1 0x00005daf136f4259 PrintStackTraceSignalHandler(void*) /root/llvm/llvm-project-21/llvm/lib/Support/Unix/Signals.inc:918:1
 #2 0x00005daf136f13c9 llvm::sys::RunSignalHandlers() /root/llvm/llvm-project-21/llvm/lib/Support/Signals.cpp:104:20
 #3 0x00005daf136f360d SignalHandler(int, siginfo_t*, void*) /root/llvm/llvm-project-21/llvm/lib/Support/Unix/Signals.inc:426:14
 #4 0x0000742301184330 (/lib/x86_64-linux-gnu/libc.so.6+0x45330)
 #5 0x00007423011ddb2c __pthread_kill_implementation ./nptl/pthread_kill.c:44:76
 #6 0x00007423011ddb2c __pthread_kill_internal ./nptl/pthread_kill.c:78:10
 #7 0x00007423011ddb2c pthread_kill ./nptl/pthread_kill.c:89:10
 #8 0x000074230118427e raise ./signal/../sysdeps/posix/raise.c:27:6
 #9 0x00007423011678ff abort ./stdlib/abort.c:81:7
#10 0x000074230116781b _nl_load_domain ./intl/loadmsgcat.c:1177:9
#11 0x000074230117a517 (/lib/x86_64-linux-gnu/libc.so.6+0x3b517)
#12 0x00005daf121af172 llvm::patchReplacementInstruction(llvm::Instruction*, llvm::Value*) /root/llvm/llvm-project-21/llvm/lib/Transforms/Utils/Local.cpp:3543:24
#13 0x00005daf11c9ec10 (anonymous namespace)::NewGVN::eliminateInstructions(llvm::Function&) /root/llvm/llvm-project-21/llvm/lib/Transforms/Scalar/NewGVN.cpp:4128:11
  [iter 109/200] search_obj=1.0690  search_best=0.7476  validation_best=0.7797  EI=0.0176  rnum=14.0  len=46  syn_rate=0.51  mean=1.0390  worsen=20.00%
GA search time: 1.16s, candidates: 213
[Error] eval /root/iscas/ruyituner/dataset21/poj104-v2-ll_4/train/31_1857.ll: opt failed for pipeline='function(gvn-hoist),module(elim-avail-extern),module(globalopt),function(memcpyopt),function(instsimplify),module(iroutliner),module(attributor),function(dse),module(elim-avail-extern),function(gvn-hoist),module(iroutliner),module(globalopt),module(attributor),function(gvn-sink),module(elim-avail-extern),function(dce),module(scc-oz-module-inliner),function(newgvn),function(gvn-hoist),module(globalopt),function(dce),function(newgvn),module(globalopt),function(instsimplify),function(dse),function(jump-threading),module(iroutliner)', target_triple=x86_64-unknown-linux-gnu, returncode=-6, cmd=/root/opt/rv64gc_llvm_21/bin/opt -S -passes=function(gvn-hoist),module(elim-avail-extern),module(globalopt),function(memcpyopt),function(instsimplify),module(iroutliner),module(attributor),function(dse),module(elim-avail-extern),function(gvn-hoist),module(iroutliner),module(globalopt),module(attributor),function(gvn-sink),module(elim-avail-extern),function(dce),module(scc-oz-module-inliner),function(newgvn),function(gvn-hoist),module(globalopt),function(dce),function(newgvn),module(globalopt),function(instsimplify),function(dse),function(jump-threading),module(iroutliner) --mtriple=x86_64-unknown-linux-gnu
opt: /root/llvm/llvm-project-21/llvm/lib/Transforms/Utils/Local.cpp:3527: void llvm::patchReplacementInstruction(Instruction*, Value*): Assertion `Success && "We should not be trying to sink callbases " "with non-intersectable attributes"' failed.
PLEASE submit a bug report to https://github.com/llvm/llvm-project/issues/ and include the crash backtrace.
Stack dump:
0.	Program arguments: /root/opt/rv64gc_llvm_21/bin/opt -S -passes=function(gvn-hoist),module(elim-avail-extern),module(globalopt),function(memcpyopt),function(instsimplify),module(iroutliner),module(attributor),function(dse),module(elim-avail-extern),function(gvn-hoist),module(iroutliner),module(globalopt),module(attributor),function(gvn-sink),module(elim-avail-extern),function(dce),module(scc-oz-module-inliner),function(newgvn),function(gvn-hoist),module(globalopt),function(dce),function(newgvn),module(globalopt),function(instsimplify),function(dse),function(jump-threading),module(iroutliner) --mtriple=x86_64-unknown-linux-gnu
1.	Running pass "function(newgvn)" on module "<stdin>"
2.	Running pass "newgvn" on function "main"
 #0 0x000056ae2d228dd0 llvm::sys::PrintStackTrace(llvm::raw_ostream&, int) /root/llvm/llvm-project-21/llvm/lib/Support/Unix/Signals.inc:834:22
 #1 0x000056ae2d229259 PrintStackTraceSignalHandler(void*) /root/llvm/llvm-project-21/llvm/lib/Support/Unix/Signals.inc:918:1
 #2 0x000056ae2d2263c9 llvm::sys::RunSignalHandlers() /root/llvm/llvm-project-21/llvm/lib/Support/Signals.cpp:104:20
 #3 0x000056ae2d22860d SignalHandler(int, siginfo_t*, void*) /root/llvm/llvm-project-21/llvm/lib/Support/Unix/Signals.inc:426:14
 #4 0x0000758be01fe330 (/lib/x86_64-linux-gnu/libc.so.6+0x45330)
 #5 0x0000758be0257b2c __pthread_kill_implementation ./nptl/pthread_kill.c:44:76
 #6 0x0000758be0257b2c __pthread_kill_internal ./nptl/pthread_kill.c:78:10
 #7 0x0000758be0257b2c pthread_kill ./nptl/pthread_kill.c:89:10
 #8 0x0000758be01fe27e raise ./signal/../sysdeps/posix/raise.c:27:6
 #9 0x0000758be01e18ff abort ./stdlib/abort.c:81:7
#10 0x0000758be01e181b _nl_load_domain ./intl/loadmsgcat.c:1177:9
#11 0x0000758be01f4517 (/lib/x86_64-linux-gnu/libc.so.6+0x3b517)
#12 0x000056ae2bce4172 llvm::patchReplacementInstruction(llvm::Instruction*, llvm::Value*) /root/llvm/llvm-project-21/llvm/lib/Transforms/Utils/Local.cpp:3543:24
#13 0x000056ae2b7d3c10 (anonymous namespace)::NewGVN::eliminateInstructions(llvm::Function&) /root/llvm/llvm-project-21/llvm/lib/Transforms/Scalar/NewGVN.cpp:4128:11
  [iter 110/200] search_obj=0.8142  search_best=0.7476  validation_best=0.7797  EI=0.0177  rnum=13.5  len=27  syn_rate=0.48  mean=0.8022  worsen=8.00%
GA search time: 0.99s, candidates: 213
[Error] eval /root/iscas/ruyituner/dataset21/poj104-v2-ll_4/train/31_1857.ll: opt failed for pipeline='module(elim-avail-extern),module(iroutliner),function(instsimplify),function(gvn-hoist),module(attributor),function(memcpyopt),function(jump-threading),module(scc-oz-module-inliner),module(globalopt),function(gvn-hoist),function(memcpyopt),module(globalopt),function(gvn-sink),function(newgvn,loop(loop-simplifycfg)),function(gvn-sink),module(globalopt),module(attributor),function(dce),module(iroutliner),module(elim-avail-extern),module(scc-oz-module-inliner),function(gvn-hoist)', target_triple=x86_64-unknown-linux-gnu, returncode=-6, cmd=/root/opt/rv64gc_llvm_21/bin/opt -S -passes=module(elim-avail-extern),module(iroutliner),function(instsimplify),function(gvn-hoist),module(attributor),function(memcpyopt),function(jump-threading),module(scc-oz-module-inliner),module(globalopt),function(gvn-hoist),function(memcpyopt),module(globalopt),function(gvn-sink),function(newgvn,loop(loop-simplifycfg)),function(gvn-sink),module(globalopt),module(attributor),function(dce),module(iroutliner),module(elim-avail-extern),module(scc-oz-module-inliner),function(gvn-hoist) --mtriple=x86_64-unknown-linux-gnu
opt: /root/llvm/llvm-project-21/llvm/lib/Transforms/Utils/Local.cpp:3527: void llvm::patchReplacementInstruction(Instruction*, Value*): Assertion `Success && "We should not be trying to sink callbases " "with non-intersectable attributes"' failed.
PLEASE submit a bug report to https://github.com/llvm/llvm-project/issues/ and include the crash backtrace.
Stack dump:
0.	Program arguments: /root/opt/rv64gc_llvm_21/bin/opt -S -passes=module(elim-avail-extern),module(iroutliner),function(instsimplify),function(gvn-hoist),module(attributor),function(memcpyopt),function(jump-threading),module(scc-oz-module-inliner),module(globalopt),function(gvn-hoist),function(memcpyopt),module(globalopt),function(gvn-sink),function(newgvn,loop(loop-simplifycfg)),function(gvn-sink),module(globalopt),module(attributor),function(dce),module(iroutliner),module(elim-avail-extern),module(scc-oz-module-inliner),function(gvn-hoist) --mtriple=x86_64-unknown-linux-gnu
1.	Running pass "function(newgvn,loop(loop-simplifycfg))" on module "<stdin>"
2.	Running pass "newgvn" on function "main"
 #0 0x000058243cf7fdd0 llvm::sys::PrintStackTrace(llvm::raw_ostream&, int) /root/llvm/llvm-project-21/llvm/lib/Support/Unix/Signals.inc:834:22
 #1 0x000058243cf80259 PrintStackTraceSignalHandler(void*) /root/llvm/llvm-project-21/llvm/lib/Support/Unix/Signals.inc:918:1
 #2 0x000058243cf7d3c9 llvm::sys::RunSignalHandlers() /root/llvm/llvm-project-21/llvm/lib/Support/Signals.cpp:104:20
 #3 0x000058243cf7f60d SignalHandler(int, siginfo_t*, void*) /root/llvm/llvm-project-21/llvm/lib/Support/Unix/Signals.inc:426:14
 #4 0x000076bd1ef7f330 (/lib/x86_64-linux-gnu/libc.so.6+0x45330)
 #5 0x000076bd1efd8b2c __pthread_kill_implementation ./nptl/pthread_kill.c:44:76
 #6 0x000076bd1efd8b2c __pthread_kill_internal ./nptl/pthread_kill.c:78:10
 #7 0x000076bd1efd8b2c pthread_kill ./nptl/pthread_kill.c:89:10
 #8 0x000076bd1ef7f27e raise ./signal/../sysdeps/posix/raise.c:27:6
 #9 0x000076bd1ef628ff abort ./stdlib/abort.c:81:7
#10 0x000076bd1ef6281b _nl_load_domain ./intl/loadmsgcat.c:1177:9
#11 0x000076bd1ef75517 (/lib/x86_64-linux-gnu/libc.so.6+0x3b517)
#12 0x000058243ba3b172 llvm::patchReplacementInstruction(llvm::Instruction*, llvm::Value*) /root/llvm/llvm-project-21/llvm/lib/Transforms/Utils/Local.cpp:3543:24
#13 0x000058243b52ac10 (anonymous namespace)::NewGVN::eliminateInstructions(llvm::Function&) /root/llvm/llvm-project-21/llvm/lib/Transforms/Scalar/NewGVN.cpp:4128:11
  [iter 111/200] search_obj=0.8201  search_best=0.7476  validation_best=0.7797  EI=0.0185  rnum=13.0  len=23  syn_rate=0.45  mean=0.8081  worsen=8.00%
GA search time: 1.40s, candidates: 212
[Error] eval /root/iscas/ruyituner/dataset21/poj104-v2-ll_4/train/31_1857.ll: opt failed for pipeline='module(scc-oz-module-inliner),function(newgvn),function(memcpyopt),function(instsimplify),module(iroutliner),function(dce),module(attributor),function(instsimplify),function(dce),module(elim-avail-extern),module(iroutliner),module(elim-avail-extern),module(globalopt),module(elim-avail-extern),module(elim-avail-extern),module(scc-oz-module-inliner),function(jump-threading),module(globalopt),function(gvn-hoist),function(gvn-sink),module(elim-avail-extern),module(attributor),module(elim-avail-extern),function(dce),function(newgvn),function(gvn-sink),module(iroutliner),module(attributor),module(attributor),module(globalopt),module(attributor),module(globalopt),function(dce),module(iroutliner),function(instsimplify),function(gvn-hoist),module(attributor),function(memcpyopt),function(jump-threading),module(globalopt),function(gvn-sink),function(dse),module(globalopt),module(scc-oz-module-inliner),function(newgvn),function(gvn-sink),module(globalopt),module(attributor),module(iroutliner),module(elim-avail-extern),module(elim-avail-extern),module(scc-oz-module-inliner)', target_triple=x86_64-unknown-linux-gnu, returncode=-6, cmd=/root/opt/rv64gc_llvm_21/bin/opt -S -passes=module(scc-oz-module-inliner),function(newgvn),function(memcpyopt),function(instsimplify),module(iroutliner),function(dce),module(attributor),function(instsimplify),function(dce),module(elim-avail-extern),module(iroutliner),module(elim-avail-extern),module(globalopt),module(elim-avail-extern),module(elim-avail-extern),module(scc-oz-module-inliner),function(jump-threading),module(globalopt),function(gvn-hoist),function(gvn-sink),module(elim-avail-extern),module(attributor),module(elim-avail-extern),function(dce),function(newgvn),function(gvn-sink),module(iroutliner),module(attributor),module(attributor),module(globalopt),module(attributor),module(globalopt),function(dce),module(iroutliner),function(instsimplify),function(gvn-hoist),module(attributor),function(memcpyopt),function(jump-threading),module(globalopt),function(gvn-sink),function(dse),module(globalopt),module(scc-oz-module-inliner),function(newgvn),function(gvn-sink),module(globalopt),module(attributor),module(iroutliner),module(elim-avail-extern),module(elim-avail-extern),module(scc-oz-module-inliner) --mtriple=x86_64-unknown-linux-gnu
opt: /root/llvm/llvm-project-21/llvm/lib/Transforms/Utils/Local.cpp:3527: void llvm::patchReplacementInstruction(Instruction*, Value*): Assertion `Success && "We should not be trying to sink callbases " "with non-intersectable attributes"' failed.
PLEASE submit a bug report to https://github.com/llvm/llvm-project/issues/ and include the crash backtrace.
Stack dump:
0.	Program arguments: /root/opt/rv64gc_llvm_21/bin/opt -S -passes=module(scc-oz-module-inliner),function(newgvn),function(memcpyopt),function(instsimplify),module(iroutliner),function(dce),module(attributor),function(instsimplify),function(dce),module(elim-avail-extern),module(iroutliner),module(elim-avail-extern),module(globalopt),module(elim-avail-extern),module(elim-avail-extern),module(scc-oz-module-inliner),function(jump-threading),module(globalopt),function(gvn-hoist),function(gvn-sink),module(elim-avail-extern),module(attributor),module(elim-avail-extern),function(dce),function(newgvn),function(gvn-sink),module(iroutliner),module(attributor),module(attributor),module(globalopt),module(attributor),module(globalopt),function(dce),module(iroutliner),function(instsimplify),function(gvn-hoist),module(attributor),function(memcpyopt),function(jump-threading),module(globalopt),function(gvn-sink),function(dse),module(globalopt),module(scc-oz-module-inliner),function(newgvn),function(gvn-sink),module(globalopt),module(attributor),module(iroutliner),module(elim-avail-extern),module(elim-avail-extern),module(scc-oz-module-inliner) --mtriple=x86_64-unknown-linux-gnu
1.	Running pass "function(newgvn)" on module "<stdin>"
2.	Running pass "newgvn" on function "main"
 #0 0x00005e6824391dd0 llvm::sys::PrintStackTrace(llvm::raw_ostream&, int) /root/llvm/llvm-project-21/llvm/lib/Support/Unix/Signals.inc:834:22
 #1 0x00005e6824392259 PrintStackTraceSignalHandler(void*) /root/llvm/llvm-project-21/llvm/lib/Support/Unix/Signals.inc:918:1
 #2 0x00005e682438f3c9 llvm::sys::RunSignalHandlers() /root/llvm/llvm-project-21/llvm/lib/Support/Signals.cpp:104:20
 #3 0x00005e682439160d SignalHandler(int, siginfo_t*, void*) /root/llvm/llvm-project-21/llvm/lib/Support/Unix/Signals.inc:426:14
 #4 0x000073e76b914330 (/lib/x86_64-linux-gnu/libc.so.6+0x45330)
 #5 0x000073e76b96db2c __pthread_kill_implementation ./nptl/pthread_kill.c:44:76
 #6 0x000073e76b96db2c __pthread_kill_internal ./nptl/pthread_kill.c:78:10
 #7 0x000073e76b96db2c pthread_kill ./nptl/pthread_kill.c:89:10
 #8 0x000073e76b91427e raise ./signal/../sysdeps/posix/raise.c:27:6
 #9 0x000073e76b8f78ff abort ./stdlib/abort.c:81:7
#10 0x000073e76b8f781b _nl_load_domain ./intl/loadmsgcat.c:1177:9
#11 0x000073e76b90a517 (/lib/x86_64-linux-gnu/libc.so.6+0x3b517)
#12 0x00005e6822e4d172 llvm::patchReplacementInstruction(llvm::Instruction*, llvm::Value*) /root/llvm/llvm-project-21/llvm/lib/Transforms/Utils/Local.cpp:3543:24
#13 0x00005e682293cc10 (anonymous namespace)::NewGVN::eliminateInstructions(llvm::Function&) /root/llvm/llvm-project-21/llvm/lib/Transforms/Scalar/NewGVN.cpp:4128:11
  [iter 112/200] search_obj=1.0673  search_best=0.7476  validation_best=0.7797  EI=0.0183  rnum=12.6  len=52  syn_rate=0.59  mean=1.0388  worsen=19.00%
GA search time: 1.01s, candidates: 212
[Error] eval /root/iscas/ruyituner/dataset21/poj104-v2-ll_4/train/31_1857.ll: opt failed for pipeline='module(globalopt),function(dce),module(elim-avail-extern),function(memcpyopt),function(memcpyopt),module(scc-oz-module-inliner),function(gvn-hoist),function(dse),function(instsimplify),function(gvn-sink),module(iroutliner),function(memcpyopt),function(jump-threading),module(attributor),module(elim-avail-extern),function(gvn-hoist),module(globalopt),module(elim-avail-extern),module(attributor),function(newgvn),function(memcpyopt),function(jump-threading),module(elim-avail-extern),module(iroutliner),function(gvn-sink),module(iroutliner),module(iroutliner)', target_triple=x86_64-unknown-linux-gnu, returncode=-6, cmd=/root/opt/rv64gc_llvm_21/bin/opt -S -passes=module(globalopt),function(dce),module(elim-avail-extern),function(memcpyopt),function(memcpyopt),module(scc-oz-module-inliner),function(gvn-hoist),function(dse),function(instsimplify),function(gvn-sink),module(iroutliner),function(memcpyopt),function(jump-threading),module(attributor),module(elim-avail-extern),function(gvn-hoist),module(globalopt),module(elim-avail-extern),module(attributor),function(newgvn),function(memcpyopt),function(jump-threading),module(elim-avail-extern),module(iroutliner),function(gvn-sink),module(iroutliner),module(iroutliner) --mtriple=x86_64-unknown-linux-gnu
opt: /root/llvm/llvm-project-21/llvm/lib/Transforms/Utils/Local.cpp:3527: void llvm::patchReplacementInstruction(Instruction*, Value*): Assertion `Success && "We should not be trying to sink callbases " "with non-intersectable attributes"' failed.
PLEASE submit a bug report to https://github.com/llvm/llvm-project/issues/ and include the crash backtrace.
Stack dump:
0.	Program arguments: /root/opt/rv64gc_llvm_21/bin/opt -S -passes=module(globalopt),function(dce),module(elim-avail-extern),function(memcpyopt),function(memcpyopt),module(scc-oz-module-inliner),function(gvn-hoist),function(dse),function(instsimplify),function(gvn-sink),module(iroutliner),function(memcpyopt),function(jump-threading),module(attributor),module(elim-avail-extern),function(gvn-hoist),module(globalopt),module(elim-avail-extern),module(attributor),function(newgvn),function(memcpyopt),function(jump-threading),module(elim-avail-extern),module(iroutliner),function(gvn-sink),module(iroutliner),module(iroutliner) --mtriple=x86_64-unknown-linux-gnu
1.	Running pass "function(newgvn)" on module "<stdin>"
2.	Running pass "newgvn" on function "main"
 #0 0x00005e3621b14dd0 llvm::sys::PrintStackTrace(llvm::raw_ostream&, int) /root/llvm/llvm-project-21/llvm/lib/Support/Unix/Signals.inc:834:22
 #1 0x00005e3621b15259 PrintStackTraceSignalHandler(void*) /root/llvm/llvm-project-21/llvm/lib/Support/Unix/Signals.inc:918:1
 #2 0x00005e3621b123c9 llvm::sys::RunSignalHandlers() /root/llvm/llvm-project-21/llvm/lib/Support/Signals.cpp:104:20
 #3 0x00005e3621b1460d SignalHandler(int, siginfo_t*, void*) /root/llvm/llvm-project-21/llvm/lib/Support/Unix/Signals.inc:426:14
 #4 0x00007da081b78330 (/lib/x86_64-linux-gnu/libc.so.6+0x45330)
 #5 0x00007da081bd1b2c __pthread_kill_implementation ./nptl/pthread_kill.c:44:76
 #6 0x00007da081bd1b2c __pthread_kill_internal ./nptl/pthread_kill.c:78:10
 #7 0x00007da081bd1b2c pthread_kill ./nptl/pthread_kill.c:89:10
 #8 0x00007da081b7827e raise ./signal/../sysdeps/posix/raise.c:27:6
 #9 0x00007da081b5b8ff abort ./stdlib/abort.c:81:7
#10 0x00007da081b5b81b _nl_load_domain ./intl/loadmsgcat.c:1177:9
#11 0x00007da081b6e517 (/lib/x86_64-linux-gnu/libc.so.6+0x3b517)
#12 0x00005e36205d0172 llvm::patchReplacementInstruction(llvm::Instruction*, llvm::Value*) /root/llvm/llvm-project-21/llvm/lib/Transforms/Utils/Local.cpp:3543:24
#13 0x00005e36200bfc10 (anonymous namespace)::NewGVN::eliminateInstructions(llvm::Function&) /root/llvm/llvm-project-21/llvm/lib/Transforms/Scalar/NewGVN.cpp:4128:11
  [iter 113/200] search_obj=0.9964  search_best=0.7476  validation_best=0.7797  EI=0.0169  rnum=12.2  len=27  syn_rate=0.49  mean=0.9784  worsen=12.00%
GA search time: 1.04s, candidates: 211
  [iter 114/200] search_obj=0.7683  search_best=0.7476  validation_best=0.7797  EI=0.0159  rnum=11.8  len=23  syn_rate=0.46  mean=0.7563  worsen=8.00%
GA search time: 1.30s, candidates: 211
[Error] eval /root/iscas/ruyituner/dataset21/poj104-v2-ll_4/train/31_1857.ll: opt failed for pipeline='module(scc-oz-module-inliner),function(jump-threading),function(newgvn),cgscc(attributor-cgscc),module(attributor),module(iroutliner),module(attributor),module(iroutliner),function(dse),module(elim-avail-extern),function(gvn-hoist),module(globalopt),module(elim-avail-extern),function(gvn-sink),module(globalopt),function(memcpyopt),function(dce),function(gvn-hoist),function(gvn-hoist),module(elim-avail-extern),function(gvn-sink),module(globalopt),module(iroutliner),module(globalopt),function(memcpyopt),function(dce),function(gvn-hoist),function(gvn-sink),function(instsimplify)', target_triple=x86_64-unknown-linux-gnu, returncode=-6, cmd=/root/opt/rv64gc_llvm_21/bin/opt -S -passes=module(scc-oz-module-inliner),function(jump-threading),function(newgvn),cgscc(attributor-cgscc),module(attributor),module(iroutliner),module(attributor),module(iroutliner),function(dse),module(elim-avail-extern),function(gvn-hoist),module(globalopt),module(elim-avail-extern),function(gvn-sink),module(globalopt),function(memcpyopt),function(dce),function(gvn-hoist),function(gvn-hoist),module(elim-avail-extern),function(gvn-sink),module(globalopt),module(iroutliner),module(globalopt),function(memcpyopt),function(dce),function(gvn-hoist),function(gvn-sink),function(instsimplify) --mtriple=x86_64-unknown-linux-gnu
opt: /root/llvm/llvm-project-21/llvm/lib/Transforms/Utils/Local.cpp:3527: void llvm::patchReplacementInstruction(Instruction*, Value*): Assertion `Success && "We should not be trying to sink callbases " "with non-intersectable attributes"' failed.
PLEASE submit a bug report to https://github.com/llvm/llvm-project/issues/ and include the crash backtrace.
Stack dump:
0.	Program arguments: /root/opt/rv64gc_llvm_21/bin/opt -S -passes=module(scc-oz-module-inliner),function(jump-threading),function(newgvn),cgscc(attributor-cgscc),module(attributor),module(iroutliner),module(attributor),module(iroutliner),function(dse),module(elim-avail-extern),function(gvn-hoist),module(globalopt),module(elim-avail-extern),function(gvn-sink),module(globalopt),function(memcpyopt),function(dce),function(gvn-hoist),function(gvn-hoist),module(elim-avail-extern),function(gvn-sink),module(globalopt),module(iroutliner),module(globalopt),function(memcpyopt),function(dce),function(gvn-hoist),function(gvn-sink),function(instsimplify) --mtriple=x86_64-unknown-linux-gnu
1.	Running pass "function(newgvn)" on module "<stdin>"
2.	Running pass "newgvn" on function "main"
 #0 0x000056900cb4add0 llvm::sys::PrintStackTrace(llvm::raw_ostream&, int) /root/llvm/llvm-project-21/llvm/lib/Support/Unix/Signals.inc:834:22
 #1 0x000056900cb4b259 PrintStackTraceSignalHandler(void*) /root/llvm/llvm-project-21/llvm/lib/Support/Unix/Signals.inc:918:1
 #2 0x000056900cb483c9 llvm::sys::RunSignalHandlers() /root/llvm/llvm-project-21/llvm/lib/Support/Signals.cpp:104:20
 #3 0x000056900cb4a60d SignalHandler(int, siginfo_t*, void*) /root/llvm/llvm-project-21/llvm/lib/Support/Unix/Signals.inc:426:14
 #4 0x0000730e66fde330 (/lib/x86_64-linux-gnu/libc.so.6+0x45330)
 #5 0x0000730e67037b2c __pthread_kill_implementation ./nptl/pthread_kill.c:44:76
 #6 0x0000730e67037b2c __pthread_kill_internal ./nptl/pthread_kill.c:78:10
 #7 0x0000730e67037b2c pthread_kill ./nptl/pthread_kill.c:89:10
 #8 0x0000730e66fde27e raise ./signal/../sysdeps/posix/raise.c:27:6
 #9 0x0000730e66fc18ff abort ./stdlib/abort.c:81:7
#10 0x0000730e66fc181b _nl_load_domain ./intl/loadmsgcat.c:1177:9
#11 0x0000730e66fd4517 (/lib/x86_64-linux-gnu/libc.so.6+0x3b517)
#12 0x000056900b606172 llvm::patchReplacementInstruction(llvm::Instruction*, llvm::Value*) /root/llvm/llvm-project-21/llvm/lib/Transforms/Utils/Local.cpp:3543:24
#13 0x000056900b0f5c10 (anonymous namespace)::NewGVN::eliminateInstructions(llvm::Function&) /root/llvm/llvm-project-21/llvm/lib/Transforms/Scalar/NewGVN.cpp:4128:11
  [iter 115/200] search_obj=1.0754  search_best=0.7476  validation_best=0.7797  EI=0.0181  rnum=11.4  len=29  syn_rate=0.50  mean=1.0439  worsen=21.00%
GA search time: 0.85s, candidates: 210
  [iter 116/200] search_obj=0.7574  search_best=0.7476  validation_best=0.7797  EI=0.0164  rnum=11.0  len=26  syn_rate=0.49  mean=0.7469  worsen=7.00%
GA search time: 0.95s, candidates: 210
  [iter 117/200] search_obj=0.8669  search_best=0.7476  validation_best=0.7797  EI=0.0213  rnum=10.6  len=56  syn_rate=0.51  mean=0.8504  worsen=11.00%
GA search time: 1.03s, candidates: 210
  [iter 118/200] search_obj=0.7701  search_best=0.7476  validation_best=0.7797  EI=0.0171  rnum=10.2  len=22  syn_rate=0.47  mean=0.7581  worsen=8.00%
GA search time: 1.02s, candidates: 209
[Error] eval /root/iscas/ruyituner/dataset21/poj104-v2-ll_4/train/31_1857.ll: opt failed for pipeline='function(memcpyopt),function(gvn-sink),function(gvn-hoist),module(attributor),module(scc-oz-module-inliner),module(attributor),function(gvn-hoist),module(globalopt),module(iroutliner),function(dce),module(globalopt),module(elim-avail-extern),function(newgvn),function(dce),module(iroutliner),function(jump-threading),function(dse),module(elim-avail-extern),module(attributor),module(globalopt),function(instsimplify),module(attributor),function(memcpyopt),module(attributor),module(iroutliner),module(scc-oz-module-inliner),module(globalopt)', target_triple=x86_64-unknown-linux-gnu, returncode=-6, cmd=/root/opt/rv64gc_llvm_21/bin/opt -S -passes=function(memcpyopt),function(gvn-sink),function(gvn-hoist),module(attributor),module(scc-oz-module-inliner),module(attributor),function(gvn-hoist),module(globalopt),module(iroutliner),function(dce),module(globalopt),module(elim-avail-extern),function(newgvn),function(dce),module(iroutliner),function(jump-threading),function(dse),module(elim-avail-extern),module(attributor),module(globalopt),function(instsimplify),module(attributor),function(memcpyopt),module(attributor),module(iroutliner),module(scc-oz-module-inliner),module(globalopt) --mtriple=x86_64-unknown-linux-gnu
opt: /root/llvm/llvm-project-21/llvm/lib/Transforms/Utils/Local.cpp:3527: void llvm::patchReplacementInstruction(Instruction*, Value*): Assertion `Success && "We should not be trying to sink callbases " "with non-intersectable attributes"' failed.
PLEASE submit a bug report to https://github.com/llvm/llvm-project/issues/ and include the crash backtrace.
Stack dump:
0.	Program arguments: /root/opt/rv64gc_llvm_21/bin/opt -S -passes=function(memcpyopt),function(gvn-sink),function(gvn-hoist),module(attributor),module(scc-oz-module-inliner),module(attributor),function(gvn-hoist),module(globalopt),module(iroutliner),function(dce),module(globalopt),module(elim-avail-extern),function(newgvn),function(dce),module(iroutliner),function(jump-threading),function(dse),module(elim-avail-extern),module(attributor),module(globalopt),function(instsimplify),module(attributor),function(memcpyopt),module(attributor),module(iroutliner),module(scc-oz-module-inliner),module(globalopt) --mtriple=x86_64-unknown-linux-gnu
1.	Running pass "function(newgvn)" on module "<stdin>"
2.	Running pass "newgvn" on function "main"
 #0 0x00005d34d5d9edd0 llvm::sys::PrintStackTrace(llvm::raw_ostream&, int) /root/llvm/llvm-project-21/llvm/lib/Support/Unix/Signals.inc:834:22
 #1 0x00005d34d5d9f259 PrintStackTraceSignalHandler(void*) /root/llvm/llvm-project-21/llvm/lib/Support/Unix/Signals.inc:918:1
 #2 0x00005d34d5d9c3c9 llvm::sys::RunSignalHandlers() /root/llvm/llvm-project-21/llvm/lib/Support/Signals.cpp:104:20
 #3 0x00005d34d5d9e60d SignalHandler(int, siginfo_t*, void*) /root/llvm/llvm-project-21/llvm/lib/Support/Unix/Signals.inc:426:14
 #4 0x00007ce48579e330 (/lib/x86_64-linux-gnu/libc.so.6+0x45330)
 #5 0x00007ce4857f7b2c __pthread_kill_implementation ./nptl/pthread_kill.c:44:76
 #6 0x00007ce4857f7b2c __pthread_kill_internal ./nptl/pthread_kill.c:78:10
 #7 0x00007ce4857f7b2c pthread_kill ./nptl/pthread_kill.c:89:10
 #8 0x00007ce48579e27e raise ./signal/../sysdeps/posix/raise.c:27:6
 #9 0x00007ce4857818ff abort ./stdlib/abort.c:81:7
#10 0x00007ce48578181b _nl_load_domain ./intl/loadmsgcat.c:1177:9
#11 0x00007ce485794517 (/lib/x86_64-linux-gnu/libc.so.6+0x3b517)
#12 0x00005d34d485a172 llvm::patchReplacementInstruction(llvm::Instruction*, llvm::Value*) /root/llvm/llvm-project-21/llvm/lib/Transforms/Utils/Local.cpp:3543:24
#13 0x00005d34d4349c10 (anonymous namespace)::NewGVN::eliminateInstructions(llvm::Function&) /root/llvm/llvm-project-21/llvm/lib/Transforms/Scalar/NewGVN.cpp:4128:11
  [iter 119/200] search_obj=0.9863  search_best=0.7476  validation_best=0.7797  EI=0.0145  rnum=9.9  len=27  syn_rate=0.49  mean=0.9623  worsen=16.00%
GA search time: 1.11s, candidates: 209
  [iter 120/200] search_obj=0.7700  search_best=0.7476  validation_best=0.7797  EI=0.0138  rnum=9.5  len=24  syn_rate=0.49  mean=0.7580  worsen=8.00%
GA search time: 1.07s, candidates: 209
[Error] eval /root/iscas/ruyituner/dataset21/poj104-v2-ll_4/train/31_1857.ll: opt failed for pipeline='module(scc-oz-module-inliner),function(jump-threading),function(newgvn),module(elim-avail-extern),module(attributor),module(iroutliner),module(attributor),module(iroutliner),function(dse),module(globalopt),module(elim-avail-extern),function(gvn-sink),function(gvn-sink),module(globalopt),module(globalopt),module(elim-avail-extern),function(memcpyopt),function(gvn-hoist),function(instsimplify),function(dce),module(iroutliner),module(elim-avail-extern),module(globalopt),function(gvn-sink),module(globalopt),function(gvn-sink),module(elim-avail-extern),module(attributor),function(gvn-hoist),function(instsimplify),function(memcpyopt),function(gvn-hoist)', target_triple=x86_64-unknown-linux-gnu, returncode=-6, cmd=/root/opt/rv64gc_llvm_21/bin/opt -S -passes=module(scc-oz-module-inliner),function(jump-threading),function(newgvn),module(elim-avail-extern),module(attributor),module(iroutliner),module(attributor),module(iroutliner),function(dse),module(globalopt),module(elim-avail-extern),function(gvn-sink),function(gvn-sink),module(globalopt),module(globalopt),module(elim-avail-extern),function(memcpyopt),function(gvn-hoist),function(instsimplify),function(dce),module(iroutliner),module(elim-avail-extern),module(globalopt),function(gvn-sink),module(globalopt),function(gvn-sink),module(elim-avail-extern),module(attributor),function(gvn-hoist),function(instsimplify),function(memcpyopt),function(gvn-hoist) --mtriple=x86_64-unknown-linux-gnu
opt: /root/llvm/llvm-project-21/llvm/lib/Transforms/Utils/Local.cpp:3527: void llvm::patchReplacementInstruction(Instruction*, Value*): Assertion `Success && "We should not be trying to sink callbases " "with non-intersectable attributes"' failed.
PLEASE submit a bug report to https://github.com/llvm/llvm-project/issues/ and include the crash backtrace.
Stack dump:
0.	Program arguments: /root/opt/rv64gc_llvm_21/bin/opt -S -passes=module(scc-oz-module-inliner),function(jump-threading),function(newgvn),module(elim-avail-extern),module(attributor),module(iroutliner),module(attributor),module(iroutliner),function(dse),module(globalopt),module(elim-avail-extern),function(gvn-sink),function(gvn-sink),module(globalopt),module(globalopt),module(elim-avail-extern),function(memcpyopt),function(gvn-hoist),function(instsimplify),function(dce),module(iroutliner),module(elim-avail-extern),module(globalopt),function(gvn-sink),module(globalopt),function(gvn-sink),module(elim-avail-extern),module(attributor),function(gvn-hoist),function(instsimplify),function(memcpyopt),function(gvn-hoist) --mtriple=x86_64-unknown-linux-gnu
1.	Running pass "function(newgvn)" on module "<stdin>"
2.	Running pass "newgvn" on function "main"
 #0 0x000061562dd7bdd0 llvm::sys::PrintStackTrace(llvm::raw_ostream&, int) /root/llvm/llvm-project-21/llvm/lib/Support/Unix/Signals.inc:834:22
 #1 0x000061562dd7c259 PrintStackTraceSignalHandler(void*) /root/llvm/llvm-project-21/llvm/lib/Support/Unix/Signals.inc:918:1
 #2 0x000061562dd793c9 llvm::sys::RunSignalHandlers() /root/llvm/llvm-project-21/llvm/lib/Support/Signals.cpp:104:20
 #3 0x000061562dd7b60d SignalHandler(int, siginfo_t*, void*) /root/llvm/llvm-project-21/llvm/lib/Support/Unix/Signals.inc:426:14
 #4 0x00007b238c43c330 (/lib/x86_64-linux-gnu/libc.so.6+0x45330)
 #5 0x00007b238c495b2c __pthread_kill_implementation ./nptl/pthread_kill.c:44:76
 #6 0x00007b238c495b2c __pthread_kill_internal ./nptl/pthread_kill.c:78:10
 #7 0x00007b238c495b2c pthread_kill ./nptl/pthread_kill.c:89:10
 #8 0x00007b238c43c27e raise ./signal/../sysdeps/posix/raise.c:27:6
 #9 0x00007b238c41f8ff abort ./stdlib/abort.c:81:7
#10 0x00007b238c41f81b _nl_load_domain ./intl/loadmsgcat.c:1177:9
#11 0x00007b238c432517 (/lib/x86_64-linux-gnu/libc.so.6+0x3b517)
#12 0x000061562c837172 llvm::patchReplacementInstruction(llvm::Instruction*, llvm::Value*) /root/llvm/llvm-project-21/llvm/lib/Transforms/Utils/Local.cpp:3543:24
#13 0x000061562c326c10 (anonymous namespace)::NewGVN::eliminateInstructions(llvm::Function&) /root/llvm/llvm-project-21/llvm/lib/Transforms/Scalar/NewGVN.cpp:4128:11
  [iter 121/200] search_obj=1.0754  search_best=0.7476  validation_best=0.7797  EI=0.0159  rnum=9.2  len=32  syn_rate=0.48  mean=1.0439  worsen=21.00%
GA search time: 0.94s, candidates: 208
  [iter 122/200] search_obj=0.7700  search_best=0.7476  validation_best=0.7797  EI=0.0130  rnum=8.9  len=29  syn_rate=0.45  mean=0.7580  worsen=8.00%
GA search time: 1.07s, candidates: 208
[Error] eval /root/iscas/ruyituner/dataset21/poj104-v2-ll_4/train/31_1857.ll: opt failed for pipeline='module(iroutliner),module(globalopt),function(jump-threading),module(elim-avail-extern),function(instsimplify),module(attributor),function(gvn-hoist),function(gvn-sink),module(iroutliner),module(globalopt),function(gvn-sink),function(newgvn),module(iroutliner),function(memcpyopt),function(gvn-sink),function(gvn-hoist),function(memcpyopt),module(attributor),function(gvn-sink),function(gvn-hoist),function(dce),module(scc-oz-module-inliner),module(iroutliner),function(gvn-hoist),module(attributor),function(dse),function(newgvn)', target_triple=x86_64-unknown-linux-gnu, returncode=-6, cmd=/root/opt/rv64gc_llvm_21/bin/opt -S -passes=module(iroutliner),module(globalopt),function(jump-threading),module(elim-avail-extern),function(instsimplify),module(attributor),function(gvn-hoist),function(gvn-sink),module(iroutliner),module(globalopt),function(gvn-sink),function(newgvn),module(iroutliner),function(memcpyopt),function(gvn-sink),function(gvn-hoist),function(memcpyopt),module(attributor),function(gvn-sink),function(gvn-hoist),function(dce),module(scc-oz-module-inliner),module(iroutliner),function(gvn-hoist),module(attributor),function(dse),function(newgvn) --mtriple=x86_64-unknown-linux-gnu
opt: /root/llvm/llvm-project-21/llvm/lib/Transforms/Utils/Local.cpp:3527: void llvm::patchReplacementInstruction(Instruction*, Value*): Assertion `Success && "We should not be trying to sink callbases " "with non-intersectable attributes"' failed.
PLEASE submit a bug report to https://github.com/llvm/llvm-project/issues/ and include the crash backtrace.
Stack dump:
0.	Program arguments: /root/opt/rv64gc_llvm_21/bin/opt -S -passes=module(iroutliner),module(globalopt),function(jump-threading),module(elim-avail-extern),function(instsimplify),module(attributor),function(gvn-hoist),function(gvn-sink),module(iroutliner),module(globalopt),function(gvn-sink),function(newgvn),module(iroutliner),function(memcpyopt),function(gvn-sink),function(gvn-hoist),function(memcpyopt),module(attributor),function(gvn-sink),function(gvn-hoist),function(dce),module(scc-oz-module-inliner),module(iroutliner),function(gvn-hoist),module(attributor),function(dse),function(newgvn) --mtriple=x86_64-unknown-linux-gnu
1.	Running pass "function(newgvn)" on module "<stdin>"
2.	Running pass "newgvn" on function "main"
 #0 0x00005a8f21cebdd0 llvm::sys::PrintStackTrace(llvm::raw_ostream&, int) /root/llvm/llvm-project-21/llvm/lib/Support/Unix/Signals.inc:834:22
 #1 0x00005a8f21cec259 PrintStackTraceSignalHandler(void*) /root/llvm/llvm-project-21/llvm/lib/Support/Unix/Signals.inc:918:1
 #2 0x00005a8f21ce93c9 llvm::sys::RunSignalHandlers() /root/llvm/llvm-project-21/llvm/lib/Support/Signals.cpp:104:20
 #3 0x00005a8f21ceb60d SignalHandler(int, siginfo_t*, void*) /root/llvm/llvm-project-21/llvm/lib/Support/Unix/Signals.inc:426:14
 #4 0x00007ff823c58330 (/lib/x86_64-linux-gnu/libc.so.6+0x45330)
 #5 0x00007ff823cb1b2c __pthread_kill_implementation ./nptl/pthread_kill.c:44:76
 #6 0x00007ff823cb1b2c __pthread_kill_internal ./nptl/pthread_kill.c:78:10
 #7 0x00007ff823cb1b2c pthread_kill ./nptl/pthread_kill.c:89:10
 #8 0x00007ff823c5827e raise ./signal/../sysdeps/posix/raise.c:27:6
 #9 0x00007ff823c3b8ff abort ./stdlib/abort.c:81:7
#10 0x00007ff823c3b81b _nl_load_domain ./intl/loadmsgcat.c:1177:9
#11 0x00007ff823c4e517 (/lib/x86_64-linux-gnu/libc.so.6+0x3b517)
#12 0x00005a8f207a7172 llvm::patchReplacementInstruction(llvm::Instruction*, llvm::Value*) /root/llvm/llvm-project-21/llvm/lib/Transforms/Utils/Local.cpp:3543:24
#13 0x00005a8f20296c10 (anonymous namespace)::NewGVN::eliminateInstructions(llvm::Function&) /root/llvm/llvm-project-21/llvm/lib/Transforms/Scalar/NewGVN.cpp:4128:11
  [iter 123/200] search_obj=0.8165  search_best=0.7476  validation_best=0.7797  EI=0.0143  rnum=8.6  len=27  syn_rate=0.43  mean=0.8030  worsen=9.00%
GA search time: 1.07s, candidates: 208
[Error] eval /root/iscas/ruyituner/dataset21/poj104-v2-ll_4/train/31_1857.ll: opt failed for pipeline='function(gvn-hoist),module(elim-avail-extern),function(instsimplify),function(jump-threading),module(attributor),function(dce),function(gvn-sink),function(gvn-hoist),module(elim-avail-extern),module(globalopt),module(elim-avail-extern),module(iroutliner),module(attributor),module(scc-oz-module-inliner),function(memcpyopt),function(gvn-hoist),function(memcpyopt),function(newgvn),module(iroutliner),module(attributor),function(gvn-sink),function(gvn-sink),function(gvn-sink),module(globalopt),function(gvn-sink),function(memcpyopt),function(instsimplify),function(dse)', target_triple=x86_64-unknown-linux-gnu, returncode=-6, cmd=/root/opt/rv64gc_llvm_21/bin/opt -S -passes=function(gvn-hoist),module(elim-avail-extern),function(instsimplify),function(jump-threading),module(attributor),function(dce),function(gvn-sink),function(gvn-hoist),module(elim-avail-extern),module(globalopt),module(elim-avail-extern),module(iroutliner),module(attributor),module(scc-oz-module-inliner),function(memcpyopt),function(gvn-hoist),function(memcpyopt),function(newgvn),module(iroutliner),module(attributor),function(gvn-sink),function(gvn-sink),function(gvn-sink),module(globalopt),function(gvn-sink),function(memcpyopt),function(instsimplify),function(dse) --mtriple=x86_64-unknown-linux-gnu
opt: /root/llvm/llvm-project-21/llvm/lib/Transforms/Utils/Local.cpp:3527: void llvm::patchReplacementInstruction(Instruction*, Value*): Assertion `Success && "We should not be trying to sink callbases " "with non-intersectable attributes"' failed.
PLEASE submit a bug report to https://github.com/llvm/llvm-project/issues/ and include the crash backtrace.
Stack dump:
0.	Program arguments: /root/opt/rv64gc_llvm_21/bin/opt -S -passes=function(gvn-hoist),module(elim-avail-extern),function(instsimplify),function(jump-threading),module(attributor),function(dce),function(gvn-sink),function(gvn-hoist),module(elim-avail-extern),module(globalopt),module(elim-avail-extern),module(iroutliner),module(attributor),module(scc-oz-module-inliner),function(memcpyopt),function(gvn-hoist),function(memcpyopt),function(newgvn),module(iroutliner),module(attributor),function(gvn-sink),function(gvn-sink),function(gvn-sink),module(globalopt),function(gvn-sink),function(memcpyopt),function(instsimplify),function(dse) --mtriple=x86_64-unknown-linux-gnu
1.	Running pass "function(newgvn)" on module "<stdin>"
2.	Running pass "newgvn" on function "main"
 #0 0x00005c3e03133dd0 llvm::sys::PrintStackTrace(llvm::raw_ostream&, int) /root/llvm/llvm-project-21/llvm/lib/Support/Unix/Signals.inc:834:22
 #1 0x00005c3e03134259 PrintStackTraceSignalHandler(void*) /root/llvm/llvm-project-21/llvm/lib/Support/Unix/Signals.inc:918:1
 #2 0x00005c3e031313c9 llvm::sys::RunSignalHandlers() /root/llvm/llvm-project-21/llvm/lib/Support/Signals.cpp:104:20
 #3 0x00005c3e0313360d SignalHandler(int, siginfo_t*, void*) /root/llvm/llvm-project-21/llvm/lib/Support/Unix/Signals.inc:426:14
 #4 0x000074b7a3865330 (/lib/x86_64-linux-gnu/libc.so.6+0x45330)
 #5 0x000074b7a38beb2c __pthread_kill_implementation ./nptl/pthread_kill.c:44:76
 #6 0x000074b7a38beb2c __pthread_kill_internal ./nptl/pthread_kill.c:78:10
 #7 0x000074b7a38beb2c pthread_kill ./nptl/pthread_kill.c:89:10
 #8 0x000074b7a386527e raise ./signal/../sysdeps/posix/raise.c:27:6
 #9 0x000074b7a38488ff abort ./stdlib/abort.c:81:7
#10 0x000074b7a384881b _nl_load_domain ./intl/loadmsgcat.c:1177:9
#11 0x000074b7a385b517 (/lib/x86_64-linux-gnu/libc.so.6+0x3b517)
#12 0x00005c3e01bef172 llvm::patchReplacementInstruction(llvm::Instruction*, llvm::Value*) /root/llvm/llvm-project-21/llvm/lib/Transforms/Utils/Local.cpp:3543:24
#13 0x00005c3e016dec10 (anonymous namespace)::NewGVN::eliminateInstructions(llvm::Function&) /root/llvm/llvm-project-21/llvm/lib/Transforms/Scalar/NewGVN.cpp:4128:11
  [iter 124/200] search_obj=0.9135  search_best=0.7476  validation_best=0.7797  EI=0.0185  rnum=8.3  len=28  syn_rate=0.47  mean=0.8970  worsen=11.00%
GA search time: 1.06s, candidates: 207
[Error] eval /root/iscas/ruyituner/dataset21/poj104-v2-ll_4/train/31_1857.ll: opt failed for pipeline='module(elim-avail-extern),module(iroutliner),function(dce),function(instsimplify),function(gvn-hoist),function(gvn-sink),module(globalopt),module(globalopt),module(elim-avail-extern),function(newgvn),module(iroutliner),module(iroutliner),function(gvn-hoist),module(elim-avail-extern),module(attributor),function(gvn-sink),function(gvn-hoist),function(jump-threading),function(memcpyopt),module(globalopt),module(elim-avail-extern),function(newgvn),module(iroutliner),module(iroutliner),module(iroutliner),module(globalopt),module(attributor),function(gvn-sink),module(globalopt),function(memcpyopt),module(elim-avail-extern),function(gvn-hoist),module(elim-avail-extern),module(scc-oz-module-inliner),function(gvn-hoist),function(lower-switch),module(iroutliner),module(iroutliner),module(iroutliner),module(attributor),function(gvn-hoist),module(attributor),function(dce),module(globalopt),module(globalopt)', target_triple=x86_64-unknown-linux-gnu, returncode=-6, cmd=/root/opt/rv64gc_llvm_21/bin/opt -S -passes=module(elim-avail-extern),module(iroutliner),function(dce),function(instsimplify),function(gvn-hoist),function(gvn-sink),module(globalopt),module(globalopt),module(elim-avail-extern),function(newgvn),module(iroutliner),module(iroutliner),function(gvn-hoist),module(elim-avail-extern),module(attributor),function(gvn-sink),function(gvn-hoist),function(jump-threading),function(memcpyopt),module(globalopt),module(elim-avail-extern),function(newgvn),module(iroutliner),module(iroutliner),module(iroutliner),module(globalopt),module(attributor),function(gvn-sink),module(globalopt),function(memcpyopt),module(elim-avail-extern),function(gvn-hoist),module(elim-avail-extern),module(scc-oz-module-inliner),function(gvn-hoist),function(lower-switch),module(iroutliner),module(iroutliner),module(iroutliner),module(attributor),function(gvn-hoist),module(attributor),function(dce),module(globalopt),module(globalopt) --mtriple=x86_64-unknown-linux-gnu
opt: /root/llvm/llvm-project-21/llvm/lib/Transforms/Utils/Local.cpp:3527: void llvm::patchReplacementInstruction(Instruction*, Value*): Assertion `Success && "We should not be trying to sink callbases " "with non-intersectable attributes"' failed.
PLEASE submit a bug report to https://github.com/llvm/llvm-project/issues/ and include the crash backtrace.
Stack dump:
0.	Program arguments: /root/opt/rv64gc_llvm_21/bin/opt -S -passes=module(elim-avail-extern),module(iroutliner),function(dce),function(instsimplify),function(gvn-hoist),function(gvn-sink),module(globalopt),module(globalopt),module(elim-avail-extern),function(newgvn),module(iroutliner),module(iroutliner),function(gvn-hoist),module(elim-avail-extern),module(attributor),function(gvn-sink),function(gvn-hoist),function(jump-threading),function(memcpyopt),module(globalopt),module(elim-avail-extern),function(newgvn),module(iroutliner),module(iroutliner),module(iroutliner),module(globalopt),module(attributor),function(gvn-sink),module(globalopt),function(memcpyopt),module(elim-avail-extern),function(gvn-hoist),module(elim-avail-extern),module(scc-oz-module-inliner),function(gvn-hoist),function(lower-switch),module(iroutliner),module(iroutliner),module(iroutliner),module(attributor),function(gvn-hoist),module(attributor),function(dce),module(globalopt),module(globalopt) --mtriple=x86_64-unknown-linux-gnu
1.	Running pass "function(newgvn)" on module "<stdin>"
2.	Running pass "newgvn" on function "main"
 #0 0x00005d4488ee7dd0 llvm::sys::PrintStackTrace(llvm::raw_ostream&, int) /root/llvm/llvm-project-21/llvm/lib/Support/Unix/Signals.inc:834:22
 #1 0x00005d4488ee8259 PrintStackTraceSignalHandler(void*) /root/llvm/llvm-project-21/llvm/lib/Support/Unix/Signals.inc:918:1
 #2 0x00005d4488ee53c9 llvm::sys::RunSignalHandlers() /root/llvm/llvm-project-21/llvm/lib/Support/Signals.cpp:104:20
 #3 0x00005d4488ee760d SignalHandler(int, siginfo_t*, void*) /root/llvm/llvm-project-21/llvm/lib/Support/Unix/Signals.inc:426:14
 #4 0x000078172f164330 (/lib/x86_64-linux-gnu/libc.so.6+0x45330)
 #5 0x000078172f1bdb2c __pthread_kill_implementation ./nptl/pthread_kill.c:44:76
 #6 0x000078172f1bdb2c __pthread_kill_internal ./nptl/pthread_kill.c:78:10
 #7 0x000078172f1bdb2c pthread_kill ./nptl/pthread_kill.c:89:10
 #8 0x000078172f16427e raise ./signal/../sysdeps/posix/raise.c:27:6
 #9 0x000078172f1478ff abort ./stdlib/abort.c:81:7
#10 0x000078172f14781b _nl_load_domain ./intl/loadmsgcat.c:1177:9
#11 0x000078172f15a517 (/lib/x86_64-linux-gnu/libc.so.6+0x3b517)
#12 0x00005d44879a3172 llvm::patchReplacementInstruction(llvm::Instruction*, llvm::Value*) /root/llvm/llvm-project-21/llvm/lib/Transforms/Utils/Local.cpp:3543:24
#13 0x00005d4487492c10 (anonymous namespace)::NewGVN::eliminateInstructions(llvm::Function&) /root/llvm/llvm-project-21/llvm/lib/Transforms/Scalar/NewGVN.cpp:4128:11
  [iter 125/200] search_obj=0.8500  search_best=0.7476  validation_best=0.7797  EI=0.0132  rnum=8.0  len=45  syn_rate=0.45  mean=0.8335  worsen=11.00%
GA search time: 0.93s, candidates: 207
[Error] eval /root/iscas/ruyituner/dataset21/poj104-v2-ll_4/train/31_1857.ll: opt failed for pipeline='module(elim-avail-extern),module(iroutliner),function(instsimplify),function(gvn-hoist),module(attributor),module(scc-oz-module-inliner),module(iroutliner),function(gvn-sink),function(gvn-hoist),module(iroutliner),module(attributor),function(instsimplify),function(memcpyopt),module(iroutliner),function(jump-threading),module(globalopt),function(gvn-sink),function(newgvn),function(dse),function(gvn-sink),module(globalopt),module(attributor),function(dce),module(iroutliner),module(elim-avail-extern),module(scc-oz-module-inliner),function(gvn-hoist)', target_triple=x86_64-unknown-linux-gnu, returncode=-6, cmd=/root/opt/rv64gc_llvm_21/bin/opt -S -passes=module(elim-avail-extern),module(iroutliner),function(instsimplify),function(gvn-hoist),module(attributor),module(scc-oz-module-inliner),module(iroutliner),function(gvn-sink),function(gvn-hoist),module(iroutliner),module(attributor),function(instsimplify),function(memcpyopt),module(iroutliner),function(jump-threading),module(globalopt),function(gvn-sink),function(newgvn),function(dse),function(gvn-sink),module(globalopt),module(attributor),function(dce),module(iroutliner),module(elim-avail-extern),module(scc-oz-module-inliner),function(gvn-hoist) --mtriple=x86_64-unknown-linux-gnu
opt: /root/llvm/llvm-project-21/llvm/lib/Transforms/Utils/Local.cpp:3527: void llvm::patchReplacementInstruction(Instruction*, Value*): Assertion `Success && "We should not be trying to sink callbases " "with non-intersectable attributes"' failed.
PLEASE submit a bug report to https://github.com/llvm/llvm-project/issues/ and include the crash backtrace.
Stack dump:
0.	Program arguments: /root/opt/rv64gc_llvm_21/bin/opt -S -passes=module(elim-avail-extern),module(iroutliner),function(instsimplify),function(gvn-hoist),module(attributor),module(scc-oz-module-inliner),module(iroutliner),function(gvn-sink),function(gvn-hoist),module(iroutliner),module(attributor),function(instsimplify),function(memcpyopt),module(iroutliner),function(jump-threading),module(globalopt),function(gvn-sink),function(newgvn),function(dse),function(gvn-sink),module(globalopt),module(attributor),function(dce),module(iroutliner),module(elim-avail-extern),module(scc-oz-module-inliner),function(gvn-hoist) --mtriple=x86_64-unknown-linux-gnu
1.	Running pass "function(newgvn)" on module "<stdin>"
2.	Running pass "newgvn" on function "main"
 #0 0x00005fcd96e05dd0 llvm::sys::PrintStackTrace(llvm::raw_ostream&, int) /root/llvm/llvm-project-21/llvm/lib/Support/Unix/Signals.inc:834:22
 #1 0x00005fcd96e06259 PrintStackTraceSignalHandler(void*) /root/llvm/llvm-project-21/llvm/lib/Support/Unix/Signals.inc:918:1
 #2 0x00005fcd96e033c9 llvm::sys::RunSignalHandlers() /root/llvm/llvm-project-21/llvm/lib/Support/Signals.cpp:104:20
 #3 0x00005fcd96e0560d SignalHandler(int, siginfo_t*, void*) /root/llvm/llvm-project-21/llvm/lib/Support/Unix/Signals.inc:426:14
 #4 0x000077a4be4a9330 (/lib/x86_64-linux-gnu/libc.so.6+0x45330)
 #5 0x000077a4be502b2c __pthread_kill_implementation ./nptl/pthread_kill.c:44:76
 #6 0x000077a4be502b2c __pthread_kill_internal ./nptl/pthread_kill.c:78:10
 #7 0x000077a4be502b2c pthread_kill ./nptl/pthread_kill.c:89:10
 #8 0x000077a4be4a927e raise ./signal/../sysdeps/posix/raise.c:27:6
 #9 0x000077a4be48c8ff abort ./stdlib/abort.c:81:7
#10 0x000077a4be48c81b _nl_load_domain ./intl/loadmsgcat.c:1177:9
#11 0x000077a4be49f517 (/lib/x86_64-linux-gnu/libc.so.6+0x3b517)
#12 0x00005fcd958c1172 llvm::patchReplacementInstruction(llvm::Instruction*, llvm::Value*) /root/llvm/llvm-project-21/llvm/lib/Transforms/Utils/Local.cpp:3543:24
#13 0x00005fcd953b0c10 (anonymous namespace)::NewGVN::eliminateInstructions(llvm::Function&) /root/llvm/llvm-project-21/llvm/lib/Transforms/Scalar/NewGVN.cpp:4128:11
  [iter 126/200] search_obj=0.8187  search_best=0.7476  validation_best=0.7797  EI=0.0131  rnum=7.7  len=27  syn_rate=0.53  mean=0.8067  worsen=8.00%
GA search time: 0.91s, candidates: 207
[Error] eval /root/iscas/ruyituner/dataset21/poj104-v2-ll_4/train/31_1857.ll: opt failed for pipeline='module(elim-avail-extern),module(globalopt),module(elim-avail-extern),module(iroutliner),module(attributor),module(scc-oz-module-inliner),module(globalopt),module(elim-avail-extern),module(iroutliner),function(dce),function(instsimplify),module(attributor),function(newgvn),function(dce),function(gvn-hoist),module(elim-avail-extern),module(scc-oz-module-inliner),module(iroutliner),module(attributor),function(memcpyopt),function(jump-threading),module(globalopt),function(gvn-sink),function(newgvn),function(gvn-sink),module(globalopt),module(attributor),function(dce),module(iroutliner),module(elim-avail-extern),module(scc-oz-module-inliner)', target_triple=x86_64-unknown-linux-gnu, returncode=-6, cmd=/root/opt/rv64gc_llvm_21/bin/opt -S -passes=module(elim-avail-extern),module(globalopt),module(elim-avail-extern),module(iroutliner),module(attributor),module(scc-oz-module-inliner),module(globalopt),module(elim-avail-extern),module(iroutliner),function(dce),function(instsimplify),module(attributor),function(newgvn),function(dce),function(gvn-hoist),module(elim-avail-extern),module(scc-oz-module-inliner),module(iroutliner),module(attributor),function(memcpyopt),function(jump-threading),module(globalopt),function(gvn-sink),function(newgvn),function(gvn-sink),module(globalopt),module(attributor),function(dce),module(iroutliner),module(elim-avail-extern),module(scc-oz-module-inliner) --mtriple=x86_64-unknown-linux-gnu
opt: /root/llvm/llvm-project-21/llvm/lib/Transforms/Utils/Local.cpp:3527: void llvm::patchReplacementInstruction(Instruction*, Value*): Assertion `Success && "We should not be trying to sink callbases " "with non-intersectable attributes"' failed.
PLEASE submit a bug report to https://github.com/llvm/llvm-project/issues/ and include the crash backtrace.
Stack dump:
0.	Program arguments: /root/opt/rv64gc_llvm_21/bin/opt -S -passes=module(elim-avail-extern),module(globalopt),module(elim-avail-extern),module(iroutliner),module(attributor),module(scc-oz-module-inliner),module(globalopt),module(elim-avail-extern),module(iroutliner),function(dce),function(instsimplify),module(attributor),function(newgvn),function(dce),function(gvn-hoist),module(elim-avail-extern),module(scc-oz-module-inliner),module(iroutliner),module(attributor),function(memcpyopt),function(jump-threading),module(globalopt),function(gvn-sink),function(newgvn),function(gvn-sink),module(globalopt),module(attributor),function(dce),module(iroutliner),module(elim-avail-extern),module(scc-oz-module-inliner) --mtriple=x86_64-unknown-linux-gnu
1.	Running pass "function(newgvn)" on module "<stdin>"
2.	Running pass "newgvn" on function "main"
 #0 0x00005dc4927e4dd0 llvm::sys::PrintStackTrace(llvm::raw_ostream&, int) /root/llvm/llvm-project-21/llvm/lib/Support/Unix/Signals.inc:834:22
 #1 0x00005dc4927e5259 PrintStackTraceSignalHandler(void*) /root/llvm/llvm-project-21/llvm/lib/Support/Unix/Signals.inc:918:1
 #2 0x00005dc4927e23c9 llvm::sys::RunSignalHandlers() /root/llvm/llvm-project-21/llvm/lib/Support/Signals.cpp:104:20
 #3 0x00005dc4927e460d SignalHandler(int, siginfo_t*, void*) /root/llvm/llvm-project-21/llvm/lib/Support/Unix/Signals.inc:426:14
 #4 0x0000756c71e04330 (/lib/x86_64-linux-gnu/libc.so.6+0x45330)
 #5 0x0000756c71e5db2c __pthread_kill_implementation ./nptl/pthread_kill.c:44:76
 #6 0x0000756c71e5db2c __pthread_kill_internal ./nptl/pthread_kill.c:78:10
 #7 0x0000756c71e5db2c pthread_kill ./nptl/pthread_kill.c:89:10
 #8 0x0000756c71e0427e raise ./signal/../sysdeps/posix/raise.c:27:6
 #9 0x0000756c71de78ff abort ./stdlib/abort.c:81:7
#10 0x0000756c71de781b _nl_load_domain ./intl/loadmsgcat.c:1177:9
#11 0x0000756c71dfa517 (/lib/x86_64-linux-gnu/libc.so.6+0x3b517)
#12 0x00005dc4912a0172 llvm::patchReplacementInstruction(llvm::Instruction*, llvm::Value*) /root/llvm/llvm-project-21/llvm/lib/Transforms/Utils/Local.cpp:3543:24
#13 0x00005dc490d8fc10 (anonymous namespace)::NewGVN::eliminateInstructions(llvm::Function&) /root/llvm/llvm-project-21/llvm/lib/Transforms/Scalar/NewGVN.cpp:4128:11
  [iter 127/200] search_obj=0.8321  search_best=0.7476  validation_best=0.7797  EI=0.0131  rnum=7.4  len=31  syn_rate=0.47  mean=0.8186  worsen=9.00%
GA search time: 1.09s, candidates: 207
  [iter 128/200] search_obj=1.4115  search_best=0.7476  validation_best=0.7797  EI=0.0155  rnum=7.1  len=22  syn_rate=0.47  mean=1.2855  worsen=84.00%
GA search time: 1.06s, candidates: 206
  [iter 129/200] search_obj=0.7692  search_best=0.7476  validation_best=0.7797  EI=0.0112  rnum=6.9  len=24  syn_rate=0.45  mean=0.7572  worsen=8.00%
GA search time: 0.89s, candidates: 206
[Error] eval /root/iscas/ruyituner/dataset21/poj104-v2-ll_4/train/31_1857.ll: opt failed for pipeline='module(attributor),module(globalopt),module(attributor),function(gvn-hoist),function(gvn-sink),module(scc-oz-module-inliner),function(memcpyopt),function(lower-switch),function(newgvn),function(gvn-hoist),function(jump-threading),module(globalopt),module(iroutliner),module(elim-avail-extern),function(gvn-sink),function(dce),module(scc-oz-module-inliner),function(gvn-sink),function(gvn-sink),module(globalopt),module(attributor),function(gvn-hoist),module(iroutliner),module(iroutliner),module(elim-avail-extern),function(dse)', target_triple=x86_64-unknown-linux-gnu, returncode=-6, cmd=/root/opt/rv64gc_llvm_21/bin/opt -S -passes=module(attributor),module(globalopt),module(attributor),function(gvn-hoist),function(gvn-sink),module(scc-oz-module-inliner),function(memcpyopt),function(lower-switch),function(newgvn),function(gvn-hoist),function(jump-threading),module(globalopt),module(iroutliner),module(elim-avail-extern),function(gvn-sink),function(dce),module(scc-oz-module-inliner),function(gvn-sink),function(gvn-sink),module(globalopt),module(attributor),function(gvn-hoist),module(iroutliner),module(iroutliner),module(elim-avail-extern),function(dse) --mtriple=x86_64-unknown-linux-gnu
opt: /root/llvm/llvm-project-21/llvm/lib/Transforms/Utils/Local.cpp:3527: void llvm::patchReplacementInstruction(Instruction*, Value*): Assertion `Success && "We should not be trying to sink callbases " "with non-intersectable attributes"' failed.
PLEASE submit a bug report to https://github.com/llvm/llvm-project/issues/ and include the crash backtrace.
Stack dump:
0.	Program arguments: /root/opt/rv64gc_llvm_21/bin/opt -S -passes=module(attributor),module(globalopt),module(attributor),function(gvn-hoist),function(gvn-sink),module(scc-oz-module-inliner),function(memcpyopt),function(lower-switch),function(newgvn),function(gvn-hoist),function(jump-threading),module(globalopt),module(iroutliner),module(elim-avail-extern),function(gvn-sink),function(dce),module(scc-oz-module-inliner),function(gvn-sink),function(gvn-sink),module(globalopt),module(attributor),function(gvn-hoist),module(iroutliner),module(iroutliner),module(elim-avail-extern),function(dse) --mtriple=x86_64-unknown-linux-gnu
1.	Running pass "function(newgvn)" on module "<stdin>"
2.	Running pass "newgvn" on function "main"
 #0 0x00005d6d36bf7dd0 llvm::sys::PrintStackTrace(llvm::raw_ostream&, int) /root/llvm/llvm-project-21/llvm/lib/Support/Unix/Signals.inc:834:22
 #1 0x00005d6d36bf8259 PrintStackTraceSignalHandler(void*) /root/llvm/llvm-project-21/llvm/lib/Support/Unix/Signals.inc:918:1
 #2 0x00005d6d36bf53c9 llvm::sys::RunSignalHandlers() /root/llvm/llvm-project-21/llvm/lib/Support/Signals.cpp:104:20
 #3 0x00005d6d36bf760d SignalHandler(int, siginfo_t*, void*) /root/llvm/llvm-project-21/llvm/lib/Support/Unix/Signals.inc:426:14
 #4 0x00007d4e435cf330 (/lib/x86_64-linux-gnu/libc.so.6+0x45330)
 #5 0x00007d4e43628b2c __pthread_kill_implementation ./nptl/pthread_kill.c:44:76
 #6 0x00007d4e43628b2c __pthread_kill_internal ./nptl/pthread_kill.c:78:10
 #7 0x00007d4e43628b2c pthread_kill ./nptl/pthread_kill.c:89:10
 #8 0x00007d4e435cf27e raise ./signal/../sysdeps/posix/raise.c:27:6
 #9 0x00007d4e435b28ff abort ./stdlib/abort.c:81:7
#10 0x00007d4e435b281b _nl_load_domain ./intl/loadmsgcat.c:1177:9
#11 0x00007d4e435c5517 (/lib/x86_64-linux-gnu/libc.so.6+0x3b517)
#12 0x00005d6d356b3172 llvm::patchReplacementInstruction(llvm::Instruction*, llvm::Value*) /root/llvm/llvm-project-21/llvm/lib/Transforms/Utils/Local.cpp:3543:24
#13 0x00005d6d351a2c10 (anonymous namespace)::NewGVN::eliminateInstructions(llvm::Function&) /root/llvm/llvm-project-21/llvm/lib/Transforms/Scalar/NewGVN.cpp:4128:11
  [iter 130/200] search_obj=1.0495  search_best=0.7476  validation_best=0.7797  EI=0.0137  rnum=6.6  len=26  syn_rate=0.44  mean=1.0150  worsen=23.00%
GA search time: 1.18s, candidates: 206
[Error] eval /root/iscas/ruyituner/dataset21/poj104-v2-ll_4/train/31_1857.ll: opt failed for pipeline='module(scc-oz-module-inliner),function(newgvn),function(jump-threading),module(attributor),module(attributor),module(attributor),module(attributor),module(attributor),module(scc-oz-module-inliner),module(scc-oz-module-inliner),function(dse),module(iroutliner),module(iroutliner),module(iroutliner),module(iroutliner),function(dce),module(iroutliner),function(gvn-sink),module(globalopt),function(gvn-sink),function(gvn-sink),module(elim-avail-extern),module(globalopt),module(globalopt),module(globalopt),function(memcpyopt),function(gvn-hoist),function(instsimplify),function(memcpyopt),function(memcpyopt),function(gvn-hoist),function(gvn-hoist),module(elim-avail-extern),module(elim-avail-extern),module(elim-avail-extern),function(dce),function(dce),module(iroutliner)', target_triple=x86_64-unknown-linux-gnu, returncode=-6, cmd=/root/opt/rv64gc_llvm_21/bin/opt -S -passes=module(scc-oz-module-inliner),function(newgvn),function(jump-threading),module(attributor),module(attributor),module(attributor),module(attributor),module(attributor),module(scc-oz-module-inliner),module(scc-oz-module-inliner),function(dse),module(iroutliner),module(iroutliner),module(iroutliner),module(iroutliner),function(dce),module(iroutliner),function(gvn-sink),module(globalopt),function(gvn-sink),function(gvn-sink),module(elim-avail-extern),module(globalopt),module(globalopt),module(globalopt),function(memcpyopt),function(gvn-hoist),function(instsimplify),function(memcpyopt),function(memcpyopt),function(gvn-hoist),function(gvn-hoist),module(elim-avail-extern),module(elim-avail-extern),module(elim-avail-extern),function(dce),function(dce),module(iroutliner) --mtriple=x86_64-unknown-linux-gnu
opt: /root/llvm/llvm-project-21/llvm/lib/Transforms/Utils/Local.cpp:3527: void llvm::patchReplacementInstruction(Instruction*, Value*): Assertion `Success && "We should not be trying to sink callbases " "with non-intersectable attributes"' failed.
PLEASE submit a bug report to https://github.com/llvm/llvm-project/issues/ and include the crash backtrace.
Stack dump:
0.	Program arguments: /root/opt/rv64gc_llvm_21/bin/opt -S -passes=module(scc-oz-module-inliner),function(newgvn),function(jump-threading),module(attributor),module(attributor),module(attributor),module(attributor),module(attributor),module(scc-oz-module-inliner),module(scc-oz-module-inliner),function(dse),module(iroutliner),module(iroutliner),module(iroutliner),module(iroutliner),function(dce),module(iroutliner),function(gvn-sink),module(globalopt),function(gvn-sink),function(gvn-sink),module(elim-avail-extern),module(globalopt),module(globalopt),module(globalopt),function(memcpyopt),function(gvn-hoist),function(instsimplify),function(memcpyopt),function(memcpyopt),function(gvn-hoist),function(gvn-hoist),module(elim-avail-extern),module(elim-avail-extern),module(elim-avail-extern),function(dce),function(dce),module(iroutliner) --mtriple=x86_64-unknown-linux-gnu
1.	Running pass "function(newgvn)" on module "<stdin>"
2.	Running pass "newgvn" on function "main"
 #0 0x0000615f6d65add0 llvm::sys::PrintStackTrace(llvm::raw_ostream&, int) /root/llvm/llvm-project-21/llvm/lib/Support/Unix/Signals.inc:834:22
 #1 0x0000615f6d65b259 PrintStackTraceSignalHandler(void*) /root/llvm/llvm-project-21/llvm/lib/Support/Unix/Signals.inc:918:1
 #2 0x0000615f6d6583c9 llvm::sys::RunSignalHandlers() /root/llvm/llvm-project-21/llvm/lib/Support/Signals.cpp:104:20
 #3 0x0000615f6d65a60d SignalHandler(int, siginfo_t*, void*) /root/llvm/llvm-project-21/llvm/lib/Support/Unix/Signals.inc:426:14
 #4 0x00007290e8102330 (/lib/x86_64-linux-gnu/libc.so.6+0x45330)
 #5 0x00007290e815bb2c __pthread_kill_implementation ./nptl/pthread_kill.c:44:76
 #6 0x00007290e815bb2c __pthread_kill_internal ./nptl/pthread_kill.c:78:10
 #7 0x00007290e815bb2c pthread_kill ./nptl/pthread_kill.c:89:10
 #8 0x00007290e810227e raise ./signal/../sysdeps/posix/raise.c:27:6
 #9 0x00007290e80e58ff abort ./stdlib/abort.c:81:7
#10 0x00007290e80e581b _nl_load_domain ./intl/loadmsgcat.c:1177:9
#11 0x00007290e80f8517 (/lib/x86_64-linux-gnu/libc.so.6+0x3b517)
#12 0x0000615f6c116172 llvm::patchReplacementInstruction(llvm::Instruction*, llvm::Value*) /root/llvm/llvm-project-21/llvm/lib/Transforms/Utils/Local.cpp:3543:24
#13 0x0000615f6bc05c10 (anonymous namespace)::NewGVN::eliminateInstructions(llvm::Function&) /root/llvm/llvm-project-21/llvm/lib/Transforms/Scalar/NewGVN.cpp:4128:11
  [iter 131/200] search_obj=1.0702  search_best=0.7476  validation_best=0.7797  EI=0.0142  rnum=6.4  len=38  syn_rate=0.43  mean=1.0417  worsen=19.00%
GA search time: 1.06s, candidates: 206
  [iter 132/200] search_obj=0.9368  search_best=0.7476  validation_best=0.7797  EI=0.0121  rnum=6.1  len=29  syn_rate=0.44  mean=0.9203  worsen=11.00%
GA search time: 1.00s, candidates: 205
  [iter 133/200] search_obj=0.7701  search_best=0.7476  validation_best=0.7797  EI=0.0169  rnum=5.9  len=25  syn_rate=0.49  mean=0.7581  worsen=8.00%
GA search time: 1.00s, candidates: 205
[Error] eval /root/iscas/ruyituner/dataset21/poj104-v2-ll_4/train/31_1857.ll: opt failed for pipeline='module(elim-avail-extern),module(globalopt),module(globalopt),function(dce),module(iroutliner),function(newgvn),module(attributor),function(instsimplify),module(elim-avail-extern),function(gvn-sink),module(elim-avail-extern),module(iroutliner),function(dce),function(dce),function(newgvn),function(gvn-hoist),module(scc-oz-module-inliner),function(memcpyopt),function(newgvn),function(jump-threading),module(iroutliner),module(elim-avail-extern),function(gvn-sink),function(dse),module(iroutliner),module(attributor),module(globalopt),function(newgvn)', target_triple=x86_64-unknown-linux-gnu, returncode=-6, cmd=/root/opt/rv64gc_llvm_21/bin/opt -S -passes=module(elim-avail-extern),module(globalopt),module(globalopt),function(dce),module(iroutliner),function(newgvn),module(attributor),function(instsimplify),module(elim-avail-extern),function(gvn-sink),module(elim-avail-extern),module(iroutliner),function(dce),function(dce),function(newgvn),function(gvn-hoist),module(scc-oz-module-inliner),function(memcpyopt),function(newgvn),function(jump-threading),module(iroutliner),module(elim-avail-extern),function(gvn-sink),function(dse),module(iroutliner),module(attributor),module(globalopt),function(newgvn) --mtriple=x86_64-unknown-linux-gnu
opt: /root/llvm/llvm-project-21/llvm/lib/Transforms/Utils/Local.cpp:3527: void llvm::patchReplacementInstruction(Instruction*, Value*): Assertion `Success && "We should not be trying to sink callbases " "with non-intersectable attributes"' failed.
PLEASE submit a bug report to https://github.com/llvm/llvm-project/issues/ and include the crash backtrace.
Stack dump:
0.	Program arguments: /root/opt/rv64gc_llvm_21/bin/opt -S -passes=module(elim-avail-extern),module(globalopt),module(globalopt),function(dce),module(iroutliner),function(newgvn),module(attributor),function(instsimplify),module(elim-avail-extern),function(gvn-sink),module(elim-avail-extern),module(iroutliner),function(dce),function(dce),function(newgvn),function(gvn-hoist),module(scc-oz-module-inliner),function(memcpyopt),function(newgvn),function(jump-threading),module(iroutliner),module(elim-avail-extern),function(gvn-sink),function(dse),module(iroutliner),module(attributor),module(globalopt),function(newgvn) --mtriple=x86_64-unknown-linux-gnu
1.	Running pass "function(newgvn)" on module "<stdin>"
2.	Running pass "newgvn" on function "main"
 #0 0x000060d18700bdd0 llvm::sys::PrintStackTrace(llvm::raw_ostream&, int) /root/llvm/llvm-project-21/llvm/lib/Support/Unix/Signals.inc:834:22
 #1 0x000060d18700c259 PrintStackTraceSignalHandler(void*) /root/llvm/llvm-project-21/llvm/lib/Support/Unix/Signals.inc:918:1
 #2 0x000060d1870093c9 llvm::sys::RunSignalHandlers() /root/llvm/llvm-project-21/llvm/lib/Support/Signals.cpp:104:20
 #3 0x000060d18700b60d SignalHandler(int, siginfo_t*, void*) /root/llvm/llvm-project-21/llvm/lib/Support/Unix/Signals.inc:426:14
 #4 0x0000784fcbc05330 (/lib/x86_64-linux-gnu/libc.so.6+0x45330)
 #5 0x0000784fcbc5eb2c __pthread_kill_implementation ./nptl/pthread_kill.c:44:76
 #6 0x0000784fcbc5eb2c __pthread_kill_internal ./nptl/pthread_kill.c:78:10
 #7 0x0000784fcbc5eb2c pthread_kill ./nptl/pthread_kill.c:89:10
 #8 0x0000784fcbc0527e raise ./signal/../sysdeps/posix/raise.c:27:6
 #9 0x0000784fcbbe88ff abort ./stdlib/abort.c:81:7
#10 0x0000784fcbbe881b _nl_load_domain ./intl/loadmsgcat.c:1177:9
#11 0x0000784fcbbfb517 (/lib/x86_64-linux-gnu/libc.so.6+0x3b517)
#12 0x000060d185ac7172 llvm::patchReplacementInstruction(llvm::Instruction*, llvm::Value*) /root/llvm/llvm-project-21/llvm/lib/Transforms/Utils/Local.cpp:3543:24
#13 0x000060d1855b6c10 (anonymous namespace)::NewGVN::eliminateInstructions(llvm::Function&) /root/llvm/llvm-project-21/llvm/lib/Transforms/Scalar/NewGVN.cpp:4128:11
  [iter 134/200] search_obj=0.8367  search_best=0.7476  validation_best=0.7797  EI=0.0138  rnum=5.7  len=28  syn_rate=0.51  mean=0.8247  worsen=8.00%
GA search time: 1.12s, candidates: 205
[Error] eval /root/iscas/ruyituner/dataset21/poj104-v2-ll_4/train/31_1857.ll: opt failed for pipeline='module(attributor),function(gvn-sink),function(gvn-sink),module(iroutliner),function(gvn-sink),function(instsimplify),function(jump-threading),function(newgvn),module(attributor),module(iroutliner),module(attributor),module(iroutliner),module(globalopt),module(elim-avail-extern),function(gvn-sink),module(elim-avail-extern),module(globalopt),module(elim-avail-extern),module(scc-oz-module-inliner),function(instsimplify),function(memcpyopt),function(gvn-hoist),module(iroutliner),module(elim-avail-extern),module(globalopt),function(gvn-hoist),module(attributor),module(iroutliner),module(iroutliner),module(globalopt),module(elim-avail-extern),function(dse),module(attributor),function(gvn-hoist),module(iroutliner),function(gvn-sink),module(iroutliner),function(gvn-sink),module(elim-avail-extern),function(newgvn),function(jump-threading),module(globalopt),function(memcpyopt)', target_triple=x86_64-unknown-linux-gnu, returncode=-6, cmd=/root/opt/rv64gc_llvm_21/bin/opt -S -passes=module(attributor),function(gvn-sink),function(gvn-sink),module(iroutliner),function(gvn-sink),function(instsimplify),function(jump-threading),function(newgvn),module(attributor),module(iroutliner),module(attributor),module(iroutliner),module(globalopt),module(elim-avail-extern),function(gvn-sink),module(elim-avail-extern),module(globalopt),module(elim-avail-extern),module(scc-oz-module-inliner),function(instsimplify),function(memcpyopt),function(gvn-hoist),module(iroutliner),module(elim-avail-extern),module(globalopt),function(gvn-hoist),module(attributor),module(iroutliner),module(iroutliner),module(globalopt),module(elim-avail-extern),function(dse),module(attributor),function(gvn-hoist),module(iroutliner),function(gvn-sink),module(iroutliner),function(gvn-sink),module(elim-avail-extern),function(newgvn),function(jump-threading),module(globalopt),function(memcpyopt) --mtriple=x86_64-unknown-linux-gnu
opt: /root/llvm/llvm-project-21/llvm/lib/Transforms/Utils/Local.cpp:3527: void llvm::patchReplacementInstruction(Instruction*, Value*): Assertion `Success && "We should not be trying to sink callbases " "with non-intersectable attributes"' failed.
PLEASE submit a bug report to https://github.com/llvm/llvm-project/issues/ and include the crash backtrace.
Stack dump:
0.	Program arguments: /root/opt/rv64gc_llvm_21/bin/opt -S -passes=module(attributor),function(gvn-sink),function(gvn-sink),module(iroutliner),function(gvn-sink),function(instsimplify),function(jump-threading),function(newgvn),module(attributor),module(iroutliner),module(attributor),module(iroutliner),module(globalopt),module(elim-avail-extern),function(gvn-sink),module(elim-avail-extern),module(globalopt),module(elim-avail-extern),module(scc-oz-module-inliner),function(instsimplify),function(memcpyopt),function(gvn-hoist),module(iroutliner),module(elim-avail-extern),module(globalopt),function(gvn-hoist),module(attributor),module(iroutliner),module(iroutliner),module(globalopt),module(elim-avail-extern),function(dse),module(attributor),function(gvn-hoist),module(iroutliner),function(gvn-sink),module(iroutliner),function(gvn-sink),module(elim-avail-extern),function(newgvn),function(jump-threading),module(globalopt),function(memcpyopt) --mtriple=x86_64-unknown-linux-gnu
1.	Running pass "function(newgvn)" on module "<stdin>"
2.	Running pass "newgvn" on function "main"
 #0 0x00005df1da19ddd0 llvm::sys::PrintStackTrace(llvm::raw_ostream&, int) /root/llvm/llvm-project-21/llvm/lib/Support/Unix/Signals.inc:834:22
 #1 0x00005df1da19e259 PrintStackTraceSignalHandler(void*) /root/llvm/llvm-project-21/llvm/lib/Support/Unix/Signals.inc:918:1
 #2 0x00005df1da19b3c9 llvm::sys::RunSignalHandlers() /root/llvm/llvm-project-21/llvm/lib/Support/Signals.cpp:104:20
 #3 0x00005df1da19d60d SignalHandler(int, siginfo_t*, void*) /root/llvm/llvm-project-21/llvm/lib/Support/Unix/Signals.inc:426:14
 #4 0x00007cd523488330 (/lib/x86_64-linux-gnu/libc.so.6+0x45330)
 #5 0x00007cd5234e1b2c __pthread_kill_implementation ./nptl/pthread_kill.c:44:76
 #6 0x00007cd5234e1b2c __pthread_kill_internal ./nptl/pthread_kill.c:78:10
 #7 0x00007cd5234e1b2c pthread_kill ./nptl/pthread_kill.c:89:10
 #8 0x00007cd52348827e raise ./signal/../sysdeps/posix/raise.c:27:6
 #9 0x00007cd52346b8ff abort ./stdlib/abort.c:81:7
#10 0x00007cd52346b81b _nl_load_domain ./intl/loadmsgcat.c:1177:9
#11 0x00007cd52347e517 (/lib/x86_64-linux-gnu/libc.so.6+0x3b517)
#12 0x00005df1d8c59172 llvm::patchReplacementInstruction(llvm::Instruction*, llvm::Value*) /root/llvm/llvm-project-21/llvm/lib/Transforms/Utils/Local.cpp:3543:24
#13 0x00005df1d8748c10 (anonymous namespace)::NewGVN::eliminateInstructions(llvm::Function&) /root/llvm/llvm-project-21/llvm/lib/Transforms/Scalar/NewGVN.cpp:4128:11
  [iter 135/200] search_obj=0.7980  search_best=0.7476  validation_best=0.7797  EI=0.0163  rnum=5.5  len=43  syn_rate=0.52  mean=0.7845  worsen=9.00%
GA search time: 0.81s, candidates: 205
[Error] eval /root/iscas/ruyituner/dataset21/poj104-v2-ll_4/train/31_1857.ll: opt failed for pipeline='module(scc-oz-module-inliner),function(jump-threading),function(newgvn),module(attributor),module(iroutliner),module(iroutliner),module(globalopt),module(elim-avail-extern),function(dce),module(elim-avail-extern),module(globalopt),function(gvn-sink),function(gvn-hoist),function(gvn-sink),module(attributor),function(memcpyopt),function(gvn-hoist),function(instsimplify),function(gvn-sink),module(globalopt),module(attributor),function(dce),function(gvn-hoist),function(memcpyopt),module(iroutliner),module(iroutliner),module(elim-avail-extern),module(scc-oz-module-inliner),function(gvn-hoist)', target_triple=x86_64-unknown-linux-gnu, returncode=-6, cmd=/root/opt/rv64gc_llvm_21/bin/opt -S -passes=module(scc-oz-module-inliner),function(jump-threading),function(newgvn),module(attributor),module(iroutliner),module(iroutliner),module(globalopt),module(elim-avail-extern),function(dce),module(elim-avail-extern),module(globalopt),function(gvn-sink),function(gvn-hoist),function(gvn-sink),module(attributor),function(memcpyopt),function(gvn-hoist),function(instsimplify),function(gvn-sink),module(globalopt),module(attributor),function(dce),function(gvn-hoist),function(memcpyopt),module(iroutliner),module(iroutliner),module(elim-avail-extern),module(scc-oz-module-inliner),function(gvn-hoist) --mtriple=x86_64-unknown-linux-gnu
opt: /root/llvm/llvm-project-21/llvm/lib/Transforms/Utils/Local.cpp:3527: void llvm::patchReplacementInstruction(Instruction*, Value*): Assertion `Success && "We should not be trying to sink callbases " "with non-intersectable attributes"' failed.
PLEASE submit a bug report to https://github.com/llvm/llvm-project/issues/ and include the crash backtrace.
Stack dump:
0.	Program arguments: /root/opt/rv64gc_llvm_21/bin/opt -S -passes=module(scc-oz-module-inliner),function(jump-threading),function(newgvn),module(attributor),module(iroutliner),module(iroutliner),module(globalopt),module(elim-avail-extern),function(dce),module(elim-avail-extern),module(globalopt),function(gvn-sink),function(gvn-hoist),function(gvn-sink),module(attributor),function(memcpyopt),function(gvn-hoist),function(instsimplify),function(gvn-sink),module(globalopt),module(attributor),function(dce),function(gvn-hoist),function(memcpyopt),module(iroutliner),module(iroutliner),module(elim-avail-extern),module(scc-oz-module-inliner),function(gvn-hoist) --mtriple=x86_64-unknown-linux-gnu
1.	Running pass "function(newgvn)" on module "<stdin>"
2.	Running pass "newgvn" on function "main"
 #0 0x00005912dcc24dd0 llvm::sys::PrintStackTrace(llvm::raw_ostream&, int) /root/llvm/llvm-project-21/llvm/lib/Support/Unix/Signals.inc:834:22
 #1 0x00005912dcc25259 PrintStackTraceSignalHandler(void*) /root/llvm/llvm-project-21/llvm/lib/Support/Unix/Signals.inc:918:1
 #2 0x00005912dcc223c9 llvm::sys::RunSignalHandlers() /root/llvm/llvm-project-21/llvm/lib/Support/Signals.cpp:104:20
 #3 0x00005912dcc2460d SignalHandler(int, siginfo_t*, void*) /root/llvm/llvm-project-21/llvm/lib/Support/Unix/Signals.inc:426:14
 #4 0x0000767dae111330 (/lib/x86_64-linux-gnu/libc.so.6+0x45330)
 #5 0x0000767dae16ab2c __pthread_kill_implementation ./nptl/pthread_kill.c:44:76
 #6 0x0000767dae16ab2c __pthread_kill_internal ./nptl/pthread_kill.c:78:10
 #7 0x0000767dae16ab2c pthread_kill ./nptl/pthread_kill.c:89:10
 #8 0x0000767dae11127e raise ./signal/../sysdeps/posix/raise.c:27:6
 #9 0x0000767dae0f48ff abort ./stdlib/abort.c:81:7
#10 0x0000767dae0f481b _nl_load_domain ./intl/loadmsgcat.c:1177:9
#11 0x0000767dae107517 (/lib/x86_64-linux-gnu/libc.so.6+0x3b517)
#12 0x00005912db6e0172 llvm::patchReplacementInstruction(llvm::Instruction*, llvm::Value*) /root/llvm/llvm-project-21/llvm/lib/Transforms/Utils/Local.cpp:3543:24
#13 0x00005912db1cfc10 (anonymous namespace)::NewGVN::eliminateInstructions(llvm::Function&) /root/llvm/llvm-project-21/llvm/lib/Transforms/Scalar/NewGVN.cpp:4128:11
  [iter 136/200] search_obj=1.0690  search_best=0.7476  validation_best=0.7797  EI=0.0136  rnum=5.3  len=29  syn_rate=0.42  mean=1.0390  worsen=20.00%
GA search time: 0.89s, candidates: 205
  [iter 137/200] search_obj=0.7544  search_best=0.7476  validation_best=0.7797  EI=0.0105  rnum=5.1  len=26  syn_rate=0.48  mean=0.7439  worsen=7.00%
GA search time: 1.11s, candidates: 204
  [iter 138/200] search_obj=0.8679  search_best=0.7476  validation_best=0.7797  EI=0.0126  rnum=4.9  len=27  syn_rate=0.45  mean=0.8529  worsen=10.00%
GA search time: 0.96s, candidates: 204
[Error] eval /root/iscas/ruyituner/dataset21/poj104-v2-ll_4/train/31_1857.ll: opt failed for pipeline='module(globalopt),function(gvn-sink),function(gvn-sink),module(elim-avail-extern),module(iroutliner),function(instsimplify),function(gvn-hoist),module(attributor),function(memcpyopt),module(iroutliner),module(globalopt),function(gvn-sink),function(newgvn),function(newgvn),module(globalopt),module(attributor),function(dce),module(iroutliner),module(elim-avail-extern),module(scc-oz-module-inliner),function(newgvn),function(jump-threading),module(attributor),module(iroutliner),module(globalopt),function(jump-threading),function(dse),function(gvn-sink),function(memcpyopt),function(jump-threading),module(iroutliner),module(elim-avail-extern),module(attributor),module(attributor),module(scc-oz-module-inliner),module(elim-avail-extern),module(globalopt),module(iroutliner),module(iroutliner),module(iroutliner),function(gvn-hoist),module(iroutliner),module(iroutliner)', target_triple=x86_64-unknown-linux-gnu, returncode=-6, cmd=/root/opt/rv64gc_llvm_21/bin/opt -S -passes=module(globalopt),function(gvn-sink),function(gvn-sink),module(elim-avail-extern),module(iroutliner),function(instsimplify),function(gvn-hoist),module(attributor),function(memcpyopt),module(iroutliner),module(globalopt),function(gvn-sink),function(newgvn),function(newgvn),module(globalopt),module(attributor),function(dce),module(iroutliner),module(elim-avail-extern),module(scc-oz-module-inliner),function(newgvn),function(jump-threading),module(attributor),module(iroutliner),module(globalopt),function(jump-threading),function(dse),function(gvn-sink),function(memcpyopt),function(jump-threading),module(iroutliner),module(elim-avail-extern),module(attributor),module(attributor),module(scc-oz-module-inliner),module(elim-avail-extern),module(globalopt),module(iroutliner),module(iroutliner),module(iroutliner),function(gvn-hoist),module(iroutliner),module(iroutliner) --mtriple=x86_64-unknown-linux-gnu
opt: /root/llvm/llvm-project-21/llvm/lib/Transforms/Utils/Local.cpp:3527: void llvm::patchReplacementInstruction(Instruction*, Value*): Assertion `Success && "We should not be trying to sink callbases " "with non-intersectable attributes"' failed.
PLEASE submit a bug report to https://github.com/llvm/llvm-project/issues/ and include the crash backtrace.
Stack dump:
0.	Program arguments: /root/opt/rv64gc_llvm_21/bin/opt -S -passes=module(globalopt),function(gvn-sink),function(gvn-sink),module(elim-avail-extern),module(iroutliner),function(instsimplify),function(gvn-hoist),module(attributor),function(memcpyopt),module(iroutliner),module(globalopt),function(gvn-sink),function(newgvn),function(newgvn),module(globalopt),module(attributor),function(dce),module(iroutliner),module(elim-avail-extern),module(scc-oz-module-inliner),function(newgvn),function(jump-threading),module(attributor),module(iroutliner),module(globalopt),function(jump-threading),function(dse),function(gvn-sink),function(memcpyopt),function(jump-threading),module(iroutliner),module(elim-avail-extern),module(attributor),module(attributor),module(scc-oz-module-inliner),module(elim-avail-extern),module(globalopt),module(iroutliner),module(iroutliner),module(iroutliner),function(gvn-hoist),module(iroutliner),module(iroutliner) --mtriple=x86_64-unknown-linux-gnu
1.	Running pass "function(newgvn)" on module "<stdin>"
2.	Running pass "newgvn" on function "main"
 #0 0x00005c709c514dd0 llvm::sys::PrintStackTrace(llvm::raw_ostream&, int) /root/llvm/llvm-project-21/llvm/lib/Support/Unix/Signals.inc:834:22
 #1 0x00005c709c515259 PrintStackTraceSignalHandler(void*) /root/llvm/llvm-project-21/llvm/lib/Support/Unix/Signals.inc:918:1
 #2 0x00005c709c5123c9 llvm::sys::RunSignalHandlers() /root/llvm/llvm-project-21/llvm/lib/Support/Signals.cpp:104:20
 #3 0x00005c709c51460d SignalHandler(int, siginfo_t*, void*) /root/llvm/llvm-project-21/llvm/lib/Support/Unix/Signals.inc:426:14
 #4 0x000077d9d566e330 (/lib/x86_64-linux-gnu/libc.so.6+0x45330)
 #5 0x000077d9d56c7b2c __pthread_kill_implementation ./nptl/pthread_kill.c:44:76
 #6 0x000077d9d56c7b2c __pthread_kill_internal ./nptl/pthread_kill.c:78:10
 #7 0x000077d9d56c7b2c pthread_kill ./nptl/pthread_kill.c:89:10
 #8 0x000077d9d566e27e raise ./signal/../sysdeps/posix/raise.c:27:6
 #9 0x000077d9d56518ff abort ./stdlib/abort.c:81:7
#10 0x000077d9d565181b _nl_load_domain ./intl/loadmsgcat.c:1177:9
#11 0x000077d9d5664517 (/lib/x86_64-linux-gnu/libc.so.6+0x3b517)
#12 0x00005c709afd0172 llvm::patchReplacementInstruction(llvm::Instruction*, llvm::Value*) /root/llvm/llvm-project-21/llvm/lib/Transforms/Utils/Local.cpp:3543:24
#13 0x00005c709aabfc10 (anonymous namespace)::NewGVN::eliminateInstructions(llvm::Function&) /root/llvm/llvm-project-21/llvm/lib/Transforms/Scalar/NewGVN.cpp:4128:11
  [iter 139/200] search_obj=0.7527  search_best=0.7476  validation_best=0.7797  EI=0.0121  rnum=4.7  len=43  syn_rate=0.55  mean=0.7422  worsen=7.00%
GA search time: 1.05s, candidates: 204
[Error] eval /root/iscas/ruyituner/dataset21/poj104-v2-ll_4/train/31_1857.ll: opt failed for pipeline='module(attributor),function(gvn-hoist),function(gvn-sink),module(globalopt),module(attributor),module(iroutliner),module(globalopt),module(attributor),function(memcpyopt),function(jump-threading),module(globalopt),module(iroutliner),module(elim-avail-extern),module(scc-oz-module-inliner),function(jump-threading),function(newgvn),module(attributor),module(iroutliner),module(iroutliner),module(globalopt),module(elim-avail-extern),function(gvn-sink),module(elim-avail-extern),module(globalopt),function(gvn-sink),function(gvn-hoist),module(attributor),function(dce),function(memcpyopt),function(gvn-hoist),function(instsimplify)', target_triple=x86_64-unknown-linux-gnu, returncode=-6, cmd=/root/opt/rv64gc_llvm_21/bin/opt -S -passes=module(attributor),function(gvn-hoist),function(gvn-sink),module(globalopt),module(attributor),module(iroutliner),module(globalopt),module(attributor),function(memcpyopt),function(jump-threading),module(globalopt),module(iroutliner),module(elim-avail-extern),module(scc-oz-module-inliner),function(jump-threading),function(newgvn),module(attributor),module(iroutliner),module(iroutliner),module(globalopt),module(elim-avail-extern),function(gvn-sink),module(elim-avail-extern),module(globalopt),function(gvn-sink),function(gvn-hoist),module(attributor),function(dce),function(memcpyopt),function(gvn-hoist),function(instsimplify) --mtriple=x86_64-unknown-linux-gnu
opt: /root/llvm/llvm-project-21/llvm/lib/Transforms/Utils/Local.cpp:3527: void llvm::patchReplacementInstruction(Instruction*, Value*): Assertion `Success && "We should not be trying to sink callbases " "with non-intersectable attributes"' failed.
PLEASE submit a bug report to https://github.com/llvm/llvm-project/issues/ and include the crash backtrace.
Stack dump:
0.	Program arguments: /root/opt/rv64gc_llvm_21/bin/opt -S -passes=module(attributor),function(gvn-hoist),function(gvn-sink),module(globalopt),module(attributor),module(iroutliner),module(globalopt),module(attributor),function(memcpyopt),function(jump-threading),module(globalopt),module(iroutliner),module(elim-avail-extern),module(scc-oz-module-inliner),function(jump-threading),function(newgvn),module(attributor),module(iroutliner),module(iroutliner),module(globalopt),module(elim-avail-extern),function(gvn-sink),module(elim-avail-extern),module(globalopt),function(gvn-sink),function(gvn-hoist),module(attributor),function(dce),function(memcpyopt),function(gvn-hoist),function(instsimplify) --mtriple=x86_64-unknown-linux-gnu
1.	Running pass "function(newgvn)" on module "<stdin>"
2.	Running pass "newgvn" on function "main"
 #0 0x000062176294ddd0 llvm::sys::PrintStackTrace(llvm::raw_ostream&, int) /root/llvm/llvm-project-21/llvm/lib/Support/Unix/Signals.inc:834:22
 #1 0x000062176294e259 PrintStackTraceSignalHandler(void*) /root/llvm/llvm-project-21/llvm/lib/Support/Unix/Signals.inc:918:1
 #2 0x000062176294b3c9 llvm::sys::RunSignalHandlers() /root/llvm/llvm-project-21/llvm/lib/Support/Signals.cpp:104:20
 #3 0x000062176294d60d SignalHandler(int, siginfo_t*, void*) /root/llvm/llvm-project-21/llvm/lib/Support/Unix/Signals.inc:426:14
 #4 0x00007ab6b2472330 (/lib/x86_64-linux-gnu/libc.so.6+0x45330)
 #5 0x00007ab6b24cbb2c __pthread_kill_implementation ./nptl/pthread_kill.c:44:76
 #6 0x00007ab6b24cbb2c __pthread_kill_internal ./nptl/pthread_kill.c:78:10
 #7 0x00007ab6b24cbb2c pthread_kill ./nptl/pthread_kill.c:89:10
 #8 0x00007ab6b247227e raise ./signal/../sysdeps/posix/raise.c:27:6
 #9 0x00007ab6b24558ff abort ./stdlib/abort.c:81:7
#10 0x00007ab6b245581b _nl_load_domain ./intl/loadmsgcat.c:1177:9
#11 0x00007ab6b2468517 (/lib/x86_64-linux-gnu/libc.so.6+0x3b517)
#12 0x0000621761409172 llvm::patchReplacementInstruction(llvm::Instruction*, llvm::Value*) /root/llvm/llvm-project-21/llvm/lib/Transforms/Utils/Local.cpp:3543:24
#13 0x0000621760ef8c10 (anonymous namespace)::NewGVN::eliminateInstructions(llvm::Function&) /root/llvm/llvm-project-21/llvm/lib/Transforms/Scalar/NewGVN.cpp:4128:11
  [iter 140/200] search_obj=0.8425  search_best=0.7476  validation_best=0.7797  EI=0.0139  rnum=4.5  len=31  syn_rate=0.46  mean=0.8305  worsen=8.00%
GA search time: 1.09s, candidates: 204
[Error] eval /root/iscas/ruyituner/dataset21/poj104-v2-ll_4/train/31_1857.ll: opt failed for pipeline='function(dse),module(scc-oz-module-inliner),function(jump-threading),module(attributor),module(iroutliner),module(iroutliner),module(globalopt),module(elim-avail-extern),function(gvn-sink),module(elim-avail-extern),module(globalopt),function(gvn-sink),function(gvn-hoist),function(dce),module(attributor),function(memcpyopt),function(gvn-hoist),function(newgvn),function(dce),module(iroutliner),module(elim-avail-extern),module(scc-oz-module-inliner),function(instsimplify),module(iroutliner),function(dse),function(dse)', target_triple=x86_64-unknown-linux-gnu, returncode=-6, cmd=/root/opt/rv64gc_llvm_21/bin/opt -S -passes=function(dse),module(scc-oz-module-inliner),function(jump-threading),module(attributor),module(iroutliner),module(iroutliner),module(globalopt),module(elim-avail-extern),function(gvn-sink),module(elim-avail-extern),module(globalopt),function(gvn-sink),function(gvn-hoist),function(dce),module(attributor),function(memcpyopt),function(gvn-hoist),function(newgvn),function(dce),module(iroutliner),module(elim-avail-extern),module(scc-oz-module-inliner),function(instsimplify),module(iroutliner),function(dse),function(dse) --mtriple=x86_64-unknown-linux-gnu
opt: /root/llvm/llvm-project-21/llvm/lib/Transforms/Utils/Local.cpp:3527: void llvm::patchReplacementInstruction(Instruction*, Value*): Assertion `Success && "We should not be trying to sink callbases " "with non-intersectable attributes"' failed.
PLEASE submit a bug report to https://github.com/llvm/llvm-project/issues/ and include the crash backtrace.
Stack dump:
0.	Program arguments: /root/opt/rv64gc_llvm_21/bin/opt -S -passes=function(dse),module(scc-oz-module-inliner),function(jump-threading),module(attributor),module(iroutliner),module(iroutliner),module(globalopt),module(elim-avail-extern),function(gvn-sink),module(elim-avail-extern),module(globalopt),function(gvn-sink),function(gvn-hoist),function(dce),module(attributor),function(memcpyopt),function(gvn-hoist),function(newgvn),function(dce),module(iroutliner),module(elim-avail-extern),module(scc-oz-module-inliner),function(instsimplify),module(iroutliner),function(dse),function(dse) --mtriple=x86_64-unknown-linux-gnu
1.	Running pass "function(newgvn)" on module "<stdin>"
2.	Running pass "newgvn" on function "main"
 #0 0x00005681e1633dd0 llvm::sys::PrintStackTrace(llvm::raw_ostream&, int) /root/llvm/llvm-project-21/llvm/lib/Support/Unix/Signals.inc:834:22
 #1 0x00005681e1634259 PrintStackTraceSignalHandler(void*) /root/llvm/llvm-project-21/llvm/lib/Support/Unix/Signals.inc:918:1
 #2 0x00005681e16313c9 llvm::sys::RunSignalHandlers() /root/llvm/llvm-project-21/llvm/lib/Support/Signals.cpp:104:20
 #3 0x00005681e163360d SignalHandler(int, siginfo_t*, void*) /root/llvm/llvm-project-21/llvm/lib/Support/Unix/Signals.inc:426:14
 #4 0x00007ad2e78bc330 (/lib/x86_64-linux-gnu/libc.so.6+0x45330)
 #5 0x00007ad2e7915b2c __pthread_kill_implementation ./nptl/pthread_kill.c:44:76
 #6 0x00007ad2e7915b2c __pthread_kill_internal ./nptl/pthread_kill.c:78:10
 #7 0x00007ad2e7915b2c pthread_kill ./nptl/pthread_kill.c:89:10
 #8 0x00007ad2e78bc27e raise ./signal/../sysdeps/posix/raise.c:27:6
 #9 0x00007ad2e789f8ff abort ./stdlib/abort.c:81:7
#10 0x00007ad2e789f81b _nl_load_domain ./intl/loadmsgcat.c:1177:9
#11 0x00007ad2e78b2517 (/lib/x86_64-linux-gnu/libc.so.6+0x3b517)
#12 0x00005681e00ef172 llvm::patchReplacementInstruction(llvm::Instruction*, llvm::Value*) /root/llvm/llvm-project-21/llvm/lib/Transforms/Utils/Local.cpp:3543:24
#13 0x00005681dfbdec10 (anonymous namespace)::NewGVN::eliminateInstructions(llvm::Function&) /root/llvm/llvm-project-21/llvm/lib/Transforms/Scalar/NewGVN.cpp:4128:11
  [iter 141/200] search_obj=1.0690  search_best=0.7476  validation_best=0.7797  EI=0.0140  rnum=4.3  len=26  syn_rate=0.50  mean=1.0390  worsen=20.00%
GA search time: 0.92s, candidates: 204
[Error] eval /root/iscas/ruyituner/dataset21/poj104-v2-ll_4/train/31_1857.ll: opt failed for pipeline='module(attributor),module(elim-avail-extern),module(elim-avail-extern),function(gvn-hoist),function(gvn-hoist),function(memcpyopt),function(instsimplify),module(scc-oz-module-inliner),module(elim-avail-extern),function(gvn-hoist),function(newgvn),module(iroutliner),module(iroutliner),module(attributor),module(elim-avail-extern),module(globalopt),function(gvn-hoist),module(iroutliner),function(gvn-sink),module(attributor),function(jump-threading),module(attributor),module(inferattrs),module(elim-avail-extern),module(attributor),module(elim-avail-extern),module(elim-avail-extern),module(globalopt),function(gvn-sink),module(globalopt),module(elim-avail-extern),function(gvn-hoist),module(attributor),module(iroutliner),function(jump-threading),function(jump-threading),module(globalopt),function(gvn-sink),function(newgvn),function(dse),function(gvn-sink),module(globalopt),module(attributor),function(dce),module(iroutliner),module(elim-avail-extern),module(scc-oz-module-inliner),function(gvn-hoist)', target_triple=x86_64-unknown-linux-gnu, returncode=-6, cmd=/root/opt/rv64gc_llvm_21/bin/opt -S -passes=module(attributor),module(elim-avail-extern),module(elim-avail-extern),function(gvn-hoist),function(gvn-hoist),function(memcpyopt),function(instsimplify),module(scc-oz-module-inliner),module(elim-avail-extern),function(gvn-hoist),function(newgvn),module(iroutliner),module(iroutliner),module(attributor),module(elim-avail-extern),module(globalopt),function(gvn-hoist),module(iroutliner),function(gvn-sink),module(attributor),function(jump-threading),module(attributor),module(inferattrs),module(elim-avail-extern),module(attributor),module(elim-avail-extern),module(elim-avail-extern),module(globalopt),function(gvn-sink),module(globalopt),module(elim-avail-extern),function(gvn-hoist),module(attributor),module(iroutliner),function(jump-threading),function(jump-threading),module(globalopt),function(gvn-sink),function(newgvn),function(dse),function(gvn-sink),module(globalopt),module(attributor),function(dce),module(iroutliner),module(elim-avail-extern),module(scc-oz-module-inliner),function(gvn-hoist) --mtriple=x86_64-unknown-linux-gnu
opt: /root/llvm/llvm-project-21/llvm/lib/Transforms/Utils/Local.cpp:3527: void llvm::patchReplacementInstruction(Instruction*, Value*): Assertion `Success && "We should not be trying to sink callbases " "with non-intersectable attributes"' failed.
PLEASE submit a bug report to https://github.com/llvm/llvm-project/issues/ and include the crash backtrace.
Stack dump:
0.	Program arguments: /root/opt/rv64gc_llvm_21/bin/opt -S -passes=module(attributor),module(elim-avail-extern),module(elim-avail-extern),function(gvn-hoist),function(gvn-hoist),function(memcpyopt),function(instsimplify),module(scc-oz-module-inliner),module(elim-avail-extern),function(gvn-hoist),function(newgvn),module(iroutliner),module(iroutliner),module(attributor),module(elim-avail-extern),module(globalopt),function(gvn-hoist),module(iroutliner),function(gvn-sink),module(attributor),function(jump-threading),module(attributor),module(inferattrs),module(elim-avail-extern),module(attributor),module(elim-avail-extern),module(elim-avail-extern),module(globalopt),function(gvn-sink),module(globalopt),module(elim-avail-extern),function(gvn-hoist),module(attributor),module(iroutliner),function(jump-threading),function(jump-threading),module(globalopt),function(gvn-sink),function(newgvn),function(dse),function(gvn-sink),module(globalopt),module(attributor),function(dce),module(iroutliner),module(elim-avail-extern),module(scc-oz-module-inliner),function(gvn-hoist) --mtriple=x86_64-unknown-linux-gnu
1.	Running pass "function(newgvn)" on module "<stdin>"
2.	Running pass "newgvn" on function "main"
 #0 0x00005c61d6cd6dd0 llvm::sys::PrintStackTrace(llvm::raw_ostream&, int) /root/llvm/llvm-project-21/llvm/lib/Support/Unix/Signals.inc:834:22
 #1 0x00005c61d6cd7259 PrintStackTraceSignalHandler(void*) /root/llvm/llvm-project-21/llvm/lib/Support/Unix/Signals.inc:918:1
 #2 0x00005c61d6cd43c9 llvm::sys::RunSignalHandlers() /root/llvm/llvm-project-21/llvm/lib/Support/Signals.cpp:104:20
 #3 0x00005c61d6cd660d SignalHandler(int, siginfo_t*, void*) /root/llvm/llvm-project-21/llvm/lib/Support/Unix/Signals.inc:426:14
 #4 0x000073f4b32a9330 (/lib/x86_64-linux-gnu/libc.so.6+0x45330)
 #5 0x000073f4b3302b2c __pthread_kill_implementation ./nptl/pthread_kill.c:44:76
 #6 0x000073f4b3302b2c __pthread_kill_internal ./nptl/pthread_kill.c:78:10
 #7 0x000073f4b3302b2c pthread_kill ./nptl/pthread_kill.c:89:10
 #8 0x000073f4b32a927e raise ./signal/../sysdeps/posix/raise.c:27:6
 #9 0x000073f4b328c8ff abort ./stdlib/abort.c:81:7
#10 0x000073f4b328c81b _nl_load_domain ./intl/loadmsgcat.c:1177:9
#11 0x000073f4b329f517 (/lib/x86_64-linux-gnu/libc.so.6+0x3b517)
#12 0x00005c61d5792172 llvm::patchReplacementInstruction(llvm::Instruction*, llvm::Value*) /root/llvm/llvm-project-21/llvm/lib/Transforms/Utils/Local.cpp:3543:24
#13 0x00005c61d5281c10 (anonymous namespace)::NewGVN::eliminateInstructions(llvm::Function&) /root/llvm/llvm-project-21/llvm/lib/Transforms/Scalar/NewGVN.cpp:4128:11
  [iter 142/200] search_obj=0.9237  search_best=0.7476  validation_best=0.7797  EI=0.0188  rnum=4.2  len=48  syn_rate=0.53  mean=0.9087  worsen=10.00%
GA search time: 1.11s, candidates: 204
[Error] eval /root/iscas/ruyituner/dataset21/poj104-v2-ll_4/train/31_1857.ll: opt failed for pipeline='module(elim-avail-extern),module(iroutliner),function(instsimplify),function(gvn-hoist),module(attributor),function(memcpyopt),function(jump-threading),module(globalopt),function(gvn-sink),function(newgvn),function(dse),function(gvn-sink),module(globalopt),module(attributor),module(attributor),function(dce),module(iroutliner),module(elim-avail-extern),module(scc-oz-module-inliner),function(gvn-hoist),module(elim-avail-extern),module(scc-oz-module-inliner),function(dce),function(dce),module(globalopt),function(dce),function(dse),module(globalopt),function(newgvn)', target_triple=x86_64-unknown-linux-gnu, returncode=-6, cmd=/root/opt/rv64gc_llvm_21/bin/opt -S -passes=module(elim-avail-extern),module(iroutliner),function(instsimplify),function(gvn-hoist),module(attributor),function(memcpyopt),function(jump-threading),module(globalopt),function(gvn-sink),function(newgvn),function(dse),function(gvn-sink),module(globalopt),module(attributor),module(attributor),function(dce),module(iroutliner),module(elim-avail-extern),module(scc-oz-module-inliner),function(gvn-hoist),module(elim-avail-extern),module(scc-oz-module-inliner),function(dce),function(dce),module(globalopt),function(dce),function(dse),module(globalopt),function(newgvn) --mtriple=x86_64-unknown-linux-gnu
opt: /root/llvm/llvm-project-21/llvm/lib/Transforms/Utils/Local.cpp:3527: void llvm::patchReplacementInstruction(Instruction*, Value*): Assertion `Success && "We should not be trying to sink callbases " "with non-intersectable attributes"' failed.
PLEASE submit a bug report to https://github.com/llvm/llvm-project/issues/ and include the crash backtrace.
Stack dump:
0.	Program arguments: /root/opt/rv64gc_llvm_21/bin/opt -S -passes=module(elim-avail-extern),module(iroutliner),function(instsimplify),function(gvn-hoist),module(attributor),function(memcpyopt),function(jump-threading),module(globalopt),function(gvn-sink),function(newgvn),function(dse),function(gvn-sink),module(globalopt),module(attributor),module(attributor),function(dce),module(iroutliner),module(elim-avail-extern),module(scc-oz-module-inliner),function(gvn-hoist),module(elim-avail-extern),module(scc-oz-module-inliner),function(dce),function(dce),module(globalopt),function(dce),function(dse),module(globalopt),function(newgvn) --mtriple=x86_64-unknown-linux-gnu
1.	Running pass "function(newgvn)" on module "<stdin>"
2.	Running pass "newgvn" on function "main"
 #0 0x000064e037618dd0 llvm::sys::PrintStackTrace(llvm::raw_ostream&, int) /root/llvm/llvm-project-21/llvm/lib/Support/Unix/Signals.inc:834:22
 #1 0x000064e037619259 PrintStackTraceSignalHandler(void*) /root/llvm/llvm-project-21/llvm/lib/Support/Unix/Signals.inc:918:1
 #2 0x000064e0376163c9 llvm::sys::RunSignalHandlers() /root/llvm/llvm-project-21/llvm/lib/Support/Signals.cpp:104:20
 #3 0x000064e03761860d SignalHandler(int, siginfo_t*, void*) /root/llvm/llvm-project-21/llvm/lib/Support/Unix/Signals.inc:426:14
 #4 0x00007a4eec50d330 (/lib/x86_64-linux-gnu/libc.so.6+0x45330)
 #5 0x00007a4eec566b2c __pthread_kill_implementation ./nptl/pthread_kill.c:44:76
 #6 0x00007a4eec566b2c __pthread_kill_internal ./nptl/pthread_kill.c:78:10
 #7 0x00007a4eec566b2c pthread_kill ./nptl/pthread_kill.c:89:10
 #8 0x00007a4eec50d27e raise ./signal/../sysdeps/posix/raise.c:27:6
 #9 0x00007a4eec4f08ff abort ./stdlib/abort.c:81:7
#10 0x00007a4eec4f081b _nl_load_domain ./intl/loadmsgcat.c:1177:9
#11 0x00007a4eec503517 (/lib/x86_64-linux-gnu/libc.so.6+0x3b517)
#12 0x000064e0360d4172 llvm::patchReplacementInstruction(llvm::Instruction*, llvm::Value*) /root/llvm/llvm-project-21/llvm/lib/Transforms/Utils/Local.cpp:3543:24
#13 0x000064e035bc3c10 (anonymous namespace)::NewGVN::eliminateInstructions(llvm::Function&) /root/llvm/llvm-project-21/llvm/lib/Transforms/Scalar/NewGVN.cpp:4128:11
  [iter 143/200] search_obj=0.7593  search_best=0.7476  validation_best=0.7797  EI=0.0167  rnum=4.0  len=29  syn_rate=0.49  mean=0.7488  worsen=7.00%
GA search time: 1.10s, candidates: 203
[Error] eval /root/iscas/ruyituner/dataset21/poj104-v2-ll_4/train/31_1857.ll: opt failed for pipeline='module(elim-avail-extern),module(iroutliner),function(instsimplify),function(gvn-hoist),module(globalopt),module(attributor),function(memcpyopt),function(jump-threading),module(globalopt),function(gvn-sink),function(newgvn),function(gvn-sink),module(globalopt),module(attributor),function(dce),module(iroutliner),module(elim-avail-extern),module(scc-oz-module-inliner),module(iroutliner),module(elim-avail-extern),module(elim-avail-extern),module(inferattrs),function(instsimplify),function(gvn-hoist),module(attributor),function(memcpyopt),function(jump-threading),module(globalopt),function(gvn-sink),function(newgvn),function(gvn-sink),module(globalopt),module(attributor),function(dce),module(iroutliner),function(gvn-hoist),function(memcpyopt),module(scc-oz-module-inliner)', target_triple=x86_64-unknown-linux-gnu, returncode=-6, cmd=/root/opt/rv64gc_llvm_21/bin/opt -S -passes=module(elim-avail-extern),module(iroutliner),function(instsimplify),function(gvn-hoist),module(globalopt),module(attributor),function(memcpyopt),function(jump-threading),module(globalopt),function(gvn-sink),function(newgvn),function(gvn-sink),module(globalopt),module(attributor),function(dce),module(iroutliner),module(elim-avail-extern),module(scc-oz-module-inliner),module(iroutliner),module(elim-avail-extern),module(elim-avail-extern),module(inferattrs),function(instsimplify),function(gvn-hoist),module(attributor),function(memcpyopt),function(jump-threading),module(globalopt),function(gvn-sink),function(newgvn),function(gvn-sink),module(globalopt),module(attributor),function(dce),module(iroutliner),function(gvn-hoist),function(memcpyopt),module(scc-oz-module-inliner) --mtriple=x86_64-unknown-linux-gnu
opt: /root/llvm/llvm-project-21/llvm/lib/Transforms/Utils/Local.cpp:3527: void llvm::patchReplacementInstruction(Instruction*, Value*): Assertion `Success && "We should not be trying to sink callbases " "with non-intersectable attributes"' failed.
PLEASE submit a bug report to https://github.com/llvm/llvm-project/issues/ and include the crash backtrace.
Stack dump:
0.	Program arguments: /root/opt/rv64gc_llvm_21/bin/opt -S -passes=module(elim-avail-extern),module(iroutliner),function(instsimplify),function(gvn-hoist),module(globalopt),module(attributor),function(memcpyopt),function(jump-threading),module(globalopt),function(gvn-sink),function(newgvn),function(gvn-sink),module(globalopt),module(attributor),function(dce),module(iroutliner),module(elim-avail-extern),module(scc-oz-module-inliner),module(iroutliner),module(elim-avail-extern),module(elim-avail-extern),module(inferattrs),function(instsimplify),function(gvn-hoist),module(attributor),function(memcpyopt),function(jump-threading),module(globalopt),function(gvn-sink),function(newgvn),function(gvn-sink),module(globalopt),module(attributor),function(dce),module(iroutliner),function(gvn-hoist),function(memcpyopt),module(scc-oz-module-inliner) --mtriple=x86_64-unknown-linux-gnu
1.	Running pass "function(newgvn)" on module "<stdin>"
2.	Running pass "newgvn" on function "main"
 #0 0x000062d5879a0dd0 llvm::sys::PrintStackTrace(llvm::raw_ostream&, int) /root/llvm/llvm-project-21/llvm/lib/Support/Unix/Signals.inc:834:22
 #1 0x000062d5879a1259 PrintStackTraceSignalHandler(void*) /root/llvm/llvm-project-21/llvm/lib/Support/Unix/Signals.inc:918:1
 #2 0x000062d58799e3c9 llvm::sys::RunSignalHandlers() /root/llvm/llvm-project-21/llvm/lib/Support/Signals.cpp:104:20
 #3 0x000062d5879a060d SignalHandler(int, siginfo_t*, void*) /root/llvm/llvm-project-21/llvm/lib/Support/Unix/Signals.inc:426:14
 #4 0x000071f614c03330 (/lib/x86_64-linux-gnu/libc.so.6+0x45330)
 #5 0x000071f614c5cb2c __pthread_kill_implementation ./nptl/pthread_kill.c:44:76
 #6 0x000071f614c5cb2c __pthread_kill_internal ./nptl/pthread_kill.c:78:10
 #7 0x000071f614c5cb2c pthread_kill ./nptl/pthread_kill.c:89:10
 #8 0x000071f614c0327e raise ./signal/../sysdeps/posix/raise.c:27:6
 #9 0x000071f614be68ff abort ./stdlib/abort.c:81:7
#10 0x000071f614be681b _nl_load_domain ./intl/loadmsgcat.c:1177:9
#11 0x000071f614bf9517 (/lib/x86_64-linux-gnu/libc.so.6+0x3b517)
#12 0x000062d58645c172 llvm::patchReplacementInstruction(llvm::Instruction*, llvm::Value*) /root/llvm/llvm-project-21/llvm/lib/Transforms/Utils/Local.cpp:3543:24
#13 0x000062d585f4bc10 (anonymous namespace)::NewGVN::eliminateInstructions(llvm::Function&) /root/llvm/llvm-project-21/llvm/lib/Transforms/Scalar/NewGVN.cpp:4128:11
  [iter 144/200] search_obj=0.7622  search_best=0.7476  validation_best=0.7797  EI=0.0128  rnum=3.8  len=38  syn_rate=0.52  mean=0.7517  worsen=7.00%
GA search time: 0.98s, candidates: 203
[Error] eval /root/iscas/ruyituner/dataset21/poj104-v2-ll_4/train/31_1857.ll: opt failed for pipeline='module(attributor),module(iroutliner),module(elim-avail-extern),module(scc-oz-module-inliner),function(jump-threading),function(newgvn),module(attributor),module(attributor),module(iroutliner),module(iroutliner),module(iroutliner),function(dse),module(globalopt),module(elim-avail-extern),function(gvn-sink),module(globalopt),module(elim-avail-extern),module(elim-avail-extern),function(memcpyopt),function(gvn-hoist),function(memcpyopt),function(instsimplify),function(gvn-hoist),function(gvn-hoist),function(gvn-sink),function(gvn-sink),function(dce),function(instsimplify),function(dse)', target_triple=x86_64-unknown-linux-gnu, returncode=-6, cmd=/root/opt/rv64gc_llvm_21/bin/opt -S -passes=module(attributor),module(iroutliner),module(elim-avail-extern),module(scc-oz-module-inliner),function(jump-threading),function(newgvn),module(attributor),module(attributor),module(iroutliner),module(iroutliner),module(iroutliner),function(dse),module(globalopt),module(elim-avail-extern),function(gvn-sink),module(globalopt),module(elim-avail-extern),module(elim-avail-extern),function(memcpyopt),function(gvn-hoist),function(memcpyopt),function(instsimplify),function(gvn-hoist),function(gvn-hoist),function(gvn-sink),function(gvn-sink),function(dce),function(instsimplify),function(dse) --mtriple=x86_64-unknown-linux-gnu
opt: /root/llvm/llvm-project-21/llvm/lib/Transforms/Utils/Local.cpp:3527: void llvm::patchReplacementInstruction(Instruction*, Value*): Assertion `Success && "We should not be trying to sink callbases " "with non-intersectable attributes"' failed.
PLEASE submit a bug report to https://github.com/llvm/llvm-project/issues/ and include the crash backtrace.
Stack dump:
0.	Program arguments: /root/opt/rv64gc_llvm_21/bin/opt -S -passes=module(attributor),module(iroutliner),module(elim-avail-extern),module(scc-oz-module-inliner),function(jump-threading),function(newgvn),module(attributor),module(attributor),module(iroutliner),module(iroutliner),module(iroutliner),function(dse),module(globalopt),module(elim-avail-extern),function(gvn-sink),module(globalopt),module(elim-avail-extern),module(elim-avail-extern),function(memcpyopt),function(gvn-hoist),function(memcpyopt),function(instsimplify),function(gvn-hoist),function(gvn-hoist),function(gvn-sink),function(gvn-sink),function(dce),function(instsimplify),function(dse) --mtriple=x86_64-unknown-linux-gnu
1.	Running pass "function(newgvn)" on module "<stdin>"
2.	Running pass "newgvn" on function "main"
 #0 0x000062e547ec2dd0 llvm::sys::PrintStackTrace(llvm::raw_ostream&, int) /root/llvm/llvm-project-21/llvm/lib/Support/Unix/Signals.inc:834:22
 #1 0x000062e547ec3259 PrintStackTraceSignalHandler(void*) /root/llvm/llvm-project-21/llvm/lib/Support/Unix/Signals.inc:918:1
 #2 0x000062e547ec03c9 llvm::sys::RunSignalHandlers() /root/llvm/llvm-project-21/llvm/lib/Support/Signals.cpp:104:20
 #3 0x000062e547ec260d SignalHandler(int, siginfo_t*, void*) /root/llvm/llvm-project-21/llvm/lib/Support/Unix/Signals.inc:426:14
 #4 0x00007a7c21678330 (/lib/x86_64-linux-gnu/libc.so.6+0x45330)
 #5 0x00007a7c216d1b2c __pthread_kill_implementation ./nptl/pthread_kill.c:44:76
 #6 0x00007a7c216d1b2c __pthread_kill_internal ./nptl/pthread_kill.c:78:10
 #7 0x00007a7c216d1b2c pthread_kill ./nptl/pthread_kill.c:89:10
 #8 0x00007a7c2167827e raise ./signal/../sysdeps/posix/raise.c:27:6
 #9 0x00007a7c2165b8ff abort ./stdlib/abort.c:81:7
#10 0x00007a7c2165b81b _nl_load_domain ./intl/loadmsgcat.c:1177:9
#11 0x00007a7c2166e517 (/lib/x86_64-linux-gnu/libc.so.6+0x3b517)
#12 0x000062e54697e172 llvm::patchReplacementInstruction(llvm::Instruction*, llvm::Value*) /root/llvm/llvm-project-21/llvm/lib/Transforms/Utils/Local.cpp:3543:24
#13 0x000062e54646dc10 (anonymous namespace)::NewGVN::eliminateInstructions(llvm::Function&) /root/llvm/llvm-project-21/llvm/lib/Transforms/Scalar/NewGVN.cpp:4128:11
  [iter 145/200] search_obj=0.9491  search_best=0.7476  validation_best=0.7797  EI=0.0128  rnum=3.7  len=29  syn_rate=0.45  mean=0.9311  worsen=12.00%
GA search time: 1.16s, candidates: 203
[Error] eval /root/iscas/ruyituner/dataset21/poj104-v2-ll_4/train/31_1857.ll: opt failed for pipeline='module(elim-avail-extern),module(iroutliner),function(instsimplify),function(gvn-hoist),module(attributor),function(memcpyopt),function(jump-threading),module(globalopt),function(gvn-sink),function(newgvn),function(dse),function(gvn-sink),module(globalopt),function(gvn-hoist),function(dce),module(iroutliner),module(elim-avail-extern),module(scc-oz-module-inliner),module(attributor),module(elim-avail-extern),module(globalopt),function(newgvn),module(iroutliner),function(jump-threading)', target_triple=x86_64-unknown-linux-gnu, returncode=-6, cmd=/root/opt/rv64gc_llvm_21/bin/opt -S -passes=module(elim-avail-extern),module(iroutliner),function(instsimplify),function(gvn-hoist),module(attributor),function(memcpyopt),function(jump-threading),module(globalopt),function(gvn-sink),function(newgvn),function(dse),function(gvn-sink),module(globalopt),function(gvn-hoist),function(dce),module(iroutliner),module(elim-avail-extern),module(scc-oz-module-inliner),module(attributor),module(elim-avail-extern),module(globalopt),function(newgvn),module(iroutliner),function(jump-threading) --mtriple=x86_64-unknown-linux-gnu
opt: /root/llvm/llvm-project-21/llvm/lib/Transforms/Utils/Local.cpp:3527: void llvm::patchReplacementInstruction(Instruction*, Value*): Assertion `Success && "We should not be trying to sink callbases " "with non-intersectable attributes"' failed.
PLEASE submit a bug report to https://github.com/llvm/llvm-project/issues/ and include the crash backtrace.
Stack dump:
0.	Program arguments: /root/opt/rv64gc_llvm_21/bin/opt -S -passes=module(elim-avail-extern),module(iroutliner),function(instsimplify),function(gvn-hoist),module(attributor),function(memcpyopt),function(jump-threading),module(globalopt),function(gvn-sink),function(newgvn),function(dse),function(gvn-sink),module(globalopt),function(gvn-hoist),function(dce),module(iroutliner),module(elim-avail-extern),module(scc-oz-module-inliner),module(attributor),module(elim-avail-extern),module(globalopt),function(newgvn),module(iroutliner),function(jump-threading) --mtriple=x86_64-unknown-linux-gnu
1.	Running pass "function(newgvn)" on module "<stdin>"
2.	Running pass "newgvn" on function "main"
 #0 0x00006091e4a55dd0 llvm::sys::PrintStackTrace(llvm::raw_ostream&, int) /root/llvm/llvm-project-21/llvm/lib/Support/Unix/Signals.inc:834:22
 #1 0x00006091e4a56259 PrintStackTraceSignalHandler(void*) /root/llvm/llvm-project-21/llvm/lib/Support/Unix/Signals.inc:918:1
 #2 0x00006091e4a533c9 llvm::sys::RunSignalHandlers() /root/llvm/llvm-project-21/llvm/lib/Support/Signals.cpp:104:20
 #3 0x00006091e4a5560d SignalHandler(int, siginfo_t*, void*) /root/llvm/llvm-project-21/llvm/lib/Support/Unix/Signals.inc:426:14
 #4 0x000070133b717330 (/lib/x86_64-linux-gnu/libc.so.6+0x45330)
 #5 0x000070133b770b2c __pthread_kill_implementation ./nptl/pthread_kill.c:44:76
 #6 0x000070133b770b2c __pthread_kill_internal ./nptl/pthread_kill.c:78:10
 #7 0x000070133b770b2c pthread_kill ./nptl/pthread_kill.c:89:10
 #8 0x000070133b71727e raise ./signal/../sysdeps/posix/raise.c:27:6
 #9 0x000070133b6fa8ff abort ./stdlib/abort.c:81:7
#10 0x000070133b6fa81b _nl_load_domain ./intl/loadmsgcat.c:1177:9
#11 0x000070133b70d517 (/lib/x86_64-linux-gnu/libc.so.6+0x3b517)
#12 0x00006091e3511172 llvm::patchReplacementInstruction(llvm::Instruction*, llvm::Value*) /root/llvm/llvm-project-21/llvm/lib/Transforms/Utils/Local.cpp:3543:24
#13 0x00006091e3000c10 (anonymous namespace)::NewGVN::eliminateInstructions(llvm::Function&) /root/llvm/llvm-project-21/llvm/lib/Transforms/Scalar/NewGVN.cpp:4128:11
  [iter 146/200] search_obj=0.8221  search_best=0.7476  validation_best=0.7797  EI=0.0169  rnum=3.6  len=24  syn_rate=0.51  mean=0.8101  worsen=8.00%
GA search time: 0.85s, candidates: 203
[Error] eval /root/iscas/ruyituner/dataset21/poj104-v2-ll_4/train/31_1857.ll: opt failed for pipeline='function(gvn-hoist),module(elim-avail-extern),module(iroutliner),function(instsimplify),function(gvn-hoist),module(attributor),function(memcpyopt),function(jump-threading),function(gvn-sink),function(dce),function(newgvn),function(gvn-sink),module(globalopt),module(attributor),function(dce),module(iroutliner),module(elim-avail-extern),function(memcpyopt),function(gvn-hoist),function(dce),function(instsimplify),function(newgvn),function(gvn-sink),module(globalopt),module(attributor),function(dce),module(iroutliner),module(elim-avail-extern),module(scc-oz-module-inliner),module(iroutliner),module(globalopt),function(dse),module(attributor),module(scc-oz-module-inliner),function(dce)', target_triple=x86_64-unknown-linux-gnu, returncode=-6, cmd=/root/opt/rv64gc_llvm_21/bin/opt -S -passes=function(gvn-hoist),module(elim-avail-extern),module(iroutliner),function(instsimplify),function(gvn-hoist),module(attributor),function(memcpyopt),function(jump-threading),function(gvn-sink),function(dce),function(newgvn),function(gvn-sink),module(globalopt),module(attributor),function(dce),module(iroutliner),module(elim-avail-extern),function(memcpyopt),function(gvn-hoist),function(dce),function(instsimplify),function(newgvn),function(gvn-sink),module(globalopt),module(attributor),function(dce),module(iroutliner),module(elim-avail-extern),module(scc-oz-module-inliner),module(iroutliner),module(globalopt),function(dse),module(attributor),module(scc-oz-module-inliner),function(dce) --mtriple=x86_64-unknown-linux-gnu
opt: /root/llvm/llvm-project-21/llvm/lib/Transforms/Utils/Local.cpp:3527: void llvm::patchReplacementInstruction(Instruction*, Value*): Assertion `Success && "We should not be trying to sink callbases " "with non-intersectable attributes"' failed.
PLEASE submit a bug report to https://github.com/llvm/llvm-project/issues/ and include the crash backtrace.
Stack dump:
0.	Program arguments: /root/opt/rv64gc_llvm_21/bin/opt -S -passes=function(gvn-hoist),module(elim-avail-extern),module(iroutliner),function(instsimplify),function(gvn-hoist),module(attributor),function(memcpyopt),function(jump-threading),function(gvn-sink),function(dce),function(newgvn),function(gvn-sink),module(globalopt),module(attributor),function(dce),module(iroutliner),module(elim-avail-extern),function(memcpyopt),function(gvn-hoist),function(dce),function(instsimplify),function(newgvn),function(gvn-sink),module(globalopt),module(attributor),function(dce),module(iroutliner),module(elim-avail-extern),module(scc-oz-module-inliner),module(iroutliner),module(globalopt),function(dse),module(attributor),module(scc-oz-module-inliner),function(dce) --mtriple=x86_64-unknown-linux-gnu
1.	Running pass "function(newgvn)" on module "<stdin>"
2.	Running pass "newgvn" on function "main"
 #0 0x000062287bc72dd0 llvm::sys::PrintStackTrace(llvm::raw_ostream&, int) /root/llvm/llvm-project-21/llvm/lib/Support/Unix/Signals.inc:834:22
 #1 0x000062287bc73259 PrintStackTraceSignalHandler(void*) /root/llvm/llvm-project-21/llvm/lib/Support/Unix/Signals.inc:918:1
 #2 0x000062287bc703c9 llvm::sys::RunSignalHandlers() /root/llvm/llvm-project-21/llvm/lib/Support/Signals.cpp:104:20
 #3 0x000062287bc7260d SignalHandler(int, siginfo_t*, void*) /root/llvm/llvm-project-21/llvm/lib/Support/Unix/Signals.inc:426:14
 #4 0x00007ad40eb04330 (/lib/x86_64-linux-gnu/libc.so.6+0x45330)
 #5 0x00007ad40eb5db2c __pthread_kill_implementation ./nptl/pthread_kill.c:44:76
 #6 0x00007ad40eb5db2c __pthread_kill_internal ./nptl/pthread_kill.c:78:10
 #7 0x00007ad40eb5db2c pthread_kill ./nptl/pthread_kill.c:89:10
 #8 0x00007ad40eb0427e raise ./signal/../sysdeps/posix/raise.c:27:6
 #9 0x00007ad40eae78ff abort ./stdlib/abort.c:81:7
#10 0x00007ad40eae781b _nl_load_domain ./intl/loadmsgcat.c:1177:9
#11 0x00007ad40eafa517 (/lib/x86_64-linux-gnu/libc.so.6+0x3b517)
#12 0x000062287a72e172 llvm::patchReplacementInstruction(llvm::Instruction*, llvm::Value*) /root/llvm/llvm-project-21/llvm/lib/Transforms/Utils/Local.cpp:3543:24
#13 0x000062287a21dc10 (anonymous namespace)::NewGVN::eliminateInstructions(llvm::Function&) /root/llvm/llvm-project-21/llvm/lib/Transforms/Scalar/NewGVN.cpp:4128:11
  [iter 147/200] search_obj=0.7559  search_best=0.7476  validation_best=0.7797  EI=0.0137  rnum=3.4  len=35  syn_rate=0.51  mean=0.7454  worsen=7.00%
GA search time: 1.01s, candidates: 203
[Error] eval /root/iscas/ruyituner/dataset21/poj104-v2-ll_4/train/31_1857.ll: opt failed for pipeline='module(iroutliner),module(attributor),module(globalopt),module(scc-oz-module-inliner),function(memcpyopt),function(dce),function(instsimplify),module(attributor),function(dce),module(globalopt),function(gvn-hoist),function(gvn-sink),function(newgvn),function(dce),function(newgvn),module(elim-avail-extern),module(globalopt),function(gvn-sink),module(elim-avail-extern),function(jump-threading),function(gvn-hoist),module(iroutliner),function(dse),module(attributor),function(gvn-hoist),module(attributor),module(elim-avail-extern),module(elim-avail-extern)', target_triple=x86_64-unknown-linux-gnu, returncode=-6, cmd=/root/opt/rv64gc_llvm_21/bin/opt -S -passes=module(iroutliner),module(attributor),module(globalopt),module(scc-oz-module-inliner),function(memcpyopt),function(dce),function(instsimplify),module(attributor),function(dce),module(globalopt),function(gvn-hoist),function(gvn-sink),function(newgvn),function(dce),function(newgvn),module(elim-avail-extern),module(globalopt),function(gvn-sink),module(elim-avail-extern),function(jump-threading),function(gvn-hoist),module(iroutliner),function(dse),module(attributor),function(gvn-hoist),module(attributor),module(elim-avail-extern),module(elim-avail-extern) --mtriple=x86_64-unknown-linux-gnu
opt: /root/llvm/llvm-project-21/llvm/lib/Transforms/Utils/Local.cpp:3527: void llvm::patchReplacementInstruction(Instruction*, Value*): Assertion `Success && "We should not be trying to sink callbases " "with non-intersectable attributes"' failed.
PLEASE submit a bug report to https://github.com/llvm/llvm-project/issues/ and include the crash backtrace.
Stack dump:
0.	Program arguments: /root/opt/rv64gc_llvm_21/bin/opt -S -passes=module(iroutliner),module(attributor),module(globalopt),module(scc-oz-module-inliner),function(memcpyopt),function(dce),function(instsimplify),module(attributor),function(dce),module(globalopt),function(gvn-hoist),function(gvn-sink),function(newgvn),function(dce),function(newgvn),module(elim-avail-extern),module(globalopt),function(gvn-sink),module(elim-avail-extern),function(jump-threading),function(gvn-hoist),module(iroutliner),function(dse),module(attributor),function(gvn-hoist),module(attributor),module(elim-avail-extern),module(elim-avail-extern) --mtriple=x86_64-unknown-linux-gnu
1.	Running pass "function(newgvn)" on module "<stdin>"
2.	Running pass "newgvn" on function "main"
 #0 0x00005afc69d0cdd0 llvm::sys::PrintStackTrace(llvm::raw_ostream&, int) /root/llvm/llvm-project-21/llvm/lib/Support/Unix/Signals.inc:834:22
 #1 0x00005afc69d0d259 PrintStackTraceSignalHandler(void*) /root/llvm/llvm-project-21/llvm/lib/Support/Unix/Signals.inc:918:1
 #2 0x00005afc69d0a3c9 llvm::sys::RunSignalHandlers() /root/llvm/llvm-project-21/llvm/lib/Support/Signals.cpp:104:20
 #3 0x00005afc69d0c60d SignalHandler(int, siginfo_t*, void*) /root/llvm/llvm-project-21/llvm/lib/Support/Unix/Signals.inc:426:14
 #4 0x00007520a3796330 (/lib/x86_64-linux-gnu/libc.so.6+0x45330)
 #5 0x00007520a37efb2c __pthread_kill_implementation ./nptl/pthread_kill.c:44:76
 #6 0x00007520a37efb2c __pthread_kill_internal ./nptl/pthread_kill.c:78:10
 #7 0x00007520a37efb2c pthread_kill ./nptl/pthread_kill.c:89:10
 #8 0x00007520a379627e raise ./signal/../sysdeps/posix/raise.c:27:6
 #9 0x00007520a37798ff abort ./stdlib/abort.c:81:7
#10 0x00007520a377981b _nl_load_domain ./intl/loadmsgcat.c:1177:9
#11 0x00007520a378c517 (/lib/x86_64-linux-gnu/libc.so.6+0x3b517)
#12 0x00005afc687c8172 llvm::patchReplacementInstruction(llvm::Instruction*, llvm::Value*) /root/llvm/llvm-project-21/llvm/lib/Transforms/Utils/Local.cpp:3543:24
#13 0x00005afc682b7c10 (anonymous namespace)::NewGVN::eliminateInstructions(llvm::Function&) /root/llvm/llvm-project-21/llvm/lib/Transforms/Scalar/NewGVN.cpp:4128:11
  [iter 148/200] search_obj=0.9200  search_best=0.7476  validation_best=0.7797  EI=0.0161  rnum=3.3  len=28  syn_rate=0.49  mean=0.8975  worsen=15.00%
GA search time: 1.06s, candidates: 203
  [iter 149/200] search_obj=0.7669  search_best=0.7476  validation_best=0.7797  EI=0.0167  rnum=3.1  len=33  syn_rate=0.50  mean=0.7564  worsen=7.00%
GA search time: 1.05s, candidates: 203
[Error] eval /root/iscas/ruyituner/dataset21/poj104-v2-ll_4/train/31_1857.ll: opt failed for pipeline='module(scc-oz-module-inliner),function(jump-threading),function(newgvn),module(attributor),module(iroutliner),module(iroutliner),module(globalopt),module(elim-avail-extern),function(gvn-sink),module(elim-avail-extern),module(globalopt),function(gvn-sink),function(gvn-hoist),function(dce),module(attributor),function(memcpyopt),function(gvn-hoist),function(instsimplify),module(elim-avail-extern),module(iroutliner),function(instsimplify),function(gvn-hoist),module(attributor),function(memcpyopt),function(jump-threading),module(globalopt),function(gvn-sink),function(newgvn),function(gvn-sink),module(globalopt),module(attributor),module(iroutliner),module(elim-avail-extern),module(scc-oz-module-inliner)', target_triple=x86_64-unknown-linux-gnu, returncode=-6, cmd=/root/opt/rv64gc_llvm_21/bin/opt -S -passes=module(scc-oz-module-inliner),function(jump-threading),function(newgvn),module(attributor),module(iroutliner),module(iroutliner),module(globalopt),module(elim-avail-extern),function(gvn-sink),module(elim-avail-extern),module(globalopt),function(gvn-sink),function(gvn-hoist),function(dce),module(attributor),function(memcpyopt),function(gvn-hoist),function(instsimplify),module(elim-avail-extern),module(iroutliner),function(instsimplify),function(gvn-hoist),module(attributor),function(memcpyopt),function(jump-threading),module(globalopt),function(gvn-sink),function(newgvn),function(gvn-sink),module(globalopt),module(attributor),module(iroutliner),module(elim-avail-extern),module(scc-oz-module-inliner) --mtriple=x86_64-unknown-linux-gnu
opt: /root/llvm/llvm-project-21/llvm/lib/Transforms/Utils/Local.cpp:3527: void llvm::patchReplacementInstruction(Instruction*, Value*): Assertion `Success && "We should not be trying to sink callbases " "with non-intersectable attributes"' failed.
PLEASE submit a bug report to https://github.com/llvm/llvm-project/issues/ and include the crash backtrace.
Stack dump:
0.	Program arguments: /root/opt/rv64gc_llvm_21/bin/opt -S -passes=module(scc-oz-module-inliner),function(jump-threading),function(newgvn),module(attributor),module(iroutliner),module(iroutliner),module(globalopt),module(elim-avail-extern),function(gvn-sink),module(elim-avail-extern),module(globalopt),function(gvn-sink),function(gvn-hoist),function(dce),module(attributor),function(memcpyopt),function(gvn-hoist),function(instsimplify),module(elim-avail-extern),module(iroutliner),function(instsimplify),function(gvn-hoist),module(attributor),function(memcpyopt),function(jump-threading),module(globalopt),function(gvn-sink),function(newgvn),function(gvn-sink),module(globalopt),module(attributor),module(iroutliner),module(elim-avail-extern),module(scc-oz-module-inliner) --mtriple=x86_64-unknown-linux-gnu
1.	Running pass "function(newgvn)" on module "<stdin>"
2.	Running pass "newgvn" on function "main"
 #0 0x00005816da2aadd0 llvm::sys::PrintStackTrace(llvm::raw_ostream&, int) /root/llvm/llvm-project-21/llvm/lib/Support/Unix/Signals.inc:834:22
 #1 0x00005816da2ab259 PrintStackTraceSignalHandler(void*) /root/llvm/llvm-project-21/llvm/lib/Support/Unix/Signals.inc:918:1
 #2 0x00005816da2a83c9 llvm::sys::RunSignalHandlers() /root/llvm/llvm-project-21/llvm/lib/Support/Signals.cpp:104:20
 #3 0x00005816da2aa60d SignalHandler(int, siginfo_t*, void*) /root/llvm/llvm-project-21/llvm/lib/Support/Unix/Signals.inc:426:14
 #4 0x0000780bf2c4a330 (/lib/x86_64-linux-gnu/libc.so.6+0x45330)
 #5 0x0000780bf2ca3b2c __pthread_kill_implementation ./nptl/pthread_kill.c:44:76
 #6 0x0000780bf2ca3b2c __pthread_kill_internal ./nptl/pthread_kill.c:78:10
 #7 0x0000780bf2ca3b2c pthread_kill ./nptl/pthread_kill.c:89:10
 #8 0x0000780bf2c4a27e raise ./signal/../sysdeps/posix/raise.c:27:6
 #9 0x0000780bf2c2d8ff abort ./stdlib/abort.c:81:7
#10 0x0000780bf2c2d81b _nl_load_domain ./intl/loadmsgcat.c:1177:9
#11 0x0000780bf2c40517 (/lib/x86_64-linux-gnu/libc.so.6+0x3b517)
#12 0x00005816d8d66172 llvm::patchReplacementInstruction(llvm::Instruction*, llvm::Value*) /root/llvm/llvm-project-21/llvm/lib/Transforms/Utils/Local.cpp:3543:24
#13 0x00005816d8855c10 (anonymous namespace)::NewGVN::eliminateInstructions(llvm::Function&) /root/llvm/llvm-project-21/llvm/lib/Transforms/Scalar/NewGVN.cpp:4128:11
  [iter 150/200] search_obj=1.0690  search_best=0.7476  validation_best=0.7797  EI=0.0147  rnum=3.0  len=34  syn_rate=0.51  mean=1.0390  worsen=20.00%
GA search time: 0.87s, candidates: 202
[Error] eval /root/iscas/ruyituner/dataset21/poj104-v2-ll_4/train/31_1857.ll: opt failed for pipeline='module(attributor),module(scc-oz-module-inliner),function(dce),function(newgvn),function(memcpyopt),function(dse),function(memcpyopt),module(elim-avail-extern),module(scc-oz-module-inliner),module(iroutliner),module(elim-avail-extern),module(elim-avail-extern),function(newgvn),function(jump-threading),function(newgvn),module(elim-avail-extern),module(scc-oz-module-inliner),module(iroutliner),module(elim-avail-extern),module(iroutliner),function(instsimplify),function(gvn-hoist),module(attributor),function(memcpyopt),module(globalopt),function(gvn-sink),function(newgvn),function(gvn-sink),module(globalopt),module(attributor),function(dce),module(iroutliner),module(elim-avail-extern),module(scc-oz-module-inliner)', target_triple=x86_64-unknown-linux-gnu, returncode=-6, cmd=/root/opt/rv64gc_llvm_21/bin/opt -S -passes=module(attributor),module(scc-oz-module-inliner),function(dce),function(newgvn),function(memcpyopt),function(dse),function(memcpyopt),module(elim-avail-extern),module(scc-oz-module-inliner),module(iroutliner),module(elim-avail-extern),module(elim-avail-extern),function(newgvn),function(jump-threading),function(newgvn),module(elim-avail-extern),module(scc-oz-module-inliner),module(iroutliner),module(elim-avail-extern),module(iroutliner),function(instsimplify),function(gvn-hoist),module(attributor),function(memcpyopt),module(globalopt),function(gvn-sink),function(newgvn),function(gvn-sink),module(globalopt),module(attributor),function(dce),module(iroutliner),module(elim-avail-extern),module(scc-oz-module-inliner) --mtriple=x86_64-unknown-linux-gnu
opt: /root/llvm/llvm-project-21/llvm/lib/Transforms/Utils/Local.cpp:3527: void llvm::patchReplacementInstruction(Instruction*, Value*): Assertion `Success && "We should not be trying to sink callbases " "with non-intersectable attributes"' failed.
PLEASE submit a bug report to https://github.com/llvm/llvm-project/issues/ and include the crash backtrace.
Stack dump:
0.	Program arguments: /root/opt/rv64gc_llvm_21/bin/opt -S -passes=module(attributor),module(scc-oz-module-inliner),function(dce),function(newgvn),function(memcpyopt),function(dse),function(memcpyopt),module(elim-avail-extern),module(scc-oz-module-inliner),module(iroutliner),module(elim-avail-extern),module(elim-avail-extern),function(newgvn),function(jump-threading),function(newgvn),module(elim-avail-extern),module(scc-oz-module-inliner),module(iroutliner),module(elim-avail-extern),module(iroutliner),function(instsimplify),function(gvn-hoist),module(attributor),function(memcpyopt),module(globalopt),function(gvn-sink),function(newgvn),function(gvn-sink),module(globalopt),module(attributor),function(dce),module(iroutliner),module(elim-avail-extern),module(scc-oz-module-inliner) --mtriple=x86_64-unknown-linux-gnu
1.	Running pass "function(newgvn)" on module "<stdin>"
2.	Running pass "newgvn" on function "main"
 #0 0x00005b53f499bdd0 llvm::sys::PrintStackTrace(llvm::raw_ostream&, int) /root/llvm/llvm-project-21/llvm/lib/Support/Unix/Signals.inc:834:22
 #1 0x00005b53f499c259 PrintStackTraceSignalHandler(void*) /root/llvm/llvm-project-21/llvm/lib/Support/Unix/Signals.inc:918:1
 #2 0x00005b53f49993c9 llvm::sys::RunSignalHandlers() /root/llvm/llvm-project-21/llvm/lib/Support/Signals.cpp:104:20
 #3 0x00005b53f499b60d SignalHandler(int, siginfo_t*, void*) /root/llvm/llvm-project-21/llvm/lib/Support/Unix/Signals.inc:426:14
 #4 0x000071afde603330 (/lib/x86_64-linux-gnu/libc.so.6+0x45330)
 #5 0x000071afde65cb2c __pthread_kill_implementation ./nptl/pthread_kill.c:44:76
 #6 0x000071afde65cb2c __pthread_kill_internal ./nptl/pthread_kill.c:78:10
 #7 0x000071afde65cb2c pthread_kill ./nptl/pthread_kill.c:89:10
 #8 0x000071afde60327e raise ./signal/../sysdeps/posix/raise.c:27:6
 #9 0x000071afde5e68ff abort ./stdlib/abort.c:81:7
#10 0x000071afde5e681b _nl_load_domain ./intl/loadmsgcat.c:1177:9
#11 0x000071afde5f9517 (/lib/x86_64-linux-gnu/libc.so.6+0x3b517)
#12 0x00005b53f3457172 llvm::patchReplacementInstruction(llvm::Instruction*, llvm::Value*) /root/llvm/llvm-project-21/llvm/lib/Transforms/Utils/Local.cpp:3543:24
#13 0x00005b53f2f46c10 (anonymous namespace)::NewGVN::eliminateInstructions(llvm::Function&) /root/llvm/llvm-project-21/llvm/lib/Transforms/Scalar/NewGVN.cpp:4128:11
  [iter 151/200] search_obj=1.0063  search_best=0.7476  validation_best=0.7797  EI=0.0171  rnum=2.9  len=34  syn_rate=0.56  mean=0.9778  worsen=19.00%
GA search time: 1.26s, candidates: 202
  [iter 152/200] search_obj=0.8783  search_best=0.7476  validation_best=0.7797  EI=0.0184  rnum=2.8  len=45  syn_rate=0.52  mean=0.8663  worsen=8.00%
GA search time: 1.00s, candidates: 202
[Error] eval /root/iscas/ruyituner/dataset21/poj104-v2-ll_4/train/31_1857.ll: opt failed for pipeline='module(globalopt),module(attributor),module(attributor),function(dce),function(gvn-hoist),module(attributor),function(dse),function(jump-threading),function(jump-threading),module(globalopt),module(globalopt),module(iroutliner),module(globalopt),function(memcpyopt),function(gvn-sink),module(globalopt),module(attributor),function(gvn-hoist),module(globalopt),module(scc-oz-module-inliner),function(instsimplify),function(dce),module(iroutliner),module(elim-avail-extern),module(attributor),function(gvn-hoist),module(iroutliner),module(attributor),module(globalopt),function(gvn-sink),module(iroutliner),module(iroutliner),function(lower-switch),function(dse),function(jump-threading),module(globalopt),module(globalopt),function(newgvn),module(inferattrs),function(gvn-sink),module(iroutliner),function(gvn-hoist),module(elim-avail-extern),module(scc-oz-module-inliner),function(memcpyopt),module(iroutliner)', target_triple=x86_64-unknown-linux-gnu, returncode=-6, cmd=/root/opt/rv64gc_llvm_21/bin/opt -S -passes=module(globalopt),module(attributor),module(attributor),function(dce),function(gvn-hoist),module(attributor),function(dse),function(jump-threading),function(jump-threading),module(globalopt),module(globalopt),module(iroutliner),module(globalopt),function(memcpyopt),function(gvn-sink),module(globalopt),module(attributor),function(gvn-hoist),module(globalopt),module(scc-oz-module-inliner),function(instsimplify),function(dce),module(iroutliner),module(elim-avail-extern),module(attributor),function(gvn-hoist),module(iroutliner),module(attributor),module(globalopt),function(gvn-sink),module(iroutliner),module(iroutliner),function(lower-switch),function(dse),function(jump-threading),module(globalopt),module(globalopt),function(newgvn),module(inferattrs),function(gvn-sink),module(iroutliner),function(gvn-hoist),module(elim-avail-extern),module(scc-oz-module-inliner),function(memcpyopt),module(iroutliner) --mtriple=x86_64-unknown-linux-gnu
opt: /root/llvm/llvm-project-21/llvm/lib/Transforms/Utils/Local.cpp:3527: void llvm::patchReplacementInstruction(Instruction*, Value*): Assertion `Success && "We should not be trying to sink callbases " "with non-intersectable attributes"' failed.
PLEASE submit a bug report to https://github.com/llvm/llvm-project/issues/ and include the crash backtrace.
Stack dump:
0.	Program arguments: /root/opt/rv64gc_llvm_21/bin/opt -S -passes=module(globalopt),module(attributor),module(attributor),function(dce),function(gvn-hoist),module(attributor),function(dse),function(jump-threading),function(jump-threading),module(globalopt),module(globalopt),module(iroutliner),module(globalopt),function(memcpyopt),function(gvn-sink),module(globalopt),module(attributor),function(gvn-hoist),module(globalopt),module(scc-oz-module-inliner),function(instsimplify),function(dce),module(iroutliner),module(elim-avail-extern),module(attributor),function(gvn-hoist),module(iroutliner),module(attributor),module(globalopt),function(gvn-sink),module(iroutliner),module(iroutliner),function(lower-switch),function(dse),function(jump-threading),module(globalopt),module(globalopt),function(newgvn),module(inferattrs),function(gvn-sink),module(iroutliner),function(gvn-hoist),module(elim-avail-extern),module(scc-oz-module-inliner),function(memcpyopt),module(iroutliner) --mtriple=x86_64-unknown-linux-gnu
1.	Running pass "function(newgvn)" on module "<stdin>"
2.	Running pass "newgvn" on function "main"
 #0 0x000058e65e311dd0 llvm::sys::PrintStackTrace(llvm::raw_ostream&, int) /root/llvm/llvm-project-21/llvm/lib/Support/Unix/Signals.inc:834:22
 #1 0x000058e65e312259 PrintStackTraceSignalHandler(void*) /root/llvm/llvm-project-21/llvm/lib/Support/Unix/Signals.inc:918:1
 #2 0x000058e65e30f3c9 llvm::sys::RunSignalHandlers() /root/llvm/llvm-project-21/llvm/lib/Support/Signals.cpp:104:20
 #3 0x000058e65e31160d SignalHandler(int, siginfo_t*, void*) /root/llvm/llvm-project-21/llvm/lib/Support/Unix/Signals.inc:426:14
 #4 0x00007630e6caf330 (/lib/x86_64-linux-gnu/libc.so.6+0x45330)
 #5 0x00007630e6d08b2c __pthread_kill_implementation ./nptl/pthread_kill.c:44:76
 #6 0x00007630e6d08b2c __pthread_kill_internal ./nptl/pthread_kill.c:78:10
 #7 0x00007630e6d08b2c pthread_kill ./nptl/pthread_kill.c:89:10
 #8 0x00007630e6caf27e raise ./signal/../sysdeps/posix/raise.c:27:6
 #9 0x00007630e6c928ff abort ./stdlib/abort.c:81:7
#10 0x00007630e6c9281b _nl_load_domain ./intl/loadmsgcat.c:1177:9
#11 0x00007630e6ca5517 (/lib/x86_64-linux-gnu/libc.so.6+0x3b517)
#12 0x000058e65cdcd172 llvm::patchReplacementInstruction(llvm::Instruction*, llvm::Value*) /root/llvm/llvm-project-21/llvm/lib/Transforms/Utils/Local.cpp:3543:24
#13 0x000058e65c8bcc10 (anonymous namespace)::NewGVN::eliminateInstructions(llvm::Function&) /root/llvm/llvm-project-21/llvm/lib/Transforms/Scalar/NewGVN.cpp:4128:11
  [iter 153/200] search_obj=0.9691  search_best=0.7476  validation_best=0.7797  EI=0.0123  rnum=2.7  len=46  syn_rate=0.57  mean=0.9361  worsen=22.00%
GA search time: 0.93s, candidates: 202
[Error] eval /root/iscas/ruyituner/dataset21/poj104-v2-ll_4/train/31_1857.ll: opt failed for pipeline='module(globalopt),module(elim-avail-extern),function(gvn-sink),module(attributor),module(globalopt),function(dce),function(jump-threading),module(elim-avail-extern),module(attributor),module(scc-oz-module-inliner),module(iroutliner),function(dse),function(gvn-hoist),module(elim-avail-extern),function(jump-threading),function(instsimplify),function(gvn-sink),module(scc-oz-module-inliner),function(gvn-hoist),module(iroutliner),module(elim-avail-extern),function(memcpyopt),function(newgvn),function(dce),module(iroutliner)', target_triple=x86_64-unknown-linux-gnu, returncode=-6, cmd=/root/opt/rv64gc_llvm_21/bin/opt -S -passes=module(globalopt),module(elim-avail-extern),function(gvn-sink),module(attributor),module(globalopt),function(dce),function(jump-threading),module(elim-avail-extern),module(attributor),module(scc-oz-module-inliner),module(iroutliner),function(dse),function(gvn-hoist),module(elim-avail-extern),function(jump-threading),function(instsimplify),function(gvn-sink),module(scc-oz-module-inliner),function(gvn-hoist),module(iroutliner),module(elim-avail-extern),function(memcpyopt),function(newgvn),function(dce),module(iroutliner) --mtriple=x86_64-unknown-linux-gnu
opt: /root/llvm/llvm-project-21/llvm/lib/Transforms/Utils/Local.cpp:3527: void llvm::patchReplacementInstruction(Instruction*, Value*): Assertion `Success && "We should not be trying to sink callbases " "with non-intersectable attributes"' failed.
PLEASE submit a bug report to https://github.com/llvm/llvm-project/issues/ and include the crash backtrace.
Stack dump:
0.	Program arguments: /root/opt/rv64gc_llvm_21/bin/opt -S -passes=module(globalopt),module(elim-avail-extern),function(gvn-sink),module(attributor),module(globalopt),function(dce),function(jump-threading),module(elim-avail-extern),module(attributor),module(scc-oz-module-inliner),module(iroutliner),function(dse),function(gvn-hoist),module(elim-avail-extern),function(jump-threading),function(instsimplify),function(gvn-sink),module(scc-oz-module-inliner),function(gvn-hoist),module(iroutliner),module(elim-avail-extern),function(memcpyopt),function(newgvn),function(dce),module(iroutliner) --mtriple=x86_64-unknown-linux-gnu
1.	Running pass "function(newgvn)" on module "<stdin>"
2.	Running pass "newgvn" on function "main"
 #0 0x00005873d9299dd0 llvm::sys::PrintStackTrace(llvm::raw_ostream&, int) /root/llvm/llvm-project-21/llvm/lib/Support/Unix/Signals.inc:834:22
 #1 0x00005873d929a259 PrintStackTraceSignalHandler(void*) /root/llvm/llvm-project-21/llvm/lib/Support/Unix/Signals.inc:918:1
 #2 0x00005873d92973c9 llvm::sys::RunSignalHandlers() /root/llvm/llvm-project-21/llvm/lib/Support/Signals.cpp:104:20
 #3 0x00005873d929960d SignalHandler(int, siginfo_t*, void*) /root/llvm/llvm-project-21/llvm/lib/Support/Unix/Signals.inc:426:14
 #4 0x00007cfc3d368330 (/lib/x86_64-linux-gnu/libc.so.6+0x45330)
 #5 0x00007cfc3d3c1b2c __pthread_kill_implementation ./nptl/pthread_kill.c:44:76
 #6 0x00007cfc3d3c1b2c __pthread_kill_internal ./nptl/pthread_kill.c:78:10
 #7 0x00007cfc3d3c1b2c pthread_kill ./nptl/pthread_kill.c:89:10
 #8 0x00007cfc3d36827e raise ./signal/../sysdeps/posix/raise.c:27:6
 #9 0x00007cfc3d34b8ff abort ./stdlib/abort.c:81:7
#10 0x00007cfc3d34b81b _nl_load_domain ./intl/loadmsgcat.c:1177:9
#11 0x00007cfc3d35e517 (/lib/x86_64-linux-gnu/libc.so.6+0x3b517)
#12 0x00005873d7d55172 llvm::patchReplacementInstruction(llvm::Instruction*, llvm::Value*) /root/llvm/llvm-project-21/llvm/lib/Transforms/Utils/Local.cpp:3543:24
#13 0x00005873d7844c10 (anonymous namespace)::NewGVN::eliminateInstructions(llvm::Function&) /root/llvm/llvm-project-21/llvm/lib/Transforms/Scalar/NewGVN.cpp:4128:11
  [iter 154/200] search_obj=0.9501  search_best=0.7476  validation_best=0.7797  EI=0.0125  rnum=2.6  len=25  syn_rate=0.47  mean=0.9351  worsen=10.00%
GA search time: 0.93s, candidates: 202
[Error] eval /root/iscas/ruyituner/dataset21/poj104-v2-ll_4/train/31_1857.ll: opt failed for pipeline='module(scc-oz-module-inliner),function(jump-threading),function(newgvn),module(attributor),function(newgvn,loop(loop-simplifycfg)),module(iroutliner),module(attributor),module(attributor),module(iroutliner),function(dse),function(gvn-sink),module(globalopt),module(elim-avail-extern),function(gvn-sink),module(elim-avail-extern),module(elim-avail-extern),module(elim-avail-extern),module(globalopt),module(globalopt),function(gvn-hoist),function(gvn-hoist),module(scc-oz-module-inliner),function(memcpyopt),function(instsimplify),function(dce),module(inferattrs)', target_triple=x86_64-unknown-linux-gnu, returncode=-6, cmd=/root/opt/rv64gc_llvm_21/bin/opt -S -passes=module(scc-oz-module-inliner),function(jump-threading),function(newgvn),module(attributor),function(newgvn,loop(loop-simplifycfg)),module(iroutliner),module(attributor),module(attributor),module(iroutliner),function(dse),function(gvn-sink),module(globalopt),module(elim-avail-extern),function(gvn-sink),module(elim-avail-extern),module(elim-avail-extern),module(elim-avail-extern),module(globalopt),module(globalopt),function(gvn-hoist),function(gvn-hoist),module(scc-oz-module-inliner),function(memcpyopt),function(instsimplify),function(dce),module(inferattrs) --mtriple=x86_64-unknown-linux-gnu
opt: /root/llvm/llvm-project-21/llvm/lib/Transforms/Utils/Local.cpp:3527: void llvm::patchReplacementInstruction(Instruction*, Value*): Assertion `Success && "We should not be trying to sink callbases " "with non-intersectable attributes"' failed.
PLEASE submit a bug report to https://github.com/llvm/llvm-project/issues/ and include the crash backtrace.
Stack dump:
0.	Program arguments: /root/opt/rv64gc_llvm_21/bin/opt -S -passes=module(scc-oz-module-inliner),function(jump-threading),function(newgvn),module(attributor),function(newgvn,loop(loop-simplifycfg)),module(iroutliner),module(attributor),module(attributor),module(iroutliner),function(dse),function(gvn-sink),module(globalopt),module(elim-avail-extern),function(gvn-sink),module(elim-avail-extern),module(elim-avail-extern),module(elim-avail-extern),module(globalopt),module(globalopt),function(gvn-hoist),function(gvn-hoist),module(scc-oz-module-inliner),function(memcpyopt),function(instsimplify),function(dce),module(inferattrs) --mtriple=x86_64-unknown-linux-gnu
1.	Running pass "function(newgvn)" on module "<stdin>"
2.	Running pass "newgvn" on function "main"
 #0 0x00005fc2ace58dd0 llvm::sys::PrintStackTrace(llvm::raw_ostream&, int) /root/llvm/llvm-project-21/llvm/lib/Support/Unix/Signals.inc:834:22
 #1 0x00005fc2ace59259 PrintStackTraceSignalHandler(void*) /root/llvm/llvm-project-21/llvm/lib/Support/Unix/Signals.inc:918:1
 #2 0x00005fc2ace563c9 llvm::sys::RunSignalHandlers() /root/llvm/llvm-project-21/llvm/lib/Support/Signals.cpp:104:20
 #3 0x00005fc2ace5860d SignalHandler(int, siginfo_t*, void*) /root/llvm/llvm-project-21/llvm/lib/Support/Unix/Signals.inc:426:14
 #4 0x000074644cb8d330 (/lib/x86_64-linux-gnu/libc.so.6+0x45330)
 #5 0x000074644cbe6b2c __pthread_kill_implementation ./nptl/pthread_kill.c:44:76
 #6 0x000074644cbe6b2c __pthread_kill_internal ./nptl/pthread_kill.c:78:10
 #7 0x000074644cbe6b2c pthread_kill ./nptl/pthread_kill.c:89:10
 #8 0x000074644cb8d27e raise ./signal/../sysdeps/posix/raise.c:27:6
 #9 0x000074644cb708ff abort ./stdlib/abort.c:81:7
#10 0x000074644cb7081b _nl_load_domain ./intl/loadmsgcat.c:1177:9
#11 0x000074644cb83517 (/lib/x86_64-linux-gnu/libc.so.6+0x3b517)
#12 0x00005fc2ab914172 llvm::patchReplacementInstruction(llvm::Instruction*, llvm::Value*) /root/llvm/llvm-project-21/llvm/lib/Transforms/Utils/Local.cpp:3543:24
#13 0x00005fc2ab403c10 (anonymous namespace)::NewGVN::eliminateInstructions(llvm::Function&) /root/llvm/llvm-project-21/llvm/lib/Transforms/Scalar/NewGVN.cpp:4128:11
  [iter 155/200] search_obj=1.0691  search_best=0.7476  validation_best=0.7797  EI=0.0124  rnum=2.4  len=27  syn_rate=0.42  mean=1.0391  worsen=20.00%
GA search time: 0.91s, candidates: 202
  [iter 156/200] search_obj=0.8677  search_best=0.7476  validation_best=0.7797  EI=0.0151  rnum=2.3  len=22  syn_rate=0.48  mean=0.8527  worsen=10.00%
GA search time: 0.98s, candidates: 202
  [iter 157/200] search_obj=0.8299  search_best=0.7476  validation_best=0.7797  EI=0.0106  rnum=2.2  len=37  syn_rate=0.52  mean=0.8179  worsen=8.00%
GA search time: 1.07s, candidates: 202
  [iter 158/200] search_obj=0.8642  search_best=0.7476  validation_best=0.7797  EI=0.0186  rnum=2.2  len=36  syn_rate=0.52  mean=0.8522  worsen=8.00%
GA search time: 1.41s, candidates: 202
[Error] eval /root/iscas/ruyituner/dataset21/poj104-v2-ll_4/train/31_1857.ll: opt failed for pipeline='module(scc-oz-module-inliner),module(attributor),function(jump-threading),function(newgvn),module(attributor),module(iroutliner),module(iroutliner),module(elim-avail-extern),module(globalopt),module(elim-avail-extern),function(gvn-sink),function(gvn-sink),function(gvn-hoist),function(mem2reg),module(globalopt),function(dce),function(memcpyopt),function(gvn-sink),function(newgvn),module(attributor),function(mem2reg),module(elim-avail-extern),function(instsimplify),function(gvn-sink),function(memcpyopt),function(gvn-hoist),module(elim-avail-extern),function(instsimplify),function(dce),module(scc-oz-module-inliner)', target_triple=x86_64-unknown-linux-gnu, returncode=-6, cmd=/root/opt/rv64gc_llvm_21/bin/opt -S -passes=module(scc-oz-module-inliner),module(attributor),function(jump-threading),function(newgvn),module(attributor),module(iroutliner),module(iroutliner),module(elim-avail-extern),module(globalopt),module(elim-avail-extern),function(gvn-sink),function(gvn-sink),function(gvn-hoist),function(mem2reg),module(globalopt),function(dce),function(memcpyopt),function(gvn-sink),function(newgvn),module(attributor),function(mem2reg),module(elim-avail-extern),function(instsimplify),function(gvn-sink),function(memcpyopt),function(gvn-hoist),module(elim-avail-extern),function(instsimplify),function(dce),module(scc-oz-module-inliner) --mtriple=x86_64-unknown-linux-gnu
opt: /root/llvm/llvm-project-21/llvm/lib/Transforms/Utils/Local.cpp:3527: void llvm::patchReplacementInstruction(Instruction*, Value*): Assertion `Success && "We should not be trying to sink callbases " "with non-intersectable attributes"' failed.
PLEASE submit a bug report to https://github.com/llvm/llvm-project/issues/ and include the crash backtrace.
Stack dump:
0.	Program arguments: /root/opt/rv64gc_llvm_21/bin/opt -S -passes=module(scc-oz-module-inliner),module(attributor),function(jump-threading),function(newgvn),module(attributor),module(iroutliner),module(iroutliner),module(elim-avail-extern),module(globalopt),module(elim-avail-extern),function(gvn-sink),function(gvn-sink),function(gvn-hoist),function(mem2reg),module(globalopt),function(dce),function(memcpyopt),function(gvn-sink),function(newgvn),module(attributor),function(mem2reg),module(elim-avail-extern),function(instsimplify),function(gvn-sink),function(memcpyopt),function(gvn-hoist),module(elim-avail-extern),function(instsimplify),function(dce),module(scc-oz-module-inliner) --mtriple=x86_64-unknown-linux-gnu
1.	Running pass "function(newgvn)" on module "<stdin>"
2.	Running pass "newgvn" on function "main"
 #0 0x00006348c438fdd0 llvm::sys::PrintStackTrace(llvm::raw_ostream&, int) /root/llvm/llvm-project-21/llvm/lib/Support/Unix/Signals.inc:834:22
 #1 0x00006348c4390259 PrintStackTraceSignalHandler(void*) /root/llvm/llvm-project-21/llvm/lib/Support/Unix/Signals.inc:918:1
 #2 0x00006348c438d3c9 llvm::sys::RunSignalHandlers() /root/llvm/llvm-project-21/llvm/lib/Support/Signals.cpp:104:20
 #3 0x00006348c438f60d SignalHandler(int, siginfo_t*, void*) /root/llvm/llvm-project-21/llvm/lib/Support/Unix/Signals.inc:426:14
 #4 0x000071b1cce53330 (/lib/x86_64-linux-gnu/libc.so.6+0x45330)
 #5 0x000071b1cceacb2c __pthread_kill_implementation ./nptl/pthread_kill.c:44:76
 #6 0x000071b1cceacb2c __pthread_kill_internal ./nptl/pthread_kill.c:78:10
 #7 0x000071b1cceacb2c pthread_kill ./nptl/pthread_kill.c:89:10
 #8 0x000071b1cce5327e raise ./signal/../sysdeps/posix/raise.c:27:6
 #9 0x000071b1cce368ff abort ./stdlib/abort.c:81:7
#10 0x000071b1cce3681b _nl_load_domain ./intl/loadmsgcat.c:1177:9
#11 0x000071b1cce49517 (/lib/x86_64-linux-gnu/libc.so.6+0x3b517)
#12 0x00006348c2e4b172 llvm::patchReplacementInstruction(llvm::Instruction*, llvm::Value*) /root/llvm/llvm-project-21/llvm/lib/Transforms/Utils/Local.cpp:3543:24
#13 0x00006348c293ac10 (anonymous namespace)::NewGVN::eliminateInstructions(llvm::Function&) /root/llvm/llvm-project-21/llvm/lib/Transforms/Scalar/NewGVN.cpp:4128:11
  [iter 159/200] search_obj=1.0690  search_best=0.7476  validation_best=0.7797  EI=0.0121  rnum=2.1  len=30  syn_rate=0.51  mean=1.0390  worsen=20.00%
GA search time: 1.07s, candidates: 201
[Error] eval /root/iscas/ruyituner/dataset21/poj104-v2-ll_4/train/31_1857.ll: opt failed for pipeline='module(elim-avail-extern),module(iroutliner),function(instsimplify),module(attributor),function(memcpyopt),function(jump-threading),module(attributor),module(scc-oz-module-inliner),module(globalopt),function(gvn-sink),function(newgvn),function(dse),function(gvn-sink),module(globalopt),module(attributor),function(dce),module(iroutliner),module(elim-avail-extern),module(scc-oz-module-inliner),function(gvn-hoist)', target_triple=x86_64-unknown-linux-gnu, returncode=-6, cmd=/root/opt/rv64gc_llvm_21/bin/opt -S -passes=module(elim-avail-extern),module(iroutliner),function(instsimplify),module(attributor),function(memcpyopt),function(jump-threading),module(attributor),module(scc-oz-module-inliner),module(globalopt),function(gvn-sink),function(newgvn),function(dse),function(gvn-sink),module(globalopt),module(attributor),function(dce),module(iroutliner),module(elim-avail-extern),module(scc-oz-module-inliner),function(gvn-hoist) --mtriple=x86_64-unknown-linux-gnu
opt: /root/llvm/llvm-project-21/llvm/lib/Transforms/Utils/Local.cpp:3527: void llvm::patchReplacementInstruction(Instruction*, Value*): Assertion `Success && "We should not be trying to sink callbases " "with non-intersectable attributes"' failed.
PLEASE submit a bug report to https://github.com/llvm/llvm-project/issues/ and include the crash backtrace.
Stack dump:
0.	Program arguments: /root/opt/rv64gc_llvm_21/bin/opt -S -passes=module(elim-avail-extern),module(iroutliner),function(instsimplify),module(attributor),function(memcpyopt),function(jump-threading),module(attributor),module(scc-oz-module-inliner),module(globalopt),function(gvn-sink),function(newgvn),function(dse),function(gvn-sink),module(globalopt),module(attributor),function(dce),module(iroutliner),module(elim-avail-extern),module(scc-oz-module-inliner),function(gvn-hoist) --mtriple=x86_64-unknown-linux-gnu
1.	Running pass "function(newgvn)" on module "<stdin>"
2.	Running pass "newgvn" on function "main"
 #0 0x00005de10ae00dd0 llvm::sys::PrintStackTrace(llvm::raw_ostream&, int) /root/llvm/llvm-project-21/llvm/lib/Support/Unix/Signals.inc:834:22
 #1 0x00005de10ae01259 PrintStackTraceSignalHandler(void*) /root/llvm/llvm-project-21/llvm/lib/Support/Unix/Signals.inc:918:1
 #2 0x00005de10adfe3c9 llvm::sys::RunSignalHandlers() /root/llvm/llvm-project-21/llvm/lib/Support/Signals.cpp:104:20
 #3 0x00005de10ae0060d SignalHandler(int, siginfo_t*, void*) /root/llvm/llvm-project-21/llvm/lib/Support/Unix/Signals.inc:426:14
 #4 0x000073c009c24330 (/lib/x86_64-linux-gnu/libc.so.6+0x45330)
 #5 0x000073c009c7db2c __pthread_kill_implementation ./nptl/pthread_kill.c:44:76
 #6 0x000073c009c7db2c __pthread_kill_internal ./nptl/pthread_kill.c:78:10
 #7 0x000073c009c7db2c pthread_kill ./nptl/pthread_kill.c:89:10
 #8 0x000073c009c2427e raise ./signal/../sysdeps/posix/raise.c:27:6
 #9 0x000073c009c078ff abort ./stdlib/abort.c:81:7
#10 0x000073c009c0781b _nl_load_domain ./intl/loadmsgcat.c:1177:9
#11 0x000073c009c1a517 (/lib/x86_64-linux-gnu/libc.so.6+0x3b517)
#12 0x00005de1098bc172 llvm::patchReplacementInstruction(llvm::Instruction*, llvm::Value*) /root/llvm/llvm-project-21/llvm/lib/Transforms/Utils/Local.cpp:3543:24
#13 0x00005de1093abc10 (anonymous namespace)::NewGVN::eliminateInstructions(llvm::Function&) /root/llvm/llvm-project-21/llvm/lib/Transforms/Scalar/NewGVN.cpp:4128:11
  [iter 160/200] search_obj=0.8200  search_best=0.7476  validation_best=0.7797  EI=0.0144  rnum=2.0  len=20  syn_rate=0.47  mean=0.8050  worsen=10.00%
GA search time: 0.95s, candidates: 201
  [iter 161/200] search_obj=0.8693  search_best=0.7476  validation_best=0.7797  EI=0.0153  rnum=1.9  len=20  syn_rate=0.42  mean=0.8543  worsen=10.00%
GA search time: 1.25s, candidates: 201
[Error] eval /root/iscas/ruyituner/dataset21/poj104-v2-ll_4/train/31_1857.ll: opt failed for pipeline='module(attributor),function(dce),module(iroutliner),function(jump-threading),function(gvn-sink),function(gvn-hoist),module(attributor),function(dce),module(globalopt),module(globalopt),function(instsimplify),module(elim-avail-extern),function(gvn-hoist),function(dce),function(instsimplify),module(globalopt),function(memcpyopt),module(attributor),module(scc-oz-module-inliner),function(instsimplify),module(iroutliner),module(elim-avail-extern),function(dse),function(memcpyopt),function(gvn-sink),function(newgvn),function(dce),function(gvn-hoist),module(attributor),function(instsimplify),module(elim-avail-extern),module(attributor)', target_triple=x86_64-unknown-linux-gnu, returncode=-6, cmd=/root/opt/rv64gc_llvm_21/bin/opt -S -passes=module(attributor),function(dce),module(iroutliner),function(jump-threading),function(gvn-sink),function(gvn-hoist),module(attributor),function(dce),module(globalopt),module(globalopt),function(instsimplify),module(elim-avail-extern),function(gvn-hoist),function(dce),function(instsimplify),module(globalopt),function(memcpyopt),module(attributor),module(scc-oz-module-inliner),function(instsimplify),module(iroutliner),module(elim-avail-extern),function(dse),function(memcpyopt),function(gvn-sink),function(newgvn),function(dce),function(gvn-hoist),module(attributor),function(instsimplify),module(elim-avail-extern),module(attributor) --mtriple=x86_64-unknown-linux-gnu
opt: /root/llvm/llvm-project-21/llvm/lib/Transforms/Utils/Local.cpp:3527: void llvm::patchReplacementInstruction(Instruction*, Value*): Assertion `Success && "We should not be trying to sink callbases " "with non-intersectable attributes"' failed.
PLEASE submit a bug report to https://github.com/llvm/llvm-project/issues/ and include the crash backtrace.
Stack dump:
0.	Program arguments: /root/opt/rv64gc_llvm_21/bin/opt -S -passes=module(attributor),function(dce),module(iroutliner),function(jump-threading),function(gvn-sink),function(gvn-hoist),module(attributor),function(dce),module(globalopt),module(globalopt),function(instsimplify),module(elim-avail-extern),function(gvn-hoist),function(dce),function(instsimplify),module(globalopt),function(memcpyopt),module(attributor),module(scc-oz-module-inliner),function(instsimplify),module(iroutliner),module(elim-avail-extern),function(dse),function(memcpyopt),function(gvn-sink),function(newgvn),function(dce),function(gvn-hoist),module(attributor),function(instsimplify),module(elim-avail-extern),module(attributor) --mtriple=x86_64-unknown-linux-gnu
1.	Running pass "function(newgvn)" on module "<stdin>"
2.	Running pass "newgvn" on function "main"
 #0 0x000060d57a6d3dd0 llvm::sys::PrintStackTrace(llvm::raw_ostream&, int) /root/llvm/llvm-project-21/llvm/lib/Support/Unix/Signals.inc:834:22
 #1 0x000060d57a6d4259 PrintStackTraceSignalHandler(void*) /root/llvm/llvm-project-21/llvm/lib/Support/Unix/Signals.inc:918:1
 #2 0x000060d57a6d13c9 llvm::sys::RunSignalHandlers() /root/llvm/llvm-project-21/llvm/lib/Support/Signals.cpp:104:20
 #3 0x000060d57a6d360d SignalHandler(int, siginfo_t*, void*) /root/llvm/llvm-project-21/llvm/lib/Support/Unix/Signals.inc:426:14
 #4 0x00007b40b9476330 (/lib/x86_64-linux-gnu/libc.so.6+0x45330)
 #5 0x00007b40b94cfb2c __pthread_kill_implementation ./nptl/pthread_kill.c:44:76
 #6 0x00007b40b94cfb2c __pthread_kill_internal ./nptl/pthread_kill.c:78:10
 #7 0x00007b40b94cfb2c pthread_kill ./nptl/pthread_kill.c:89:10
 #8 0x00007b40b947627e raise ./signal/../sysdeps/posix/raise.c:27:6
 #9 0x00007b40b94598ff abort ./stdlib/abort.c:81:7
#10 0x00007b40b945981b _nl_load_domain ./intl/loadmsgcat.c:1177:9
#11 0x00007b40b946c517 (/lib/x86_64-linux-gnu/libc.so.6+0x3b517)
#12 0x000060d57918f172 llvm::patchReplacementInstruction(llvm::Instruction*, llvm::Value*) /root/llvm/llvm-project-21/llvm/lib/Transforms/Utils/Local.cpp:3543:24
#13 0x000060d578c7ec10 (anonymous namespace)::NewGVN::eliminateInstructions(llvm::Function&) /root/llvm/llvm-project-21/llvm/lib/Transforms/Scalar/NewGVN.cpp:4128:11
  [iter 162/200] search_obj=0.8586  search_best=0.7476  validation_best=0.7797  EI=0.0156  rnum=1.8  len=32  syn_rate=0.51  mean=0.8421  worsen=11.00%
GA search time: 1.18s, candidates: 201
[Error] eval /root/iscas/ruyituner/dataset21/poj104-v2-ll_4/train/31_1857.ll: opt failed for pipeline='module(elim-avail-extern),function(instsimplify),module(attributor),module(attributor),module(elim-avail-extern),module(iroutliner),function(dce),module(attributor),module(inferattrs),module(iroutliner),module(attributor),module(scc-oz-module-inliner),function(jump-threading),function(newgvn),module(globalopt),function(dse),module(iroutliner),module(iroutliner),module(iroutliner),module(elim-avail-extern),module(globalopt),function(gvn-sink),module(elim-avail-extern),module(elim-avail-extern),module(elim-avail-extern),module(globalopt),module(globalopt),function(dce),function(gvn-sink),function(gvn-sink),function(memcpyopt),function(gvn-sink),function(gvn-hoist),module(iroutliner),module(globalopt),function(gvn-sink),module(elim-avail-extern),function(newgvn),function(gvn-sink),module(elim-avail-extern),module(scc-oz-module-inliner),function(gvn-sink),function(gvn-sink),module(elim-avail-extern),function(dce),function(gvn-sink),function(jump-threading),module(elim-avail-extern),function(gvn-hoist),function(newgvn),module(attributor),module(iroutliner),module(iroutliner),function(gvn-sink),function(gvn-hoist),module(attributor)', target_triple=x86_64-unknown-linux-gnu, returncode=-6, cmd=/root/opt/rv64gc_llvm_21/bin/opt -S -passes=module(elim-avail-extern),function(instsimplify),module(attributor),module(attributor),module(elim-avail-extern),module(iroutliner),function(dce),module(attributor),module(inferattrs),module(iroutliner),module(attributor),module(scc-oz-module-inliner),function(jump-threading),function(newgvn),module(globalopt),function(dse),module(iroutliner),module(iroutliner),module(iroutliner),module(elim-avail-extern),module(globalopt),function(gvn-sink),module(elim-avail-extern),module(elim-avail-extern),module(elim-avail-extern),module(globalopt),module(globalopt),function(dce),function(gvn-sink),function(gvn-sink),function(memcpyopt),function(gvn-sink),function(gvn-hoist),module(iroutliner),module(globalopt),function(gvn-sink),module(elim-avail-extern),function(newgvn),function(gvn-sink),module(elim-avail-extern),module(scc-oz-module-inliner),function(gvn-sink),function(gvn-sink),module(elim-avail-extern),function(dce),function(gvn-sink),function(jump-threading),module(elim-avail-extern),function(gvn-hoist),function(newgvn),module(attributor),module(iroutliner),module(iroutliner),function(gvn-sink),function(gvn-hoist),module(attributor) --mtriple=x86_64-unknown-linux-gnu
opt: /root/llvm/llvm-project-21/llvm/lib/Transforms/Utils/Local.cpp:3527: void llvm::patchReplacementInstruction(Instruction*, Value*): Assertion `Success && "We should not be trying to sink callbases " "with non-intersectable attributes"' failed.
PLEASE submit a bug report to https://github.com/llvm/llvm-project/issues/ and include the crash backtrace.
Stack dump:
0.	Program arguments: /root/opt/rv64gc_llvm_21/bin/opt -S -passes=module(elim-avail-extern),function(instsimplify),module(attributor),module(attributor),module(elim-avail-extern),module(iroutliner),function(dce),module(attributor),module(inferattrs),module(iroutliner),module(attributor),module(scc-oz-module-inliner),function(jump-threading),function(newgvn),module(globalopt),function(dse),module(iroutliner),module(iroutliner),module(iroutliner),module(elim-avail-extern),module(globalopt),function(gvn-sink),module(elim-avail-extern),module(elim-avail-extern),module(elim-avail-extern),module(globalopt),module(globalopt),function(dce),function(gvn-sink),function(gvn-sink),function(memcpyopt),function(gvn-sink),function(gvn-hoist),module(iroutliner),module(globalopt),function(gvn-sink),module(elim-avail-extern),function(newgvn),function(gvn-sink),module(elim-avail-extern),module(scc-oz-module-inliner),function(gvn-sink),function(gvn-sink),module(elim-avail-extern),function(dce),function(gvn-sink),function(jump-threading),module(elim-avail-extern),function(gvn-hoist),function(newgvn),module(attributor),module(iroutliner),module(iroutliner),function(gvn-sink),function(gvn-hoist),module(attributor) --mtriple=x86_64-unknown-linux-gnu
1.	Running pass "function(newgvn)" on module "<stdin>"
2.	Running pass "newgvn" on function "main"
 #0 0x00005aa768682dd0 llvm::sys::PrintStackTrace(llvm::raw_ostream&, int) /root/llvm/llvm-project-21/llvm/lib/Support/Unix/Signals.inc:834:22
 #1 0x00005aa768683259 PrintStackTraceSignalHandler(void*) /root/llvm/llvm-project-21/llvm/lib/Support/Unix/Signals.inc:918:1
 #2 0x00005aa7686803c9 llvm::sys::RunSignalHandlers() /root/llvm/llvm-project-21/llvm/lib/Support/Signals.cpp:104:20
 #3 0x00005aa76868260d SignalHandler(int, siginfo_t*, void*) /root/llvm/llvm-project-21/llvm/lib/Support/Unix/Signals.inc:426:14
 #4 0x000077f54dddf330 (/lib/x86_64-linux-gnu/libc.so.6+0x45330)
 #5 0x000077f54de38b2c __pthread_kill_implementation ./nptl/pthread_kill.c:44:76
 #6 0x000077f54de38b2c __pthread_kill_internal ./nptl/pthread_kill.c:78:10
 #7 0x000077f54de38b2c pthread_kill ./nptl/pthread_kill.c:89:10
 #8 0x000077f54dddf27e raise ./signal/../sysdeps/posix/raise.c:27:6
 #9 0x000077f54ddc28ff abort ./stdlib/abort.c:81:7
#10 0x000077f54ddc281b _nl_load_domain ./intl/loadmsgcat.c:1177:9
#11 0x000077f54ddd5517 (/lib/x86_64-linux-gnu/libc.so.6+0x3b517)
#12 0x00005aa76713e172 llvm::patchReplacementInstruction(llvm::Instruction*, llvm::Value*) /root/llvm/llvm-project-21/llvm/lib/Transforms/Utils/Local.cpp:3543:24
#13 0x00005aa766c2dc10 (anonymous namespace)::NewGVN::eliminateInstructions(llvm::Function&) /root/llvm/llvm-project-21/llvm/lib/Transforms/Scalar/NewGVN.cpp:4128:11
  [iter 163/200] search_obj=0.8395  search_best=0.7476  validation_best=0.7797  EI=0.0102  rnum=1.7  len=56  syn_rate=0.56  mean=0.8260  worsen=9.00%
GA search time: 0.89s, candidates: 201
  [iter 164/200] search_obj=0.7694  search_best=0.7476  validation_best=0.7797  EI=0.0131  rnum=1.7  len=23  syn_rate=0.50  mean=0.7574  worsen=8.00%
GA search time: 0.90s, candidates: 201
  [iter 165/200] search_obj=0.8217  search_best=0.7476  validation_best=0.7797  EI=0.0145  rnum=1.6  len=24  syn_rate=0.47  mean=0.8082  worsen=9.00%
GA search time: 0.92s, candidates: 201
  [iter 166/200] search_obj=0.7696  search_best=0.7476  validation_best=0.7797  EI=0.0152  rnum=1.5  len=28  syn_rate=0.48  mean=0.7576  worsen=8.00%
GA search time: 0.85s, candidates: 201
[Error] eval /root/iscas/ruyituner/dataset21/poj104-v2-ll_4/train/31_1857.ll: opt failed for pipeline='module(elim-avail-extern),function(gvn-hoist),function(jump-threading),function(dce),function(dce),module(iroutliner),module(scc-oz-module-inliner),function(newgvn),function(jump-threading),module(iroutliner),module(attributor),module(attributor),module(iroutliner),module(attributor),module(attributor),function(dse),module(globalopt),function(gvn-sink),module(elim-avail-extern),function(gvn-sink),module(globalopt),function(memcpyopt),module(elim-avail-extern),function(dce),function(gvn-hoist),function(instsimplify),function(gvn-hoist),function(gvn-hoist),function(dce)', target_triple=x86_64-unknown-linux-gnu, returncode=-6, cmd=/root/opt/rv64gc_llvm_21/bin/opt -S -passes=module(elim-avail-extern),function(gvn-hoist),function(jump-threading),function(dce),function(dce),module(iroutliner),module(scc-oz-module-inliner),function(newgvn),function(jump-threading),module(iroutliner),module(attributor),module(attributor),module(iroutliner),module(attributor),module(attributor),function(dse),module(globalopt),function(gvn-sink),module(elim-avail-extern),function(gvn-sink),module(globalopt),function(memcpyopt),module(elim-avail-extern),function(dce),function(gvn-hoist),function(instsimplify),function(gvn-hoist),function(gvn-hoist),function(dce) --mtriple=x86_64-unknown-linux-gnu
opt: /root/llvm/llvm-project-21/llvm/lib/Transforms/Utils/Local.cpp:3527: void llvm::patchReplacementInstruction(Instruction*, Value*): Assertion `Success && "We should not be trying to sink callbases " "with non-intersectable attributes"' failed.
PLEASE submit a bug report to https://github.com/llvm/llvm-project/issues/ and include the crash backtrace.
Stack dump:
0.	Program arguments: /root/opt/rv64gc_llvm_21/bin/opt -S -passes=module(elim-avail-extern),function(gvn-hoist),function(jump-threading),function(dce),function(dce),module(iroutliner),module(scc-oz-module-inliner),function(newgvn),function(jump-threading),module(iroutliner),module(attributor),module(attributor),module(iroutliner),module(attributor),module(attributor),function(dse),module(globalopt),function(gvn-sink),module(elim-avail-extern),function(gvn-sink),module(globalopt),function(memcpyopt),module(elim-avail-extern),function(dce),function(gvn-hoist),function(instsimplify),function(gvn-hoist),function(gvn-hoist),function(dce) --mtriple=x86_64-unknown-linux-gnu
1.	Running pass "function(newgvn)" on module "<stdin>"
2.	Running pass "newgvn" on function "main"
 #0 0x000058b2a0424dd0 llvm::sys::PrintStackTrace(llvm::raw_ostream&, int) /root/llvm/llvm-project-21/llvm/lib/Support/Unix/Signals.inc:834:22
 #1 0x000058b2a0425259 PrintStackTraceSignalHandler(void*) /root/llvm/llvm-project-21/llvm/lib/Support/Unix/Signals.inc:918:1
 #2 0x000058b2a04223c9 llvm::sys::RunSignalHandlers() /root/llvm/llvm-project-21/llvm/lib/Support/Signals.cpp:104:20
 #3 0x000058b2a042460d SignalHandler(int, siginfo_t*, void*) /root/llvm/llvm-project-21/llvm/lib/Support/Unix/Signals.inc:426:14
 #4 0x00007129b6b57330 (/lib/x86_64-linux-gnu/libc.so.6+0x45330)
 #5 0x00007129b6bb0b2c __pthread_kill_implementation ./nptl/pthread_kill.c:44:76
 #6 0x00007129b6bb0b2c __pthread_kill_internal ./nptl/pthread_kill.c:78:10
 #7 0x00007129b6bb0b2c pthread_kill ./nptl/pthread_kill.c:89:10
 #8 0x00007129b6b5727e raise ./signal/../sysdeps/posix/raise.c:27:6
 #9 0x00007129b6b3a8ff abort ./stdlib/abort.c:81:7
#10 0x00007129b6b3a81b _nl_load_domain ./intl/loadmsgcat.c:1177:9
#11 0x00007129b6b4d517 (/lib/x86_64-linux-gnu/libc.so.6+0x3b517)
#12 0x000058b29eee0172 llvm::patchReplacementInstruction(llvm::Instruction*, llvm::Value*) /root/llvm/llvm-project-21/llvm/lib/Transforms/Utils/Local.cpp:3543:24
#13 0x000058b29e9cfc10 (anonymous namespace)::NewGVN::eliminateInstructions(llvm::Function&) /root/llvm/llvm-project-21/llvm/lib/Transforms/Scalar/NewGVN.cpp:4128:11
  [iter 167/200] search_obj=0.9936  search_best=0.7476  validation_best=0.7797  EI=0.0151  rnum=1.5  len=29  syn_rate=0.47  mean=0.9771  worsen=11.00%
GA search time: 1.06s, candidates: 201
  [iter 168/200] search_obj=0.7902  search_best=0.7476  validation_best=0.7797  EI=0.0121  rnum=1.4  len=24  syn_rate=0.51  mean=0.7767  worsen=9.00%
GA search time: 1.17s, candidates: 201
[Error] eval /root/iscas/ruyituner/dataset21/poj104-v2-ll_4/train/31_1857.ll: opt failed for pipeline='module(elim-avail-extern),function(newgvn),function(instsimplify),function(gvn-hoist),module(attributor),function(memcpyopt),function(jump-threading),module(globalopt),function(gvn-sink),module(iroutliner),function(dse),module(globalopt),function(gvn-sink),function(newgvn),function(gvn-sink),module(globalopt),module(attributor),function(dce),module(iroutliner),module(elim-avail-extern),module(scc-oz-module-inliner),function(gvn-sink),module(globalopt),module(attributor),function(dce),module(iroutliner),module(elim-avail-extern),module(scc-oz-module-inliner),function(gvn-hoist)', target_triple=x86_64-unknown-linux-gnu, returncode=-6, cmd=/root/opt/rv64gc_llvm_21/bin/opt -S -passes=module(elim-avail-extern),function(newgvn),function(instsimplify),function(gvn-hoist),module(attributor),function(memcpyopt),function(jump-threading),module(globalopt),function(gvn-sink),module(iroutliner),function(dse),module(globalopt),function(gvn-sink),function(newgvn),function(gvn-sink),module(globalopt),module(attributor),function(dce),module(iroutliner),module(elim-avail-extern),module(scc-oz-module-inliner),function(gvn-sink),module(globalopt),module(attributor),function(dce),module(iroutliner),module(elim-avail-extern),module(scc-oz-module-inliner),function(gvn-hoist) --mtriple=x86_64-unknown-linux-gnu
opt: /root/llvm/llvm-project-21/llvm/lib/Transforms/Utils/Local.cpp:3527: void llvm::patchReplacementInstruction(Instruction*, Value*): Assertion `Success && "We should not be trying to sink callbases " "with non-intersectable attributes"' failed.
PLEASE submit a bug report to https://github.com/llvm/llvm-project/issues/ and include the crash backtrace.
Stack dump:
0.	Program arguments: /root/opt/rv64gc_llvm_21/bin/opt -S -passes=module(elim-avail-extern),function(newgvn),function(instsimplify),function(gvn-hoist),module(attributor),function(memcpyopt),function(jump-threading),module(globalopt),function(gvn-sink),module(iroutliner),function(dse),module(globalopt),function(gvn-sink),function(newgvn),function(gvn-sink),module(globalopt),module(attributor),function(dce),module(iroutliner),module(elim-avail-extern),module(scc-oz-module-inliner),function(gvn-sink),module(globalopt),module(attributor),function(dce),module(iroutliner),module(elim-avail-extern),module(scc-oz-module-inliner),function(gvn-hoist) --mtriple=x86_64-unknown-linux-gnu
1.	Running pass "function(newgvn)" on module "<stdin>"
2.	Running pass "newgvn" on function "main"
 #0 0x0000647d694fddd0 llvm::sys::PrintStackTrace(llvm::raw_ostream&, int) /root/llvm/llvm-project-21/llvm/lib/Support/Unix/Signals.inc:834:22
 #1 0x0000647d694fe259 PrintStackTraceSignalHandler(void*) /root/llvm/llvm-project-21/llvm/lib/Support/Unix/Signals.inc:918:1
 #2 0x0000647d694fb3c9 llvm::sys::RunSignalHandlers() /root/llvm/llvm-project-21/llvm/lib/Support/Signals.cpp:104:20
 #3 0x0000647d694fd60d SignalHandler(int, siginfo_t*, void*) /root/llvm/llvm-project-21/llvm/lib/Support/Unix/Signals.inc:426:14
 #4 0x0000701185219330 (/lib/x86_64-linux-gnu/libc.so.6+0x45330)
 #5 0x0000701185272b2c __pthread_kill_implementation ./nptl/pthread_kill.c:44:76
 #6 0x0000701185272b2c __pthread_kill_internal ./nptl/pthread_kill.c:78:10
 #7 0x0000701185272b2c pthread_kill ./nptl/pthread_kill.c:89:10
 #8 0x000070118521927e raise ./signal/../sysdeps/posix/raise.c:27:6
 #9 0x00007011851fc8ff abort ./stdlib/abort.c:81:7
#10 0x00007011851fc81b _nl_load_domain ./intl/loadmsgcat.c:1177:9
#11 0x000070118520f517 (/lib/x86_64-linux-gnu/libc.so.6+0x3b517)
#12 0x0000647d67fb9172 llvm::patchReplacementInstruction(llvm::Instruction*, llvm::Value*) /root/llvm/llvm-project-21/llvm/lib/Transforms/Utils/Local.cpp:3543:24
#13 0x0000647d67aa8c10 (anonymous namespace)::NewGVN::eliminateInstructions(llvm::Function&) /root/llvm/llvm-project-21/llvm/lib/Transforms/Scalar/NewGVN.cpp:4128:11
  [iter 169/200] search_obj=0.9407  search_best=0.7476  validation_best=0.7797  EI=0.0167  rnum=1.3  len=29  syn_rate=0.50  mean=0.9227  worsen=12.00%
GA search time: 0.99s, candidates: 201
[Error] eval /root/iscas/ruyituner/dataset21/poj104-v2-ll_4/train/31_1857.ll: opt failed for pipeline='module(elim-avail-extern),module(iroutliner),function(instsimplify),module(globalopt),function(gvn-hoist),function(newgvn),function(memcpyopt),function(jump-threading),module(globalopt),function(gvn-sink),module(attributor),module(elim-avail-extern),module(iroutliner),function(instsimplify),function(gvn-hoist),module(attributor),function(memcpyopt),function(jump-threading),module(globalopt),function(gvn-sink),function(newgvn),function(dse),function(gvn-sink),module(globalopt),module(attributor),function(dce),module(iroutliner),module(elim-avail-extern),module(scc-oz-module-inliner),function(gvn-hoist)', target_triple=x86_64-unknown-linux-gnu, returncode=-6, cmd=/root/opt/rv64gc_llvm_21/bin/opt -S -passes=module(elim-avail-extern),module(iroutliner),function(instsimplify),module(globalopt),function(gvn-hoist),function(newgvn),function(memcpyopt),function(jump-threading),module(globalopt),function(gvn-sink),module(attributor),module(elim-avail-extern),module(iroutliner),function(instsimplify),function(gvn-hoist),module(attributor),function(memcpyopt),function(jump-threading),module(globalopt),function(gvn-sink),function(newgvn),function(dse),function(gvn-sink),module(globalopt),module(attributor),function(dce),module(iroutliner),module(elim-avail-extern),module(scc-oz-module-inliner),function(gvn-hoist) --mtriple=x86_64-unknown-linux-gnu
opt: /root/llvm/llvm-project-21/llvm/lib/Transforms/Utils/Local.cpp:3527: void llvm::patchReplacementInstruction(Instruction*, Value*): Assertion `Success && "We should not be trying to sink callbases " "with non-intersectable attributes"' failed.
PLEASE submit a bug report to https://github.com/llvm/llvm-project/issues/ and include the crash backtrace.
Stack dump:
0.	Program arguments: /root/opt/rv64gc_llvm_21/bin/opt -S -passes=module(elim-avail-extern),module(iroutliner),function(instsimplify),module(globalopt),function(gvn-hoist),function(newgvn),function(memcpyopt),function(jump-threading),module(globalopt),function(gvn-sink),module(attributor),module(elim-avail-extern),module(iroutliner),function(instsimplify),function(gvn-hoist),module(attributor),function(memcpyopt),function(jump-threading),module(globalopt),function(gvn-sink),function(newgvn),function(dse),function(gvn-sink),module(globalopt),module(attributor),function(dce),module(iroutliner),module(elim-avail-extern),module(scc-oz-module-inliner),function(gvn-hoist) --mtriple=x86_64-unknown-linux-gnu
1.	Running pass "function(newgvn)" on module "<stdin>"
2.	Running pass "newgvn" on function "main"
 #0 0x0000572c0c6a5dd0 llvm::sys::PrintStackTrace(llvm::raw_ostream&, int) /root/llvm/llvm-project-21/llvm/lib/Support/Unix/Signals.inc:834:22
 #1 0x0000572c0c6a6259 PrintStackTraceSignalHandler(void*) /root/llvm/llvm-project-21/llvm/lib/Support/Unix/Signals.inc:918:1
 #2 0x0000572c0c6a33c9 llvm::sys::RunSignalHandlers() /root/llvm/llvm-project-21/llvm/lib/Support/Signals.cpp:104:20
 #3 0x0000572c0c6a560d SignalHandler(int, siginfo_t*, void*) /root/llvm/llvm-project-21/llvm/lib/Support/Unix/Signals.inc:426:14
 #4 0x0000745b7439e330 (/lib/x86_64-linux-gnu/libc.so.6+0x45330)
 #5 0x0000745b743f7b2c __pthread_kill_implementation ./nptl/pthread_kill.c:44:76
 #6 0x0000745b743f7b2c __pthread_kill_internal ./nptl/pthread_kill.c:78:10
 #7 0x0000745b743f7b2c pthread_kill ./nptl/pthread_kill.c:89:10
 #8 0x0000745b7439e27e raise ./signal/../sysdeps/posix/raise.c:27:6
 #9 0x0000745b743818ff abort ./stdlib/abort.c:81:7
#10 0x0000745b7438181b _nl_load_domain ./intl/loadmsgcat.c:1177:9
#11 0x0000745b74394517 (/lib/x86_64-linux-gnu/libc.so.6+0x3b517)
#12 0x0000572c0b161172 llvm::patchReplacementInstruction(llvm::Instruction*, llvm::Value*) /root/llvm/llvm-project-21/llvm/lib/Transforms/Utils/Local.cpp:3543:24
#13 0x0000572c0ac50c10 (anonymous namespace)::NewGVN::eliminateInstructions(llvm::Function&) /root/llvm/llvm-project-21/llvm/lib/Transforms/Scalar/NewGVN.cpp:4128:11
  [iter 170/200] search_obj=0.9174  search_best=0.7476  validation_best=0.7797  EI=0.0146  rnum=1.3  len=30  syn_rate=0.51  mean=0.8994  worsen=12.00%
GA search time: 1.19s, candidates: 201
  [iter 171/200] search_obj=0.7677  search_best=0.7476  validation_best=0.7797  EI=0.0115  rnum=1.2  len=35  syn_rate=0.49  mean=0.7587  worsen=6.00%
GA search time: 1.19s, candidates: 201
[Error] eval /root/iscas/ruyituner/dataset21/poj104-v2-ll_4/train/31_1857.ll: opt failed for pipeline='module(scc-oz-module-inliner),function(jump-threading),function(newgvn),function(newgvn),module(attributor),module(iroutliner),module(attributor),module(attributor),module(attributor),module(attributor),module(scc-oz-module-inliner),module(iroutliner),module(iroutliner),function(dse),function(gvn-sink),function(gvn-sink),module(globalopt),module(globalopt),module(globalopt),module(globalopt),module(globalopt),function(memcpyopt),function(memcpyopt),function(gvn-hoist),function(instsimplify),function(gvn-hoist),function(gvn-hoist),module(elim-avail-extern),module(elim-avail-extern),module(elim-avail-extern),module(elim-avail-extern),module(elim-avail-extern),module(elim-avail-extern),function(instsimplify),function(dce),module(elim-avail-extern),function(memcpyopt),module(attributor),module(attributor),function(instsimplify),module(iroutliner),function(gvn-sink),module(globalopt),function(dce),module(inferattrs)', target_triple=x86_64-unknown-linux-gnu, returncode=-6, cmd=/root/opt/rv64gc_llvm_21/bin/opt -S -passes=module(scc-oz-module-inliner),function(jump-threading),function(newgvn),function(newgvn),module(attributor),module(iroutliner),module(attributor),module(attributor),module(attributor),module(attributor),module(scc-oz-module-inliner),module(iroutliner),module(iroutliner),function(dse),function(gvn-sink),function(gvn-sink),module(globalopt),module(globalopt),module(globalopt),module(globalopt),module(globalopt),function(memcpyopt),function(memcpyopt),function(gvn-hoist),function(instsimplify),function(gvn-hoist),function(gvn-hoist),module(elim-avail-extern),module(elim-avail-extern),module(elim-avail-extern),module(elim-avail-extern),module(elim-avail-extern),module(elim-avail-extern),function(instsimplify),function(dce),module(elim-avail-extern),function(memcpyopt),module(attributor),module(attributor),function(instsimplify),module(iroutliner),function(gvn-sink),module(globalopt),function(dce),module(inferattrs) --mtriple=x86_64-unknown-linux-gnu
opt: /root/llvm/llvm-project-21/llvm/lib/Transforms/Utils/Local.cpp:3527: void llvm::patchReplacementInstruction(Instruction*, Value*): Assertion `Success && "We should not be trying to sink callbases " "with non-intersectable attributes"' failed.
PLEASE submit a bug report to https://github.com/llvm/llvm-project/issues/ and include the crash backtrace.
Stack dump:
0.	Program arguments: /root/opt/rv64gc_llvm_21/bin/opt -S -passes=module(scc-oz-module-inliner),function(jump-threading),function(newgvn),function(newgvn),module(attributor),module(iroutliner),module(attributor),module(attributor),module(attributor),module(attributor),module(scc-oz-module-inliner),module(iroutliner),module(iroutliner),function(dse),function(gvn-sink),function(gvn-sink),module(globalopt),module(globalopt),module(globalopt),module(globalopt),module(globalopt),function(memcpyopt),function(memcpyopt),function(gvn-hoist),function(instsimplify),function(gvn-hoist),function(gvn-hoist),module(elim-avail-extern),module(elim-avail-extern),module(elim-avail-extern),module(elim-avail-extern),module(elim-avail-extern),module(elim-avail-extern),function(instsimplify),function(dce),module(elim-avail-extern),function(memcpyopt),module(attributor),module(attributor),function(instsimplify),module(iroutliner),function(gvn-sink),module(globalopt),function(dce),module(inferattrs) --mtriple=x86_64-unknown-linux-gnu
1.	Running pass "function(newgvn)" on module "<stdin>"
2.	Running pass "newgvn" on function "main"
 #0 0x00005babcd31add0 llvm::sys::PrintStackTrace(llvm::raw_ostream&, int) /root/llvm/llvm-project-21/llvm/lib/Support/Unix/Signals.inc:834:22
 #1 0x00005babcd31b259 PrintStackTraceSignalHandler(void*) /root/llvm/llvm-project-21/llvm/lib/Support/Unix/Signals.inc:918:1
 #2 0x00005babcd3183c9 llvm::sys::RunSignalHandlers() /root/llvm/llvm-project-21/llvm/lib/Support/Signals.cpp:104:20
 #3 0x00005babcd31a60d SignalHandler(int, siginfo_t*, void*) /root/llvm/llvm-project-21/llvm/lib/Support/Unix/Signals.inc:426:14
 #4 0x0000723ac76d7330 (/lib/x86_64-linux-gnu/libc.so.6+0x45330)
 #5 0x0000723ac7730b2c __pthread_kill_implementation ./nptl/pthread_kill.c:44:76
 #6 0x0000723ac7730b2c __pthread_kill_internal ./nptl/pthread_kill.c:78:10
 #7 0x0000723ac7730b2c pthread_kill ./nptl/pthread_kill.c:89:10
 #8 0x0000723ac76d727e raise ./signal/../sysdeps/posix/raise.c:27:6
 #9 0x0000723ac76ba8ff abort ./stdlib/abort.c:81:7
#10 0x0000723ac76ba81b _nl_load_domain ./intl/loadmsgcat.c:1177:9
#11 0x0000723ac76cd517 (/lib/x86_64-linux-gnu/libc.so.6+0x3b517)
#12 0x00005babcbdd6172 llvm::patchReplacementInstruction(llvm::Instruction*, llvm::Value*) /root/llvm/llvm-project-21/llvm/lib/Transforms/Utils/Local.cpp:3543:24
#13 0x00005babcb8c5c10 (anonymous namespace)::NewGVN::eliminateInstructions(llvm::Function&) /root/llvm/llvm-project-21/llvm/lib/Transforms/Scalar/NewGVN.cpp:4128:11
  [iter 172/200] search_obj=1.0693  search_best=0.7476  validation_best=0.7797  EI=0.0132  rnum=1.2  len=45  syn_rate=0.47  mean=1.0393  worsen=20.00%
GA search time: 1.23s, candidates: 201
[Error] eval /root/iscas/ruyituner/dataset21/poj104-v2-ll_4/train/31_1857.ll: opt failed for pipeline='module(scc-oz-module-inliner),function(jump-threading),function(newgvn),module(attributor),module(attributor),module(iroutliner),module(iroutliner),module(elim-avail-extern),module(elim-avail-extern),function(gvn-hoist),function(gvn-sink),module(globalopt),module(globalopt),function(memcpyopt),function(instsimplify),function(dce),function(dce),module(attributor),module(iroutliner),module(iroutliner),function(dse),module(elim-avail-extern),module(globalopt),function(gvn-sink),function(gvn-hoist),function(memcpyopt),function(instsimplify),module(scc-oz-module-inliner)', target_triple=x86_64-unknown-linux-gnu, returncode=-6, cmd=/root/opt/rv64gc_llvm_21/bin/opt -S -passes=module(scc-oz-module-inliner),function(jump-threading),function(newgvn),module(attributor),module(attributor),module(iroutliner),module(iroutliner),module(elim-avail-extern),module(elim-avail-extern),function(gvn-hoist),function(gvn-sink),module(globalopt),module(globalopt),function(memcpyopt),function(instsimplify),function(dce),function(dce),module(attributor),module(iroutliner),module(iroutliner),function(dse),module(elim-avail-extern),module(globalopt),function(gvn-sink),function(gvn-hoist),function(memcpyopt),function(instsimplify),module(scc-oz-module-inliner) --mtriple=x86_64-unknown-linux-gnu
opt: /root/llvm/llvm-project-21/llvm/lib/Transforms/Utils/Local.cpp:3527: void llvm::patchReplacementInstruction(Instruction*, Value*): Assertion `Success && "We should not be trying to sink callbases " "with non-intersectable attributes"' failed.
PLEASE submit a bug report to https://github.com/llvm/llvm-project/issues/ and include the crash backtrace.
Stack dump:
0.	Program arguments: /root/opt/rv64gc_llvm_21/bin/opt -S -passes=module(scc-oz-module-inliner),function(jump-threading),function(newgvn),module(attributor),module(attributor),module(iroutliner),module(iroutliner),module(elim-avail-extern),module(elim-avail-extern),function(gvn-hoist),function(gvn-sink),module(globalopt),module(globalopt),function(memcpyopt),function(instsimplify),function(dce),function(dce),module(attributor),module(iroutliner),module(iroutliner),function(dse),module(elim-avail-extern),module(globalopt),function(gvn-sink),function(gvn-hoist),function(memcpyopt),function(instsimplify),module(scc-oz-module-inliner) --mtriple=x86_64-unknown-linux-gnu
1.	Running pass "function(newgvn)" on module "<stdin>"
2.	Running pass "newgvn" on function "main"
 #0 0x00005b46843f3dd0 llvm::sys::PrintStackTrace(llvm::raw_ostream&, int) /root/llvm/llvm-project-21/llvm/lib/Support/Unix/Signals.inc:834:22
 #1 0x00005b46843f4259 PrintStackTraceSignalHandler(void*) /root/llvm/llvm-project-21/llvm/lib/Support/Unix/Signals.inc:918:1
 #2 0x00005b46843f13c9 llvm::sys::RunSignalHandlers() /root/llvm/llvm-project-21/llvm/lib/Support/Signals.cpp:104:20
 #3 0x00005b46843f360d SignalHandler(int, siginfo_t*, void*) /root/llvm/llvm-project-21/llvm/lib/Support/Unix/Signals.inc:426:14
 #4 0x000075643bb48330 (/lib/x86_64-linux-gnu/libc.so.6+0x45330)
 #5 0x000075643bba1b2c __pthread_kill_implementation ./nptl/pthread_kill.c:44:76
 #6 0x000075643bba1b2c __pthread_kill_internal ./nptl/pthread_kill.c:78:10
 #7 0x000075643bba1b2c pthread_kill ./nptl/pthread_kill.c:89:10
 #8 0x000075643bb4827e raise ./signal/../sysdeps/posix/raise.c:27:6
 #9 0x000075643bb2b8ff abort ./stdlib/abort.c:81:7
#10 0x000075643bb2b81b _nl_load_domain ./intl/loadmsgcat.c:1177:9
#11 0x000075643bb3e517 (/lib/x86_64-linux-gnu/libc.so.6+0x3b517)
#12 0x00005b4682eaf172 llvm::patchReplacementInstruction(llvm::Instruction*, llvm::Value*) /root/llvm/llvm-project-21/llvm/lib/Transforms/Utils/Local.cpp:3543:24
#13 0x00005b468299ec10 (anonymous namespace)::NewGVN::eliminateInstructions(llvm::Function&) /root/llvm/llvm-project-21/llvm/lib/Transforms/Scalar/NewGVN.cpp:4128:11
  [iter 173/200] search_obj=1.0690  search_best=0.7476  validation_best=0.7797  EI=0.0124  rnum=1.1  len=28  syn_rate=0.49  mean=1.0390  worsen=20.00%
GA search time: 1.45s, candidates: 201
[Error] eval /root/iscas/ruyituner/dataset21/poj104-v2-ll_4/train/31_1857.ll: opt failed for pipeline='module(elim-avail-extern),module(scc-oz-module-inliner),module(globalopt),module(iroutliner),function(newgvn),function(jump-threading),function(gvn-sink),function(dce),function(dce),function(dse),function(newgvn),module(attributor),module(globalopt),function(instsimplify),module(globalopt),module(globalopt),function(memcpyopt),function(gvn-hoist),function(gvn-hoist),module(elim-avail-extern),module(attributor),module(iroutliner),module(inferattrs),module(attributor),module(elim-avail-extern),module(elim-avail-extern),module(globalopt),module(globalopt),function(memcpyopt),function(memcpyopt),module(iroutliner),module(attributor)', target_triple=x86_64-unknown-linux-gnu, returncode=-6, cmd=/root/opt/rv64gc_llvm_21/bin/opt -S -passes=module(elim-avail-extern),module(scc-oz-module-inliner),module(globalopt),module(iroutliner),function(newgvn),function(jump-threading),function(gvn-sink),function(dce),function(dce),function(dse),function(newgvn),module(attributor),module(globalopt),function(instsimplify),module(globalopt),module(globalopt),function(memcpyopt),function(gvn-hoist),function(gvn-hoist),module(elim-avail-extern),module(attributor),module(iroutliner),module(inferattrs),module(attributor),module(elim-avail-extern),module(elim-avail-extern),module(globalopt),module(globalopt),function(memcpyopt),function(memcpyopt),module(iroutliner),module(attributor) --mtriple=x86_64-unknown-linux-gnu
opt: /root/llvm/llvm-project-21/llvm/lib/Transforms/Utils/Local.cpp:3527: void llvm::patchReplacementInstruction(Instruction*, Value*): Assertion `Success && "We should not be trying to sink callbases " "with non-intersectable attributes"' failed.
PLEASE submit a bug report to https://github.com/llvm/llvm-project/issues/ and include the crash backtrace.
Stack dump:
0.	Program arguments: /root/opt/rv64gc_llvm_21/bin/opt -S -passes=module(elim-avail-extern),module(scc-oz-module-inliner),module(globalopt),module(iroutliner),function(newgvn),function(jump-threading),function(gvn-sink),function(dce),function(dce),function(dse),function(newgvn),module(attributor),module(globalopt),function(instsimplify),module(globalopt),module(globalopt),function(memcpyopt),function(gvn-hoist),function(gvn-hoist),module(elim-avail-extern),module(attributor),module(iroutliner),module(inferattrs),module(attributor),module(elim-avail-extern),module(elim-avail-extern),module(globalopt),module(globalopt),function(memcpyopt),function(memcpyopt),module(iroutliner),module(attributor) --mtriple=x86_64-unknown-linux-gnu
1.	Running pass "function(newgvn)" on module "<stdin>"
2.	Running pass "newgvn" on function "main"
 #0 0x000057b92130bdd0 llvm::sys::PrintStackTrace(llvm::raw_ostream&, int) /root/llvm/llvm-project-21/llvm/lib/Support/Unix/Signals.inc:834:22
 #1 0x000057b92130c259 PrintStackTraceSignalHandler(void*) /root/llvm/llvm-project-21/llvm/lib/Support/Unix/Signals.inc:918:1
 #2 0x000057b9213093c9 llvm::sys::RunSignalHandlers() /root/llvm/llvm-project-21/llvm/lib/Support/Signals.cpp:104:20
 #3 0x000057b92130b60d SignalHandler(int, siginfo_t*, void*) /root/llvm/llvm-project-21/llvm/lib/Support/Unix/Signals.inc:426:14
 #4 0x00007454e1c5f330 (/lib/x86_64-linux-gnu/libc.so.6+0x45330)
 #5 0x00007454e1cb8b2c __pthread_kill_implementation ./nptl/pthread_kill.c:44:76
 #6 0x00007454e1cb8b2c __pthread_kill_internal ./nptl/pthread_kill.c:78:10
 #7 0x00007454e1cb8b2c pthread_kill ./nptl/pthread_kill.c:89:10
 #8 0x00007454e1c5f27e raise ./signal/../sysdeps/posix/raise.c:27:6
 #9 0x00007454e1c428ff abort ./stdlib/abort.c:81:7
#10 0x00007454e1c4281b _nl_load_domain ./intl/loadmsgcat.c:1177:9
#11 0x00007454e1c55517 (/lib/x86_64-linux-gnu/libc.so.6+0x3b517)
#12 0x000057b91fdc7172 llvm::patchReplacementInstruction(llvm::Instruction*, llvm::Value*) /root/llvm/llvm-project-21/llvm/lib/Transforms/Utils/Local.cpp:3543:24
#13 0x000057b91f8b6c10 (anonymous namespace)::NewGVN::eliminateInstructions(llvm::Function&) /root/llvm/llvm-project-21/llvm/lib/Transforms/Scalar/NewGVN.cpp:4128:11
  [iter 174/200] search_obj=0.9971  search_best=0.7476  validation_best=0.7797  EI=0.0116  rnum=1.1  len=32  syn_rate=0.49  mean=0.9791  worsen=12.00%
GA search time: 1.81s, candidates: 201
  [iter 175/200] search_obj=0.8818  search_best=0.7476  validation_best=0.7797  EI=0.0128  rnum=1.0  len=37  syn_rate=0.52  mean=0.8698  worsen=8.00%
GA search time: 0.99s, candidates: 200
[Error] eval /root/iscas/ruyituner/dataset21/poj104-v2-ll_4/train/31_1857.ll: opt failed for pipeline='module(scc-oz-module-inliner),function(jump-threading),module(attributor),function(newgvn),function(newgvn),module(attributor),module(iroutliner),module(iroutliner),function(dse),function(memcpyopt),function(memcpyopt),module(elim-avail-extern),function(gvn-sink),module(globalopt),function(gvn-sink),module(elim-avail-extern),module(globalopt),function(dce),function(gvn-hoist),function(dce),function(instsimplify),function(gvn-hoist),function(gvn-hoist)', target_triple=x86_64-unknown-linux-gnu, returncode=-6, cmd=/root/opt/rv64gc_llvm_21/bin/opt -S -passes=module(scc-oz-module-inliner),function(jump-threading),module(attributor),function(newgvn),function(newgvn),module(attributor),module(iroutliner),module(iroutliner),function(dse),function(memcpyopt),function(memcpyopt),module(elim-avail-extern),function(gvn-sink),module(globalopt),function(gvn-sink),module(elim-avail-extern),module(globalopt),function(dce),function(gvn-hoist),function(dce),function(instsimplify),function(gvn-hoist),function(gvn-hoist) --mtriple=x86_64-unknown-linux-gnu
opt: /root/llvm/llvm-project-21/llvm/lib/Transforms/Utils/Local.cpp:3527: void llvm::patchReplacementInstruction(Instruction*, Value*): Assertion `Success && "We should not be trying to sink callbases " "with non-intersectable attributes"' failed.
PLEASE submit a bug report to https://github.com/llvm/llvm-project/issues/ and include the crash backtrace.
Stack dump:
0.	Program arguments: /root/opt/rv64gc_llvm_21/bin/opt -S -passes=module(scc-oz-module-inliner),function(jump-threading),module(attributor),function(newgvn),function(newgvn),module(attributor),module(iroutliner),module(iroutliner),function(dse),function(memcpyopt),function(memcpyopt),module(elim-avail-extern),function(gvn-sink),module(globalopt),function(gvn-sink),module(elim-avail-extern),module(globalopt),function(dce),function(gvn-hoist),function(dce),function(instsimplify),function(gvn-hoist),function(gvn-hoist) --mtriple=x86_64-unknown-linux-gnu
1.	Running pass "function(newgvn)" on module "<stdin>"
2.	Running pass "newgvn" on function "main"
 #0 0x00005813051d8dd0 llvm::sys::PrintStackTrace(llvm::raw_ostream&, int) /root/llvm/llvm-project-21/llvm/lib/Support/Unix/Signals.inc:834:22
 #1 0x00005813051d9259 PrintStackTraceSignalHandler(void*) /root/llvm/llvm-project-21/llvm/lib/Support/Unix/Signals.inc:918:1
 #2 0x00005813051d63c9 llvm::sys::RunSignalHandlers() /root/llvm/llvm-project-21/llvm/lib/Support/Signals.cpp:104:20
 #3 0x00005813051d860d SignalHandler(int, siginfo_t*, void*) /root/llvm/llvm-project-21/llvm/lib/Support/Unix/Signals.inc:426:14
 #4 0x00007b755d712330 (/lib/x86_64-linux-gnu/libc.so.6+0x45330)
 #5 0x00007b755d76bb2c __pthread_kill_implementation ./nptl/pthread_kill.c:44:76
 #6 0x00007b755d76bb2c __pthread_kill_internal ./nptl/pthread_kill.c:78:10
 #7 0x00007b755d76bb2c pthread_kill ./nptl/pthread_kill.c:89:10
 #8 0x00007b755d71227e raise ./signal/../sysdeps/posix/raise.c:27:6
 #9 0x00007b755d6f58ff abort ./stdlib/abort.c:81:7
#10 0x00007b755d6f581b _nl_load_domain ./intl/loadmsgcat.c:1177:9
#11 0x00007b755d708517 (/lib/x86_64-linux-gnu/libc.so.6+0x3b517)
#12 0x0000581303c94172 llvm::patchReplacementInstruction(llvm::Instruction*, llvm::Value*) /root/llvm/llvm-project-21/llvm/lib/Transforms/Utils/Local.cpp:3543:24
#13 0x0000581303783c10 (anonymous namespace)::NewGVN::eliminateInstructions(llvm::Function&) /root/llvm/llvm-project-21/llvm/lib/Transforms/Scalar/NewGVN.cpp:4128:11
  [iter 176/200] search_obj=1.0750  search_best=0.7476  validation_best=0.7797  EI=0.0099  rnum=1.0  len=23  syn_rate=0.38  mean=1.0435  worsen=21.00%
GA search time: 1.11s, candidates: 200
[Error] eval /root/iscas/ruyituner/dataset21/poj104-v2-ll_4/train/31_1857.ll: opt failed for pipeline='module(globalopt),module(globalopt),module(elim-avail-extern),module(elim-avail-extern),function(instsimplify),module(elim-avail-extern),function(gvn-sink),module(globalopt),module(elim-avail-extern),module(globalopt),module(attributor),function(newgvn),module(attributor),module(scc-oz-module-inliner),function(memcpyopt),function(gvn-sink),function(gvn-hoist),function(memcpyopt),module(iroutliner),function(newgvn),module(iroutliner),function(jump-threading),function(instsimplify),module(attributor),function(dse),module(iroutliner),function(memcpyopt),module(inferattrs),function(dce),module(iroutliner),module(globalopt),function(gvn-hoist),function(gvn-hoist),module(inferattrs),module(iroutliner)', target_triple=x86_64-unknown-linux-gnu, returncode=-6, cmd=/root/opt/rv64gc_llvm_21/bin/opt -S -passes=module(globalopt),module(globalopt),module(elim-avail-extern),module(elim-avail-extern),function(instsimplify),module(elim-avail-extern),function(gvn-sink),module(globalopt),module(elim-avail-extern),module(globalopt),module(attributor),function(newgvn),module(attributor),module(scc-oz-module-inliner),function(memcpyopt),function(gvn-sink),function(gvn-hoist),function(memcpyopt),module(iroutliner),function(newgvn),module(iroutliner),function(jump-threading),function(instsimplify),module(attributor),function(dse),module(iroutliner),function(memcpyopt),module(inferattrs),function(dce),module(iroutliner),module(globalopt),function(gvn-hoist),function(gvn-hoist),module(inferattrs),module(iroutliner) --mtriple=x86_64-unknown-linux-gnu
opt: /root/llvm/llvm-project-21/llvm/lib/Transforms/Utils/Local.cpp:3527: void llvm::patchReplacementInstruction(Instruction*, Value*): Assertion `Success && "We should not be trying to sink callbases " "with non-intersectable attributes"' failed.
PLEASE submit a bug report to https://github.com/llvm/llvm-project/issues/ and include the crash backtrace.
Stack dump:
0.	Program arguments: /root/opt/rv64gc_llvm_21/bin/opt -S -passes=module(globalopt),module(globalopt),module(elim-avail-extern),module(elim-avail-extern),function(instsimplify),module(elim-avail-extern),function(gvn-sink),module(globalopt),module(elim-avail-extern),module(globalopt),module(attributor),function(newgvn),module(attributor),module(scc-oz-module-inliner),function(memcpyopt),function(gvn-sink),function(gvn-hoist),function(memcpyopt),module(iroutliner),function(newgvn),module(iroutliner),function(jump-threading),function(instsimplify),module(attributor),function(dse),module(iroutliner),function(memcpyopt),module(inferattrs),function(dce),module(iroutliner),module(globalopt),function(gvn-hoist),function(gvn-hoist),module(inferattrs),module(iroutliner) --mtriple=x86_64-unknown-linux-gnu
1.	Running pass "function(newgvn)" on module "<stdin>"
2.	Running pass "newgvn" on function "main"
 #0 0x00005845b7d82dd0 llvm::sys::PrintStackTrace(llvm::raw_ostream&, int) /root/llvm/llvm-project-21/llvm/lib/Support/Unix/Signals.inc:834:22
 #1 0x00005845b7d83259 PrintStackTraceSignalHandler(void*) /root/llvm/llvm-project-21/llvm/lib/Support/Unix/Signals.inc:918:1
 #2 0x00005845b7d803c9 llvm::sys::RunSignalHandlers() /root/llvm/llvm-project-21/llvm/lib/Support/Signals.cpp:104:20
 #3 0x00005845b7d8260d SignalHandler(int, siginfo_t*, void*) /root/llvm/llvm-project-21/llvm/lib/Support/Unix/Signals.inc:426:14
 #4 0x000079c548b08330 (/lib/x86_64-linux-gnu/libc.so.6+0x45330)
 #5 0x000079c548b61b2c __pthread_kill_implementation ./nptl/pthread_kill.c:44:76
 #6 0x000079c548b61b2c __pthread_kill_internal ./nptl/pthread_kill.c:78:10
 #7 0x000079c548b61b2c pthread_kill ./nptl/pthread_kill.c:89:10
 #8 0x000079c548b0827e raise ./signal/../sysdeps/posix/raise.c:27:6
 #9 0x000079c548aeb8ff abort ./stdlib/abort.c:81:7
#10 0x000079c548aeb81b _nl_load_domain ./intl/loadmsgcat.c:1177:9
#11 0x000079c548afe517 (/lib/x86_64-linux-gnu/libc.so.6+0x3b517)
#12 0x00005845b683e172 llvm::patchReplacementInstruction(llvm::Instruction*, llvm::Value*) /root/llvm/llvm-project-21/llvm/lib/Transforms/Utils/Local.cpp:3543:24
#13 0x00005845b632dc10 (anonymous namespace)::NewGVN::eliminateInstructions(llvm::Function&) /root/llvm/llvm-project-21/llvm/lib/Transforms/Scalar/NewGVN.cpp:4128:11
  [iter 177/200] search_obj=0.9005  search_best=0.7476  validation_best=0.7797  EI=0.0149  rnum=0.9  len=35  syn_rate=0.51  mean=0.8870  worsen=9.00%
GA search time: 0.98s, candidates: 200
  [iter 178/200] search_obj=0.7700  search_best=0.7476  validation_best=0.7797  EI=0.0099  rnum=0.9  len=25  syn_rate=0.45  mean=0.7580  worsen=8.00%
GA search time: 1.19s, candidates: 200
[Error] eval /root/iscas/ruyituner/dataset21/poj104-v2-ll_4/train/31_1857.ll: opt failed for pipeline='module(iroutliner),module(attributor),module(scc-oz-module-inliner),function(newgvn),function(gvn-hoist),function(gvn-hoist),function(jump-threading),module(attributor),module(iroutliner),module(iroutliner),function(jump-threading),function(memcpyopt),function(jump-threading),module(globalopt),function(gvn-sink),module(globalopt),function(gvn-sink),function(newgvn),function(gvn-sink),module(globalopt),module(attributor),function(newgvn),function(dce),module(iroutliner),module(elim-avail-extern),module(iroutliner),module(elim-avail-extern),function(dse),function(memcpyopt),function(gvn-sink),module(globalopt),module(elim-avail-extern),function(gvn-sink),module(globalopt),module(elim-avail-extern),module(scc-oz-module-inliner),function(gvn-hoist),function(dce),function(gvn-hoist),function(instsimplify),function(dce)', target_triple=x86_64-unknown-linux-gnu, returncode=-6, cmd=/root/opt/rv64gc_llvm_21/bin/opt -S -passes=module(iroutliner),module(attributor),module(scc-oz-module-inliner),function(newgvn),function(gvn-hoist),function(gvn-hoist),function(jump-threading),module(attributor),module(iroutliner),module(iroutliner),function(jump-threading),function(memcpyopt),function(jump-threading),module(globalopt),function(gvn-sink),module(globalopt),function(gvn-sink),function(newgvn),function(gvn-sink),module(globalopt),module(attributor),function(newgvn),function(dce),module(iroutliner),module(elim-avail-extern),module(iroutliner),module(elim-avail-extern),function(dse),function(memcpyopt),function(gvn-sink),module(globalopt),module(elim-avail-extern),function(gvn-sink),module(globalopt),module(elim-avail-extern),module(scc-oz-module-inliner),function(gvn-hoist),function(dce),function(gvn-hoist),function(instsimplify),function(dce) --mtriple=x86_64-unknown-linux-gnu
opt: /root/llvm/llvm-project-21/llvm/lib/Transforms/Utils/Local.cpp:3527: void llvm::patchReplacementInstruction(Instruction*, Value*): Assertion `Success && "We should not be trying to sink callbases " "with non-intersectable attributes"' failed.
PLEASE submit a bug report to https://github.com/llvm/llvm-project/issues/ and include the crash backtrace.
Stack dump:
0.	Program arguments: /root/opt/rv64gc_llvm_21/bin/opt -S -passes=module(iroutliner),module(attributor),module(scc-oz-module-inliner),function(newgvn),function(gvn-hoist),function(gvn-hoist),function(jump-threading),module(attributor),module(iroutliner),module(iroutliner),function(jump-threading),function(memcpyopt),function(jump-threading),module(globalopt),function(gvn-sink),module(globalopt),function(gvn-sink),function(newgvn),function(gvn-sink),module(globalopt),module(attributor),function(newgvn),function(dce),module(iroutliner),module(elim-avail-extern),module(iroutliner),module(elim-avail-extern),function(dse),function(memcpyopt),function(gvn-sink),module(globalopt),module(elim-avail-extern),function(gvn-sink),module(globalopt),module(elim-avail-extern),module(scc-oz-module-inliner),function(gvn-hoist),function(dce),function(gvn-hoist),function(instsimplify),function(dce) --mtriple=x86_64-unknown-linux-gnu
1.	Running pass "function(newgvn)" on module "<stdin>"
2.	Running pass "newgvn" on function "main"
 #0 0x0000562bc3f44dd0 llvm::sys::PrintStackTrace(llvm::raw_ostream&, int) /root/llvm/llvm-project-21/llvm/lib/Support/Unix/Signals.inc:834:22
 #1 0x0000562bc3f45259 PrintStackTraceSignalHandler(void*) /root/llvm/llvm-project-21/llvm/lib/Support/Unix/Signals.inc:918:1
 #2 0x0000562bc3f423c9 llvm::sys::RunSignalHandlers() /root/llvm/llvm-project-21/llvm/lib/Support/Signals.cpp:104:20
 #3 0x0000562bc3f4460d SignalHandler(int, siginfo_t*, void*) /root/llvm/llvm-project-21/llvm/lib/Support/Unix/Signals.inc:426:14
 #4 0x00007d9291ab2330 (/lib/x86_64-linux-gnu/libc.so.6+0x45330)
 #5 0x00007d9291b0bb2c __pthread_kill_implementation ./nptl/pthread_kill.c:44:76
 #6 0x00007d9291b0bb2c __pthread_kill_internal ./nptl/pthread_kill.c:78:10
 #7 0x00007d9291b0bb2c pthread_kill ./nptl/pthread_kill.c:89:10
 #8 0x00007d9291ab227e raise ./signal/../sysdeps/posix/raise.c:27:6
 #9 0x00007d9291a958ff abort ./stdlib/abort.c:81:7
#10 0x00007d9291a9581b _nl_load_domain ./intl/loadmsgcat.c:1177:9
#11 0x00007d9291aa8517 (/lib/x86_64-linux-gnu/libc.so.6+0x3b517)
#12 0x0000562bc2a00172 llvm::patchReplacementInstruction(llvm::Instruction*, llvm::Value*) /root/llvm/llvm-project-21/llvm/lib/Transforms/Utils/Local.cpp:3543:24
#13 0x0000562bc24efc10 (anonymous namespace)::NewGVN::eliminateInstructions(llvm::Function&) /root/llvm/llvm-project-21/llvm/lib/Transforms/Scalar/NewGVN.cpp:4128:11
  [iter 179/200] search_obj=0.9014  search_best=0.7476  validation_best=0.7797  EI=0.0106  rnum=0.8  len=41  syn_rate=0.52  mean=0.8804  worsen=14.00%
GA search time: 0.84s, candidates: 200
[Error] eval /root/iscas/ruyituner/dataset21/poj104-v2-ll_4/train/31_1857.ll: opt failed for pipeline='module(attributor),function(jump-threading),function(dse),function(gvn-sink),module(elim-avail-extern),module(globalopt),function(gvn-sink),function(newgvn),module(attributor),function(newgvn),module(iroutliner),module(iroutliner),function(dse),module(elim-avail-extern),module(globalopt),module(iroutliner),function(instsimplify),function(gvn-hoist),module(attributor),function(memcpyopt),function(jump-threading),module(globalopt),module(elim-avail-extern),function(gvn-sink),function(newgvn),function(gvn-sink),module(elim-avail-extern),module(globalopt),module(attributor),function(dce),module(elim-avail-extern),module(globalopt),function(memcpyopt),function(gvn-sink),module(globalopt),module(globalopt),module(globalopt),function(newgvn),function(memcpyopt),module(iroutliner),module(scc-oz-module-inliner),function(gvn-sink),module(iroutliner),module(globalopt),module(globalopt),function(dce)', target_triple=x86_64-unknown-linux-gnu, returncode=-6, cmd=/root/opt/rv64gc_llvm_21/bin/opt -S -passes=module(attributor),function(jump-threading),function(dse),function(gvn-sink),module(elim-avail-extern),module(globalopt),function(gvn-sink),function(newgvn),module(attributor),function(newgvn),module(iroutliner),module(iroutliner),function(dse),module(elim-avail-extern),module(globalopt),module(iroutliner),function(instsimplify),function(gvn-hoist),module(attributor),function(memcpyopt),function(jump-threading),module(globalopt),module(elim-avail-extern),function(gvn-sink),function(newgvn),function(gvn-sink),module(elim-avail-extern),module(globalopt),module(attributor),function(dce),module(elim-avail-extern),module(globalopt),function(memcpyopt),function(gvn-sink),module(globalopt),module(globalopt),module(globalopt),function(newgvn),function(memcpyopt),module(iroutliner),module(scc-oz-module-inliner),function(gvn-sink),module(iroutliner),module(globalopt),module(globalopt),function(dce) --mtriple=x86_64-unknown-linux-gnu
opt: /root/llvm/llvm-project-21/llvm/lib/Transforms/Utils/Local.cpp:3527: void llvm::patchReplacementInstruction(Instruction*, Value*): Assertion `Success && "We should not be trying to sink callbases " "with non-intersectable attributes"' failed.
PLEASE submit a bug report to https://github.com/llvm/llvm-project/issues/ and include the crash backtrace.
Stack dump:
0.	Program arguments: /root/opt/rv64gc_llvm_21/bin/opt -S -passes=module(attributor),function(jump-threading),function(dse),function(gvn-sink),module(elim-avail-extern),module(globalopt),function(gvn-sink),function(newgvn),module(attributor),function(newgvn),module(iroutliner),module(iroutliner),function(dse),module(elim-avail-extern),module(globalopt),module(iroutliner),function(instsimplify),function(gvn-hoist),module(attributor),function(memcpyopt),function(jump-threading),module(globalopt),module(elim-avail-extern),function(gvn-sink),function(newgvn),function(gvn-sink),module(elim-avail-extern),module(globalopt),module(attributor),function(dce),module(elim-avail-extern),module(globalopt),function(memcpyopt),function(gvn-sink),module(globalopt),module(globalopt),module(globalopt),function(newgvn),function(memcpyopt),module(iroutliner),module(scc-oz-module-inliner),function(gvn-sink),module(iroutliner),module(globalopt),module(globalopt),function(dce) --mtriple=x86_64-unknown-linux-gnu
1.	Running pass "function(newgvn)" on module "<stdin>"
2.	Running pass "newgvn" on function "main"
 #0 0x00005b5dabb8fdd0 llvm::sys::PrintStackTrace(llvm::raw_ostream&, int) /root/llvm/llvm-project-21/llvm/lib/Support/Unix/Signals.inc:834:22
 #1 0x00005b5dabb90259 PrintStackTraceSignalHandler(void*) /root/llvm/llvm-project-21/llvm/lib/Support/Unix/Signals.inc:918:1
 #2 0x00005b5dabb8d3c9 llvm::sys::RunSignalHandlers() /root/llvm/llvm-project-21/llvm/lib/Support/Signals.cpp:104:20
 #3 0x00005b5dabb8f60d SignalHandler(int, siginfo_t*, void*) /root/llvm/llvm-project-21/llvm/lib/Support/Unix/Signals.inc:426:14
 #4 0x0000792698395330 (/lib/x86_64-linux-gnu/libc.so.6+0x45330)
 #5 0x00007926983eeb2c __pthread_kill_implementation ./nptl/pthread_kill.c:44:76
 #6 0x00007926983eeb2c __pthread_kill_internal ./nptl/pthread_kill.c:78:10
 #7 0x00007926983eeb2c pthread_kill ./nptl/pthread_kill.c:89:10
 #8 0x000079269839527e raise ./signal/../sysdeps/posix/raise.c:27:6
 #9 0x00007926983788ff abort ./stdlib/abort.c:81:7
#10 0x000079269837881b _nl_load_domain ./intl/loadmsgcat.c:1177:9
#11 0x000079269838b517 (/lib/x86_64-linux-gnu/libc.so.6+0x3b517)
#12 0x00005b5daa64b172 llvm::patchReplacementInstruction(llvm::Instruction*, llvm::Value*) /root/llvm/llvm-project-21/llvm/lib/Transforms/Utils/Local.cpp:3543:24
#13 0x00005b5daa13ac10 (anonymous namespace)::NewGVN::eliminateInstructions(llvm::Function&) /root/llvm/llvm-project-21/llvm/lib/Transforms/Scalar/NewGVN.cpp:4128:11
  [iter 180/200] search_obj=0.8779  search_best=0.7476  validation_best=0.7797  EI=0.0125  rnum=0.8  len=46  syn_rate=0.52  mean=0.8614  worsen=11.00%
GA search time: 1.35s, candidates: 200
  [iter 181/200] search_obj=0.9483  search_best=0.7476  validation_best=0.7797  EI=0.0098  rnum=0.8  len=36  syn_rate=0.52  mean=0.9318  worsen=11.00%
GA search time: 0.98s, candidates: 200
[Error] eval /root/iscas/ruyituner/dataset21/poj104-v2-ll_4/train/31_1857.ll: opt failed for pipeline='module(elim-avail-extern),function(memcpyopt),module(iroutliner),module(globalopt),module(attributor),module(scc-oz-module-inliner),function(newgvn),function(jump-threading),function(gvn-sink),module(elim-avail-extern),module(scc-oz-module-inliner),module(iroutliner),module(attributor),module(attributor),module(attributor),module(attributor),function(dse),module(elim-avail-extern),function(gvn-sink),module(elim-avail-extern),function(gvn-sink),function(gvn-sink),function(memcpyopt),module(globalopt),module(globalopt),module(globalopt),module(globalopt),module(globalopt),function(dce),function(gvn-hoist),function(instsimplify),function(gvn-hoist),function(gvn-hoist),function(dce),module(inferattrs)', target_triple=x86_64-unknown-linux-gnu, returncode=-6, cmd=/root/opt/rv64gc_llvm_21/bin/opt -S -passes=module(elim-avail-extern),function(memcpyopt),module(iroutliner),module(globalopt),module(attributor),module(scc-oz-module-inliner),function(newgvn),function(jump-threading),function(gvn-sink),module(elim-avail-extern),module(scc-oz-module-inliner),module(iroutliner),module(attributor),module(attributor),module(attributor),module(attributor),function(dse),module(elim-avail-extern),function(gvn-sink),module(elim-avail-extern),function(gvn-sink),function(gvn-sink),function(memcpyopt),module(globalopt),module(globalopt),module(globalopt),module(globalopt),module(globalopt),function(dce),function(gvn-hoist),function(instsimplify),function(gvn-hoist),function(gvn-hoist),function(dce),module(inferattrs) --mtriple=x86_64-unknown-linux-gnu
opt: /root/llvm/llvm-project-21/llvm/lib/Transforms/Utils/Local.cpp:3527: void llvm::patchReplacementInstruction(Instruction*, Value*): Assertion `Success && "We should not be trying to sink callbases " "with non-intersectable attributes"' failed.
PLEASE submit a bug report to https://github.com/llvm/llvm-project/issues/ and include the crash backtrace.
Stack dump:
0.	Program arguments: /root/opt/rv64gc_llvm_21/bin/opt -S -passes=module(elim-avail-extern),function(memcpyopt),module(iroutliner),module(globalopt),module(attributor),module(scc-oz-module-inliner),function(newgvn),function(jump-threading),function(gvn-sink),module(elim-avail-extern),module(scc-oz-module-inliner),module(iroutliner),module(attributor),module(attributor),module(attributor),module(attributor),function(dse),module(elim-avail-extern),function(gvn-sink),module(elim-avail-extern),function(gvn-sink),function(gvn-sink),function(memcpyopt),module(globalopt),module(globalopt),module(globalopt),module(globalopt),module(globalopt),function(dce),function(gvn-hoist),function(instsimplify),function(gvn-hoist),function(gvn-hoist),function(dce),module(inferattrs) --mtriple=x86_64-unknown-linux-gnu
1.	Running pass "function(newgvn)" on module "<stdin>"
2.	Running pass "newgvn" on function "main"
 #0 0x000063c0dd4a7dd0 llvm::sys::PrintStackTrace(llvm::raw_ostream&, int) /root/llvm/llvm-project-21/llvm/lib/Support/Unix/Signals.inc:834:22
 #1 0x000063c0dd4a8259 PrintStackTraceSignalHandler(void*) /root/llvm/llvm-project-21/llvm/lib/Support/Unix/Signals.inc:918:1
 #2 0x000063c0dd4a53c9 llvm::sys::RunSignalHandlers() /root/llvm/llvm-project-21/llvm/lib/Support/Signals.cpp:104:20
 #3 0x000063c0dd4a760d SignalHandler(int, siginfo_t*, void*) /root/llvm/llvm-project-21/llvm/lib/Support/Unix/Signals.inc:426:14
 #4 0x00007b437766c330 (/lib/x86_64-linux-gnu/libc.so.6+0x45330)
 #5 0x00007b43776c5b2c __pthread_kill_implementation ./nptl/pthread_kill.c:44:76
 #6 0x00007b43776c5b2c __pthread_kill_internal ./nptl/pthread_kill.c:78:10
 #7 0x00007b43776c5b2c pthread_kill ./nptl/pthread_kill.c:89:10
 #8 0x00007b437766c27e raise ./signal/../sysdeps/posix/raise.c:27:6
 #9 0x00007b437764f8ff abort ./stdlib/abort.c:81:7
#10 0x00007b437764f81b _nl_load_domain ./intl/loadmsgcat.c:1177:9
#11 0x00007b4377662517 (/lib/x86_64-linux-gnu/libc.so.6+0x3b517)
#12 0x000063c0dbf63172 llvm::patchReplacementInstruction(llvm::Instruction*, llvm::Value*) /root/llvm/llvm-project-21/llvm/lib/Transforms/Utils/Local.cpp:3543:24
#13 0x000063c0dba52c10 (anonymous namespace)::NewGVN::eliminateInstructions(llvm::Function&) /root/llvm/llvm-project-21/llvm/lib/Transforms/Scalar/NewGVN.cpp:4128:11
  [iter 182/200] search_obj=0.8452  search_best=0.7476  validation_best=0.7797  EI=0.0168  rnum=0.7  len=35  syn_rate=0.49  mean=0.8317  worsen=9.00%
GA search time: 1.19s, candidates: 200
[Error] eval /root/iscas/ruyituner/dataset21/poj104-v2-ll_4/train/31_1857.ll: opt failed for pipeline='module(scc-oz-module-inliner),function(memcpyopt),function(newgvn),function(jump-threading),module(attributor),module(iroutliner),function(gvn-hoist),module(attributor),module(attributor),module(elim-avail-extern),function(gvn-sink),module(iroutliner),function(dse),module(globalopt),function(memcpyopt),module(globalopt),function(gvn-sink),module(elim-avail-extern),function(gvn-sink),module(globalopt),function(instsimplify),function(gvn-hoist),function(jump-threading),module(elim-avail-extern),function(dce)', target_triple=x86_64-unknown-linux-gnu, returncode=-6, cmd=/root/opt/rv64gc_llvm_21/bin/opt -S -passes=module(scc-oz-module-inliner),function(memcpyopt),function(newgvn),function(jump-threading),module(attributor),module(iroutliner),function(gvn-hoist),module(attributor),module(attributor),module(elim-avail-extern),function(gvn-sink),module(iroutliner),function(dse),module(globalopt),function(memcpyopt),module(globalopt),function(gvn-sink),module(elim-avail-extern),function(gvn-sink),module(globalopt),function(instsimplify),function(gvn-hoist),function(jump-threading),module(elim-avail-extern),function(dce) --mtriple=x86_64-unknown-linux-gnu
opt: /root/llvm/llvm-project-21/llvm/lib/Transforms/Utils/Local.cpp:3527: void llvm::patchReplacementInstruction(Instruction*, Value*): Assertion `Success && "We should not be trying to sink callbases " "with non-intersectable attributes"' failed.
PLEASE submit a bug report to https://github.com/llvm/llvm-project/issues/ and include the crash backtrace.
Stack dump:
0.	Program arguments: /root/opt/rv64gc_llvm_21/bin/opt -S -passes=module(scc-oz-module-inliner),function(memcpyopt),function(newgvn),function(jump-threading),module(attributor),module(iroutliner),function(gvn-hoist),module(attributor),module(attributor),module(elim-avail-extern),function(gvn-sink),module(iroutliner),function(dse),module(globalopt),function(memcpyopt),module(globalopt),function(gvn-sink),module(elim-avail-extern),function(gvn-sink),module(globalopt),function(instsimplify),function(gvn-hoist),function(jump-threading),module(elim-avail-extern),function(dce) --mtriple=x86_64-unknown-linux-gnu
1.	Running pass "function(newgvn)" on module "<stdin>"
2.	Running pass "newgvn" on function "main"
 #0 0x0000648c02733dd0 llvm::sys::PrintStackTrace(llvm::raw_ostream&, int) /root/llvm/llvm-project-21/llvm/lib/Support/Unix/Signals.inc:834:22
 #1 0x0000648c02734259 PrintStackTraceSignalHandler(void*) /root/llvm/llvm-project-21/llvm/lib/Support/Unix/Signals.inc:918:1
 #2 0x0000648c027313c9 llvm::sys::RunSignalHandlers() /root/llvm/llvm-project-21/llvm/lib/Support/Signals.cpp:104:20
 #3 0x0000648c0273360d SignalHandler(int, siginfo_t*, void*) /root/llvm/llvm-project-21/llvm/lib/Support/Unix/Signals.inc:426:14
 #4 0x00007bb9aab60330 (/lib/x86_64-linux-gnu/libc.so.6+0x45330)
 #5 0x00007bb9aabb9b2c __pthread_kill_implementation ./nptl/pthread_kill.c:44:76
 #6 0x00007bb9aabb9b2c __pthread_kill_internal ./nptl/pthread_kill.c:78:10
 #7 0x00007bb9aabb9b2c pthread_kill ./nptl/pthread_kill.c:89:10
 #8 0x00007bb9aab6027e raise ./signal/../sysdeps/posix/raise.c:27:6
 #9 0x00007bb9aab438ff abort ./stdlib/abort.c:81:7
#10 0x00007bb9aab4381b _nl_load_domain ./intl/loadmsgcat.c:1177:9
#11 0x00007bb9aab56517 (/lib/x86_64-linux-gnu/libc.so.6+0x3b517)
#12 0x0000648c011ef172 llvm::patchReplacementInstruction(llvm::Instruction*, llvm::Value*) /root/llvm/llvm-project-21/llvm/lib/Transforms/Utils/Local.cpp:3543:24
#13 0x0000648c00cdec10 (anonymous namespace)::NewGVN::eliminateInstructions(llvm::Function&) /root/llvm/llvm-project-21/llvm/lib/Transforms/Scalar/NewGVN.cpp:4128:11
  [iter 183/200] search_obj=1.0725  search_best=0.7476  validation_best=0.7797  EI=0.0107  rnum=0.7  len=25  syn_rate=0.48  mean=1.0410  worsen=21.00%
GA search time: 1.24s, candidates: 200
  [iter 184/200] search_obj=0.8361  search_best=0.7476  validation_best=0.7797  EI=0.0133  rnum=0.7  len=23  syn_rate=0.48  mean=0.8211  worsen=10.00%
GA search time: 1.27s, candidates: 200
  [iter 185/200] search_obj=0.8264  search_best=0.7476  validation_best=0.7797  EI=0.0103  rnum=0.6  len=25  syn_rate=0.45  mean=0.8144  worsen=8.00%
GA search time: 1.41s, candidates: 200
  [iter 186/200] search_obj=0.8133  search_best=0.7476  validation_best=0.7797  EI=0.0132  rnum=0.6  len=21  syn_rate=0.36  mean=0.7998  worsen=9.00%
GA search time: 1.45s, candidates: 200
  [iter 187/200] search_obj=0.7698  search_best=0.7476  validation_best=0.7797  EI=0.0116  rnum=0.6  len=27  syn_rate=0.45  mean=0.7578  worsen=8.00%
GA search time: 0.94s, candidates: 200
  [iter 188/200] search_obj=0.8060  search_best=0.7476  validation_best=0.7797  EI=0.0123  rnum=0.5  len=29  syn_rate=0.47  mean=0.7940  worsen=8.00%
GA search time: 1.31s, candidates: 200
  [iter 189/200] search_obj=0.7552  search_best=0.7476  validation_best=0.7797  EI=0.0122  rnum=0.5  len=21  syn_rate=0.45  mean=0.7432  worsen=8.00%
GA search time: 1.30s, candidates: 200
  [iter 190/200] search_obj=0.8005  search_best=0.7476  validation_best=0.7797  EI=0.0088  rnum=0.5  len=21  syn_rate=0.42  mean=0.7855  worsen=10.00%
GA search time: 1.29s, candidates: 200
[Error] eval /root/iscas/ruyituner/dataset21/poj104-v2-ll_4/train/31_1857.ll: opt failed for pipeline='function(gvn-hoist),module(elim-avail-extern),module(iroutliner),function(instsimplify),function(gvn-hoist),module(attributor),function(memcpyopt),function(jump-threading),function(gvn-sink),function(dce),function(newgvn),function(dse),function(gvn-sink),module(globalopt),function(memcpyopt),function(memcpyopt),module(attributor),module(globalopt),module(elim-avail-extern),module(scc-oz-module-inliner),module(scc-oz-module-inliner),module(globalopt),function(gvn-sink),function(memcpyopt),function(newgvn),module(iroutliner),function(gvn-hoist),module(attributor)', target_triple=x86_64-unknown-linux-gnu, returncode=-6, cmd=/root/opt/rv64gc_llvm_21/bin/opt -S -passes=function(gvn-hoist),module(elim-avail-extern),module(iroutliner),function(instsimplify),function(gvn-hoist),module(attributor),function(memcpyopt),function(jump-threading),function(gvn-sink),function(dce),function(newgvn),function(dse),function(gvn-sink),module(globalopt),function(memcpyopt),function(memcpyopt),module(attributor),module(globalopt),module(elim-avail-extern),module(scc-oz-module-inliner),module(scc-oz-module-inliner),module(globalopt),function(gvn-sink),function(memcpyopt),function(newgvn),module(iroutliner),function(gvn-hoist),module(attributor) --mtriple=x86_64-unknown-linux-gnu
opt: /root/llvm/llvm-project-21/llvm/lib/Transforms/Utils/Local.cpp:3527: void llvm::patchReplacementInstruction(Instruction*, Value*): Assertion `Success && "We should not be trying to sink callbases " "with non-intersectable attributes"' failed.
PLEASE submit a bug report to https://github.com/llvm/llvm-project/issues/ and include the crash backtrace.
Stack dump:
0.	Program arguments: /root/opt/rv64gc_llvm_21/bin/opt -S -passes=function(gvn-hoist),module(elim-avail-extern),module(iroutliner),function(instsimplify),function(gvn-hoist),module(attributor),function(memcpyopt),function(jump-threading),function(gvn-sink),function(dce),function(newgvn),function(dse),function(gvn-sink),module(globalopt),function(memcpyopt),function(memcpyopt),module(attributor),module(globalopt),module(elim-avail-extern),module(scc-oz-module-inliner),module(scc-oz-module-inliner),module(globalopt),function(gvn-sink),function(memcpyopt),function(newgvn),module(iroutliner),function(gvn-hoist),module(attributor) --mtriple=x86_64-unknown-linux-gnu
1.	Running pass "function(newgvn)" on module "<stdin>"
2.	Running pass "newgvn" on function "main"
 #0 0x0000558876551dd0 llvm::sys::PrintStackTrace(llvm::raw_ostream&, int) /root/llvm/llvm-project-21/llvm/lib/Support/Unix/Signals.inc:834:22
 #1 0x0000558876552259 PrintStackTraceSignalHandler(void*) /root/llvm/llvm-project-21/llvm/lib/Support/Unix/Signals.inc:918:1
 #2 0x000055887654f3c9 llvm::sys::RunSignalHandlers() /root/llvm/llvm-project-21/llvm/lib/Support/Signals.cpp:104:20
 #3 0x000055887655160d SignalHandler(int, siginfo_t*, void*) /root/llvm/llvm-project-21/llvm/lib/Support/Unix/Signals.inc:426:14
 #4 0x000074a4a4161330 (/lib/x86_64-linux-gnu/libc.so.6+0x45330)
 #5 0x000074a4a41bab2c __pthread_kill_implementation ./nptl/pthread_kill.c:44:76
 #6 0x000074a4a41bab2c __pthread_kill_internal ./nptl/pthread_kill.c:78:10
 #7 0x000074a4a41bab2c pthread_kill ./nptl/pthread_kill.c:89:10
 #8 0x000074a4a416127e raise ./signal/../sysdeps/posix/raise.c:27:6
 #9 0x000074a4a41448ff abort ./stdlib/abort.c:81:7
#10 0x000074a4a414481b _nl_load_domain ./intl/loadmsgcat.c:1177:9
#11 0x000074a4a4157517 (/lib/x86_64-linux-gnu/libc.so.6+0x3b517)
#12 0x000055887500d172 llvm::patchReplacementInstruction(llvm::Instruction*, llvm::Value*) /root/llvm/llvm-project-21/llvm/lib/Transforms/Utils/Local.cpp:3543:24
#13 0x0000558874afcc10 (anonymous namespace)::NewGVN::eliminateInstructions(llvm::Function&) /root/llvm/llvm-project-21/llvm/lib/Transforms/Scalar/NewGVN.cpp:4128:11
  [iter 191/200] search_obj=0.7459  search_best=0.7459  validation_best=0.7797  EI=0.0105  rnum=0.5  len=28  syn_rate=0.52  mean=0.7339  worsen=8.00%
GA search time: 0.95s, candidates: 200
[Error] eval /root/iscas/ruyituner/dataset21/poj104-v2-ll_4/train/31_1857.ll: opt failed for pipeline='function(dse),function(newgvn),function(memcpyopt),module(elim-avail-extern),module(attributor),function(instsimplify),module(elim-avail-extern),module(scc-oz-module-inliner),module(globalopt),function(newgvn),function(jump-threading),function(gvn-hoist),function(gvn-sink),function(memcpyopt),module(iroutliner),module(elim-avail-extern),function(gvn-hoist),function(memcpyopt),module(elim-avail-extern),module(elim-avail-extern),function(newgvn),function(gvn-hoist),module(attributor),module(attributor),module(elim-avail-extern),module(scc-oz-module-inliner),function(gvn-sink),function(dce),function(instsimplify),function(memcpyopt),function(jump-threading)', target_triple=x86_64-unknown-linux-gnu, returncode=-6, cmd=/root/opt/rv64gc_llvm_21/bin/opt -S -passes=function(dse),function(newgvn),function(memcpyopt),module(elim-avail-extern),module(attributor),function(instsimplify),module(elim-avail-extern),module(scc-oz-module-inliner),module(globalopt),function(newgvn),function(jump-threading),function(gvn-hoist),function(gvn-sink),function(memcpyopt),module(iroutliner),module(elim-avail-extern),function(gvn-hoist),function(memcpyopt),module(elim-avail-extern),module(elim-avail-extern),function(newgvn),function(gvn-hoist),module(attributor),module(attributor),module(elim-avail-extern),module(scc-oz-module-inliner),function(gvn-sink),function(dce),function(instsimplify),function(memcpyopt),function(jump-threading) --mtriple=x86_64-unknown-linux-gnu
opt: /root/llvm/llvm-project-21/llvm/lib/Transforms/Utils/Local.cpp:3527: void llvm::patchReplacementInstruction(Instruction*, Value*): Assertion `Success && "We should not be trying to sink callbases " "with non-intersectable attributes"' failed.
PLEASE submit a bug report to https://github.com/llvm/llvm-project/issues/ and include the crash backtrace.
Stack dump:
0.	Program arguments: /root/opt/rv64gc_llvm_21/bin/opt -S -passes=function(dse),function(newgvn),function(memcpyopt),module(elim-avail-extern),module(attributor),function(instsimplify),module(elim-avail-extern),module(scc-oz-module-inliner),module(globalopt),function(newgvn),function(jump-threading),function(gvn-hoist),function(gvn-sink),function(memcpyopt),module(iroutliner),module(elim-avail-extern),function(gvn-hoist),function(memcpyopt),module(elim-avail-extern),module(elim-avail-extern),function(newgvn),function(gvn-hoist),module(attributor),module(attributor),module(elim-avail-extern),module(scc-oz-module-inliner),function(gvn-sink),function(dce),function(instsimplify),function(memcpyopt),function(jump-threading) --mtriple=x86_64-unknown-linux-gnu
1.	Running pass "function(newgvn)" on module "<stdin>"
2.	Running pass "newgvn" on function "main"
 #0 0x0000595de8715dd0 llvm::sys::PrintStackTrace(llvm::raw_ostream&, int) /root/llvm/llvm-project-21/llvm/lib/Support/Unix/Signals.inc:834:22
 #1 0x0000595de8716259 PrintStackTraceSignalHandler(void*) /root/llvm/llvm-project-21/llvm/lib/Support/Unix/Signals.inc:918:1
 #2 0x0000595de87133c9 llvm::sys::RunSignalHandlers() /root/llvm/llvm-project-21/llvm/lib/Support/Signals.cpp:104:20
 #3 0x0000595de871560d SignalHandler(int, siginfo_t*, void*) /root/llvm/llvm-project-21/llvm/lib/Support/Unix/Signals.inc:426:14
 #4 0x00007ce9da416330 (/lib/x86_64-linux-gnu/libc.so.6+0x45330)
 #5 0x00007ce9da46fb2c __pthread_kill_implementation ./nptl/pthread_kill.c:44:76
 #6 0x00007ce9da46fb2c __pthread_kill_internal ./nptl/pthread_kill.c:78:10
 #7 0x00007ce9da46fb2c pthread_kill ./nptl/pthread_kill.c:89:10
 #8 0x00007ce9da41627e raise ./signal/../sysdeps/posix/raise.c:27:6
 #9 0x00007ce9da3f98ff abort ./stdlib/abort.c:81:7
#10 0x00007ce9da3f981b _nl_load_domain ./intl/loadmsgcat.c:1177:9
#11 0x00007ce9da40c517 (/lib/x86_64-linux-gnu/libc.so.6+0x3b517)
#12 0x0000595de71d1172 llvm::patchReplacementInstruction(llvm::Instruction*, llvm::Value*) /root/llvm/llvm-project-21/llvm/lib/Transforms/Utils/Local.cpp:3543:24
#13 0x0000595de6cc0c10 (anonymous namespace)::NewGVN::eliminateInstructions(llvm::Function&) /root/llvm/llvm-project-21/llvm/lib/Transforms/Scalar/NewGVN.cpp:4128:11
  [iter 192/200] search_obj=0.9470  search_best=0.7459  validation_best=0.7797  EI=0.0081  rnum=0.4  len=31  syn_rate=0.52  mean=0.9305  worsen=11.00%
GA search time: 1.21s, candidates: 200
  [iter 193/200] search_obj=0.7730  search_best=0.7459  validation_best=0.7797  EI=0.0128  rnum=0.4  len=32  syn_rate=0.46  mean=0.7610  worsen=8.00%
GA search time: 1.14s, candidates: 200
[Error] eval /root/iscas/ruyituner/dataset21/poj104-v2-ll_4/train/31_1857.ll: opt failed for pipeline='module(elim-avail-extern),module(scc-oz-module-inliner),module(iroutliner),function(instsimplify),function(gvn-hoist),module(attributor),function(memcpyopt),function(jump-threading),module(globalopt),function(gvn-sink),function(newgvn),function(dse),function(gvn-sink),module(globalopt),module(attributor),function(dce),module(iroutliner),module(elim-avail-extern),module(scc-oz-module-inliner),function(gvn-hoist)', target_triple=x86_64-unknown-linux-gnu, returncode=-6, cmd=/root/opt/rv64gc_llvm_21/bin/opt -S -passes=module(elim-avail-extern),module(scc-oz-module-inliner),module(iroutliner),function(instsimplify),function(gvn-hoist),module(attributor),function(memcpyopt),function(jump-threading),module(globalopt),function(gvn-sink),function(newgvn),function(dse),function(gvn-sink),module(globalopt),module(attributor),function(dce),module(iroutliner),module(elim-avail-extern),module(scc-oz-module-inliner),function(gvn-hoist) --mtriple=x86_64-unknown-linux-gnu
opt: /root/llvm/llvm-project-21/llvm/lib/Transforms/Utils/Local.cpp:3527: void llvm::patchReplacementInstruction(Instruction*, Value*): Assertion `Success && "We should not be trying to sink callbases " "with non-intersectable attributes"' failed.
PLEASE submit a bug report to https://github.com/llvm/llvm-project/issues/ and include the crash backtrace.
Stack dump:
0.	Program arguments: /root/opt/rv64gc_llvm_21/bin/opt -S -passes=module(elim-avail-extern),module(scc-oz-module-inliner),module(iroutliner),function(instsimplify),function(gvn-hoist),module(attributor),function(memcpyopt),function(jump-threading),module(globalopt),function(gvn-sink),function(newgvn),function(dse),function(gvn-sink),module(globalopt),module(attributor),function(dce),module(iroutliner),module(elim-avail-extern),module(scc-oz-module-inliner),function(gvn-hoist) --mtriple=x86_64-unknown-linux-gnu
1.	Running pass "function(newgvn)" on module "<stdin>"
2.	Running pass "newgvn" on function "main"
 #0 0x0000574906dabdd0 llvm::sys::PrintStackTrace(llvm::raw_ostream&, int) /root/llvm/llvm-project-21/llvm/lib/Support/Unix/Signals.inc:834:22
 #1 0x0000574906dac259 PrintStackTraceSignalHandler(void*) /root/llvm/llvm-project-21/llvm/lib/Support/Unix/Signals.inc:918:1
 #2 0x0000574906da93c9 llvm::sys::RunSignalHandlers() /root/llvm/llvm-project-21/llvm/lib/Support/Signals.cpp:104:20
 #3 0x0000574906dab60d SignalHandler(int, siginfo_t*, void*) /root/llvm/llvm-project-21/llvm/lib/Support/Unix/Signals.inc:426:14
 #4 0x00007526dbfa5330 (/lib/x86_64-linux-gnu/libc.so.6+0x45330)
 #5 0x00007526dbffeb2c __pthread_kill_implementation ./nptl/pthread_kill.c:44:76
 #6 0x00007526dbffeb2c __pthread_kill_internal ./nptl/pthread_kill.c:78:10
 #7 0x00007526dbffeb2c pthread_kill ./nptl/pthread_kill.c:89:10
 #8 0x00007526dbfa527e raise ./signal/../sysdeps/posix/raise.c:27:6
 #9 0x00007526dbf888ff abort ./stdlib/abort.c:81:7
#10 0x00007526dbf8881b _nl_load_domain ./intl/loadmsgcat.c:1177:9
#11 0x00007526dbf9b517 (/lib/x86_64-linux-gnu/libc.so.6+0x3b517)
#12 0x0000574905867172 llvm::patchReplacementInstruction(llvm::Instruction*, llvm::Value*) /root/llvm/llvm-project-21/llvm/lib/Transforms/Utils/Local.cpp:3543:24
#13 0x0000574905356c10 (anonymous namespace)::NewGVN::eliminateInstructions(llvm::Function&) /root/llvm/llvm-project-21/llvm/lib/Transforms/Scalar/NewGVN.cpp:4128:11
  [iter 194/200] search_obj=0.9951  search_best=0.7459  validation_best=0.7797  EI=0.0101  rnum=0.4  len=20  syn_rate=0.52  mean=0.9771  worsen=12.00%
GA search time: 1.10s, candidates: 200
[Error] eval /root/iscas/ruyituner/dataset21/poj104-v2-ll_4/train/31_1857.ll: opt failed for pipeline='module(iroutliner),function(dse),module(scc-oz-module-inliner),function(jump-threading),function(newgvn),module(globalopt),module(attributor),function(dce),module(attributor),module(attributor),module(attributor),module(globalopt),module(elim-avail-extern),function(dse),module(iroutliner),function(gvn-sink),module(globalopt),module(elim-avail-extern),function(gvn-sink),module(iroutliner),function(memcpyopt),function(gvn-hoist),function(dce),function(gvn-hoist),function(instsimplify),function(dce),module(scc-oz-module-inliner)', target_triple=x86_64-unknown-linux-gnu, returncode=-6, cmd=/root/opt/rv64gc_llvm_21/bin/opt -S -passes=module(iroutliner),function(dse),module(scc-oz-module-inliner),function(jump-threading),function(newgvn),module(globalopt),module(attributor),function(dce),module(attributor),module(attributor),module(attributor),module(globalopt),module(elim-avail-extern),function(dse),module(iroutliner),function(gvn-sink),module(globalopt),module(elim-avail-extern),function(gvn-sink),module(iroutliner),function(memcpyopt),function(gvn-hoist),function(dce),function(gvn-hoist),function(instsimplify),function(dce),module(scc-oz-module-inliner) --mtriple=x86_64-unknown-linux-gnu
opt: /root/llvm/llvm-project-21/llvm/lib/Transforms/Utils/Local.cpp:3527: void llvm::patchReplacementInstruction(Instruction*, Value*): Assertion `Success && "We should not be trying to sink callbases " "with non-intersectable attributes"' failed.
PLEASE submit a bug report to https://github.com/llvm/llvm-project/issues/ and include the crash backtrace.
Stack dump:
0.	Program arguments: /root/opt/rv64gc_llvm_21/bin/opt -S -passes=module(iroutliner),function(dse),module(scc-oz-module-inliner),function(jump-threading),function(newgvn),module(globalopt),module(attributor),function(dce),module(attributor),module(attributor),module(attributor),module(globalopt),module(elim-avail-extern),function(dse),module(iroutliner),function(gvn-sink),module(globalopt),module(elim-avail-extern),function(gvn-sink),module(iroutliner),function(memcpyopt),function(gvn-hoist),function(dce),function(gvn-hoist),function(instsimplify),function(dce),module(scc-oz-module-inliner) --mtriple=x86_64-unknown-linux-gnu
1.	Running pass "function(newgvn)" on module "<stdin>"
2.	Running pass "newgvn" on function "main"
 #0 0x000055e994c02dd0 llvm::sys::PrintStackTrace(llvm::raw_ostream&, int) /root/llvm/llvm-project-21/llvm/lib/Support/Unix/Signals.inc:834:22
 #1 0x000055e994c03259 PrintStackTraceSignalHandler(void*) /root/llvm/llvm-project-21/llvm/lib/Support/Unix/Signals.inc:918:1
 #2 0x000055e994c003c9 llvm::sys::RunSignalHandlers() /root/llvm/llvm-project-21/llvm/lib/Support/Signals.cpp:104:20
 #3 0x000055e994c0260d SignalHandler(int, siginfo_t*, void*) /root/llvm/llvm-project-21/llvm/lib/Support/Unix/Signals.inc:426:14
 #4 0x000078801ed0e330 (/lib/x86_64-linux-gnu/libc.so.6+0x45330)
 #5 0x000078801ed67b2c __pthread_kill_implementation ./nptl/pthread_kill.c:44:76
 #6 0x000078801ed67b2c __pthread_kill_internal ./nptl/pthread_kill.c:78:10
 #7 0x000078801ed67b2c pthread_kill ./nptl/pthread_kill.c:89:10
 #8 0x000078801ed0e27e raise ./signal/../sysdeps/posix/raise.c:27:6
 #9 0x000078801ecf18ff abort ./stdlib/abort.c:81:7
#10 0x000078801ecf181b _nl_load_domain ./intl/loadmsgcat.c:1177:9
#11 0x000078801ed04517 (/lib/x86_64-linux-gnu/libc.so.6+0x3b517)
#12 0x000055e9936be172 llvm::patchReplacementInstruction(llvm::Instruction*, llvm::Value*) /root/llvm/llvm-project-21/llvm/lib/Transforms/Utils/Local.cpp:3543:24
#13 0x000055e9931adc10 (anonymous namespace)::NewGVN::eliminateInstructions(llvm::Function&) /root/llvm/llvm-project-21/llvm/lib/Transforms/Scalar/NewGVN.cpp:4128:11
  [iter 195/200] search_obj=1.0675  search_best=0.7459  validation_best=0.7797  EI=0.0112  rnum=0.4  len=27  syn_rate=0.46  mean=1.0360  worsen=21.00%
GA search time: 1.27s, candidates: 200
[Error] eval /root/iscas/ruyituner/dataset21/poj104-v2-ll_4/train/31_1857.ll: opt failed for pipeline='module(scc-oz-module-inliner),function(newgvn),function(jump-threading),module(attributor),module(attributor),module(attributor),module(attributor),module(elim-avail-extern),function(gvn-sink),function(dse),module(iroutliner),module(iroutliner),module(iroutliner),module(iroutliner),module(iroutliner),function(gvn-sink),module(globalopt),function(gvn-sink),function(gvn-sink),module(globalopt),module(globalopt),module(globalopt),module(elim-avail-extern),module(elim-avail-extern),module(elim-avail-extern),module(elim-avail-extern),module(elim-avail-extern),module(attributor),module(elim-avail-extern),function(gvn-hoist),function(memcpyopt),function(instsimplify),function(gvn-hoist),function(memcpyopt),function(dce),function(dce)', target_triple=x86_64-unknown-linux-gnu, returncode=-6, cmd=/root/opt/rv64gc_llvm_21/bin/opt -S -passes=module(scc-oz-module-inliner),function(newgvn),function(jump-threading),module(attributor),module(attributor),module(attributor),module(attributor),module(elim-avail-extern),function(gvn-sink),function(dse),module(iroutliner),module(iroutliner),module(iroutliner),module(iroutliner),module(iroutliner),function(gvn-sink),module(globalopt),function(gvn-sink),function(gvn-sink),module(globalopt),module(globalopt),module(globalopt),module(elim-avail-extern),module(elim-avail-extern),module(elim-avail-extern),module(elim-avail-extern),module(elim-avail-extern),module(attributor),module(elim-avail-extern),function(gvn-hoist),function(memcpyopt),function(instsimplify),function(gvn-hoist),function(memcpyopt),function(dce),function(dce) --mtriple=x86_64-unknown-linux-gnu
opt: /root/llvm/llvm-project-21/llvm/lib/Transforms/Utils/Local.cpp:3527: void llvm::patchReplacementInstruction(Instruction*, Value*): Assertion `Success && "We should not be trying to sink callbases " "with non-intersectable attributes"' failed.
PLEASE submit a bug report to https://github.com/llvm/llvm-project/issues/ and include the crash backtrace.
Stack dump:
0.	Program arguments: /root/opt/rv64gc_llvm_21/bin/opt -S -passes=module(scc-oz-module-inliner),function(newgvn),function(jump-threading),module(attributor),module(attributor),module(attributor),module(attributor),module(elim-avail-extern),function(gvn-sink),function(dse),module(iroutliner),module(iroutliner),module(iroutliner),module(iroutliner),module(iroutliner),function(gvn-sink),module(globalopt),function(gvn-sink),function(gvn-sink),module(globalopt),module(globalopt),module(globalopt),module(elim-avail-extern),module(elim-avail-extern),module(elim-avail-extern),module(elim-avail-extern),module(elim-avail-extern),module(attributor),module(elim-avail-extern),function(gvn-hoist),function(memcpyopt),function(instsimplify),function(gvn-hoist),function(memcpyopt),function(dce),function(dce) --mtriple=x86_64-unknown-linux-gnu
1.	Running pass "function(newgvn)" on module "<stdin>"
2.	Running pass "newgvn" on function "main"
 #0 0x0000624d32569dd0 llvm::sys::PrintStackTrace(llvm::raw_ostream&, int) /root/llvm/llvm-project-21/llvm/lib/Support/Unix/Signals.inc:834:22
 #1 0x0000624d3256a259 PrintStackTraceSignalHandler(void*) /root/llvm/llvm-project-21/llvm/lib/Support/Unix/Signals.inc:918:1
 #2 0x0000624d325673c9 llvm::sys::RunSignalHandlers() /root/llvm/llvm-project-21/llvm/lib/Support/Signals.cpp:104:20
 #3 0x0000624d3256960d SignalHandler(int, siginfo_t*, void*) /root/llvm/llvm-project-21/llvm/lib/Support/Unix/Signals.inc:426:14
 #4 0x00007efd0215c330 (/lib/x86_64-linux-gnu/libc.so.6+0x45330)
 #5 0x00007efd021b5b2c __pthread_kill_implementation ./nptl/pthread_kill.c:44:76
 #6 0x00007efd021b5b2c __pthread_kill_internal ./nptl/pthread_kill.c:78:10
 #7 0x00007efd021b5b2c pthread_kill ./nptl/pthread_kill.c:89:10
 #8 0x00007efd0215c27e raise ./signal/../sysdeps/posix/raise.c:27:6
 #9 0x00007efd0213f8ff abort ./stdlib/abort.c:81:7
#10 0x00007efd0213f81b _nl_load_domain ./intl/loadmsgcat.c:1177:9
#11 0x00007efd02152517 (/lib/x86_64-linux-gnu/libc.so.6+0x3b517)
#12 0x0000624d31025172 llvm::patchReplacementInstruction(llvm::Instruction*, llvm::Value*) /root/llvm/llvm-project-21/llvm/lib/Transforms/Utils/Local.cpp:3543:24
#13 0x0000624d30b14c10 (anonymous namespace)::NewGVN::eliminateInstructions(llvm::Function&) /root/llvm/llvm-project-21/llvm/lib/Transforms/Scalar/NewGVN.cpp:4128:11
  [iter 196/200] search_obj=1.0753  search_best=0.7459  validation_best=0.7797  EI=0.0114  rnum=0.4  len=36  syn_rate=0.42  mean=1.0438  worsen=21.00%
GA search time: 1.17s, candidates: 200
[Error] eval /root/iscas/ruyituner/dataset21/poj104-v2-ll_4/train/31_1857.ll: opt failed for pipeline='module(elim-avail-extern),module(elim-avail-extern),module(iroutliner),function(instsimplify),function(gvn-hoist),module(attributor),function(memcpyopt),function(jump-threading),module(globalopt),function(gvn-sink),function(newgvn),function(dse),function(gvn-sink),function(gvn-sink),function(newgvn),function(gvn-sink),module(globalopt),module(attributor),function(dce),module(iroutliner),module(elim-avail-extern),function(dce),module(scc-oz-module-inliner),function(gvn-hoist),function(instsimplify),function(instsimplify),function(dce),module(inferattrs)', target_triple=x86_64-unknown-linux-gnu, returncode=-6, cmd=/root/opt/rv64gc_llvm_21/bin/opt -S -passes=module(elim-avail-extern),module(elim-avail-extern),module(iroutliner),function(instsimplify),function(gvn-hoist),module(attributor),function(memcpyopt),function(jump-threading),module(globalopt),function(gvn-sink),function(newgvn),function(dse),function(gvn-sink),function(gvn-sink),function(newgvn),function(gvn-sink),module(globalopt),module(attributor),function(dce),module(iroutliner),module(elim-avail-extern),function(dce),module(scc-oz-module-inliner),function(gvn-hoist),function(instsimplify),function(instsimplify),function(dce),module(inferattrs) --mtriple=x86_64-unknown-linux-gnu
opt: /root/llvm/llvm-project-21/llvm/lib/Transforms/Utils/Local.cpp:3527: void llvm::patchReplacementInstruction(Instruction*, Value*): Assertion `Success && "We should not be trying to sink callbases " "with non-intersectable attributes"' failed.
PLEASE submit a bug report to https://github.com/llvm/llvm-project/issues/ and include the crash backtrace.
Stack dump:
0.	Program arguments: /root/opt/rv64gc_llvm_21/bin/opt -S -passes=module(elim-avail-extern),module(elim-avail-extern),module(iroutliner),function(instsimplify),function(gvn-hoist),module(attributor),function(memcpyopt),function(jump-threading),module(globalopt),function(gvn-sink),function(newgvn),function(dse),function(gvn-sink),function(gvn-sink),function(newgvn),function(gvn-sink),module(globalopt),module(attributor),function(dce),module(iroutliner),module(elim-avail-extern),function(dce),module(scc-oz-module-inliner),function(gvn-hoist),function(instsimplify),function(instsimplify),function(dce),module(inferattrs) --mtriple=x86_64-unknown-linux-gnu
1.	Running pass "function(newgvn)" on module "<stdin>"
2.	Running pass "newgvn" on function "main"
 #0 0x00005dff9970fdd0 llvm::sys::PrintStackTrace(llvm::raw_ostream&, int) /root/llvm/llvm-project-21/llvm/lib/Support/Unix/Signals.inc:834:22
 #1 0x00005dff99710259 PrintStackTraceSignalHandler(void*) /root/llvm/llvm-project-21/llvm/lib/Support/Unix/Signals.inc:918:1
 #2 0x00005dff9970d3c9 llvm::sys::RunSignalHandlers() /root/llvm/llvm-project-21/llvm/lib/Support/Signals.cpp:104:20
 #3 0x00005dff9970f60d SignalHandler(int, siginfo_t*, void*) /root/llvm/llvm-project-21/llvm/lib/Support/Unix/Signals.inc:426:14
 #4 0x0000755f1a4e1330 (/lib/x86_64-linux-gnu/libc.so.6+0x45330)
 #5 0x0000755f1a53ab2c __pthread_kill_implementation ./nptl/pthread_kill.c:44:76
 #6 0x0000755f1a53ab2c __pthread_kill_internal ./nptl/pthread_kill.c:78:10
 #7 0x0000755f1a53ab2c pthread_kill ./nptl/pthread_kill.c:89:10
 #8 0x0000755f1a4e127e raise ./signal/../sysdeps/posix/raise.c:27:6
 #9 0x0000755f1a4c48ff abort ./stdlib/abort.c:81:7
#10 0x0000755f1a4c481b _nl_load_domain ./intl/loadmsgcat.c:1177:9
#11 0x0000755f1a4d7517 (/lib/x86_64-linux-gnu/libc.so.6+0x3b517)
#12 0x00005dff981cb172 llvm::patchReplacementInstruction(llvm::Instruction*, llvm::Value*) /root/llvm/llvm-project-21/llvm/lib/Transforms/Utils/Local.cpp:3543:24
#13 0x00005dff97cbac10 (anonymous namespace)::NewGVN::eliminateInstructions(llvm::Function&) /root/llvm/llvm-project-21/llvm/lib/Transforms/Scalar/NewGVN.cpp:4128:11
  [iter 197/200] search_obj=0.7647  search_best=0.7459  validation_best=0.7797  EI=0.0097  rnum=0.3  len=28  syn_rate=0.50  mean=0.7527  worsen=8.00%
GA search time: 1.28s, candidates: 200
[Error] eval /root/iscas/ruyituner/dataset21/poj104-v2-ll_4/train/31_1857.ll: opt failed for pipeline='module(scc-oz-module-inliner),function(jump-threading),function(newgvn),module(attributor),function(newgvn),module(iroutliner),module(attributor),module(attributor),module(iroutliner),function(dse),module(globalopt),module(globalopt),function(gvn-sink),module(elim-avail-extern),function(gvn-sink),function(gvn-sink),function(gvn-sink),module(elim-avail-extern),module(elim-avail-extern),module(elim-avail-extern),module(elim-avail-extern),module(elim-avail-extern),function(gvn-hoist),function(memcpyopt),function(dce),function(dce),function(instsimplify),function(dce),function(newgvn),function(gvn-sink),module(globalopt),module(attributor),module(iroutliner),function(dce),module(scc-oz-module-inliner),module(globalopt),function(gvn-sink),module(iroutliner),function(gvn-sink),module(globalopt),module(attributor),function(dce),module(iroutliner),module(elim-avail-extern),module(scc-oz-module-inliner)', target_triple=x86_64-unknown-linux-gnu, returncode=-6, cmd=/root/opt/rv64gc_llvm_21/bin/opt -S -passes=module(scc-oz-module-inliner),function(jump-threading),function(newgvn),module(attributor),function(newgvn),module(iroutliner),module(attributor),module(attributor),module(iroutliner),function(dse),module(globalopt),module(globalopt),function(gvn-sink),module(elim-avail-extern),function(gvn-sink),function(gvn-sink),function(gvn-sink),module(elim-avail-extern),module(elim-avail-extern),module(elim-avail-extern),module(elim-avail-extern),module(elim-avail-extern),function(gvn-hoist),function(memcpyopt),function(dce),function(dce),function(instsimplify),function(dce),function(newgvn),function(gvn-sink),module(globalopt),module(attributor),module(iroutliner),function(dce),module(scc-oz-module-inliner),module(globalopt),function(gvn-sink),module(iroutliner),function(gvn-sink),module(globalopt),module(attributor),function(dce),module(iroutliner),module(elim-avail-extern),module(scc-oz-module-inliner) --mtriple=x86_64-unknown-linux-gnu
opt: /root/llvm/llvm-project-21/llvm/lib/Transforms/Utils/Local.cpp:3527: void llvm::patchReplacementInstruction(Instruction*, Value*): Assertion `Success && "We should not be trying to sink callbases " "with non-intersectable attributes"' failed.
PLEASE submit a bug report to https://github.com/llvm/llvm-project/issues/ and include the crash backtrace.
Stack dump:
0.	Program arguments: /root/opt/rv64gc_llvm_21/bin/opt -S -passes=module(scc-oz-module-inliner),function(jump-threading),function(newgvn),module(attributor),function(newgvn),module(iroutliner),module(attributor),module(attributor),module(iroutliner),function(dse),module(globalopt),module(globalopt),function(gvn-sink),module(elim-avail-extern),function(gvn-sink),function(gvn-sink),function(gvn-sink),module(elim-avail-extern),module(elim-avail-extern),module(elim-avail-extern),module(elim-avail-extern),module(elim-avail-extern),function(gvn-hoist),function(memcpyopt),function(dce),function(dce),function(instsimplify),function(dce),function(newgvn),function(gvn-sink),module(globalopt),module(attributor),module(iroutliner),function(dce),module(scc-oz-module-inliner),module(globalopt),function(gvn-sink),module(iroutliner),function(gvn-sink),module(globalopt),module(attributor),function(dce),module(iroutliner),module(elim-avail-extern),module(scc-oz-module-inliner) --mtriple=x86_64-unknown-linux-gnu
1.	Running pass "function(newgvn)" on module "<stdin>"
2.	Running pass "newgvn" on function "main"
 #0 0x00005bb9c764bdd0 llvm::sys::PrintStackTrace(llvm::raw_ostream&, int) /root/llvm/llvm-project-21/llvm/lib/Support/Unix/Signals.inc:834:22
 #1 0x00005bb9c764c259 PrintStackTraceSignalHandler(void*) /root/llvm/llvm-project-21/llvm/lib/Support/Unix/Signals.inc:918:1
 #2 0x00005bb9c76493c9 llvm::sys::RunSignalHandlers() /root/llvm/llvm-project-21/llvm/lib/Support/Signals.cpp:104:20
 #3 0x00005bb9c764b60d SignalHandler(int, siginfo_t*, void*) /root/llvm/llvm-project-21/llvm/lib/Support/Unix/Signals.inc:426:14
 #4 0x000077ec90738330 (/lib/x86_64-linux-gnu/libc.so.6+0x45330)
 #5 0x000077ec90791b2c __pthread_kill_implementation ./nptl/pthread_kill.c:44:76
 #6 0x000077ec90791b2c __pthread_kill_internal ./nptl/pthread_kill.c:78:10
 #7 0x000077ec90791b2c pthread_kill ./nptl/pthread_kill.c:89:10
 #8 0x000077ec9073827e raise ./signal/../sysdeps/posix/raise.c:27:6
 #9 0x000077ec9071b8ff abort ./stdlib/abort.c:81:7
#10 0x000077ec9071b81b _nl_load_domain ./intl/loadmsgcat.c:1177:9
#11 0x000077ec9072e517 (/lib/x86_64-linux-gnu/libc.so.6+0x3b517)
#12 0x00005bb9c6107172 llvm::patchReplacementInstruction(llvm::Instruction*, llvm::Value*) /root/llvm/llvm-project-21/llvm/lib/Transforms/Utils/Local.cpp:3543:24
#13 0x00005bb9c5bf6c10 (anonymous namespace)::NewGVN::eliminateInstructions(llvm::Function&) /root/llvm/llvm-project-21/llvm/lib/Transforms/Scalar/NewGVN.cpp:4128:11
  [iter 198/200] search_obj=1.0673  search_best=0.7459  validation_best=0.7797  EI=0.0098  rnum=0.3  len=45  syn_rate=0.50  mean=1.0388  worsen=19.00%
GA search time: 1.15s, candidates: 200
[Error] eval /root/iscas/ruyituner/dataset21/poj104-v2-ll_4/train/31_1857.ll: opt failed for pipeline='module(elim-avail-extern),module(scc-oz-module-inliner),function(newgvn),function(jump-threading),module(attributor),function(memcpyopt),module(iroutliner),function(gvn-sink),module(globalopt),function(gvn-hoist),module(attributor),module(attributor),module(iroutliner),function(dse),module(globalopt),function(gvn-sink),module(elim-avail-extern),module(globalopt),module(elim-avail-extern),function(gvn-sink),function(memcpyopt),function(gvn-hoist),function(dce),function(instsimplify),function(gvn-hoist)', target_triple=x86_64-unknown-linux-gnu, returncode=-6, cmd=/root/opt/rv64gc_llvm_21/bin/opt -S -passes=module(elim-avail-extern),module(scc-oz-module-inliner),function(newgvn),function(jump-threading),module(attributor),function(memcpyopt),module(iroutliner),function(gvn-sink),module(globalopt),function(gvn-hoist),module(attributor),module(attributor),module(iroutliner),function(dse),module(globalopt),function(gvn-sink),module(elim-avail-extern),module(globalopt),module(elim-avail-extern),function(gvn-sink),function(memcpyopt),function(gvn-hoist),function(dce),function(instsimplify),function(gvn-hoist) --mtriple=x86_64-unknown-linux-gnu
opt: /root/llvm/llvm-project-21/llvm/lib/Transforms/Utils/Local.cpp:3527: void llvm::patchReplacementInstruction(Instruction*, Value*): Assertion `Success && "We should not be trying to sink callbases " "with non-intersectable attributes"' failed.
PLEASE submit a bug report to https://github.com/llvm/llvm-project/issues/ and include the crash backtrace.
Stack dump:
0.	Program arguments: /root/opt/rv64gc_llvm_21/bin/opt -S -passes=module(elim-avail-extern),module(scc-oz-module-inliner),function(newgvn),function(jump-threading),module(attributor),function(memcpyopt),module(iroutliner),function(gvn-sink),module(globalopt),function(gvn-hoist),module(attributor),module(attributor),module(iroutliner),function(dse),module(globalopt),function(gvn-sink),module(elim-avail-extern),module(globalopt),module(elim-avail-extern),function(gvn-sink),function(memcpyopt),function(gvn-hoist),function(dce),function(instsimplify),function(gvn-hoist) --mtriple=x86_64-unknown-linux-gnu
1.	Running pass "function(newgvn)" on module "<stdin>"
2.	Running pass "newgvn" on function "main"
 #0 0x000057c0c5449dd0 llvm::sys::PrintStackTrace(llvm::raw_ostream&, int) /root/llvm/llvm-project-21/llvm/lib/Support/Unix/Signals.inc:834:22
 #1 0x000057c0c544a259 PrintStackTraceSignalHandler(void*) /root/llvm/llvm-project-21/llvm/lib/Support/Unix/Signals.inc:918:1
 #2 0x000057c0c54473c9 llvm::sys::RunSignalHandlers() /root/llvm/llvm-project-21/llvm/lib/Support/Signals.cpp:104:20
 #3 0x000057c0c544960d SignalHandler(int, siginfo_t*, void*) /root/llvm/llvm-project-21/llvm/lib/Support/Unix/Signals.inc:426:14
 #4 0x00007b6505b5b330 (/lib/x86_64-linux-gnu/libc.so.6+0x45330)
 #5 0x00007b6505bb4b2c __pthread_kill_implementation ./nptl/pthread_kill.c:44:76
 #6 0x00007b6505bb4b2c __pthread_kill_internal ./nptl/pthread_kill.c:78:10
 #7 0x00007b6505bb4b2c pthread_kill ./nptl/pthread_kill.c:89:10
 #8 0x00007b6505b5b27e raise ./signal/../sysdeps/posix/raise.c:27:6
 #9 0x00007b6505b3e8ff abort ./stdlib/abort.c:81:7
#10 0x00007b6505b3e81b _nl_load_domain ./intl/loadmsgcat.c:1177:9
#11 0x00007b6505b51517 (/lib/x86_64-linux-gnu/libc.so.6+0x3b517)
#12 0x000057c0c3f05172 llvm::patchReplacementInstruction(llvm::Instruction*, llvm::Value*) /root/llvm/llvm-project-21/llvm/lib/Transforms/Utils/Local.cpp:3543:24
#13 0x000057c0c39f4c10 (anonymous namespace)::NewGVN::eliminateInstructions(llvm::Function&) /root/llvm/llvm-project-21/llvm/lib/Transforms/Scalar/NewGVN.cpp:4128:11
  [iter 199/200] search_obj=0.9974  search_best=0.7459  validation_best=0.7797  EI=0.0137  rnum=0.3  len=25  syn_rate=0.47  mean=0.9794  worsen=12.00%
GA search time: 0.92s, candidates: 200
  [iter 200/200] search_obj=0.7700  search_best=0.7459  validation_best=0.7797  EI=0.0122  rnum=0.3  len=21  syn_rate=0.50  mean=0.7580  worsen=8.00%

[Step 5] 按 validation 选择最终通用序列...
  选择结果:
    search_train_obj=0.8011, search_train_mean=0.7891, search_train_worsen=8.00%
    validation_obj=0.7797, validation_mean=0.7647, validation_worsen=10.00%

[Step 6] 在 validation 上执行消融后处理...

[Ablation-validation] 初始序列长度: 33, objective: 0.7797, mean_norm: 0.7647, worsen_rate: 10.00%
  移除 [32] module(scc-oz-module-inliner): objective 0.7898 > 0.7797 (恢复)
  移除 [31] module(elim-avail-extern): objective 0.7797, mean_norm 0.7647, worsen_rate 10.00% (保留移除)
  移除 [30] module(iroutliner): objective 0.7773, mean_norm 0.7623, worsen_rate 10.00% (保留移除)
  移除 [29] function(dce): objective 0.7773, mean_norm 0.7623, worsen_rate 10.00% (保留移除)
  移除 [28] module(attributor): objective 0.7777 > 0.7773 (恢复)
  移除 [27] module(globalopt): objective 0.7773, mean_norm 0.7623, worsen_rate 10.00% (保留移除)
  移除 [26] function(gvn-sink): objective 0.7768, mean_norm 0.7618, worsen_rate 10.00% (保留移除)
  移除 [25] function(newgvn): objective 0.7821 > 0.7768 (恢复)
  移除 [24] function(gvn-sink): objective 0.7803 > 0.7768 (恢复)
  移除 [23] module(globalopt): objective 0.7768, mean_norm 0.7618, worsen_rate 10.00% (保留移除)
  移除 [22] function(jump-threading): objective 0.7768, mean_norm 0.7618, worsen_rate 10.00% (保留移除)
  移除 [21] function(memcpyopt): objective 0.7768, mean_norm 0.7618, worsen_rate 10.00% (保留移除)
  移除 [20] module(attributor): objective 0.7776 > 0.7768 (恢复)
  移除 [19] function(gvn-hoist): objective 0.7768, mean_norm 0.7618, worsen_rate 10.00% (保留移除)
  移除 [18] function(gvn-hoist): objective 0.7779 > 0.7768 (恢复)
  移除 [17] module(globalopt): objective 0.7768, mean_norm 0.7618, worsen_rate 10.00% (保留移除)
  移除 [16] module(scc-oz-module-inliner): objective 0.8041 > 0.7768 (恢复)
  移除 [15] module(elim-avail-extern): objective 0.7768, mean_norm 0.7618, worsen_rate 10.00% (保留移除)
  移除 [14] module(iroutliner): objective 0.7747, mean_norm 0.7612, worsen_rate 9.00% (保留移除)
  移除 [13] function(instsimplify): objective 0.7747, mean_norm 0.7612, worsen_rate 9.00% (保留移除)
  移除 [12] module(attributor): objective 0.8299 > 0.7747 (恢复)
  移除 [11] module(globalopt): objective 0.7747, mean_norm 0.7612, worsen_rate 9.00% (保留移除)
  移除 [10] module(elim-avail-extern): objective 0.7747, mean_norm 0.7612, worsen_rate 9.00% (保留移除)
  移除 [9] function(dse): objective 0.7894 > 0.7747 (恢复)
  移除 [8] function(newgvn): objective 0.8152 > 0.7747 (恢复)
  移除 [7] function(gvn-hoist): objective 0.7750 > 0.7747 (恢复)
  移除 [6] module(attributor): objective 0.8534 > 0.7747 (恢复)
  移除 [5] function(jump-threading): objective 0.7637, mean_norm 0.7502, worsen_rate 9.00% (保留移除)
  移除 [4] module(globalopt): objective 0.7637, mean_norm 0.7502, worsen_rate 9.00% (保留移除)
  移除 [3] module(globalopt): objective 0.9337 > 0.7637 (恢复)
  移除 [2] module(iroutliner): objective 0.8631 > 0.7637 (恢复)
  移除 [1] module(elim-avail-extern): objective 1.0697 > 0.7637 (恢复)
  移除 [0] module(globalopt): objective 0.7637, mean_norm 0.7502, worsen_rate 9.00% (保留移除)
[Ablation-validation] 最终序列长度: 15, objective: 0.7637, mean_norm: 0.7502, worsen_rate: 9.00%, 移除了 18 个 pass
  消融有效: 33 → 15 passes, validation_objective: 0.7797 → 0.7637
[Error] eval /root/iscas/ruyituner/dataset21/poj104-v2-ll_4/train/31_1857.ll: opt failed for pipeline='module(elim-avail-extern),module(iroutliner),module(globalopt),module(attributor),function(gvn-hoist),function(newgvn),function(dse),module(attributor),module(scc-oz-module-inliner),function(gvn-hoist),module(attributor),function(gvn-sink),function(newgvn),module(attributor),module(scc-oz-module-inliner)', target_triple=x86_64-unknown-linux-gnu, returncode=-6, cmd=/root/opt/rv64gc_llvm_21/bin/opt -S -passes=module(elim-avail-extern),module(iroutliner),module(globalopt),module(attributor),function(gvn-hoist),function(newgvn),function(dse),module(attributor),module(scc-oz-module-inliner),function(gvn-hoist),module(attributor),function(gvn-sink),function(newgvn),module(attributor),module(scc-oz-module-inliner) --mtriple=x86_64-unknown-linux-gnu
opt: /root/llvm/llvm-project-21/llvm/lib/Transforms/Utils/Local.cpp:3527: void llvm::patchReplacementInstruction(Instruction*, Value*): Assertion `Success && "We should not be trying to sink callbases " "with non-intersectable attributes"' failed.
PLEASE submit a bug report to https://github.com/llvm/llvm-project/issues/ and include the crash backtrace.
Stack dump:
0.	Program arguments: /root/opt/rv64gc_llvm_21/bin/opt -S -passes=module(elim-avail-extern),module(iroutliner),module(globalopt),module(attributor),function(gvn-hoist),function(newgvn),function(dse),module(attributor),module(scc-oz-module-inliner),function(gvn-hoist),module(attributor),function(gvn-sink),function(newgvn),module(attributor),module(scc-oz-module-inliner) --mtriple=x86_64-unknown-linux-gnu
1.	Running pass "function(newgvn)" on module "<stdin>"
2.	Running pass "newgvn" on function "main"
 #0 0x00005a79cd51cdd0 llvm::sys::PrintStackTrace(llvm::raw_ostream&, int) /root/llvm/llvm-project-21/llvm/lib/Support/Unix/Signals.inc:834:22
 #1 0x00005a79cd51d259 PrintStackTraceSignalHandler(void*) /root/llvm/llvm-project-21/llvm/lib/Support/Unix/Signals.inc:918:1
 #2 0x00005a79cd51a3c9 llvm::sys::RunSignalHandlers() /root/llvm/llvm-project-21/llvm/lib/Support/Signals.cpp:104:20
 #3 0x00005a79cd51c60d SignalHandler(int, siginfo_t*, void*) /root/llvm/llvm-project-21/llvm/lib/Support/Unix/Signals.inc:426:14
 #4 0x00007c85f9864330 (/lib/x86_64-linux-gnu/libc.so.6+0x45330)
 #5 0x00007c85f98bdb2c __pthread_kill_implementation ./nptl/pthread_kill.c:44:76
 #6 0x00007c85f98bdb2c __pthread_kill_internal ./nptl/pthread_kill.c:78:10
 #7 0x00007c85f98bdb2c pthread_kill ./nptl/pthread_kill.c:89:10
 #8 0x00007c85f986427e raise ./signal/../sysdeps/posix/raise.c:27:6
 #9 0x00007c85f98478ff abort ./stdlib/abort.c:81:7
#10 0x00007c85f984781b _nl_load_domain ./intl/loadmsgcat.c:1177:9
#11 0x00007c85f985a517 (/lib/x86_64-linux-gnu/libc.so.6+0x3b517)
#12 0x00005a79cbfd8172 llvm::patchReplacementInstruction(llvm::Instruction*, llvm::Value*) /root/llvm/llvm-project-21/llvm/lib/Transforms/Utils/Local.cpp:3543:24
#13 0x00005a79cbac7c10 (anonymous namespace)::NewGVN::eliminateInstructions(llvm::Function&) /root/llvm/llvm-project-21/llvm/lib/Transforms/Scalar/NewGVN.cpp:4128:11

最终通用 pass 序列（15 个 pass, syn_rate=0.19）:
  module(elim-avail-extern) → module(iroutliner) → module(globalopt) → module(attributor) → function(gvn-hoist) → function(newgvn) → function(dse) → module(attributor) → module(scc-oz-module-inliner) → function(gvn-hoist) → module(attributor) → function(gvn-sink) → function(newgvn) → module(attributor) → module(scc-oz-module-inliner)
  search_train_obj=0.7645, search_train_mean=0.7540, search_train_worsen=7.00%
  validation_obj=0.7637, validation_mean=0.7502, validation_worsen=9.00%
  test_obj=0.7567, test_mean=0.7357, test_worsen=14.00%

Top-5 最佳序列（按 validation 多目标 objective 升序）:
  #1: validation_obj=0.7797, validation_mean=0.7647, validation_worsen=10.00%, train_obj=0.8011, train_mean=0.7891, len=33, syn_rate=0.55, test_obj=0.7757, test_mean=0.7547, test_worsen=14.00%
     module(globalopt) → module(elim-avail-extern) → module(iroutliner) → module(globalopt) → module(globalopt) → function(jump-threading) → module(attributor) → function(gvn-hoist) → function(newgvn) → function(dse) → module(elim-avail-extern) → module(globalopt) → module(attributor) → function(instsimplify) → module(iroutliner) → module(elim-avail-extern) → module(scc-oz-module-inliner) → module(globalopt) → function(gvn-hoist) → function(gvn-hoist) → module(attributor) → function(memcpyopt) → function(jump-threading) → module(globalopt) → function(gvn-sink) → function(newgvn) → function(gvn-sink) → module(globalopt) → module(attributor) → function(dce) → module(iroutliner) → module(elim-avail-extern) → module(scc-oz-module-inliner)
  #2: validation_obj=0.7821, validation_mean=0.7656, validation_worsen=11.00%, train_obj=0.7534, train_mean=0.7429, len=37, syn_rate=0.50, test_obj=0.7613, test_mean=0.7373, test_worsen=16.00%
     module(elim-avail-extern) → module(iroutliner) → function(instsimplify) → function(gvn-hoist) → module(attributor) → function(memcpyopt) → function(jump-threading) → function(gvn-sink) → function(newgvn) → function(dse) → function(gvn-sink) → module(globalopt) → module(attributor) → function(dce) → module(iroutliner) → module(elim-avail-extern) → module(scc-oz-module-inliner) → function(memcpyopt) → function(gvn-hoist) → module(iroutliner) → module(attributor) → function(dce) → module(scc-oz-module-inliner) → module(attributor) → module(iroutliner) → module(elim-avail-extern) → module(attributor) → function(gvn-hoist) → module(elim-avail-extern) → module(attributor) → module(elim-avail-extern) → function(gvn-hoist) → function(gvn-sink) → module(elim-avail-extern) → module(scc-oz-module-inliner) → module(elim-avail-extern) → function(dce)
  #3: validation_obj=0.7837, validation_mean=0.7672, validation_worsen=11.00%, train_obj=0.7574, train_mean=0.7469, len=26, syn_rate=0.49, test_obj=0.7589, test_mean=0.7349, test_worsen=16.00%
     module(elim-avail-extern) → module(iroutliner) → function(gvn-hoist) → function(instsimplify) → function(gvn-hoist) → module(attributor) → function(gvn-hoist) → function(memcpyopt) → function(jump-threading) → module(globalopt) → function(gvn-sink) → function(newgvn) → function(dse) → module(globalopt) → module(attributor) → function(dce) → module(iroutliner) → module(elim-avail-extern) → module(scc-oz-module-inliner) → function(gvn-sink) → module(globalopt) → module(attributor) → function(dce) → module(iroutliner) → module(scc-oz-module-inliner) → function(gvn-hoist)
  #4: validation_obj=0.7840, validation_mean=0.7660, validation_worsen=12.00%, train_obj=0.7485, train_mean=0.7380, len=50, syn_rate=0.51, test_obj=0.7393, test_mean=0.7183, test_worsen=14.00%
     module(elim-avail-extern) → module(iroutliner) → function(dce) → function(instsimplify) → function(gvn-hoist) → module(attributor) → function(memcpyopt) → function(jump-threading) → module(globalopt) → function(gvn-sink) → function(newgvn) → function(dse) → module(globalopt) → module(attributor) → function(newgvn) → function(dce) → module(globalopt) → module(attributor) → function(dce) → module(iroutliner) → module(elim-avail-extern) → module(scc-oz-module-inliner) → module(elim-avail-extern) → module(globalopt) → module(elim-avail-extern) → module(iroutliner) → module(attributor) → module(scc-oz-module-inliner) → module(globalopt) → module(elim-avail-extern) → module(scc-oz-module-inliner) → function(newgvn) → function(dce) → function(newgvn) → function(gvn-sink) → function(memcpyopt) → module(attributor) → module(scc-oz-module-inliner) → module(iroutliner) → function(gvn-sink) → module(globalopt) → function(gvn-sink) → function(dce) → module(iroutliner) → module(elim-avail-extern) → module(globalopt) → function(dce) → module(attributor) → module(globalopt) → module(iroutliner)
  #5: validation_obj=0.7849, validation_mean=0.7684, validation_worsen=11.00%, train_obj=0.7544, train_mean=0.7439, len=26, syn_rate=0.48, test_obj=0.7602, test_mean=0.7362, test_worsen=16.00%
     module(elim-avail-extern) → module(iroutliner) → function(instsimplify) → function(gvn-hoist) → module(attributor) → function(memcpyopt) → function(jump-threading) → function(dse) → function(dce) → function(gvn-sink) → module(globalopt) → module(attributor) → function(gvn-hoist) → module(globalopt) → function(gvn-sink) → function(newgvn) → function(gvn-sink) → module(globalopt) → module(attributor) → module(iroutliner) → module(elim-avail-extern) → module(scc-oz-module-inliner) → function(memcpyopt) → module(attributor) → module(scc-oz-module-inliner) → module(globalopt)

============================================================
所有轮次中最优 validation objective: 0.7637
最优通用 pass 序列 (15 passes):
  module(elim-avail-extern) → module(iroutliner) → module(globalopt) → module(attributor) → function(gvn-hoist) → function(newgvn) → function(dse) → module(attributor) → module(scc-oz-module-inliner) → function(gvn-hoist) → module(attributor) → function(gvn-sink) → function(newgvn) → module(attributor) → module(scc-oz-module-inliner)
  search_train: obj=0.7645, mean=0.7540, worsen=7.00%
  validation:   obj=0.7637, mean=0.7502, worsen=9.00%
  test:         obj=0.7567, mean=0.7357, worsen=14.00%
总运行时间: 2729.30 秒
