suite,name,ll_path,outer_split,inner_split,compiler_gym_suite,origin
blas,10,/root/exp/PerProgramAutoTune/datasets/compiler_gym_llvm21/ir/blas/10.ll,test,test,blas-v0,local:/root/DJY/dataset/train/blas-v0
blas,103,/root/exp/PerProgramAutoTune/datasets/compiler_gym_llvm21/ir/blas/103.ll,test,test,blas-v0,local:/root/DJY/dataset/train/blas-v0
blas,104,/root/exp/PerProgramAutoTune/datasets/compiler_gym_llvm21/ir/blas/104.ll,train_pool,search_train,blas-v0,local:/root/DJY/dataset/train/blas-v0
blas,105,/root/exp/PerProgramAutoTune/datasets/compiler_gym_llvm21/ir/blas/105.ll,test,test,blas-v0,local:/root/DJY/dataset/train/blas-v0
blas,106,/root/exp/PerProgramAutoTune/datasets/compiler_gym_llvm21/ir/blas/106.ll,test,test,blas-v0,local:/root/DJY/dataset/train/blas-v0
blas,108,/root/exp/PerProgramAutoTune/datasets/compiler_gym_llvm21/ir/blas/108.ll,test,test,blas-v0,local:/root/DJY/dataset/train/blas-v0
blas,109,/root/exp/PerProgramAutoTune/datasets/compiler_gym_llvm21/ir/blas/109.ll,test,test,blas-v0,local:/root/DJY/dataset/train/blas-v0
blas,11,/root/exp/PerProgramAutoTune/datasets/compiler_gym_llvm21/ir/blas/11.ll,test,test,blas-v0,local:/root/DJY/dataset/train/blas-v0
blas,110,/root/exp/PerProgramAutoTune/datasets/compiler_gym_llvm21/ir/blas/110.ll,train_pool,validation,blas-v0,local:/root/DJY/dataset/test/blas-v0
blas,111,/root/exp/PerProgramAutoTune/datasets/compiler_gym_llvm21/ir/blas/111.ll,test,test,blas-v0,local:/root/DJY/dataset/train/blas-v0
blas,112,/root/exp/PerProgramAutoTune/datasets/compiler_gym_llvm21/ir/blas/112.ll,train_pool,search_train,blas-v0,local:/root/DJY/dataset/train/blas-v0
blas,113,/root/exp/PerProgramAutoTune/datasets/compiler_gym_llvm21/ir/blas/113.ll,test,test,blas-v0,local:/root/DJY/dataset/train/blas-v0
blas,116,/root/exp/PerProgramAutoTune/datasets/compiler_gym_llvm21/ir/blas/116.ll,test,test,blas-v0,local:/root/DJY/dataset/train/blas-v0
blas,118,/root/exp/PerProgramAutoTune/datasets/compiler_gym_llvm21/ir/blas/118.ll,test,test,blas-v0,local:/root/DJY/dataset/train/blas-v0
blas,119,/root/exp/PerProgramAutoTune/datasets/compiler_gym_llvm21/ir/blas/119.ll,test,test,blas-v0,local:/root/DJY/dataset/train/blas-v0
blas,12,/root/exp/PerProgramAutoTune/datasets/compiler_gym_llvm21/ir/blas/12.ll,test,test,blas-v0,local:/root/DJY/dataset/train/blas-v0
blas,121,/root/exp/PerProgramAutoTune/datasets/compiler_gym_llvm21/ir/blas/121.ll,test,test,blas-v0,local:/root/DJY/dataset/train/blas-v0
blas,124,/root/exp/PerProgramAutoTune/datasets/compiler_gym_llvm21/ir/blas/124.ll,test,test,blas-v0,local:/root/DJY/dataset/train/blas-v0
blas,126,/root/exp/PerProgramAutoTune/datasets/compiler_gym_llvm21/ir/blas/126.ll,train_pool,search_train,blas-v0,local:/root/DJY/dataset/train/blas-v0
blas,127,/root/exp/PerProgramAutoTune/datasets/compiler_gym_llvm21/ir/blas/127.ll,test,test,blas-v0,local:/root/DJY/dataset/test/blas-v0
blas,128,/root/exp/PerProgramAutoTune/datasets/compiler_gym_llvm21/ir/blas/128.ll,test,test,blas-v0,local:/root/DJY/dataset/train/blas-v0
blas,13,/root/exp/PerProgramAutoTune/datasets/compiler_gym_llvm21/ir/blas/13.ll,train_pool,search_train,blas-v0,local:/root/DJY/dataset/train/blas-v0
blas,132,/root/exp/PerProgramAutoTune/datasets/compiler_gym_llvm21/ir/blas/132.ll,test,test,blas-v0,local:/root/DJY/dataset/train/blas-v0
blas,134,/root/exp/PerProgramAutoTune/datasets/compiler_gym_llvm21/ir/blas/134.ll,test,test,blas-v0,local:/root/DJY/dataset/test/blas-v0
blas,137,/root/exp/PerProgramAutoTune/datasets/compiler_gym_llvm21/ir/blas/137.ll,test,test,blas-v0,local:/root/DJY/dataset/train/blas-v0
blas,139,/root/exp/PerProgramAutoTune/datasets/compiler_gym_llvm21/ir/blas/139.ll,test,test,blas-v0,local:/root/DJY/dataset/train/blas-v0
blas,140,/root/exp/PerProgramAutoTune/datasets/compiler_gym_llvm21/ir/blas/140.ll,test,test,blas-v0,local:/root/DJY/dataset/test/blas-v0
blas,141,/root/exp/PerProgramAutoTune/datasets/compiler_gym_llvm21/ir/blas/141.ll,test,test,blas-v0,local:/root/DJY/dataset/train/blas-v0
blas,144,/root/exp/PerProgramAutoTune/datasets/compiler_gym_llvm21/ir/blas/144.ll,test,test,blas-v0,local:/root/DJY/dataset/train/blas-v0
blas,149,/root/exp/PerProgramAutoTune/datasets/compiler_gym_llvm21/ir/blas/149.ll,train_pool,validation,blas-v0,local:/root/DJY/dataset/test/blas-v0
blas,15,/root/exp/PerProgramAutoTune/datasets/compiler_gym_llvm21/ir/blas/15.ll,test,test,blas-v0,local:/root/DJY/dataset/train/blas-v0
blas,151,/root/exp/PerProgramAutoTune/datasets/compiler_gym_llvm21/ir/blas/151.ll,train_pool,search_train,blas-v0,local:/root/DJY/dataset/test/blas-v0
blas,152,/root/exp/PerProgramAutoTune/datasets/compiler_gym_llvm21/ir/blas/152.ll,train_pool,search_train,blas-v0,local:/root/DJY/dataset/train/blas-v0
blas,153,/root/exp/PerProgramAutoTune/datasets/compiler_gym_llvm21/ir/blas/153.ll,train_pool,search_train,blas-v0,local:/root/DJY/dataset/train/blas-v0
blas,155,/root/exp/PerProgramAutoTune/datasets/compiler_gym_llvm21/ir/blas/155.ll,train_pool,search_train,blas-v0,local:/root/DJY/dataset/train/blas-v0
blas,157,/root/exp/PerProgramAutoTune/datasets/compiler_gym_llvm21/ir/blas/157.ll,test,test,blas-v0,local:/root/DJY/dataset/train/blas-v0
blas,158,/root/exp/PerProgramAutoTune/datasets/compiler_gym_llvm21/ir/blas/158.ll,test,test,blas-v0,local:/root/DJY/dataset/train/blas-v0
blas,161,/root/exp/PerProgramAutoTune/datasets/compiler_gym_llvm21/ir/blas/161.ll,test,test,blas-v0,local:/root/DJY/dataset/train/blas-v0
blas,163,/root/exp/PerProgramAutoTune/datasets/compiler_gym_llvm21/ir/blas/163.ll,train_pool,search_train,blas-v0,local:/root/DJY/dataset/test/blas-v0
blas,167,/root/exp/PerProgramAutoTune/datasets/compiler_gym_llvm21/ir/blas/167.ll,test,test,blas-v0,local:/root/DJY/dataset/train/blas-v0
blas,169,/root/exp/PerProgramAutoTune/datasets/compiler_gym_llvm21/ir/blas/169.ll,train_pool,validation,blas-v0,local:/root/DJY/dataset/train/blas-v0
blas,170,/root/exp/PerProgramAutoTune/datasets/compiler_gym_llvm21/ir/blas/170.ll,test,test,blas-v0,local:/root/DJY/dataset/train/blas-v0
blas,171,/root/exp/PerProgramAutoTune/datasets/compiler_gym_llvm21/ir/blas/171.ll,test,test,blas-v0,local:/root/DJY/dataset/train/blas-v0
blas,172,/root/exp/PerProgramAutoTune/datasets/compiler_gym_llvm21/ir/blas/172.ll,test,test,blas-v0,local:/root/DJY/dataset/train/blas-v0
blas,176,/root/exp/PerProgramAutoTune/datasets/compiler_gym_llvm21/ir/blas/176.ll,test,test,blas-v0,local:/root/DJY/dataset/train/blas-v0
blas,178,/root/exp/PerProgramAutoTune/datasets/compiler_gym_llvm21/ir/blas/178.ll,test,test,blas-v0,local:/root/DJY/dataset/train/blas-v0
blas,179,/root/exp/PerProgramAutoTune/datasets/compiler_gym_llvm21/ir/blas/179.ll,test,test,blas-v0,local:/root/DJY/dataset/train/blas-v0
blas,184,/root/exp/PerProgramAutoTune/datasets/compiler_gym_llvm21/ir/blas/184.ll,train_pool,search_train,blas-v0,local:/root/DJY/dataset/test/blas-v0
blas,185,/root/exp/PerProgramAutoTune/datasets/compiler_gym_llvm21/ir/blas/185.ll,train_pool,validation,blas-v0,local:/root/DJY/dataset/train/blas-v0
blas,186,/root/exp/PerProgramAutoTune/datasets/compiler_gym_llvm21/ir/blas/186.ll,test,test,blas-v0,local:/root/DJY/dataset/train/blas-v0
blas,187,/root/exp/PerProgramAutoTune/datasets/compiler_gym_llvm21/ir/blas/187.ll,test,test,blas-v0,local:/root/DJY/dataset/train/blas-v0
blas,188,/root/exp/PerProgramAutoTune/datasets/compiler_gym_llvm21/ir/blas/188.ll,train_pool,search_train,blas-v0,local:/root/DJY/dataset/train/blas-v0
blas,189,/root/exp/PerProgramAutoTune/datasets/compiler_gym_llvm21/ir/blas/189.ll,test,test,blas-v0,local:/root/DJY/dataset/train/blas-v0
blas,19,/root/exp/PerProgramAutoTune/datasets/compiler_gym_llvm21/ir/blas/19.ll,test,test,blas-v0,local:/root/DJY/dataset/train/blas-v0
blas,191,/root/exp/PerProgramAutoTune/datasets/compiler_gym_llvm21/ir/blas/191.ll,test,test,blas-v0,local:/root/DJY/dataset/train/blas-v0
blas,193,/root/exp/PerProgramAutoTune/datasets/compiler_gym_llvm21/ir/blas/193.ll,test,test,blas-v0,local:/root/DJY/dataset/test/blas-v0
blas,194,/root/exp/PerProgramAutoTune/datasets/compiler_gym_llvm21/ir/blas/194.ll,test,test,blas-v0,local:/root/DJY/dataset/train/blas-v0
blas,197,/root/exp/PerProgramAutoTune/datasets/compiler_gym_llvm21/ir/blas/197.ll,test,test,blas-v0,local:/root/DJY/dataset/train/blas-v0
blas,198,/root/exp/PerProgramAutoTune/datasets/compiler_gym_llvm21/ir/blas/198.ll,train_pool,validation,blas-v0,local:/root/DJY/dataset/test/blas-v0
blas,199,/root/exp/PerProgramAutoTune/datasets/compiler_gym_llvm21/ir/blas/199.ll,test,test,blas-v0,local:/root/DJY/dataset/train/blas-v0
blas,2,/root/exp/PerProgramAutoTune/datasets/compiler_gym_llvm21/ir/blas/2.ll,test,test,blas-v0,local:/root/DJY/dataset/test/blas-v0
blas,20,/root/exp/PerProgramAutoTune/datasets/compiler_gym_llvm21/ir/blas/20.ll,test,test,blas-v0,local:/root/DJY/dataset/train/blas-v0
blas,200,/root/exp/PerProgramAutoTune/datasets/compiler_gym_llvm21/ir/blas/200.ll,test,test,blas-v0,local:/root/DJY/dataset/train/blas-v0
blas,201,/root/exp/PerProgramAutoTune/datasets/compiler_gym_llvm21/ir/blas/201.ll,test,test,blas-v0,local:/root/DJY/dataset/train/blas-v0
blas,203,/root/exp/PerProgramAutoTune/datasets/compiler_gym_llvm21/ir/blas/203.ll,test,test,blas-v0,local:/root/DJY/dataset/train/blas-v0
blas,205,/root/exp/PerProgramAutoTune/datasets/compiler_gym_llvm21/ir/blas/205.ll,test,test,blas-v0,local:/root/DJY/dataset/test/blas-v0
blas,206,/root/exp/PerProgramAutoTune/datasets/compiler_gym_llvm21/ir/blas/206.ll,test,test,blas-v0,local:/root/DJY/dataset/train/blas-v0
blas,208,/root/exp/PerProgramAutoTune/datasets/compiler_gym_llvm21/ir/blas/208.ll,train_pool,search_train,blas-v0,local:/root/DJY/dataset/test/blas-v0
blas,209,/root/exp/PerProgramAutoTune/datasets/compiler_gym_llvm21/ir/blas/209.ll,test,test,blas-v0,local:/root/DJY/dataset/train/blas-v0
blas,21,/root/exp/PerProgramAutoTune/datasets/compiler_gym_llvm21/ir/blas/21.ll,test,test,blas-v0,local:/root/DJY/dataset/test/blas-v0
blas,212,/root/exp/PerProgramAutoTune/datasets/compiler_gym_llvm21/ir/blas/212.ll,test,test,blas-v0,local:/root/DJY/dataset/test/blas-v0
blas,213,/root/exp/PerProgramAutoTune/datasets/compiler_gym_llvm21/ir/blas/213.ll,test,test,blas-v0,local:/root/DJY/dataset/train/blas-v0
blas,214,/root/exp/PerProgramAutoTune/datasets/compiler_gym_llvm21/ir/blas/214.ll,test,test,blas-v0,local:/root/DJY/dataset/train/blas-v0
blas,215,/root/exp/PerProgramAutoTune/datasets/compiler_gym_llvm21/ir/blas/215.ll,test,test,blas-v0,local:/root/DJY/dataset/train/blas-v0
blas,218,/root/exp/PerProgramAutoTune/datasets/compiler_gym_llvm21/ir/blas/218.ll,test,test,blas-v0,local:/root/DJY/dataset/train/blas-v0
blas,219,/root/exp/PerProgramAutoTune/datasets/compiler_gym_llvm21/ir/blas/219.ll,test,test,blas-v0,local:/root/DJY/dataset/test/blas-v0
blas,22,/root/exp/PerProgramAutoTune/datasets/compiler_gym_llvm21/ir/blas/22.ll,test,test,blas-v0,local:/root/DJY/dataset/test/blas-v0
blas,220,/root/exp/PerProgramAutoTune/datasets/compiler_gym_llvm21/ir/blas/220.ll,test,test,blas-v0,local:/root/DJY/dataset/train/blas-v0
blas,221,/root/exp/PerProgramAutoTune/datasets/compiler_gym_llvm21/ir/blas/221.ll,test,test,blas-v0,local:/root/DJY/dataset/train/blas-v0
blas,222,/root/exp/PerProgramAutoTune/datasets/compiler_gym_llvm21/ir/blas/222.ll,train_pool,search_train,blas-v0,local:/root/DJY/dataset/train/blas-v0
blas,223,/root/exp/PerProgramAutoTune/datasets/compiler_gym_llvm21/ir/blas/223.ll,test,test,blas-v0,local:/root/DJY/dataset/train/blas-v0
blas,225,/root/exp/PerProgramAutoTune/datasets/compiler_gym_llvm21/ir/blas/225.ll,train_pool,search_train,blas-v0,local:/root/DJY/dataset/train/blas-v0
blas,227,/root/exp/PerProgramAutoTune/datasets/compiler_gym_llvm21/ir/blas/227.ll,test,test,blas-v0,local:/root/DJY/dataset/train/blas-v0
blas,228,/root/exp/PerProgramAutoTune/datasets/compiler_gym_llvm21/ir/blas/228.ll,train_pool,search_train,blas-v0,local:/root/DJY/dataset/train/blas-v0
blas,229,/root/exp/PerProgramAutoTune/datasets/compiler_gym_llvm21/ir/blas/229.ll,test,test,blas-v0,local:/root/DJY/dataset/train/blas-v0
blas,230,/root/exp/PerProgramAutoTune/datasets/compiler_gym_llvm21/ir/blas/230.ll,test,test,blas-v0,local:/root/DJY/dataset/train/blas-v0
blas,231,/root/exp/PerProgramAutoTune/datasets/compiler_gym_llvm21/ir/blas/231.ll,train_pool,search_train,blas-v0,local:/root/DJY/dataset/train/blas-v0
blas,232,/root/exp/PerProgramAutoTune/datasets/compiler_gym_llvm21/ir/blas/232.ll,train_pool,search_train,blas-v0,local:/root/DJY/dataset/test/blas-v0
blas,233,/root/exp/PerProgramAutoTune/datasets/compiler_gym_llvm21/ir/blas/233.ll,test,test,blas-v0,local:/root/DJY/dataset/train/blas-v0
blas,237,/root/exp/PerProgramAutoTune/datasets/compiler_gym_llvm21/ir/blas/237.ll,train_pool,search_train,blas-v0,local:/root/DJY/dataset/train/blas-v0
blas,240,/root/exp/PerProgramAutoTune/datasets/compiler_gym_llvm21/ir/blas/240.ll,train_pool,search_train,blas-v0,local:/root/DJY/dataset/train/blas-v0
blas,241,/root/exp/PerProgramAutoTune/datasets/compiler_gym_llvm21/ir/blas/241.ll,test,test,blas-v0,local:/root/DJY/dataset/test/blas-v0
blas,242,/root/exp/PerProgramAutoTune/datasets/compiler_gym_llvm21/ir/blas/242.ll,train_pool,search_train,blas-v0,local:/root/DJY/dataset/train/blas-v0
blas,246,/root/exp/PerProgramAutoTune/datasets/compiler_gym_llvm21/ir/blas/246.ll,test,test,blas-v0,local:/root/DJY/dataset/train/blas-v0
blas,248,/root/exp/PerProgramAutoTune/datasets/compiler_gym_llvm21/ir/blas/248.ll,test,test,blas-v0,local:/root/DJY/dataset/train/blas-v0
blas,251,/root/exp/PerProgramAutoTune/datasets/compiler_gym_llvm21/ir/blas/251.ll,test,test,blas-v0,local:/root/DJY/dataset/train/blas-v0
blas,252,/root/exp/PerProgramAutoTune/datasets/compiler_gym_llvm21/ir/blas/252.ll,test,test,blas-v0,local:/root/DJY/dataset/train/blas-v0
blas,253,/root/exp/PerProgramAutoTune/datasets/compiler_gym_llvm21/ir/blas/253.ll,test,test,blas-v0,local:/root/DJY/dataset/train/blas-v0
blas,254,/root/exp/PerProgramAutoTune/datasets/compiler_gym_llvm21/ir/blas/254.ll,test,test,blas-v0,local:/root/DJY/dataset/train/blas-v0
blas,256,/root/exp/PerProgramAutoTune/datasets/compiler_gym_llvm21/ir/blas/256.ll,train_pool,search_train,blas-v0,local:/root/DJY/dataset/train/blas-v0
blas,257,/root/exp/PerProgramAutoTune/datasets/compiler_gym_llvm21/ir/blas/257.ll,train_pool,search_train,blas-v0,local:/root/DJY/dataset/train/blas-v0
blas,259,/root/exp/PerProgramAutoTune/datasets/compiler_gym_llvm21/ir/blas/259.ll,test,test,blas-v0,local:/root/DJY/dataset/test/blas-v0
blas,263,/root/exp/PerProgramAutoTune/datasets/compiler_gym_llvm21/ir/blas/263.ll,test,test,blas-v0,local:/root/DJY/dataset/train/blas-v0
blas,264,/root/exp/PerProgramAutoTune/datasets/compiler_gym_llvm21/ir/blas/264.ll,test,test,blas-v0,local:/root/DJY/dataset/test/blas-v0
blas,265,/root/exp/PerProgramAutoTune/datasets/compiler_gym_llvm21/ir/blas/265.ll,train_pool,search_train,blas-v0,local:/root/DJY/dataset/train/blas-v0
blas,266,/root/exp/PerProgramAutoTune/datasets/compiler_gym_llvm21/ir/blas/266.ll,test,test,blas-v0,local:/root/DJY/dataset/train/blas-v0
blas,27,/root/exp/PerProgramAutoTune/datasets/compiler_gym_llvm21/ir/blas/27.ll,test,test,blas-v0,local:/root/DJY/dataset/train/blas-v0
blas,270,/root/exp/PerProgramAutoTune/datasets/compiler_gym_llvm21/ir/blas/270.ll,train_pool,search_train,blas-v0,local:/root/DJY/dataset/train/blas-v0
blas,273,/root/exp/PerProgramAutoTune/datasets/compiler_gym_llvm21/ir/blas/273.ll,test,test,blas-v0,local:/root/DJY/dataset/train/blas-v0
blas,274,/root/exp/PerProgramAutoTune/datasets/compiler_gym_llvm21/ir/blas/274.ll,test,test,blas-v0,local:/root/DJY/dataset/train/blas-v0
blas,277,/root/exp/PerProgramAutoTune/datasets/compiler_gym_llvm21/ir/blas/277.ll,train_pool,validation,blas-v0,local:/root/DJY/dataset/train/blas-v0
blas,280,/root/exp/PerProgramAutoTune/datasets/compiler_gym_llvm21/ir/blas/280.ll,test,test,blas-v0,local:/root/DJY/dataset/train/blas-v0
blas,284,/root/exp/PerProgramAutoTune/datasets/compiler_gym_llvm21/ir/blas/284.ll,test,test,blas-v0,local:/root/DJY/dataset/train/blas-v0
blas,286,/root/exp/PerProgramAutoTune/datasets/compiler_gym_llvm21/ir/blas/286.ll,test,test,blas-v0,local:/root/DJY/dataset/train/blas-v0
blas,287,/root/exp/PerProgramAutoTune/datasets/compiler_gym_llvm21/ir/blas/287.ll,train_pool,search_train,blas-v0,local:/root/DJY/dataset/train/blas-v0
blas,291,/root/exp/PerProgramAutoTune/datasets/compiler_gym_llvm21/ir/blas/291.ll,test,test,blas-v0,local:/root/DJY/dataset/train/blas-v0
blas,294,/root/exp/PerProgramAutoTune/datasets/compiler_gym_llvm21/ir/blas/294.ll,test,test,blas-v0,local:/root/DJY/dataset/train/blas-v0
blas,295,/root/exp/PerProgramAutoTune/datasets/compiler_gym_llvm21/ir/blas/295.ll,test,test,blas-v0,local:/root/DJY/dataset/train/blas-v0
blas,296,/root/exp/PerProgramAutoTune/datasets/compiler_gym_llvm21/ir/blas/296.ll,test,test,blas-v0,local:/root/DJY/dataset/train/blas-v0
blas,297,/root/exp/PerProgramAutoTune/datasets/compiler_gym_llvm21/ir/blas/297.ll,train_pool,search_train,blas-v0,local:/root/DJY/dataset/train/blas-v0
blas,298,/root/exp/PerProgramAutoTune/datasets/compiler_gym_llvm21/ir/blas/298.ll,test,test,blas-v0,local:/root/DJY/dataset/train/blas-v0
blas,299,/root/exp/PerProgramAutoTune/datasets/compiler_gym_llvm21/ir/blas/299.ll,test,test,blas-v0,local:/root/DJY/dataset/test/blas-v0
blas,30,/root/exp/PerProgramAutoTune/datasets/compiler_gym_llvm21/ir/blas/30.ll,train_pool,search_train,blas-v0,local:/root/DJY/dataset/train/blas-v0
blas,35,/root/exp/PerProgramAutoTune/datasets/compiler_gym_llvm21/ir/blas/35.ll,train_pool,search_train,blas-v0,local:/root/DJY/dataset/train/blas-v0
blas,36,/root/exp/PerProgramAutoTune/datasets/compiler_gym_llvm21/ir/blas/36.ll,test,test,blas-v0,local:/root/DJY/dataset/train/blas-v0
blas,37,/root/exp/PerProgramAutoTune/datasets/compiler_gym_llvm21/ir/blas/37.ll,train_pool,search_train,blas-v0,local:/root/DJY/dataset/train/blas-v0
blas,38,/root/exp/PerProgramAutoTune/datasets/compiler_gym_llvm21/ir/blas/38.ll,test,test,blas-v0,local:/root/DJY/dataset/train/blas-v0
blas,40,/root/exp/PerProgramAutoTune/datasets/compiler_gym_llvm21/ir/blas/40.ll,test,test,blas-v0,local:/root/DJY/dataset/test/blas-v0
blas,42,/root/exp/PerProgramAutoTune/datasets/compiler_gym_llvm21/ir/blas/42.ll,test,test,blas-v0,local:/root/DJY/dataset/train/blas-v0
blas,43,/root/exp/PerProgramAutoTune/datasets/compiler_gym_llvm21/ir/blas/43.ll,test,test,blas-v0,local:/root/DJY/dataset/train/blas-v0
blas,45,/root/exp/PerProgramAutoTune/datasets/compiler_gym_llvm21/ir/blas/45.ll,test,test,blas-v0,local:/root/DJY/dataset/train/blas-v0
blas,48,/root/exp/PerProgramAutoTune/datasets/compiler_gym_llvm21/ir/blas/48.ll,test,test,blas-v0,local:/root/DJY/dataset/train/blas-v0
blas,49,/root/exp/PerProgramAutoTune/datasets/compiler_gym_llvm21/ir/blas/49.ll,test,test,blas-v0,local:/root/DJY/dataset/train/blas-v0
blas,5,/root/exp/PerProgramAutoTune/datasets/compiler_gym_llvm21/ir/blas/5.ll,train_pool,search_train,blas-v0,local:/root/DJY/dataset/train/blas-v0
blas,51,/root/exp/PerProgramAutoTune/datasets/compiler_gym_llvm21/ir/blas/51.ll,test,test,blas-v0,local:/root/DJY/dataset/train/blas-v0
blas,53,/root/exp/PerProgramAutoTune/datasets/compiler_gym_llvm21/ir/blas/53.ll,test,test,blas-v0,local:/root/DJY/dataset/train/blas-v0
blas,56,/root/exp/PerProgramAutoTune/datasets/compiler_gym_llvm21/ir/blas/56.ll,train_pool,validation,blas-v0,local:/root/DJY/dataset/train/blas-v0
blas,57,/root/exp/PerProgramAutoTune/datasets/compiler_gym_llvm21/ir/blas/57.ll,train_pool,validation,blas-v0,local:/root/DJY/dataset/train/blas-v0
blas,58,/root/exp/PerProgramAutoTune/datasets/compiler_gym_llvm21/ir/blas/58.ll,test,test,blas-v0,local:/root/DJY/dataset/train/blas-v0
blas,60,/root/exp/PerProgramAutoTune/datasets/compiler_gym_llvm21/ir/blas/60.ll,test,test,blas-v0,local:/root/DJY/dataset/test/blas-v0
blas,63,/root/exp/PerProgramAutoTune/datasets/compiler_gym_llvm21/ir/blas/63.ll,test,test,blas-v0,local:/root/DJY/dataset/train/blas-v0
blas,64,/root/exp/PerProgramAutoTune/datasets/compiler_gym_llvm21/ir/blas/64.ll,train_pool,validation,blas-v0,local:/root/DJY/dataset/train/blas-v0
blas,65,/root/exp/PerProgramAutoTune/datasets/compiler_gym_llvm21/ir/blas/65.ll,test,test,blas-v0,local:/root/DJY/dataset/train/blas-v0
blas,69,/root/exp/PerProgramAutoTune/datasets/compiler_gym_llvm21/ir/blas/69.ll,test,test,blas-v0,local:/root/DJY/dataset/train/blas-v0
blas,70,/root/exp/PerProgramAutoTune/datasets/compiler_gym_llvm21/ir/blas/70.ll,test,test,blas-v0,local:/root/DJY/dataset/test/blas-v0
blas,71,/root/exp/PerProgramAutoTune/datasets/compiler_gym_llvm21/ir/blas/71.ll,train_pool,search_train,blas-v0,local:/root/DJY/dataset/train/blas-v0
blas,73,/root/exp/PerProgramAutoTune/datasets/compiler_gym_llvm21/ir/blas/73.ll,test,test,blas-v0,local:/root/DJY/dataset/test/blas-v0
blas,76,/root/exp/PerProgramAutoTune/datasets/compiler_gym_llvm21/ir/blas/76.ll,test,test,blas-v0,local:/root/DJY/dataset/train/blas-v0
blas,77,/root/exp/PerProgramAutoTune/datasets/compiler_gym_llvm21/ir/blas/77.ll,train_pool,validation,blas-v0,local:/root/DJY/dataset/train/blas-v0
blas,79,/root/exp/PerProgramAutoTune/datasets/compiler_gym_llvm21/ir/blas/79.ll,test,test,blas-v0,local:/root/DJY/dataset/train/blas-v0
blas,80,/root/exp/PerProgramAutoTune/datasets/compiler_gym_llvm21/ir/blas/80.ll,test,test,blas-v0,local:/root/DJY/dataset/train/blas-v0
blas,81,/root/exp/PerProgramAutoTune/datasets/compiler_gym_llvm21/ir/blas/81.ll,test,test,blas-v0,local:/root/DJY/dataset/test/blas-v0
blas,83,/root/exp/PerProgramAutoTune/datasets/compiler_gym_llvm21/ir/blas/83.ll,train_pool,search_train,blas-v0,local:/root/DJY/dataset/train/blas-v0
blas,85,/root/exp/PerProgramAutoTune/datasets/compiler_gym_llvm21/ir/blas/85.ll,train_pool,search_train,blas-v0,local:/root/DJY/dataset/test/blas-v0
blas,86,/root/exp/PerProgramAutoTune/datasets/compiler_gym_llvm21/ir/blas/86.ll,test,test,blas-v0,local:/root/DJY/dataset/train/blas-v0
blas,87,/root/exp/PerProgramAutoTune/datasets/compiler_gym_llvm21/ir/blas/87.ll,test,test,blas-v0,local:/root/DJY/dataset/train/blas-v0
blas,88,/root/exp/PerProgramAutoTune/datasets/compiler_gym_llvm21/ir/blas/88.ll,test,test,blas-v0,local:/root/DJY/dataset/test/blas-v0
blas,90,/root/exp/PerProgramAutoTune/datasets/compiler_gym_llvm21/ir/blas/90.ll,test,test,blas-v0,local:/root/DJY/dataset/train/blas-v0
blas,91,/root/exp/PerProgramAutoTune/datasets/compiler_gym_llvm21/ir/blas/91.ll,train_pool,search_train,blas-v0,local:/root/DJY/dataset/train/blas-v0
blas,95,/root/exp/PerProgramAutoTune/datasets/compiler_gym_llvm21/ir/blas/95.ll,train_pool,search_train,blas-v0,local:/root/DJY/dataset/train/blas-v0
blas,96,/root/exp/PerProgramAutoTune/datasets/compiler_gym_llvm21/ir/blas/96.ll,train_pool,search_train,blas-v0,local:/root/DJY/dataset/train/blas-v0
blas,98,/root/exp/PerProgramAutoTune/datasets/compiler_gym_llvm21/ir/blas/98.ll,train_pool,validation,blas-v0,local:/root/DJY/dataset/train/blas-v0
cbench,adpcm,/root/exp/PerProgramAutoTune/datasets/compiler_gym_llvm21/ir/cbench/adpcm.ll,test,test,cbench-v1,local:/root/DJY/dataset/test/cbench-v1
cbench,bitcount,/root/exp/PerProgramAutoTune/datasets/compiler_gym_llvm21/ir/cbench/bitcount.ll,test,test,cbench-v1,local:/root/DJY/dataset/test/cbench-v1
cbench,blowfish,/root/exp/PerProgramAutoTune/datasets/compiler_gym_llvm21/ir/cbench/blowfish.ll,test,test,cbench-v1,local:/root/DJY/dataset/test/cbench-v1
cbench,crc32,/root/exp/PerProgramAutoTune/datasets/compiler_gym_llvm21/ir/cbench/crc32.ll,test,test,cbench-v1,local:/root/DJY/dataset/test/cbench-v1
cbench,dijkstra,/root/exp/PerProgramAutoTune/datasets/compiler_gym_llvm21/ir/cbench/dijkstra.ll,test,test,cbench-v1,local:/root/DJY/dataset/test/cbench-v1
cbench,patricia,/root/exp/PerProgramAutoTune/datasets/compiler_gym_llvm21/ir/cbench/patricia.ll,test,test,cbench-v1,local:/root/DJY/dataset/test/cbench-v1
cbench,qsort,/root/exp/PerProgramAutoTune/datasets/compiler_gym_llvm21/ir/cbench/qsort.ll,train_pool,validation,cbench-v1,local:/root/DJY/dataset/test/cbench-v1
cbench,rijndael,/root/exp/PerProgramAutoTune/datasets/compiler_gym_llvm21/ir/cbench/rijndael.ll,train_pool,search_train,cbench-v1,local:/root/DJY/dataset/test/cbench-v1
cbench,sha,/root/exp/PerProgramAutoTune/datasets/compiler_gym_llvm21/ir/cbench/sha.ll,test,test,cbench-v1,local:/root/DJY/dataset/test/cbench-v1
cbench,stringsearch,/root/exp/PerProgramAutoTune/datasets/compiler_gym_llvm21/ir/cbench/stringsearch.ll,test,test,cbench-v1,local:/root/DJY/dataset/test/cbench-v1
cbench,stringsearch2,/root/exp/PerProgramAutoTune/datasets/compiler_gym_llvm21/ir/cbench/stringsearch2.ll,train_pool,validation,cbench-v1,local:/root/DJY/dataset/test/cbench-v1
chstone,adpcm,/root/exp/PerProgramAutoTune/datasets/compiler_gym_llvm21/ir/chstone/adpcm.ll,train_pool,validation,chstone-v0,local:/root/DJY/dataset/test/chstone-v0
chstone,aes,/root/exp/PerProgramAutoTune/datasets/compiler_gym_llvm21/ir/chstone/aes.ll,test,test,chstone-v0,local:/root/DJY/dataset/test/chstone-v0
chstone,blowfish,/root/exp/PerProgramAutoTune/datasets/compiler_gym_llvm21/ir/chstone/blowfish.ll,test,test,chstone-v0,local:/root/DJY/dataset/test/chstone-v0
chstone,dfadd,/root/exp/PerProgramAutoTune/datasets/compiler_gym_llvm21/ir/chstone/dfadd.ll,train_pool,search_train,chstone-v0,local:/root/DJY/dataset/test/chstone-v0
chstone,dfdiv,/root/exp/PerProgramAutoTune/datasets/compiler_gym_llvm21/ir/chstone/dfdiv.ll,test,test,chstone-v0,local:/root/DJY/dataset/test/chstone-v0
chstone,dfmul,/root/exp/PerProgramAutoTune/datasets/compiler_gym_llvm21/ir/chstone/dfmul.ll,train_pool,search_train,chstone-v0,local:/root/DJY/dataset/test/chstone-v0
chstone,dfsin,/root/exp/PerProgramAutoTune/datasets/compiler_gym_llvm21/ir/chstone/dfsin.ll,test,test,chstone-v0,local:/root/DJY/dataset/test/chstone-v0
chstone,gsm,/root/exp/PerProgramAutoTune/datasets/compiler_gym_llvm21/ir/chstone/gsm.ll,test,test,chstone-v0,local:/root/DJY/dataset/test/chstone-v0
chstone,jpeg,/root/exp/PerProgramAutoTune/datasets/compiler_gym_llvm21/ir/chstone/jpeg.ll,test,test,chstone-v0,local:/root/DJY/dataset/test/chstone-v0
chstone,mips,/root/exp/PerProgramAutoTune/datasets/compiler_gym_llvm21/ir/chstone/mips.ll,test,test,chstone-v0,local:/root/DJY/dataset/test/chstone-v0
chstone,motion,/root/exp/PerProgramAutoTune/datasets/compiler_gym_llvm21/ir/chstone/motion.ll,test,test,chstone-v0,local:/root/DJY/dataset/test/chstone-v0
chstone,sha,/root/exp/PerProgramAutoTune/datasets/compiler_gym_llvm21/ir/chstone/sha.ll,test,test,chstone-v0,local:/root/DJY/dataset/test/chstone-v0
mibench,bitcount-1,/root/exp/PerProgramAutoTune/datasets/compiler_gym_llvm21/ir/mibench/bitcount-1.ll,train_pool,search_train,mibench-v1,local:/root/DJY/dataset/test/mibench-v1
mibench,bitcount-2,/root/exp/PerProgramAutoTune/datasets/compiler_gym_llvm21/ir/mibench/bitcount-2.ll,train_pool,search_train,mibench-v1,local:/root/DJY/dataset/test/mibench-v1
mibench,dijkstra,/root/exp/PerProgramAutoTune/datasets/compiler_gym_llvm21/ir/mibench/dijkstra.ll,test,test,mibench-v1,local:/root/DJY/dataset/test/mibench-v1
mibench,fft-1,/root/exp/PerProgramAutoTune/datasets/compiler_gym_llvm21/ir/mibench/fft-1.ll,train_pool,search_train,mibench-v1,local:/root/DJY/dataset/test/mibench-v1
mibench,fft-2,/root/exp/PerProgramAutoTune/datasets/compiler_gym_llvm21/ir/mibench/fft-2.ll,train_pool,search_train,mibench-v1,local:/root/DJY/dataset/test/mibench-v1
mibench,ghostscript,/root/exp/PerProgramAutoTune/datasets/compiler_gym_llvm21/ir/mibench/ghostscript.ll,test,test,mibench-v1,local:/root/DJY/dataset/test/mibench-v1
mibench,gsm-1,/root/exp/PerProgramAutoTune/datasets/compiler_gym_llvm21/ir/mibench/gsm-1.ll,test,test,mibench-v1,local:/root/DJY/dataset/test/mibench-v1
mibench,gsm-2,/root/exp/PerProgramAutoTune/datasets/compiler_gym_llvm21/ir/mibench/gsm-2.ll,test,test,mibench-v1,local:/root/DJY/dataset/test/mibench-v1
mibench,jpeg-c,/root/exp/PerProgramAutoTune/datasets/compiler_gym_llvm21/ir/mibench/jpeg-c.ll,test,test,mibench-v1,local:/root/DJY/dataset/test/mibench-v1
mibench,jpeg-c-1,/root/exp/PerProgramAutoTune/datasets/compiler_gym_llvm21/ir/mibench/jpeg-c-1.ll,test,test,mibench-v1,local:/root/DJY/dataset/test/mibench-v1
mibench,jpeg-c-2,/root/exp/PerProgramAutoTune/datasets/compiler_gym_llvm21/ir/mibench/jpeg-c-2.ll,test,test,mibench-v1,local:/root/DJY/dataset/test/mibench-v1
mibench,jpeg-c-3,/root/exp/PerProgramAutoTune/datasets/compiler_gym_llvm21/ir/mibench/jpeg-c-3.ll,test,test,mibench-v1,local:/root/DJY/dataset/test/mibench-v1
mibench,lame-newmdct-1,/root/exp/PerProgramAutoTune/datasets/compiler_gym_llvm21/ir/mibench/lame-newmdct-1.ll,test,test,mibench-v1,local:/root/DJY/dataset/test/mibench-v1
mibench,lame-newmdct-2,/root/exp/PerProgramAutoTune/datasets/compiler_gym_llvm21/ir/mibench/lame-newmdct-2.ll,test,test,mibench-v1,local:/root/DJY/dataset/test/mibench-v1
mibench,lame-psymodel,/root/exp/PerProgramAutoTune/datasets/compiler_gym_llvm21/ir/mibench/lame-psymodel.ll,test,test,mibench-v1,local:/root/DJY/dataset/test/mibench-v1
mibench,lame-quantize-1,/root/exp/PerProgramAutoTune/datasets/compiler_gym_llvm21/ir/mibench/lame-quantize-1.ll,test,test,mibench-v1,local:/root/DJY/dataset/test/mibench-v1
mibench,lame-quantize-2,/root/exp/PerProgramAutoTune/datasets/compiler_gym_llvm21/ir/mibench/lame-quantize-2.ll,test,test,mibench-v1,local:/root/DJY/dataset/test/mibench-v1
mibench,lame-takehiro-1,/root/exp/PerProgramAutoTune/datasets/compiler_gym_llvm21/ir/mibench/lame-takehiro-1.ll,train_pool,search_train,mibench-v1,local:/root/DJY/dataset/test/mibench-v1
mibench,lame-takehiro-2,/root/exp/PerProgramAutoTune/datasets/compiler_gym_llvm21/ir/mibench/lame-takehiro-2.ll,test,test,mibench-v1,local:/root/DJY/dataset/test/mibench-v1
mibench,mad-1,/root/exp/PerProgramAutoTune/datasets/compiler_gym_llvm21/ir/mibench/mad-1.ll,train_pool,search_train,mibench-v1,local:/root/DJY/dataset/test/mibench-v1
mibench,mad-2,/root/exp/PerProgramAutoTune/datasets/compiler_gym_llvm21/ir/mibench/mad-2.ll,test,test,mibench-v1,local:/root/DJY/dataset/test/mibench-v1
mibench,pgp-d,/root/exp/PerProgramAutoTune/datasets/compiler_gym_llvm21/ir/mibench/pgp-d.ll,test,test,mibench-v1,local:/root/DJY/dataset/test/mibench-v1
mibench,pgp-e-1,/root/exp/PerProgramAutoTune/datasets/compiler_gym_llvm21/ir/mibench/pgp-e-1.ll,test,test,mibench-v1,local:/root/DJY/dataset/test/mibench-v1
mibench,pgp-e-2,/root/exp/PerProgramAutoTune/datasets/compiler_gym_llvm21/ir/mibench/pgp-e-2.ll,test,test,mibench-v1,local:/root/DJY/dataset/test/mibench-v1
mibench,pgp-e-3,/root/exp/PerProgramAutoTune/datasets/compiler_gym_llvm21/ir/mibench/pgp-e-3.ll,train_pool,validation,mibench-v1,local:/root/DJY/dataset/test/mibench-v1
mibench,qsort1,/root/exp/PerProgramAutoTune/datasets/compiler_gym_llvm21/ir/mibench/qsort1.ll,train_pool,search_train,mibench-v1,local:/root/DJY/dataset/test/mibench-v1
mibench,rsynth-1,/root/exp/PerProgramAutoTune/datasets/compiler_gym_llvm21/ir/mibench/rsynth-1.ll,train_pool,validation,mibench-v1,local:/root/DJY/dataset/test/mibench-v1
mibench,rsynth-2,/root/exp/PerProgramAutoTune/datasets/compiler_gym_llvm21/ir/mibench/rsynth-2.ll,train_pool,search_train,mibench-v1,local:/root/DJY/dataset/test/mibench-v1
mibench,susan-e-1,/root/exp/PerProgramAutoTune/datasets/compiler_gym_llvm21/ir/mibench/susan-e-1.ll,test,test,mibench-v1,local:/root/DJY/dataset/test/mibench-v1
mibench,susan-e-2,/root/exp/PerProgramAutoTune/datasets/compiler_gym_llvm21/ir/mibench/susan-e-2.ll,test,test,mibench-v1,local:/root/DJY/dataset/test/mibench-v1
mibench,susan-s,/root/exp/PerProgramAutoTune/datasets/compiler_gym_llvm21/ir/mibench/susan-s.ll,test,test,mibench-v1,local:/root/DJY/dataset/test/mibench-v1
mibench,tiff2rgba,/root/exp/PerProgramAutoTune/datasets/compiler_gym_llvm21/ir/mibench/tiff2rgba.ll,test,test,mibench-v1,local:/root/DJY/dataset/test/mibench-v1
mibench,tiffdither-1,/root/exp/PerProgramAutoTune/datasets/compiler_gym_llvm21/ir/mibench/tiffdither-1.ll,test,test,mibench-v1,local:/root/DJY/dataset/test/mibench-v1
mibench,tiffdither-2,/root/exp/PerProgramAutoTune/datasets/compiler_gym_llvm21/ir/mibench/tiffdither-2.ll,test,test,mibench-v1,local:/root/DJY/dataset/test/mibench-v1
mibench,tiffdither-3,/root/exp/PerProgramAutoTune/datasets/compiler_gym_llvm21/ir/mibench/tiffdither-3.ll,test,test,mibench-v1,local:/root/DJY/dataset/test/mibench-v1
mibench,tiffmedian-1,/root/exp/PerProgramAutoTune/datasets/compiler_gym_llvm21/ir/mibench/tiffmedian-1.ll,test,test,mibench-v1,local:/root/DJY/dataset/test/mibench-v1
mibench,tiffmedian-2,/root/exp/PerProgramAutoTune/datasets/compiler_gym_llvm21/ir/mibench/tiffmedian-2.ll,train_pool,search_train,mibench-v1,local:/root/DJY/dataset/test/mibench-v1
mibench,tiffmedian-3,/root/exp/PerProgramAutoTune/datasets/compiler_gym_llvm21/ir/mibench/tiffmedian-3.ll,test,test,mibench-v1,local:/root/DJY/dataset/test/mibench-v1
mibench,tiffmedian-4,/root/exp/PerProgramAutoTune/datasets/compiler_gym_llvm21/ir/mibench/tiffmedian-4.ll,train_pool,search_train,mibench-v1,local:/root/DJY/dataset/test/mibench-v1
mibench,tiffmedian-5,/root/exp/PerProgramAutoTune/datasets/compiler_gym_llvm21/ir/mibench/tiffmedian-5.ll,test,test,mibench-v1,local:/root/DJY/dataset/test/mibench-v1
npb,1,/root/exp/PerProgramAutoTune/datasets/compiler_gym_llvm21/ir/npb/1.ll,test,test,npb-v0,local:/root/DJY/dataset/test/npb-v0
npb,10,/root/exp/PerProgramAutoTune/datasets/compiler_gym_llvm21/ir/npb/10.ll,train_pool,validation,npb-v0,local:/root/DJY/dataset/test/npb-v0
npb,100,/root/exp/PerProgramAutoTune/datasets/compiler_gym_llvm21/ir/npb/100.ll,test,test,npb-v0,local:/root/DJY/dataset/test/npb-v0
npb,101,/root/exp/PerProgramAutoTune/datasets/compiler_gym_llvm21/ir/npb/101.ll,test,test,npb-v0,local:/root/DJY/dataset/test/npb-v0
npb,102,/root/exp/PerProgramAutoTune/datasets/compiler_gym_llvm21/ir/npb/102.ll,test,test,npb-v0,local:/root/DJY/dataset/test/npb-v0
npb,103,/root/exp/PerProgramAutoTune/datasets/compiler_gym_llvm21/ir/npb/103.ll,train_pool,validation,npb-v0,local:/root/DJY/dataset/test/npb-v0
npb,104,/root/exp/PerProgramAutoTune/datasets/compiler_gym_llvm21/ir/npb/104.ll,test,test,npb-v0,local:/root/DJY/dataset/test/npb-v0
npb,105,/root/exp/PerProgramAutoTune/datasets/compiler_gym_llvm21/ir/npb/105.ll,train_pool,search_train,npb-v0,local:/root/DJY/dataset/test/npb-v0
npb,106,/root/exp/PerProgramAutoTune/datasets/compiler_gym_llvm21/ir/npb/106.ll,test,test,npb-v0,local:/root/DJY/dataset/test/npb-v0
npb,107,/root/exp/PerProgramAutoTune/datasets/compiler_gym_llvm21/ir/npb/107.ll,train_pool,validation,npb-v0,local:/root/DJY/dataset/test/npb-v0
npb,108,/root/exp/PerProgramAutoTune/datasets/compiler_gym_llvm21/ir/npb/108.ll,test,test,npb-v0,local:/root/DJY/dataset/test/npb-v0
npb,109,/root/exp/PerProgramAutoTune/datasets/compiler_gym_llvm21/ir/npb/109.ll,train_pool,validation,npb-v0,local:/root/DJY/dataset/test/npb-v0
npb,11,/root/exp/PerProgramAutoTune/datasets/compiler_gym_llvm21/ir/npb/11.ll,test,test,npb-v0,local:/root/DJY/dataset/test/npb-v0
npb,110,/root/exp/PerProgramAutoTune/datasets/compiler_gym_llvm21/ir/npb/110.ll,train_pool,search_train,npb-v0,local:/root/DJY/dataset/test/npb-v0
npb,111,/root/exp/PerProgramAutoTune/datasets/compiler_gym_llvm21/ir/npb/111.ll,test,test,npb-v0,local:/root/DJY/dataset/test/npb-v0
npb,112,/root/exp/PerProgramAutoTune/datasets/compiler_gym_llvm21/ir/npb/112.ll,train_pool,validation,npb-v0,local:/root/DJY/dataset/test/npb-v0
npb,113,/root/exp/PerProgramAutoTune/datasets/compiler_gym_llvm21/ir/npb/113.ll,test,test,npb-v0,local:/root/DJY/dataset/test/npb-v0
npb,114,/root/exp/PerProgramAutoTune/datasets/compiler_gym_llvm21/ir/npb/114.ll,train_pool,search_train,npb-v0,local:/root/DJY/dataset/test/npb-v0
npb,115,/root/exp/PerProgramAutoTune/datasets/compiler_gym_llvm21/ir/npb/115.ll,test,test,npb-v0,local:/root/DJY/dataset/test/npb-v0
npb,116,/root/exp/PerProgramAutoTune/datasets/compiler_gym_llvm21/ir/npb/116.ll,test,test,npb-v0,local:/root/DJY/dataset/test/npb-v0
npb,117,/root/exp/PerProgramAutoTune/datasets/compiler_gym_llvm21/ir/npb/117.ll,train_pool,validation,npb-v0,local:/root/DJY/dataset/test/npb-v0
npb,118,/root/exp/PerProgramAutoTune/datasets/compiler_gym_llvm21/ir/npb/118.ll,test,test,npb-v0,local:/root/DJY/dataset/test/npb-v0
npb,119,/root/exp/PerProgramAutoTune/datasets/compiler_gym_llvm21/ir/npb/119.ll,test,test,npb-v0,local:/root/DJY/dataset/test/npb-v0
npb,12,/root/exp/PerProgramAutoTune/datasets/compiler_gym_llvm21/ir/npb/12.ll,test,test,npb-v0,local:/root/DJY/dataset/test/npb-v0
npb,120,/root/exp/PerProgramAutoTune/datasets/compiler_gym_llvm21/ir/npb/120.ll,test,test,npb-v0,local:/root/DJY/dataset/test/npb-v0
npb,121,/root/exp/PerProgramAutoTune/datasets/compiler_gym_llvm21/ir/npb/121.ll,test,test,npb-v0,local:/root/DJY/dataset/test/npb-v0
npb,122,/root/exp/PerProgramAutoTune/datasets/compiler_gym_llvm21/ir/npb/122.ll,test,test,npb-v0,local:/root/DJY/dataset/test/npb-v0
npb,13,/root/exp/PerProgramAutoTune/datasets/compiler_gym_llvm21/ir/npb/13.ll,test,test,npb-v0,local:/root/DJY/dataset/test/npb-v0
npb,14,/root/exp/PerProgramAutoTune/datasets/compiler_gym_llvm21/ir/npb/14.ll,test,test,npb-v0,local:/root/DJY/dataset/test/npb-v0
npb,15,/root/exp/PerProgramAutoTune/datasets/compiler_gym_llvm21/ir/npb/15.ll,test,test,npb-v0,local:/root/DJY/dataset/test/npb-v0
npb,16,/root/exp/PerProgramAutoTune/datasets/compiler_gym_llvm21/ir/npb/16.ll,test,test,npb-v0,local:/root/DJY/dataset/test/npb-v0
npb,17,/root/exp/PerProgramAutoTune/datasets/compiler_gym_llvm21/ir/npb/17.ll,test,test,npb-v0,local:/root/DJY/dataset/test/npb-v0
npb,18,/root/exp/PerProgramAutoTune/datasets/compiler_gym_llvm21/ir/npb/18.ll,train_pool,search_train,npb-v0,local:/root/DJY/dataset/test/npb-v0
npb,19,/root/exp/PerProgramAutoTune/datasets/compiler_gym_llvm21/ir/npb/19.ll,train_pool,search_train,npb-v0,local:/root/DJY/dataset/test/npb-v0
npb,2,/root/exp/PerProgramAutoTune/datasets/compiler_gym_llvm21/ir/npb/2.ll,train_pool,validation,npb-v0,local:/root/DJY/dataset/test/npb-v0
npb,20,/root/exp/PerProgramAutoTune/datasets/compiler_gym_llvm21/ir/npb/20.ll,test,test,npb-v0,local:/root/DJY/dataset/test/npb-v0
npb,21,/root/exp/PerProgramAutoTune/datasets/compiler_gym_llvm21/ir/npb/21.ll,test,test,npb-v0,local:/root/DJY/dataset/test/npb-v0
npb,22,/root/exp/PerProgramAutoTune/datasets/compiler_gym_llvm21/ir/npb/22.ll,test,test,npb-v0,local:/root/DJY/dataset/test/npb-v0
npb,23,/root/exp/PerProgramAutoTune/datasets/compiler_gym_llvm21/ir/npb/23.ll,test,test,npb-v0,local:/root/DJY/dataset/test/npb-v0
npb,24,/root/exp/PerProgramAutoTune/datasets/compiler_gym_llvm21/ir/npb/24.ll,test,test,npb-v0,local:/root/DJY/dataset/test/npb-v0
npb,25,/root/exp/PerProgramAutoTune/datasets/compiler_gym_llvm21/ir/npb/25.ll,train_pool,search_train,npb-v0,local:/root/DJY/dataset/test/npb-v0
npb,26,/root/exp/PerProgramAutoTune/datasets/compiler_gym_llvm21/ir/npb/26.ll,test,test,npb-v0,local:/root/DJY/dataset/test/npb-v0
npb,27,/root/exp/PerProgramAutoTune/datasets/compiler_gym_llvm21/ir/npb/27.ll,test,test,npb-v0,local:/root/DJY/dataset/test/npb-v0
npb,28,/root/exp/PerProgramAutoTune/datasets/compiler_gym_llvm21/ir/npb/28.ll,test,test,npb-v0,local:/root/DJY/dataset/test/npb-v0
npb,29,/root/exp/PerProgramAutoTune/datasets/compiler_gym_llvm21/ir/npb/29.ll,test,test,npb-v0,local:/root/DJY/dataset/test/npb-v0
npb,3,/root/exp/PerProgramAutoTune/datasets/compiler_gym_llvm21/ir/npb/3.ll,train_pool,search_train,npb-v0,local:/root/DJY/dataset/test/npb-v0
npb,30,/root/exp/PerProgramAutoTune/datasets/compiler_gym_llvm21/ir/npb/30.ll,test,test,npb-v0,local:/root/DJY/dataset/test/npb-v0
npb,31,/root/exp/PerProgramAutoTune/datasets/compiler_gym_llvm21/ir/npb/31.ll,train_pool,search_train,npb-v0,local:/root/DJY/dataset/test/npb-v0
npb,32,/root/exp/PerProgramAutoTune/datasets/compiler_gym_llvm21/ir/npb/32.ll,test,test,npb-v0,local:/root/DJY/dataset/test/npb-v0
npb,33,/root/exp/PerProgramAutoTune/datasets/compiler_gym_llvm21/ir/npb/33.ll,train_pool,search_train,npb-v0,local:/root/DJY/dataset/test/npb-v0
npb,34,/root/exp/PerProgramAutoTune/datasets/compiler_gym_llvm21/ir/npb/34.ll,train_pool,search_train,npb-v0,local:/root/DJY/dataset/test/npb-v0
npb,35,/root/exp/PerProgramAutoTune/datasets/compiler_gym_llvm21/ir/npb/35.ll,train_pool,validation,npb-v0,local:/root/DJY/dataset/test/npb-v0
npb,36,/root/exp/PerProgramAutoTune/datasets/compiler_gym_llvm21/ir/npb/36.ll,test,test,npb-v0,local:/root/DJY/dataset/test/npb-v0
npb,37,/root/exp/PerProgramAutoTune/datasets/compiler_gym_llvm21/ir/npb/37.ll,test,test,npb-v0,local:/root/DJY/dataset/test/npb-v0
npb,38,/root/exp/PerProgramAutoTune/datasets/compiler_gym_llvm21/ir/npb/38.ll,test,test,npb-v0,local:/root/DJY/dataset/test/npb-v0
npb,39,/root/exp/PerProgramAutoTune/datasets/compiler_gym_llvm21/ir/npb/39.ll,train_pool,search_train,npb-v0,local:/root/DJY/dataset/test/npb-v0
npb,4,/root/exp/PerProgramAutoTune/datasets/compiler_gym_llvm21/ir/npb/4.ll,train_pool,search_train,npb-v0,local:/root/DJY/dataset/test/npb-v0
npb,40,/root/exp/PerProgramAutoTune/datasets/compiler_gym_llvm21/ir/npb/40.ll,test,test,npb-v0,local:/root/DJY/dataset/test/npb-v0
npb,41,/root/exp/PerProgramAutoTune/datasets/compiler_gym_llvm21/ir/npb/41.ll,test,test,npb-v0,local:/root/DJY/dataset/test/npb-v0
npb,42,/root/exp/PerProgramAutoTune/datasets/compiler_gym_llvm21/ir/npb/42.ll,test,test,npb-v0,local:/root/DJY/dataset/test/npb-v0
npb,43,/root/exp/PerProgramAutoTune/datasets/compiler_gym_llvm21/ir/npb/43.ll,test,test,npb-v0,local:/root/DJY/dataset/test/npb-v0
npb,44,/root/exp/PerProgramAutoTune/datasets/compiler_gym_llvm21/ir/npb/44.ll,test,test,npb-v0,local:/root/DJY/dataset/test/npb-v0
npb,45,/root/exp/PerProgramAutoTune/datasets/compiler_gym_llvm21/ir/npb/45.ll,train_pool,search_train,npb-v0,local:/root/DJY/dataset/test/npb-v0
npb,46,/root/exp/PerProgramAutoTune/datasets/compiler_gym_llvm21/ir/npb/46.ll,test,test,npb-v0,local:/root/DJY/dataset/test/npb-v0
npb,47,/root/exp/PerProgramAutoTune/datasets/compiler_gym_llvm21/ir/npb/47.ll,test,test,npb-v0,local:/root/DJY/dataset/test/npb-v0
npb,48,/root/exp/PerProgramAutoTune/datasets/compiler_gym_llvm21/ir/npb/48.ll,test,test,npb-v0,local:/root/DJY/dataset/test/npb-v0
npb,49,/root/exp/PerProgramAutoTune/datasets/compiler_gym_llvm21/ir/npb/49.ll,train_pool,validation,npb-v0,local:/root/DJY/dataset/test/npb-v0
npb,5,/root/exp/PerProgramAutoTune/datasets/compiler_gym_llvm21/ir/npb/5.ll,test,test,npb-v0,local:/root/DJY/dataset/test/npb-v0
npb,50,/root/exp/PerProgramAutoTune/datasets/compiler_gym_llvm21/ir/npb/50.ll,train_pool,validation,npb-v0,local:/root/DJY/dataset/test/npb-v0
npb,51,/root/exp/PerProgramAutoTune/datasets/compiler_gym_llvm21/ir/npb/51.ll,test,test,npb-v0,local:/root/DJY/dataset/test/npb-v0
npb,52,/root/exp/PerProgramAutoTune/datasets/compiler_gym_llvm21/ir/npb/52.ll,test,test,npb-v0,local:/root/DJY/dataset/test/npb-v0
npb,53,/root/exp/PerProgramAutoTune/datasets/compiler_gym_llvm21/ir/npb/53.ll,test,test,npb-v0,local:/root/DJY/dataset/test/npb-v0
npb,54,/root/exp/PerProgramAutoTune/datasets/compiler_gym_llvm21/ir/npb/54.ll,train_pool,validation,npb-v0,local:/root/DJY/dataset/test/npb-v0
npb,55,/root/exp/PerProgramAutoTune/datasets/compiler_gym_llvm21/ir/npb/55.ll,train_pool,search_train,npb-v0,local:/root/DJY/dataset/test/npb-v0
npb,56,/root/exp/PerProgramAutoTune/datasets/compiler_gym_llvm21/ir/npb/56.ll,train_pool,search_train,npb-v0,local:/root/DJY/dataset/test/npb-v0
npb,57,/root/exp/PerProgramAutoTune/datasets/compiler_gym_llvm21/ir/npb/57.ll,test,test,npb-v0,local:/root/DJY/dataset/test/npb-v0
npb,58,/root/exp/PerProgramAutoTune/datasets/compiler_gym_llvm21/ir/npb/58.ll,test,test,npb-v0,local:/root/DJY/dataset/test/npb-v0
npb,59,/root/exp/PerProgramAutoTune/datasets/compiler_gym_llvm21/ir/npb/59.ll,train_pool,validation,npb-v0,local:/root/DJY/dataset/test/npb-v0
npb,6,/root/exp/PerProgramAutoTune/datasets/compiler_gym_llvm21/ir/npb/6.ll,test,test,npb-v0,local:/root/DJY/dataset/test/npb-v0
npb,60,/root/exp/PerProgramAutoTune/datasets/compiler_gym_llvm21/ir/npb/60.ll,test,test,npb-v0,local:/root/DJY/dataset/test/npb-v0
npb,61,/root/exp/PerProgramAutoTune/datasets/compiler_gym_llvm21/ir/npb/61.ll,test,test,npb-v0,local:/root/DJY/dataset/test/npb-v0
npb,62,/root/exp/PerProgramAutoTune/datasets/compiler_gym_llvm21/ir/npb/62.ll,test,test,npb-v0,local:/root/DJY/dataset/test/npb-v0
npb,63,/root/exp/PerProgramAutoTune/datasets/compiler_gym_llvm21/ir/npb/63.ll,test,test,npb-v0,local:/root/DJY/dataset/test/npb-v0
npb,64,/root/exp/PerProgramAutoTune/datasets/compiler_gym_llvm21/ir/npb/64.ll,train_pool,search_train,npb-v0,local:/root/DJY/dataset/test/npb-v0
npb,65,/root/exp/PerProgramAutoTune/datasets/compiler_gym_llvm21/ir/npb/65.ll,test,test,npb-v0,local:/root/DJY/dataset/test/npb-v0
npb,66,/root/exp/PerProgramAutoTune/datasets/compiler_gym_llvm21/ir/npb/66.ll,test,test,npb-v0,local:/root/DJY/dataset/test/npb-v0
npb,67,/root/exp/PerProgramAutoTune/datasets/compiler_gym_llvm21/ir/npb/67.ll,train_pool,validation,npb-v0,local:/root/DJY/dataset/test/npb-v0
npb,68,/root/exp/PerProgramAutoTune/datasets/compiler_gym_llvm21/ir/npb/68.ll,test,test,npb-v0,local:/root/DJY/dataset/test/npb-v0
npb,69,/root/exp/PerProgramAutoTune/datasets/compiler_gym_llvm21/ir/npb/69.ll,test,test,npb-v0,local:/root/DJY/dataset/test/npb-v0
npb,7,/root/exp/PerProgramAutoTune/datasets/compiler_gym_llvm21/ir/npb/7.ll,test,test,npb-v0,local:/root/DJY/dataset/test/npb-v0
npb,70,/root/exp/PerProgramAutoTune/datasets/compiler_gym_llvm21/ir/npb/70.ll,test,test,npb-v0,local:/root/DJY/dataset/test/npb-v0
npb,71,/root/exp/PerProgramAutoTune/datasets/compiler_gym_llvm21/ir/npb/71.ll,test,test,npb-v0,local:/root/DJY/dataset/test/npb-v0
npb,72,/root/exp/PerProgramAutoTune/datasets/compiler_gym_llvm21/ir/npb/72.ll,test,test,npb-v0,local:/root/DJY/dataset/test/npb-v0
npb,73,/root/exp/PerProgramAutoTune/datasets/compiler_gym_llvm21/ir/npb/73.ll,test,test,npb-v0,local:/root/DJY/dataset/test/npb-v0
npb,74,/root/exp/PerProgramAutoTune/datasets/compiler_gym_llvm21/ir/npb/74.ll,test,test,npb-v0,local:/root/DJY/dataset/test/npb-v0
npb,75,/root/exp/PerProgramAutoTune/datasets/compiler_gym_llvm21/ir/npb/75.ll,test,test,npb-v0,local:/root/DJY/dataset/test/npb-v0
npb,76,/root/exp/PerProgramAutoTune/datasets/compiler_gym_llvm21/ir/npb/76.ll,test,test,npb-v0,local:/root/DJY/dataset/test/npb-v0
npb,78,/root/exp/PerProgramAutoTune/datasets/compiler_gym_llvm21/ir/npb/78.ll,test,test,npb-v0,local:/root/DJY/dataset/test/npb-v0
npb,79,/root/exp/PerProgramAutoTune/datasets/compiler_gym_llvm21/ir/npb/79.ll,train_pool,search_train,npb-v0,local:/root/DJY/dataset/test/npb-v0
npb,8,/root/exp/PerProgramAutoTune/datasets/compiler_gym_llvm21/ir/npb/8.ll,test,test,npb-v0,local:/root/DJY/dataset/test/npb-v0
npb,80,/root/exp/PerProgramAutoTune/datasets/compiler_gym_llvm21/ir/npb/80.ll,test,test,npb-v0,local:/root/DJY/dataset/test/npb-v0
npb,81,/root/exp/PerProgramAutoTune/datasets/compiler_gym_llvm21/ir/npb/81.ll,test,test,npb-v0,local:/root/DJY/dataset/test/npb-v0
npb,82,/root/exp/PerProgramAutoTune/datasets/compiler_gym_llvm21/ir/npb/82.ll,train_pool,validation,npb-v0,local:/root/DJY/dataset/test/npb-v0
npb,83,/root/exp/PerProgramAutoTune/datasets/compiler_gym_llvm21/ir/npb/83.ll,test,test,npb-v0,local:/root/DJY/dataset/test/npb-v0
npb,84,/root/exp/PerProgramAutoTune/datasets/compiler_gym_llvm21/ir/npb/84.ll,test,test,npb-v0,local:/root/DJY/dataset/test/npb-v0
npb,85,/root/exp/PerProgramAutoTune/datasets/compiler_gym_llvm21/ir/npb/85.ll,train_pool,validation,npb-v0,local:/root/DJY/dataset/test/npb-v0
npb,86,/root/exp/PerProgramAutoTune/datasets/compiler_gym_llvm21/ir/npb/86.ll,test,test,npb-v0,local:/root/DJY/dataset/test/npb-v0
npb,87,/root/exp/PerProgramAutoTune/datasets/compiler_gym_llvm21/ir/npb/87.ll,train_pool,validation,npb-v0,local:/root/DJY/dataset/test/npb-v0
npb,88,/root/exp/PerProgramAutoTune/datasets/compiler_gym_llvm21/ir/npb/88.ll,test,test,npb-v0,local:/root/DJY/dataset/test/npb-v0
npb,89,/root/exp/PerProgramAutoTune/datasets/compiler_gym_llvm21/ir/npb/89.ll,test,test,npb-v0,local:/root/DJY/dataset/test/npb-v0
npb,9,/root/exp/PerProgramAutoTune/datasets/compiler_gym_llvm21/ir/npb/9.ll,test,test,npb-v0,local:/root/DJY/dataset/test/npb-v0
npb,90,/root/exp/PerProgramAutoTune/datasets/compiler_gym_llvm21/ir/npb/90.ll,test,test,npb-v0,local:/root/DJY/dataset/test/npb-v0
npb,91,/root/exp/PerProgramAutoTune/datasets/compiler_gym_llvm21/ir/npb/91.ll,test,test,npb-v0,local:/root/DJY/dataset/test/npb-v0
npb,92,/root/exp/PerProgramAutoTune/datasets/compiler_gym_llvm21/ir/npb/92.ll,train_pool,search_train,npb-v0,local:/root/DJY/dataset/test/npb-v0
npb,93,/root/exp/PerProgramAutoTune/datasets/compiler_gym_llvm21/ir/npb/93.ll,test,test,npb-v0,local:/root/DJY/dataset/test/npb-v0
npb,94,/root/exp/PerProgramAutoTune/datasets/compiler_gym_llvm21/ir/npb/94.ll,test,test,npb-v0,local:/root/DJY/dataset/test/npb-v0
npb,95,/root/exp/PerProgramAutoTune/datasets/compiler_gym_llvm21/ir/npb/95.ll,test,test,npb-v0,local:/root/DJY/dataset/test/npb-v0
npb,96,/root/exp/PerProgramAutoTune/datasets/compiler_gym_llvm21/ir/npb/96.ll,train_pool,search_train,npb-v0,local:/root/DJY/dataset/test/npb-v0
npb,97,/root/exp/PerProgramAutoTune/datasets/compiler_gym_llvm21/ir/npb/97.ll,test,test,npb-v0,local:/root/DJY/dataset/test/npb-v0
npb,98,/root/exp/PerProgramAutoTune/datasets/compiler_gym_llvm21/ir/npb/98.ll,test,test,npb-v0,local:/root/DJY/dataset/test/npb-v0
npb,99,/root/exp/PerProgramAutoTune/datasets/compiler_gym_llvm21/ir/npb/99.ll,test,test,npb-v0,local:/root/DJY/dataset/test/npb-v0
opencv,1,/root/exp/PerProgramAutoTune/datasets/compiler_gym_llvm21/ir/opencv/1.ll,train_pool,search_train,opencv-v0,local:/root/DJY/dataset/train/opencv-v0
opencv,103,/root/exp/PerProgramAutoTune/datasets/compiler_gym_llvm21/ir/opencv/103.ll,test,test,opencv-v0,local:/root/DJY/dataset/train/opencv-v0
opencv,104,/root/exp/PerProgramAutoTune/datasets/compiler_gym_llvm21/ir/opencv/104.ll,train_pool,validation,opencv-v0,local:/root/DJY/dataset/train/opencv-v0
opencv,106,/root/exp/PerProgramAutoTune/datasets/compiler_gym_llvm21/ir/opencv/106.ll,test,test,opencv-v0,local:/root/DJY/dataset/train/opencv-v0
opencv,108,/root/exp/PerProgramAutoTune/datasets/compiler_gym_llvm21/ir/opencv/108.ll,test,test,opencv-v0,local:/root/DJY/dataset/train/opencv-v0
opencv,110,/root/exp/PerProgramAutoTune/datasets/compiler_gym_llvm21/ir/opencv/110.ll,test,test,opencv-v0,local:/root/DJY/dataset/train/opencv-v0
opencv,111,/root/exp/PerProgramAutoTune/datasets/compiler_gym_llvm21/ir/opencv/111.ll,train_pool,search_train,opencv-v0,local:/root/DJY/dataset/train/opencv-v0
opencv,112,/root/exp/PerProgramAutoTune/datasets/compiler_gym_llvm21/ir/opencv/112.ll,test,test,opencv-v0,local:/root/DJY/dataset/train/opencv-v0
opencv,113,/root/exp/PerProgramAutoTune/datasets/compiler_gym_llvm21/ir/opencv/113.ll,test,test,opencv-v0,local:/root/DJY/dataset/test/opencv-v0
opencv,117,/root/exp/PerProgramAutoTune/datasets/compiler_gym_llvm21/ir/opencv/117.ll,train_pool,search_train,opencv-v0,local:/root/DJY/dataset/train/opencv-v0
opencv,120,/root/exp/PerProgramAutoTune/datasets/compiler_gym_llvm21/ir/opencv/120.ll,test,test,opencv-v0,local:/root/DJY/dataset/train/opencv-v0
opencv,121,/root/exp/PerProgramAutoTune/datasets/compiler_gym_llvm21/ir/opencv/121.ll,train_pool,search_train,opencv-v0,local:/root/DJY/dataset/train/opencv-v0
opencv,122,/root/exp/PerProgramAutoTune/datasets/compiler_gym_llvm21/ir/opencv/122.ll,test,test,opencv-v0,local:/root/DJY/dataset/train/opencv-v0
opencv,127,/root/exp/PerProgramAutoTune/datasets/compiler_gym_llvm21/ir/opencv/127.ll,test,test,opencv-v0,local:/root/DJY/dataset/train/opencv-v0
opencv,128,/root/exp/PerProgramAutoTune/datasets/compiler_gym_llvm21/ir/opencv/128.ll,test,test,opencv-v0,local:/root/DJY/dataset/train/opencv-v0
opencv,129,/root/exp/PerProgramAutoTune/datasets/compiler_gym_llvm21/ir/opencv/129.ll,test,test,opencv-v0,local:/root/DJY/dataset/train/opencv-v0
opencv,134,/root/exp/PerProgramAutoTune/datasets/compiler_gym_llvm21/ir/opencv/134.ll,test,test,opencv-v0,local:/root/DJY/dataset/train/opencv-v0
opencv,137,/root/exp/PerProgramAutoTune/datasets/compiler_gym_llvm21/ir/opencv/137.ll,test,test,opencv-v0,local:/root/DJY/dataset/train/opencv-v0
opencv,138,/root/exp/PerProgramAutoTune/datasets/compiler_gym_llvm21/ir/opencv/138.ll,train_pool,search_train,opencv-v0,local:/root/DJY/dataset/train/opencv-v0
opencv,14,/root/exp/PerProgramAutoTune/datasets/compiler_gym_llvm21/ir/opencv/14.ll,test,test,opencv-v0,local:/root/DJY/dataset/test/opencv-v0
opencv,140,/root/exp/PerProgramAutoTune/datasets/compiler_gym_llvm21/ir/opencv/140.ll,test,test,opencv-v0,local:/root/DJY/dataset/train/opencv-v0
opencv,141,/root/exp/PerProgramAutoTune/datasets/compiler_gym_llvm21/ir/opencv/141.ll,test,test,opencv-v0,local:/root/DJY/dataset/train/opencv-v0
opencv,15,/root/exp/PerProgramAutoTune/datasets/compiler_gym_llvm21/ir/opencv/15.ll,train_pool,validation,opencv-v0,local:/root/DJY/dataset/train/opencv-v0
opencv,154,/root/exp/PerProgramAutoTune/datasets/compiler_gym_llvm21/ir/opencv/154.ll,test,test,opencv-v0,local:/root/DJY/dataset/test/opencv-v0
opencv,155,/root/exp/PerProgramAutoTune/datasets/compiler_gym_llvm21/ir/opencv/155.ll,test,test,opencv-v0,local:/root/DJY/dataset/train/opencv-v0
opencv,159,/root/exp/PerProgramAutoTune/datasets/compiler_gym_llvm21/ir/opencv/159.ll,test,test,opencv-v0,local:/root/DJY/dataset/train/opencv-v0
opencv,162,/root/exp/PerProgramAutoTune/datasets/compiler_gym_llvm21/ir/opencv/162.ll,test,test,opencv-v0,local:/root/DJY/dataset/train/opencv-v0
opencv,169,/root/exp/PerProgramAutoTune/datasets/compiler_gym_llvm21/ir/opencv/169.ll,test,test,opencv-v0,local:/root/DJY/dataset/train/opencv-v0
opencv,177,/root/exp/PerProgramAutoTune/datasets/compiler_gym_llvm21/ir/opencv/177.ll,test,test,opencv-v0,local:/root/DJY/dataset/test/opencv-v0
opencv,178,/root/exp/PerProgramAutoTune/datasets/compiler_gym_llvm21/ir/opencv/178.ll,test,test,opencv-v0,local:/root/DJY/dataset/train/opencv-v0
opencv,182,/root/exp/PerProgramAutoTune/datasets/compiler_gym_llvm21/ir/opencv/182.ll,test,test,opencv-v0,local:/root/DJY/dataset/test/opencv-v0
opencv,183,/root/exp/PerProgramAutoTune/datasets/compiler_gym_llvm21/ir/opencv/183.ll,train_pool,validation,opencv-v0,local:/root/DJY/dataset/train/opencv-v0
opencv,186,/root/exp/PerProgramAutoTune/datasets/compiler_gym_llvm21/ir/opencv/186.ll,test,test,opencv-v0,local:/root/DJY/dataset/train/opencv-v0
opencv,19,/root/exp/PerProgramAutoTune/datasets/compiler_gym_llvm21/ir/opencv/19.ll,train_pool,search_train,opencv-v0,local:/root/DJY/dataset/train/opencv-v0
opencv,190,/root/exp/PerProgramAutoTune/datasets/compiler_gym_llvm21/ir/opencv/190.ll,test,test,opencv-v0,local:/root/DJY/dataset/train/opencv-v0
opencv,191,/root/exp/PerProgramAutoTune/datasets/compiler_gym_llvm21/ir/opencv/191.ll,train_pool,search_train,opencv-v0,local:/root/DJY/dataset/train/opencv-v0
opencv,195,/root/exp/PerProgramAutoTune/datasets/compiler_gym_llvm21/ir/opencv/195.ll,train_pool,search_train,opencv-v0,local:/root/DJY/dataset/train/opencv-v0
opencv,196,/root/exp/PerProgramAutoTune/datasets/compiler_gym_llvm21/ir/opencv/196.ll,test,test,opencv-v0,local:/root/DJY/dataset/test/opencv-v0
opencv,197,/root/exp/PerProgramAutoTune/datasets/compiler_gym_llvm21/ir/opencv/197.ll,test,test,opencv-v0,local:/root/DJY/dataset/train/opencv-v0
opencv,2,/root/exp/PerProgramAutoTune/datasets/compiler_gym_llvm21/ir/opencv/2.ll,test,test,opencv-v0,local:/root/DJY/dataset/train/opencv-v0
opencv,200,/root/exp/PerProgramAutoTune/datasets/compiler_gym_llvm21/ir/opencv/200.ll,test,test,opencv-v0,local:/root/DJY/dataset/train/opencv-v0
opencv,203,/root/exp/PerProgramAutoTune/datasets/compiler_gym_llvm21/ir/opencv/203.ll,test,test,opencv-v0,local:/root/DJY/dataset/train/opencv-v0
opencv,204,/root/exp/PerProgramAutoTune/datasets/compiler_gym_llvm21/ir/opencv/204.ll,test,test,opencv-v0,local:/root/DJY/dataset/train/opencv-v0
opencv,209,/root/exp/PerProgramAutoTune/datasets/compiler_gym_llvm21/ir/opencv/209.ll,train_pool,search_train,opencv-v0,local:/root/DJY/dataset/train/opencv-v0
opencv,210,/root/exp/PerProgramAutoTune/datasets/compiler_gym_llvm21/ir/opencv/210.ll,train_pool,validation,opencv-v0,local:/root/DJY/dataset/train/opencv-v0
opencv,211,/root/exp/PerProgramAutoTune/datasets/compiler_gym_llvm21/ir/opencv/211.ll,train_pool,search_train,opencv-v0,local:/root/DJY/dataset/train/opencv-v0
opencv,214,/root/exp/PerProgramAutoTune/datasets/compiler_gym_llvm21/ir/opencv/214.ll,test,test,opencv-v0,local:/root/DJY/dataset/test/opencv-v0
opencv,215,/root/exp/PerProgramAutoTune/datasets/compiler_gym_llvm21/ir/opencv/215.ll,test,test,opencv-v0,local:/root/DJY/dataset/train/opencv-v0
opencv,216,/root/exp/PerProgramAutoTune/datasets/compiler_gym_llvm21/ir/opencv/216.ll,test,test,opencv-v0,local:/root/DJY/dataset/train/opencv-v0
opencv,217,/root/exp/PerProgramAutoTune/datasets/compiler_gym_llvm21/ir/opencv/217.ll,test,test,opencv-v0,local:/root/DJY/dataset/train/opencv-v0
opencv,218,/root/exp/PerProgramAutoTune/datasets/compiler_gym_llvm21/ir/opencv/218.ll,test,test,opencv-v0,local:/root/DJY/dataset/train/opencv-v0
opencv,220,/root/exp/PerProgramAutoTune/datasets/compiler_gym_llvm21/ir/opencv/220.ll,test,test,opencv-v0,local:/root/DJY/dataset/train/opencv-v0
opencv,221,/root/exp/PerProgramAutoTune/datasets/compiler_gym_llvm21/ir/opencv/221.ll,test,test,opencv-v0,local:/root/DJY/dataset/train/opencv-v0
opencv,223,/root/exp/PerProgramAutoTune/datasets/compiler_gym_llvm21/ir/opencv/223.ll,test,test,opencv-v0,local:/root/DJY/dataset/train/opencv-v0
opencv,224,/root/exp/PerProgramAutoTune/datasets/compiler_gym_llvm21/ir/opencv/224.ll,test,test,opencv-v0,local:/root/DJY/dataset/test/opencv-v0
opencv,225,/root/exp/PerProgramAutoTune/datasets/compiler_gym_llvm21/ir/opencv/225.ll,train_pool,search_train,opencv-v0,local:/root/DJY/dataset/train/opencv-v0
opencv,23,/root/exp/PerProgramAutoTune/datasets/compiler_gym_llvm21/ir/opencv/23.ll,test,test,opencv-v0,local:/root/DJY/dataset/train/opencv-v0
opencv,230,/root/exp/PerProgramAutoTune/datasets/compiler_gym_llvm21/ir/opencv/230.ll,test,test,opencv-v0,local:/root/DJY/dataset/test/opencv-v0
opencv,232,/root/exp/PerProgramAutoTune/datasets/compiler_gym_llvm21/ir/opencv/232.ll,train_pool,search_train,opencv-v0,local:/root/DJY/dataset/train/opencv-v0
opencv,233,/root/exp/PerProgramAutoTune/datasets/compiler_gym_llvm21/ir/opencv/233.ll,train_pool,search_train,opencv-v0,local:/root/DJY/dataset/test/opencv-v0
opencv,235,/root/exp/PerProgramAutoTune/datasets/compiler_gym_llvm21/ir/opencv/235.ll,test,test,opencv-v0,local:/root/DJY/dataset/train/opencv-v0
opencv,238,/root/exp/PerProgramAutoTune/datasets/compiler_gym_llvm21/ir/opencv/238.ll,train_pool,search_train,opencv-v0,local:/root/DJY/dataset/train/opencv-v0
opencv,24,/root/exp/PerProgramAutoTune/datasets/compiler_gym_llvm21/ir/opencv/24.ll,train_pool,search_train,opencv-v0,local:/root/DJY/dataset/train/opencv-v0
opencv,240,/root/exp/PerProgramAutoTune/datasets/compiler_gym_llvm21/ir/opencv/240.ll,train_pool,search_train,opencv-v0,local:/root/DJY/dataset/train/opencv-v0
opencv,241,/root/exp/PerProgramAutoTune/datasets/compiler_gym_llvm21/ir/opencv/241.ll,test,test,opencv-v0,local:/root/DJY/dataset/test/opencv-v0
opencv,243,/root/exp/PerProgramAutoTune/datasets/compiler_gym_llvm21/ir/opencv/243.ll,test,test,opencv-v0,local:/root/DJY/dataset/train/opencv-v0
opencv,247,/root/exp/PerProgramAutoTune/datasets/compiler_gym_llvm21/ir/opencv/247.ll,test,test,opencv-v0,local:/root/DJY/dataset/test/opencv-v0
opencv,248,/root/exp/PerProgramAutoTune/datasets/compiler_gym_llvm21/ir/opencv/248.ll,test,test,opencv-v0,local:/root/DJY/dataset/train/opencv-v0
opencv,249,/root/exp/PerProgramAutoTune/datasets/compiler_gym_llvm21/ir/opencv/249.ll,test,test,opencv-v0,local:/root/DJY/dataset/test/opencv-v0
opencv,251,/root/exp/PerProgramAutoTune/datasets/compiler_gym_llvm21/ir/opencv/251.ll,train_pool,search_train,opencv-v0,local:/root/DJY/dataset/test/opencv-v0
opencv,252,/root/exp/PerProgramAutoTune/datasets/compiler_gym_llvm21/ir/opencv/252.ll,train_pool,validation,opencv-v0,local:/root/DJY/dataset/train/opencv-v0
opencv,254,/root/exp/PerProgramAutoTune/datasets/compiler_gym_llvm21/ir/opencv/254.ll,test,test,opencv-v0,local:/root/DJY/dataset/train/opencv-v0
opencv,257,/root/exp/PerProgramAutoTune/datasets/compiler_gym_llvm21/ir/opencv/257.ll,test,test,opencv-v0,local:/root/DJY/dataset/train/opencv-v0
opencv,26,/root/exp/PerProgramAutoTune/datasets/compiler_gym_llvm21/ir/opencv/26.ll,train_pool,validation,opencv-v0,local:/root/DJY/dataset/train/opencv-v0
opencv,260,/root/exp/PerProgramAutoTune/datasets/compiler_gym_llvm21/ir/opencv/260.ll,test,test,opencv-v0,local:/root/DJY/dataset/test/opencv-v0
opencv,263,/root/exp/PerProgramAutoTune/datasets/compiler_gym_llvm21/ir/opencv/263.ll,test,test,opencv-v0,local:/root/DJY/dataset/test/opencv-v0
opencv,271,/root/exp/PerProgramAutoTune/datasets/compiler_gym_llvm21/ir/opencv/271.ll,train_pool,search_train,opencv-v0,local:/root/DJY/dataset/train/opencv-v0
opencv,272,/root/exp/PerProgramAutoTune/datasets/compiler_gym_llvm21/ir/opencv/272.ll,test,test,opencv-v0,local:/root/DJY/dataset/train/opencv-v0
opencv,273,/root/exp/PerProgramAutoTune/datasets/compiler_gym_llvm21/ir/opencv/273.ll,test,test,opencv-v0,local:/root/DJY/dataset/train/opencv-v0
opencv,277,/root/exp/PerProgramAutoTune/datasets/compiler_gym_llvm21/ir/opencv/277.ll,test,test,opencv-v0,local:/root/DJY/dataset/train/opencv-v0
opencv,279,/root/exp/PerProgramAutoTune/datasets/compiler_gym_llvm21/ir/opencv/279.ll,test,test,opencv-v0,local:/root/DJY/dataset/train/opencv-v0
opencv,281,/root/exp/PerProgramAutoTune/datasets/compiler_gym_llvm21/ir/opencv/281.ll,test,test,opencv-v0,local:/root/DJY/dataset/train/opencv-v0
opencv,285,/root/exp/PerProgramAutoTune/datasets/compiler_gym_llvm21/ir/opencv/285.ll,train_pool,search_train,opencv-v0,local:/root/DJY/dataset/train/opencv-v0
opencv,288,/root/exp/PerProgramAutoTune/datasets/compiler_gym_llvm21/ir/opencv/288.ll,test,test,opencv-v0,local:/root/DJY/dataset/train/opencv-v0
opencv,289,/root/exp/PerProgramAutoTune/datasets/compiler_gym_llvm21/ir/opencv/289.ll,test,test,opencv-v0,local:/root/DJY/dataset/train/opencv-v0
opencv,292,/root/exp/PerProgramAutoTune/datasets/compiler_gym_llvm21/ir/opencv/292.ll,test,test,opencv-v0,local:/root/DJY/dataset/train/opencv-v0
opencv,293,/root/exp/PerProgramAutoTune/datasets/compiler_gym_llvm21/ir/opencv/293.ll,train_pool,search_train,opencv-v0,local:/root/DJY/dataset/test/opencv-v0
opencv,296,/root/exp/PerProgramAutoTune/datasets/compiler_gym_llvm21/ir/opencv/296.ll,test,test,opencv-v0,local:/root/DJY/dataset/train/opencv-v0
opencv,298,/root/exp/PerProgramAutoTune/datasets/compiler_gym_llvm21/ir/opencv/298.ll,train_pool,validation,opencv-v0,local:/root/DJY/dataset/train/opencv-v0
opencv,30,/root/exp/PerProgramAutoTune/datasets/compiler_gym_llvm21/ir/opencv/30.ll,test,test,opencv-v0,local:/root/DJY/dataset/train/opencv-v0
opencv,300,/root/exp/PerProgramAutoTune/datasets/compiler_gym_llvm21/ir/opencv/300.ll,test,test,opencv-v0,local:/root/DJY/dataset/test/opencv-v0
opencv,303,/root/exp/PerProgramAutoTune/datasets/compiler_gym_llvm21/ir/opencv/303.ll,test,test,opencv-v0,local:/root/DJY/dataset/train/opencv-v0
opencv,306,/root/exp/PerProgramAutoTune/datasets/compiler_gym_llvm21/ir/opencv/306.ll,test,test,opencv-v0,local:/root/DJY/dataset/train/opencv-v0
opencv,309,/root/exp/PerProgramAutoTune/datasets/compiler_gym_llvm21/ir/opencv/309.ll,test,test,opencv-v0,local:/root/DJY/dataset/train/opencv-v0
opencv,31,/root/exp/PerProgramAutoTune/datasets/compiler_gym_llvm21/ir/opencv/31.ll,test,test,opencv-v0,local:/root/DJY/dataset/train/opencv-v0
opencv,310,/root/exp/PerProgramAutoTune/datasets/compiler_gym_llvm21/ir/opencv/310.ll,test,test,opencv-v0,local:/root/DJY/dataset/train/opencv-v0
opencv,312,/root/exp/PerProgramAutoTune/datasets/compiler_gym_llvm21/ir/opencv/312.ll,test,test,opencv-v0,local:/root/DJY/dataset/train/opencv-v0
opencv,314,/root/exp/PerProgramAutoTune/datasets/compiler_gym_llvm21/ir/opencv/314.ll,test,test,opencv-v0,local:/root/DJY/dataset/train/opencv-v0
opencv,315,/root/exp/PerProgramAutoTune/datasets/compiler_gym_llvm21/ir/opencv/315.ll,train_pool,search_train,opencv-v0,local:/root/DJY/dataset/train/opencv-v0
opencv,316,/root/exp/PerProgramAutoTune/datasets/compiler_gym_llvm21/ir/opencv/316.ll,test,test,opencv-v0,local:/root/DJY/dataset/train/opencv-v0
opencv,318,/root/exp/PerProgramAutoTune/datasets/compiler_gym_llvm21/ir/opencv/318.ll,test,test,opencv-v0,local:/root/DJY/dataset/test/opencv-v0
opencv,32,/root/exp/PerProgramAutoTune/datasets/compiler_gym_llvm21/ir/opencv/32.ll,train_pool,search_train,opencv-v0,local:/root/DJY/dataset/train/opencv-v0
opencv,320,/root/exp/PerProgramAutoTune/datasets/compiler_gym_llvm21/ir/opencv/320.ll,test,test,opencv-v0,local:/root/DJY/dataset/test/opencv-v0
opencv,323,/root/exp/PerProgramAutoTune/datasets/compiler_gym_llvm21/ir/opencv/323.ll,train_pool,validation,opencv-v0,local:/root/DJY/dataset/train/opencv-v0
opencv,326,/root/exp/PerProgramAutoTune/datasets/compiler_gym_llvm21/ir/opencv/326.ll,test,test,opencv-v0,local:/root/DJY/dataset/train/opencv-v0
opencv,328,/root/exp/PerProgramAutoTune/datasets/compiler_gym_llvm21/ir/opencv/328.ll,test,test,opencv-v0,local:/root/DJY/dataset/train/opencv-v0
opencv,329,/root/exp/PerProgramAutoTune/datasets/compiler_gym_llvm21/ir/opencv/329.ll,test,test,opencv-v0,local:/root/DJY/dataset/train/opencv-v0
opencv,33,/root/exp/PerProgramAutoTune/datasets/compiler_gym_llvm21/ir/opencv/33.ll,test,test,opencv-v0,local:/root/DJY/dataset/train/opencv-v0
opencv,335,/root/exp/PerProgramAutoTune/datasets/compiler_gym_llvm21/ir/opencv/335.ll,test,test,opencv-v0,local:/root/DJY/dataset/train/opencv-v0
opencv,339,/root/exp/PerProgramAutoTune/datasets/compiler_gym_llvm21/ir/opencv/339.ll,test,test,opencv-v0,local:/root/DJY/dataset/train/opencv-v0
opencv,341,/root/exp/PerProgramAutoTune/datasets/compiler_gym_llvm21/ir/opencv/341.ll,test,test,opencv-v0,local:/root/DJY/dataset/train/opencv-v0
opencv,346,/root/exp/PerProgramAutoTune/datasets/compiler_gym_llvm21/ir/opencv/346.ll,test,test,opencv-v0,local:/root/DJY/dataset/train/opencv-v0
opencv,347,/root/exp/PerProgramAutoTune/datasets/compiler_gym_llvm21/ir/opencv/347.ll,test,test,opencv-v0,local:/root/DJY/dataset/train/opencv-v0
opencv,35,/root/exp/PerProgramAutoTune/datasets/compiler_gym_llvm21/ir/opencv/35.ll,test,test,opencv-v0,local:/root/DJY/dataset/train/opencv-v0
opencv,357,/root/exp/PerProgramAutoTune/datasets/compiler_gym_llvm21/ir/opencv/357.ll,test,test,opencv-v0,local:/root/DJY/dataset/train/opencv-v0
opencv,36,/root/exp/PerProgramAutoTune/datasets/compiler_gym_llvm21/ir/opencv/36.ll,train_pool,validation,opencv-v0,local:/root/DJY/dataset/train/opencv-v0
opencv,360,/root/exp/PerProgramAutoTune/datasets/compiler_gym_llvm21/ir/opencv/360.ll,train_pool,search_train,opencv-v0,local:/root/DJY/dataset/train/opencv-v0
opencv,361,/root/exp/PerProgramAutoTune/datasets/compiler_gym_llvm21/ir/opencv/361.ll,test,test,opencv-v0,local:/root/DJY/dataset/train/opencv-v0
opencv,365,/root/exp/PerProgramAutoTune/datasets/compiler_gym_llvm21/ir/opencv/365.ll,train_pool,search_train,opencv-v0,local:/root/DJY/dataset/train/opencv-v0
opencv,370,/root/exp/PerProgramAutoTune/datasets/compiler_gym_llvm21/ir/opencv/370.ll,test,test,opencv-v0,local:/root/DJY/dataset/train/opencv-v0
opencv,371,/root/exp/PerProgramAutoTune/datasets/compiler_gym_llvm21/ir/opencv/371.ll,test,test,opencv-v0,local:/root/DJY/dataset/test/opencv-v0
opencv,376,/root/exp/PerProgramAutoTune/datasets/compiler_gym_llvm21/ir/opencv/376.ll,test,test,opencv-v0,local:/root/DJY/dataset/train/opencv-v0
opencv,38,/root/exp/PerProgramAutoTune/datasets/compiler_gym_llvm21/ir/opencv/38.ll,test,test,opencv-v0,local:/root/DJY/dataset/train/opencv-v0
opencv,380,/root/exp/PerProgramAutoTune/datasets/compiler_gym_llvm21/ir/opencv/380.ll,train_pool,validation,opencv-v0,local:/root/DJY/dataset/train/opencv-v0
opencv,381,/root/exp/PerProgramAutoTune/datasets/compiler_gym_llvm21/ir/opencv/381.ll,test,test,opencv-v0,local:/root/DJY/dataset/train/opencv-v0
opencv,383,/root/exp/PerProgramAutoTune/datasets/compiler_gym_llvm21/ir/opencv/383.ll,train_pool,validation,opencv-v0,local:/root/DJY/dataset/train/opencv-v0
opencv,386,/root/exp/PerProgramAutoTune/datasets/compiler_gym_llvm21/ir/opencv/386.ll,train_pool,validation,opencv-v0,local:/root/DJY/dataset/test/opencv-v0
opencv,387,/root/exp/PerProgramAutoTune/datasets/compiler_gym_llvm21/ir/opencv/387.ll,test,test,opencv-v0,local:/root/DJY/dataset/train/opencv-v0
opencv,39,/root/exp/PerProgramAutoTune/datasets/compiler_gym_llvm21/ir/opencv/39.ll,test,test,opencv-v0,local:/root/DJY/dataset/train/opencv-v0
opencv,391,/root/exp/PerProgramAutoTune/datasets/compiler_gym_llvm21/ir/opencv/391.ll,test,test,opencv-v0,local:/root/DJY/dataset/train/opencv-v0
opencv,392,/root/exp/PerProgramAutoTune/datasets/compiler_gym_llvm21/ir/opencv/392.ll,test,test,opencv-v0,local:/root/DJY/dataset/train/opencv-v0
opencv,393,/root/exp/PerProgramAutoTune/datasets/compiler_gym_llvm21/ir/opencv/393.ll,test,test,opencv-v0,local:/root/DJY/dataset/train/opencv-v0
opencv,394,/root/exp/PerProgramAutoTune/datasets/compiler_gym_llvm21/ir/opencv/394.ll,train_pool,validation,opencv-v0,local:/root/DJY/dataset/train/opencv-v0
opencv,395,/root/exp/PerProgramAutoTune/datasets/compiler_gym_llvm21/ir/opencv/395.ll,test,test,opencv-v0,local:/root/DJY/dataset/train/opencv-v0
opencv,396,/root/exp/PerProgramAutoTune/datasets/compiler_gym_llvm21/ir/opencv/396.ll,train_pool,validation,opencv-v0,local:/root/DJY/dataset/train/opencv-v0
opencv,397,/root/exp/PerProgramAutoTune/datasets/compiler_gym_llvm21/ir/opencv/397.ll,test,test,opencv-v0,local:/root/DJY/dataset/train/opencv-v0
opencv,398,/root/exp/PerProgramAutoTune/datasets/compiler_gym_llvm21/ir/opencv/398.ll,test,test,opencv-v0,local:/root/DJY/dataset/train/opencv-v0
opencv,40,/root/exp/PerProgramAutoTune/datasets/compiler_gym_llvm21/ir/opencv/40.ll,test,test,opencv-v0,local:/root/DJY/dataset/train/opencv-v0
opencv,401,/root/exp/PerProgramAutoTune/datasets/compiler_gym_llvm21/ir/opencv/401.ll,train_pool,validation,opencv-v0,local:/root/DJY/dataset/train/opencv-v0
opencv,402,/root/exp/PerProgramAutoTune/datasets/compiler_gym_llvm21/ir/opencv/402.ll,train_pool,search_train,opencv-v0,local:/root/DJY/dataset/train/opencv-v0
opencv,406,/root/exp/PerProgramAutoTune/datasets/compiler_gym_llvm21/ir/opencv/406.ll,test,test,opencv-v0,local:/root/DJY/dataset/test/opencv-v0
opencv,407,/root/exp/PerProgramAutoTune/datasets/compiler_gym_llvm21/ir/opencv/407.ll,test,test,opencv-v0,local:/root/DJY/dataset/train/opencv-v0
opencv,41,/root/exp/PerProgramAutoTune/datasets/compiler_gym_llvm21/ir/opencv/41.ll,test,test,opencv-v0,local:/root/DJY/dataset/train/opencv-v0
opencv,415,/root/exp/PerProgramAutoTune/datasets/compiler_gym_llvm21/ir/opencv/415.ll,train_pool,validation,opencv-v0,local:/root/DJY/dataset/train/opencv-v0
opencv,418,/root/exp/PerProgramAutoTune/datasets/compiler_gym_llvm21/ir/opencv/418.ll,test,test,opencv-v0,local:/root/DJY/dataset/train/opencv-v0
opencv,419,/root/exp/PerProgramAutoTune/datasets/compiler_gym_llvm21/ir/opencv/419.ll,test,test,opencv-v0,local:/root/DJY/dataset/test/opencv-v0
opencv,421,/root/exp/PerProgramAutoTune/datasets/compiler_gym_llvm21/ir/opencv/421.ll,test,test,opencv-v0,local:/root/DJY/dataset/train/opencv-v0
opencv,422,/root/exp/PerProgramAutoTune/datasets/compiler_gym_llvm21/ir/opencv/422.ll,test,test,opencv-v0,local:/root/DJY/dataset/test/opencv-v0
opencv,423,/root/exp/PerProgramAutoTune/datasets/compiler_gym_llvm21/ir/opencv/423.ll,train_pool,search_train,opencv-v0,local:/root/DJY/dataset/test/opencv-v0
opencv,426,/root/exp/PerProgramAutoTune/datasets/compiler_gym_llvm21/ir/opencv/426.ll,test,test,opencv-v0,local:/root/DJY/dataset/train/opencv-v0
opencv,430,/root/exp/PerProgramAutoTune/datasets/compiler_gym_llvm21/ir/opencv/430.ll,train_pool,validation,opencv-v0,local:/root/DJY/dataset/train/opencv-v0
opencv,431,/root/exp/PerProgramAutoTune/datasets/compiler_gym_llvm21/ir/opencv/431.ll,train_pool,search_train,opencv-v0,local:/root/DJY/dataset/train/opencv-v0
opencv,434,/root/exp/PerProgramAutoTune/datasets/compiler_gym_llvm21/ir/opencv/434.ll,test,test,opencv-v0,local:/root/DJY/dataset/train/opencv-v0
opencv,435,/root/exp/PerProgramAutoTune/datasets/compiler_gym_llvm21/ir/opencv/435.ll,test,test,opencv-v0,local:/root/DJY/dataset/train/opencv-v0
opencv,436,/root/exp/PerProgramAutoTune/datasets/compiler_gym_llvm21/ir/opencv/436.ll,test,test,opencv-v0,local:/root/DJY/dataset/train/opencv-v0
opencv,439,/root/exp/PerProgramAutoTune/datasets/compiler_gym_llvm21/ir/opencv/439.ll,test,test,opencv-v0,local:/root/DJY/dataset/train/opencv-v0
opencv,45,/root/exp/PerProgramAutoTune/datasets/compiler_gym_llvm21/ir/opencv/45.ll,test,test,opencv-v0,local:/root/DJY/dataset/train/opencv-v0
opencv,5,/root/exp/PerProgramAutoTune/datasets/compiler_gym_llvm21/ir/opencv/5.ll,test,test,opencv-v0,local:/root/DJY/dataset/train/opencv-v0
opencv,55,/root/exp/PerProgramAutoTune/datasets/compiler_gym_llvm21/ir/opencv/55.ll,train_pool,validation,opencv-v0,local:/root/DJY/dataset/train/opencv-v0
opencv,59,/root/exp/PerProgramAutoTune/datasets/compiler_gym_llvm21/ir/opencv/59.ll,test,test,opencv-v0,local:/root/DJY/dataset/train/opencv-v0
opencv,6,/root/exp/PerProgramAutoTune/datasets/compiler_gym_llvm21/ir/opencv/6.ll,train_pool,search_train,opencv-v0,local:/root/DJY/dataset/train/opencv-v0
opencv,60,/root/exp/PerProgramAutoTune/datasets/compiler_gym_llvm21/ir/opencv/60.ll,test,test,opencv-v0,local:/root/DJY/dataset/test/opencv-v0
opencv,62,/root/exp/PerProgramAutoTune/datasets/compiler_gym_llvm21/ir/opencv/62.ll,test,test,opencv-v0,local:/root/DJY/dataset/test/opencv-v0
opencv,64,/root/exp/PerProgramAutoTune/datasets/compiler_gym_llvm21/ir/opencv/64.ll,test,test,opencv-v0,local:/root/DJY/dataset/test/opencv-v0
opencv,66,/root/exp/PerProgramAutoTune/datasets/compiler_gym_llvm21/ir/opencv/66.ll,test,test,opencv-v0,local:/root/DJY/dataset/train/opencv-v0
opencv,67,/root/exp/PerProgramAutoTune/datasets/compiler_gym_llvm21/ir/opencv/67.ll,train_pool,search_train,opencv-v0,local:/root/DJY/dataset/train/opencv-v0
opencv,68,/root/exp/PerProgramAutoTune/datasets/compiler_gym_llvm21/ir/opencv/68.ll,test,test,opencv-v0,local:/root/DJY/dataset/train/opencv-v0
opencv,7,/root/exp/PerProgramAutoTune/datasets/compiler_gym_llvm21/ir/opencv/7.ll,test,test,opencv-v0,local:/root/DJY/dataset/train/opencv-v0
opencv,70,/root/exp/PerProgramAutoTune/datasets/compiler_gym_llvm21/ir/opencv/70.ll,test,test,opencv-v0,local:/root/DJY/dataset/test/opencv-v0
opencv,71,/root/exp/PerProgramAutoTune/datasets/compiler_gym_llvm21/ir/opencv/71.ll,test,test,opencv-v0,local:/root/DJY/dataset/train/opencv-v0
opencv,72,/root/exp/PerProgramAutoTune/datasets/compiler_gym_llvm21/ir/opencv/72.ll,test,test,opencv-v0,local:/root/DJY/dataset/test/opencv-v0
opencv,74,/root/exp/PerProgramAutoTune/datasets/compiler_gym_llvm21/ir/opencv/74.ll,train_pool,validation,opencv-v0,local:/root/DJY/dataset/train/opencv-v0
opencv,75,/root/exp/PerProgramAutoTune/datasets/compiler_gym_llvm21/ir/opencv/75.ll,train_pool,validation,opencv-v0,local:/root/DJY/dataset/train/opencv-v0
opencv,79,/root/exp/PerProgramAutoTune/datasets/compiler_gym_llvm21/ir/opencv/79.ll,train_pool,validation,opencv-v0,local:/root/DJY/dataset/test/opencv-v0
opencv,80,/root/exp/PerProgramAutoTune/datasets/compiler_gym_llvm21/ir/opencv/80.ll,train_pool,search_train,opencv-v0,local:/root/DJY/dataset/train/opencv-v0
opencv,81,/root/exp/PerProgramAutoTune/datasets/compiler_gym_llvm21/ir/opencv/81.ll,test,test,opencv-v0,local:/root/DJY/dataset/train/opencv-v0
opencv,83,/root/exp/PerProgramAutoTune/datasets/compiler_gym_llvm21/ir/opencv/83.ll,train_pool,search_train,opencv-v0,local:/root/DJY/dataset/train/opencv-v0
opencv,84,/root/exp/PerProgramAutoTune/datasets/compiler_gym_llvm21/ir/opencv/84.ll,test,test,opencv-v0,local:/root/DJY/dataset/train/opencv-v0
opencv,86,/root/exp/PerProgramAutoTune/datasets/compiler_gym_llvm21/ir/opencv/86.ll,test,test,opencv-v0,local:/root/DJY/dataset/train/opencv-v0
opencv,98,/root/exp/PerProgramAutoTune/datasets/compiler_gym_llvm21/ir/opencv/98.ll,test,test,opencv-v0,local:/root/DJY/dataset/train/opencv-v0
opencv,99,/root/exp/PerProgramAutoTune/datasets/compiler_gym_llvm21/ir/opencv/99.ll,train_pool,search_train,opencv-v0,local:/root/DJY/dataset/train/opencv-v0
tensorflow,1,/root/exp/PerProgramAutoTune/datasets/compiler_gym_llvm21/ir/tensorflow/1.ll,test,test,tensorflow-v0,local:/root/DJY/dataset/train/tensorflow-v0
tensorflow,10,/root/exp/PerProgramAutoTune/datasets/compiler_gym_llvm21/ir/tensorflow/10.ll,test,test,tensorflow-v0,local:/root/DJY/dataset/train/tensorflow-v0
tensorflow,1002,/root/exp/PerProgramAutoTune/datasets/compiler_gym_llvm21/ir/tensorflow/1002.ll,test,test,tensorflow-v0,local:/root/DJY/dataset/train/tensorflow-v0
tensorflow,1006,/root/exp/PerProgramAutoTune/datasets/compiler_gym_llvm21/ir/tensorflow/1006.ll,test,test,tensorflow-v0,local:/root/DJY/dataset/train/tensorflow-v0
tensorflow,1010,/root/exp/PerProgramAutoTune/datasets/compiler_gym_llvm21/ir/tensorflow/1010.ll,test,test,tensorflow-v0,local:/root/DJY/dataset/train/tensorflow-v0
tensorflow,1013,/root/exp/PerProgramAutoTune/datasets/compiler_gym_llvm21/ir/tensorflow/1013.ll,test,test,tensorflow-v0,local:/root/DJY/dataset/train/tensorflow-v0
tensorflow,1015,/root/exp/PerProgramAutoTune/datasets/compiler_gym_llvm21/ir/tensorflow/1015.ll,test,test,tensorflow-v0,local:/root/DJY/dataset/train/tensorflow-v0
tensorflow,1016,/root/exp/PerProgramAutoTune/datasets/compiler_gym_llvm21/ir/tensorflow/1016.ll,test,test,tensorflow-v0,local:/root/DJY/dataset/train/tensorflow-v0
tensorflow,1023,/root/exp/PerProgramAutoTune/datasets/compiler_gym_llvm21/ir/tensorflow/1023.ll,test,test,tensorflow-v0,local:/root/DJY/dataset/test/tensorflow-v0
tensorflow,1026,/root/exp/PerProgramAutoTune/datasets/compiler_gym_llvm21/ir/tensorflow/1026.ll,test,test,tensorflow-v0,local:/root/DJY/dataset/train/tensorflow-v0
tensorflow,103,/root/exp/PerProgramAutoTune/datasets/compiler_gym_llvm21/ir/tensorflow/103.ll,test,test,tensorflow-v0,local:/root/DJY/dataset/train/tensorflow-v0
tensorflow,1034,/root/exp/PerProgramAutoTune/datasets/compiler_gym_llvm21/ir/tensorflow/1034.ll,train_pool,validation,tensorflow-v0,local:/root/DJY/dataset/train/tensorflow-v0
tensorflow,1037,/root/exp/PerProgramAutoTune/datasets/compiler_gym_llvm21/ir/tensorflow/1037.ll,train_pool,search_train,tensorflow-v0,local:/root/DJY/dataset/train/tensorflow-v0
tensorflow,1063,/root/exp/PerProgramAutoTune/datasets/compiler_gym_llvm21/ir/tensorflow/1063.ll,test,test,tensorflow-v0,local:/root/DJY/dataset/train/tensorflow-v0
tensorflow,1065,/root/exp/PerProgramAutoTune/datasets/compiler_gym_llvm21/ir/tensorflow/1065.ll,train_pool,search_train,tensorflow-v0,local:/root/DJY/dataset/train/tensorflow-v0
tensorflow,1069,/root/exp/PerProgramAutoTune/datasets/compiler_gym_llvm21/ir/tensorflow/1069.ll,train_pool,validation,tensorflow-v0,local:/root/DJY/dataset/train/tensorflow-v0
tensorflow,1070,/root/exp/PerProgramAutoTune/datasets/compiler_gym_llvm21/ir/tensorflow/1070.ll,test,test,tensorflow-v0,local:/root/DJY/dataset/train/tensorflow-v0
tensorflow,1072,/root/exp/PerProgramAutoTune/datasets/compiler_gym_llvm21/ir/tensorflow/1072.ll,test,test,tensorflow-v0,local:/root/DJY/dataset/train/tensorflow-v0
tensorflow,1075,/root/exp/PerProgramAutoTune/datasets/compiler_gym_llvm21/ir/tensorflow/1075.ll,train_pool,validation,tensorflow-v0,local:/root/DJY/dataset/test/tensorflow-v0
tensorflow,1090,/root/exp/PerProgramAutoTune/datasets/compiler_gym_llvm21/ir/tensorflow/1090.ll,test,test,tensorflow-v0,local:/root/DJY/dataset/train/tensorflow-v0
tensorflow,1098,/root/exp/PerProgramAutoTune/datasets/compiler_gym_llvm21/ir/tensorflow/1098.ll,train_pool,validation,tensorflow-v0,local:/root/DJY/dataset/train/tensorflow-v0
tensorflow,1101,/root/exp/PerProgramAutoTune/datasets/compiler_gym_llvm21/ir/tensorflow/1101.ll,train_pool,validation,tensorflow-v0,local:/root/DJY/dataset/test/tensorflow-v0
tensorflow,1109,/root/exp/PerProgramAutoTune/datasets/compiler_gym_llvm21/ir/tensorflow/1109.ll,test,test,tensorflow-v0,local:/root/DJY/dataset/train/tensorflow-v0
tensorflow,111,/root/exp/PerProgramAutoTune/datasets/compiler_gym_llvm21/ir/tensorflow/111.ll,test,test,tensorflow-v0,local:/root/DJY/dataset/train/tensorflow-v0
tensorflow,1117,/root/exp/PerProgramAutoTune/datasets/compiler_gym_llvm21/ir/tensorflow/1117.ll,test,test,tensorflow-v0,local:/root/DJY/dataset/train/tensorflow-v0
tensorflow,112,/root/exp/PerProgramAutoTune/datasets/compiler_gym_llvm21/ir/tensorflow/112.ll,train_pool,validation,tensorflow-v0,local:/root/DJY/dataset/train/tensorflow-v0
tensorflow,1136,/root/exp/PerProgramAutoTune/datasets/compiler_gym_llvm21/ir/tensorflow/1136.ll,test,test,tensorflow-v0,local:/root/DJY/dataset/train/tensorflow-v0
tensorflow,1145,/root/exp/PerProgramAutoTune/datasets/compiler_gym_llvm21/ir/tensorflow/1145.ll,test,test,tensorflow-v0,local:/root/DJY/dataset/train/tensorflow-v0
tensorflow,1169,/root/exp/PerProgramAutoTune/datasets/compiler_gym_llvm21/ir/tensorflow/1169.ll,train_pool,search_train,tensorflow-v0,local:/root/DJY/dataset/test/tensorflow-v0
tensorflow,117,/root/exp/PerProgramAutoTune/datasets/compiler_gym_llvm21/ir/tensorflow/117.ll,test,test,tensorflow-v0,local:/root/DJY/dataset/train/tensorflow-v0
tensorflow,1172,/root/exp/PerProgramAutoTune/datasets/compiler_gym_llvm21/ir/tensorflow/1172.ll,test,test,tensorflow-v0,local:/root/DJY/dataset/train/tensorflow-v0
tensorflow,1173,/root/exp/PerProgramAutoTune/datasets/compiler_gym_llvm21/ir/tensorflow/1173.ll,test,test,tensorflow-v0,local:/root/DJY/dataset/train/tensorflow-v0
tensorflow,1176,/root/exp/PerProgramAutoTune/datasets/compiler_gym_llvm21/ir/tensorflow/1176.ll,train_pool,search_train,tensorflow-v0,local:/root/DJY/dataset/test/tensorflow-v0
tensorflow,1177,/root/exp/PerProgramAutoTune/datasets/compiler_gym_llvm21/ir/tensorflow/1177.ll,train_pool,search_train,tensorflow-v0,local:/root/DJY/dataset/test/tensorflow-v0
tensorflow,1179,/root/exp/PerProgramAutoTune/datasets/compiler_gym_llvm21/ir/tensorflow/1179.ll,test,test,tensorflow-v0,local:/root/DJY/dataset/train/tensorflow-v0
tensorflow,118,/root/exp/PerProgramAutoTune/datasets/compiler_gym_llvm21/ir/tensorflow/118.ll,test,test,tensorflow-v0,local:/root/DJY/dataset/train/tensorflow-v0
tensorflow,1180,/root/exp/PerProgramAutoTune/datasets/compiler_gym_llvm21/ir/tensorflow/1180.ll,test,test,tensorflow-v0,local:/root/DJY/dataset/train/tensorflow-v0
tensorflow,1181,/root/exp/PerProgramAutoTune/datasets/compiler_gym_llvm21/ir/tensorflow/1181.ll,test,test,tensorflow-v0,local:/root/DJY/dataset/test/tensorflow-v0
tensorflow,1182,/root/exp/PerProgramAutoTune/datasets/compiler_gym_llvm21/ir/tensorflow/1182.ll,train_pool,search_train,tensorflow-v0,local:/root/DJY/dataset/train/tensorflow-v0
tensorflow,1184,/root/exp/PerProgramAutoTune/datasets/compiler_gym_llvm21/ir/tensorflow/1184.ll,test,test,tensorflow-v0,local:/root/DJY/dataset/train/tensorflow-v0
tensorflow,1185,/root/exp/PerProgramAutoTune/datasets/compiler_gym_llvm21/ir/tensorflow/1185.ll,test,test,tensorflow-v0,local:/root/DJY/dataset/test/tensorflow-v0
tensorflow,1186,/root/exp/PerProgramAutoTune/datasets/compiler_gym_llvm21/ir/tensorflow/1186.ll,train_pool,search_train,tensorflow-v0,local:/root/DJY/dataset/train/tensorflow-v0
tensorflow,1187,/root/exp/PerProgramAutoTune/datasets/compiler_gym_llvm21/ir/tensorflow/1187.ll,train_pool,search_train,tensorflow-v0,local:/root/DJY/dataset/train/tensorflow-v0
tensorflow,1189,/root/exp/PerProgramAutoTune/datasets/compiler_gym_llvm21/ir/tensorflow/1189.ll,test,test,tensorflow-v0,local:/root/DJY/dataset/test/tensorflow-v0
tensorflow,119,/root/exp/PerProgramAutoTune/datasets/compiler_gym_llvm21/ir/tensorflow/119.ll,train_pool,search_train,tensorflow-v0,local:/root/DJY/dataset/train/tensorflow-v0
tensorflow,1190,/root/exp/PerProgramAutoTune/datasets/compiler_gym_llvm21/ir/tensorflow/1190.ll,test,test,tensorflow-v0,local:/root/DJY/dataset/train/tensorflow-v0
tensorflow,1193,/root/exp/PerProgramAutoTune/datasets/compiler_gym_llvm21/ir/tensorflow/1193.ll,test,test,tensorflow-v0,local:/root/DJY/dataset/train/tensorflow-v0
tensorflow,1194,/root/exp/PerProgramAutoTune/datasets/compiler_gym_llvm21/ir/tensorflow/1194.ll,test,test,tensorflow-v0,local:/root/DJY/dataset/test/tensorflow-v0
tensorflow,1195,/root/exp/PerProgramAutoTune/datasets/compiler_gym_llvm21/ir/tensorflow/1195.ll,test,test,tensorflow-v0,local:/root/DJY/dataset/test/tensorflow-v0
tensorflow,1196,/root/exp/PerProgramAutoTune/datasets/compiler_gym_llvm21/ir/tensorflow/1196.ll,test,test,tensorflow-v0,local:/root/DJY/dataset/train/tensorflow-v0
tensorflow,1197,/root/exp/PerProgramAutoTune/datasets/compiler_gym_llvm21/ir/tensorflow/1197.ll,test,test,tensorflow-v0,local:/root/DJY/dataset/train/tensorflow-v0
tensorflow,1198,/root/exp/PerProgramAutoTune/datasets/compiler_gym_llvm21/ir/tensorflow/1198.ll,train_pool,validation,tensorflow-v0,local:/root/DJY/dataset/train/tensorflow-v0
tensorflow,1199,/root/exp/PerProgramAutoTune/datasets/compiler_gym_llvm21/ir/tensorflow/1199.ll,test,test,tensorflow-v0,local:/root/DJY/dataset/train/tensorflow-v0
tensorflow,12,/root/exp/PerProgramAutoTune/datasets/compiler_gym_llvm21/ir/tensorflow/12.ll,test,test,tensorflow-v0,local:/root/DJY/dataset/train/tensorflow-v0
tensorflow,1200,/root/exp/PerProgramAutoTune/datasets/compiler_gym_llvm21/ir/tensorflow/1200.ll,test,test,tensorflow-v0,local:/root/DJY/dataset/train/tensorflow-v0
tensorflow,1201,/root/exp/PerProgramAutoTune/datasets/compiler_gym_llvm21/ir/tensorflow/1201.ll,test,test,tensorflow-v0,local:/root/DJY/dataset/train/tensorflow-v0
tensorflow,1204,/root/exp/PerProgramAutoTune/datasets/compiler_gym_llvm21/ir/tensorflow/1204.ll,test,test,tensorflow-v0,local:/root/DJY/dataset/train/tensorflow-v0
tensorflow,1205,/root/exp/PerProgramAutoTune/datasets/compiler_gym_llvm21/ir/tensorflow/1205.ll,train_pool,search_train,tensorflow-v0,local:/root/DJY/dataset/train/tensorflow-v0
tensorflow,1206,/root/exp/PerProgramAutoTune/datasets/compiler_gym_llvm21/ir/tensorflow/1206.ll,test,test,tensorflow-v0,local:/root/DJY/dataset/train/tensorflow-v0
tensorflow,1208,/root/exp/PerProgramAutoTune/datasets/compiler_gym_llvm21/ir/tensorflow/1208.ll,train_pool,validation,tensorflow-v0,local:/root/DJY/dataset/train/tensorflow-v0
tensorflow,1209,/root/exp/PerProgramAutoTune/datasets/compiler_gym_llvm21/ir/tensorflow/1209.ll,train_pool,search_train,tensorflow-v0,local:/root/DJY/dataset/test/tensorflow-v0
tensorflow,1211,/root/exp/PerProgramAutoTune/datasets/compiler_gym_llvm21/ir/tensorflow/1211.ll,test,test,tensorflow-v0,local:/root/DJY/dataset/train/tensorflow-v0
tensorflow,1213,/root/exp/PerProgramAutoTune/datasets/compiler_gym_llvm21/ir/tensorflow/1213.ll,test,test,tensorflow-v0,local:/root/DJY/dataset/test/tensorflow-v0
tensorflow,1215,/root/exp/PerProgramAutoTune/datasets/compiler_gym_llvm21/ir/tensorflow/1215.ll,test,test,tensorflow-v0,local:/root/DJY/dataset/train/tensorflow-v0
tensorflow,1216,/root/exp/PerProgramAutoTune/datasets/compiler_gym_llvm21/ir/tensorflow/1216.ll,test,test,tensorflow-v0,local:/root/DJY/dataset/train/tensorflow-v0
tensorflow,1217,/root/exp/PerProgramAutoTune/datasets/compiler_gym_llvm21/ir/tensorflow/1217.ll,test,test,tensorflow-v0,local:/root/DJY/dataset/train/tensorflow-v0
tensorflow,122,/root/exp/PerProgramAutoTune/datasets/compiler_gym_llvm21/ir/tensorflow/122.ll,test,test,tensorflow-v0,local:/root/DJY/dataset/train/tensorflow-v0
tensorflow,1221,/root/exp/PerProgramAutoTune/datasets/compiler_gym_llvm21/ir/tensorflow/1221.ll,test,test,tensorflow-v0,local:/root/DJY/dataset/train/tensorflow-v0
tensorflow,126,/root/exp/PerProgramAutoTune/datasets/compiler_gym_llvm21/ir/tensorflow/126.ll,train_pool,validation,tensorflow-v0,local:/root/DJY/dataset/train/tensorflow-v0
tensorflow,127,/root/exp/PerProgramAutoTune/datasets/compiler_gym_llvm21/ir/tensorflow/127.ll,test,test,tensorflow-v0,local:/root/DJY/dataset/test/tensorflow-v0
tensorflow,1289,/root/exp/PerProgramAutoTune/datasets/compiler_gym_llvm21/ir/tensorflow/1289.ll,test,test,tensorflow-v0,local:/root/DJY/dataset/test/tensorflow-v0
tensorflow,1290,/root/exp/PerProgramAutoTune/datasets/compiler_gym_llvm21/ir/tensorflow/1290.ll,test,test,tensorflow-v0,local:/root/DJY/dataset/train/tensorflow-v0
tensorflow,1293,/root/exp/PerProgramAutoTune/datasets/compiler_gym_llvm21/ir/tensorflow/1293.ll,test,test,tensorflow-v0,local:/root/DJY/dataset/test/tensorflow-v0
tensorflow,1294,/root/exp/PerProgramAutoTune/datasets/compiler_gym_llvm21/ir/tensorflow/1294.ll,test,test,tensorflow-v0,local:/root/DJY/dataset/train/tensorflow-v0
tensorflow,1296,/root/exp/PerProgramAutoTune/datasets/compiler_gym_llvm21/ir/tensorflow/1296.ll,train_pool,validation,tensorflow-v0,local:/root/DJY/dataset/train/tensorflow-v0
tensorflow,13,/root/exp/PerProgramAutoTune/datasets/compiler_gym_llvm21/ir/tensorflow/13.ll,train_pool,search_train,tensorflow-v0,local:/root/DJY/dataset/train/tensorflow-v0
tensorflow,1300,/root/exp/PerProgramAutoTune/datasets/compiler_gym_llvm21/ir/tensorflow/1300.ll,test,test,tensorflow-v0,local:/root/DJY/dataset/test/tensorflow-v0
tensorflow,1303,/root/exp/PerProgramAutoTune/datasets/compiler_gym_llvm21/ir/tensorflow/1303.ll,train_pool,search_train,tensorflow-v0,local:/root/DJY/dataset/train/tensorflow-v0
tensorflow,1304,/root/exp/PerProgramAutoTune/datasets/compiler_gym_llvm21/ir/tensorflow/1304.ll,test,test,tensorflow-v0,local:/root/DJY/dataset/train/tensorflow-v0
tensorflow,1310,/root/exp/PerProgramAutoTune/datasets/compiler_gym_llvm21/ir/tensorflow/1310.ll,test,test,tensorflow-v0,local:/root/DJY/dataset/test/tensorflow-v0
tensorflow,1311,/root/exp/PerProgramAutoTune/datasets/compiler_gym_llvm21/ir/tensorflow/1311.ll,test,test,tensorflow-v0,local:/root/DJY/dataset/train/tensorflow-v0
tensorflow,1313,/root/exp/PerProgramAutoTune/datasets/compiler_gym_llvm21/ir/tensorflow/1313.ll,test,test,tensorflow-v0,local:/root/DJY/dataset/train/tensorflow-v0
tensorflow,1314,/root/exp/PerProgramAutoTune/datasets/compiler_gym_llvm21/ir/tensorflow/1314.ll,train_pool,search_train,tensorflow-v0,local:/root/DJY/dataset/test/tensorflow-v0
tensorflow,1318,/root/exp/PerProgramAutoTune/datasets/compiler_gym_llvm21/ir/tensorflow/1318.ll,test,test,tensorflow-v0,local:/root/DJY/dataset/test/tensorflow-v0
tensorflow,1319,/root/exp/PerProgramAutoTune/datasets/compiler_gym_llvm21/ir/tensorflow/1319.ll,train_pool,search_train,tensorflow-v0,local:/root/DJY/dataset/train/tensorflow-v0
tensorflow,132,/root/exp/PerProgramAutoTune/datasets/compiler_gym_llvm21/ir/tensorflow/132.ll,test,test,tensorflow-v0,local:/root/DJY/dataset/train/tensorflow-v0
tensorflow,1321,/root/exp/PerProgramAutoTune/datasets/compiler_gym_llvm21/ir/tensorflow/1321.ll,train_pool,search_train,tensorflow-v0,local:/root/DJY/dataset/train/tensorflow-v0
tensorflow,1322,/root/exp/PerProgramAutoTune/datasets/compiler_gym_llvm21/ir/tensorflow/1322.ll,train_pool,search_train,tensorflow-v0,local:/root/DJY/dataset/train/tensorflow-v0
tensorflow,1328,/root/exp/PerProgramAutoTune/datasets/compiler_gym_llvm21/ir/tensorflow/1328.ll,test,test,tensorflow-v0,local:/root/DJY/dataset/train/tensorflow-v0
tensorflow,133,/root/exp/PerProgramAutoTune/datasets/compiler_gym_llvm21/ir/tensorflow/133.ll,test,test,tensorflow-v0,local:/root/DJY/dataset/train/tensorflow-v0
tensorflow,1330,/root/exp/PerProgramAutoTune/datasets/compiler_gym_llvm21/ir/tensorflow/1330.ll,train_pool,validation,tensorflow-v0,local:/root/DJY/dataset/train/tensorflow-v0
tensorflow,1332,/root/exp/PerProgramAutoTune/datasets/compiler_gym_llvm21/ir/tensorflow/1332.ll,test,test,tensorflow-v0,local:/root/DJY/dataset/train/tensorflow-v0
tensorflow,1333,/root/exp/PerProgramAutoTune/datasets/compiler_gym_llvm21/ir/tensorflow/1333.ll,test,test,tensorflow-v0,local:/root/DJY/dataset/train/tensorflow-v0
tensorflow,1354,/root/exp/PerProgramAutoTune/datasets/compiler_gym_llvm21/ir/tensorflow/1354.ll,train_pool,search_train,tensorflow-v0,local:/root/DJY/dataset/train/tensorflow-v0
tensorflow,1355,/root/exp/PerProgramAutoTune/datasets/compiler_gym_llvm21/ir/tensorflow/1355.ll,test,test,tensorflow-v0,local:/root/DJY/dataset/train/tensorflow-v0
tensorflow,1357,/root/exp/PerProgramAutoTune/datasets/compiler_gym_llvm21/ir/tensorflow/1357.ll,train_pool,validation,tensorflow-v0,local:/root/DJY/dataset/train/tensorflow-v0
tensorflow,1358,/root/exp/PerProgramAutoTune/datasets/compiler_gym_llvm21/ir/tensorflow/1358.ll,train_pool,validation,tensorflow-v0,local:/root/DJY/dataset/test/tensorflow-v0
tensorflow,136,/root/exp/PerProgramAutoTune/datasets/compiler_gym_llvm21/ir/tensorflow/136.ll,test,test,tensorflow-v0,local:/root/DJY/dataset/train/tensorflow-v0
tensorflow,1369,/root/exp/PerProgramAutoTune/datasets/compiler_gym_llvm21/ir/tensorflow/1369.ll,test,test,tensorflow-v0,local:/root/DJY/dataset/train/tensorflow-v0
tensorflow,1374,/root/exp/PerProgramAutoTune/datasets/compiler_gym_llvm21/ir/tensorflow/1374.ll,test,test,tensorflow-v0,local:/root/DJY/dataset/test/tensorflow-v0
tensorflow,1375,/root/exp/PerProgramAutoTune/datasets/compiler_gym_llvm21/ir/tensorflow/1375.ll,train_pool,search_train,tensorflow-v0,local:/root/DJY/dataset/train/tensorflow-v0
tensorflow,1379,/root/exp/PerProgramAutoTune/datasets/compiler_gym_llvm21/ir/tensorflow/1379.ll,test,test,tensorflow-v0,local:/root/DJY/dataset/train/tensorflow-v0
tensorflow,138,/root/exp/PerProgramAutoTune/datasets/compiler_gym_llvm21/ir/tensorflow/138.ll,train_pool,search_train,tensorflow-v0,local:/root/DJY/dataset/test/tensorflow-v0
tensorflow,1383,/root/exp/PerProgramAutoTune/datasets/compiler_gym_llvm21/ir/tensorflow/1383.ll,train_pool,validation,tensorflow-v0,local:/root/DJY/dataset/train/tensorflow-v0
tensorflow,1386,/root/exp/PerProgramAutoTune/datasets/compiler_gym_llvm21/ir/tensorflow/1386.ll,test,test,tensorflow-v0,local:/root/DJY/dataset/train/tensorflow-v0
tensorflow,1388,/root/exp/PerProgramAutoTune/datasets/compiler_gym_llvm21/ir/tensorflow/1388.ll,test,test,tensorflow-v0,local:/root/DJY/dataset/train/tensorflow-v0
tensorflow,139,/root/exp/PerProgramAutoTune/datasets/compiler_gym_llvm21/ir/tensorflow/139.ll,test,test,tensorflow-v0,local:/root/DJY/dataset/test/tensorflow-v0
tensorflow,1393,/root/exp/PerProgramAutoTune/datasets/compiler_gym_llvm21/ir/tensorflow/1393.ll,test,test,tensorflow-v0,local:/root/DJY/dataset/test/tensorflow-v0
tensorflow,1395,/root/exp/PerProgramAutoTune/datasets/compiler_gym_llvm21/ir/tensorflow/1395.ll,test,test,tensorflow-v0,local:/root/DJY/dataset/test/tensorflow-v0
tensorflow,1396,/root/exp/PerProgramAutoTune/datasets/compiler_gym_llvm21/ir/tensorflow/1396.ll,test,test,tensorflow-v0,local:/root/DJY/dataset/train/tensorflow-v0
tensorflow,1397,/root/exp/PerProgramAutoTune/datasets/compiler_gym_llvm21/ir/tensorflow/1397.ll,test,test,tensorflow-v0,local:/root/DJY/dataset/train/tensorflow-v0
tensorflow,1398,/root/exp/PerProgramAutoTune/datasets/compiler_gym_llvm21/ir/tensorflow/1398.ll,test,test,tensorflow-v0,local:/root/DJY/dataset/train/tensorflow-v0
tensorflow,1401,/root/exp/PerProgramAutoTune/datasets/compiler_gym_llvm21/ir/tensorflow/1401.ll,test,test,tensorflow-v0,local:/root/DJY/dataset/train/tensorflow-v0
tensorflow,1403,/root/exp/PerProgramAutoTune/datasets/compiler_gym_llvm21/ir/tensorflow/1403.ll,test,test,tensorflow-v0,local:/root/DJY/dataset/train/tensorflow-v0
tensorflow,1405,/root/exp/PerProgramAutoTune/datasets/compiler_gym_llvm21/ir/tensorflow/1405.ll,test,test,tensorflow-v0,local:/root/DJY/dataset/train/tensorflow-v0
tensorflow,141,/root/exp/PerProgramAutoTune/datasets/compiler_gym_llvm21/ir/tensorflow/141.ll,test,test,tensorflow-v0,local:/root/DJY/dataset/train/tensorflow-v0
tensorflow,1414,/root/exp/PerProgramAutoTune/datasets/compiler_gym_llvm21/ir/tensorflow/1414.ll,train_pool,validation,tensorflow-v0,local:/root/DJY/dataset/train/tensorflow-v0
tensorflow,1417,/root/exp/PerProgramAutoTune/datasets/compiler_gym_llvm21/ir/tensorflow/1417.ll,test,test,tensorflow-v0,local:/root/DJY/dataset/train/tensorflow-v0
tensorflow,142,/root/exp/PerProgramAutoTune/datasets/compiler_gym_llvm21/ir/tensorflow/142.ll,test,test,tensorflow-v0,local:/root/DJY/dataset/train/tensorflow-v0
tensorflow,1428,/root/exp/PerProgramAutoTune/datasets/compiler_gym_llvm21/ir/tensorflow/1428.ll,train_pool,validation,tensorflow-v0,local:/root/DJY/dataset/test/tensorflow-v0
tensorflow,143,/root/exp/PerProgramAutoTune/datasets/compiler_gym_llvm21/ir/tensorflow/143.ll,test,test,tensorflow-v0,local:/root/DJY/dataset/train/tensorflow-v0
tensorflow,1436,/root/exp/PerProgramAutoTune/datasets/compiler_gym_llvm21/ir/tensorflow/1436.ll,test,test,tensorflow-v0,local:/root/DJY/dataset/train/tensorflow-v0
tensorflow,1437,/root/exp/PerProgramAutoTune/datasets/compiler_gym_llvm21/ir/tensorflow/1437.ll,test,test,tensorflow-v0,local:/root/DJY/dataset/train/tensorflow-v0
tensorflow,1439,/root/exp/PerProgramAutoTune/datasets/compiler_gym_llvm21/ir/tensorflow/1439.ll,test,test,tensorflow-v0,local:/root/DJY/dataset/test/tensorflow-v0
tensorflow,1440,/root/exp/PerProgramAutoTune/datasets/compiler_gym_llvm21/ir/tensorflow/1440.ll,test,test,tensorflow-v0,local:/root/DJY/dataset/test/tensorflow-v0
tensorflow,1447,/root/exp/PerProgramAutoTune/datasets/compiler_gym_llvm21/ir/tensorflow/1447.ll,test,test,tensorflow-v0,local:/root/DJY/dataset/train/tensorflow-v0
tensorflow,145,/root/exp/PerProgramAutoTune/datasets/compiler_gym_llvm21/ir/tensorflow/145.ll,train_pool,validation,tensorflow-v0,local:/root/DJY/dataset/test/tensorflow-v0
tensorflow,1469,/root/exp/PerProgramAutoTune/datasets/compiler_gym_llvm21/ir/tensorflow/1469.ll,train_pool,search_train,tensorflow-v0,local:/root/DJY/dataset/train/tensorflow-v0
tensorflow,1486,/root/exp/PerProgramAutoTune/datasets/compiler_gym_llvm21/ir/tensorflow/1486.ll,test,test,tensorflow-v0,local:/root/DJY/dataset/train/tensorflow-v0
tensorflow,1492,/root/exp/PerProgramAutoTune/datasets/compiler_gym_llvm21/ir/tensorflow/1492.ll,test,test,tensorflow-v0,local:/root/DJY/dataset/train/tensorflow-v0
tensorflow,1494,/root/exp/PerProgramAutoTune/datasets/compiler_gym_llvm21/ir/tensorflow/1494.ll,train_pool,search_train,tensorflow-v0,local:/root/DJY/dataset/train/tensorflow-v0
tensorflow,1498,/root/exp/PerProgramAutoTune/datasets/compiler_gym_llvm21/ir/tensorflow/1498.ll,test,test,tensorflow-v0,local:/root/DJY/dataset/train/tensorflow-v0
tensorflow,150,/root/exp/PerProgramAutoTune/datasets/compiler_gym_llvm21/ir/tensorflow/150.ll,test,test,tensorflow-v0,local:/root/DJY/dataset/train/tensorflow-v0
tensorflow,1502,/root/exp/PerProgramAutoTune/datasets/compiler_gym_llvm21/ir/tensorflow/1502.ll,test,test,tensorflow-v0,local:/root/DJY/dataset/train/tensorflow-v0
tensorflow,1505,/root/exp/PerProgramAutoTune/datasets/compiler_gym_llvm21/ir/tensorflow/1505.ll,test,test,tensorflow-v0,local:/root/DJY/dataset/train/tensorflow-v0
tensorflow,1511,/root/exp/PerProgramAutoTune/datasets/compiler_gym_llvm21/ir/tensorflow/1511.ll,test,test,tensorflow-v0,local:/root/DJY/dataset/train/tensorflow-v0
tensorflow,153,/root/exp/PerProgramAutoTune/datasets/compiler_gym_llvm21/ir/tensorflow/153.ll,test,test,tensorflow-v0,local:/root/DJY/dataset/train/tensorflow-v0
tensorflow,1535,/root/exp/PerProgramAutoTune/datasets/compiler_gym_llvm21/ir/tensorflow/1535.ll,train_pool,search_train,tensorflow-v0,local:/root/DJY/dataset/train/tensorflow-v0
tensorflow,1536,/root/exp/PerProgramAutoTune/datasets/compiler_gym_llvm21/ir/tensorflow/1536.ll,train_pool,validation,tensorflow-v0,local:/root/DJY/dataset/train/tensorflow-v0
tensorflow,1547,/root/exp/PerProgramAutoTune/datasets/compiler_gym_llvm21/ir/tensorflow/1547.ll,test,test,tensorflow-v0,local:/root/DJY/dataset/train/tensorflow-v0
tensorflow,1576,/root/exp/PerProgramAutoTune/datasets/compiler_gym_llvm21/ir/tensorflow/1576.ll,train_pool,validation,tensorflow-v0,local:/root/DJY/dataset/train/tensorflow-v0
tensorflow,1579,/root/exp/PerProgramAutoTune/datasets/compiler_gym_llvm21/ir/tensorflow/1579.ll,test,test,tensorflow-v0,local:/root/DJY/dataset/test/tensorflow-v0
tensorflow,1580,/root/exp/PerProgramAutoTune/datasets/compiler_gym_llvm21/ir/tensorflow/1580.ll,test,test,tensorflow-v0,local:/root/DJY/dataset/train/tensorflow-v0
tensorflow,1581,/root/exp/PerProgramAutoTune/datasets/compiler_gym_llvm21/ir/tensorflow/1581.ll,test,test,tensorflow-v0,local:/root/DJY/dataset/train/tensorflow-v0
tensorflow,1582,/root/exp/PerProgramAutoTune/datasets/compiler_gym_llvm21/ir/tensorflow/1582.ll,test,test,tensorflow-v0,local:/root/DJY/dataset/train/tensorflow-v0
tensorflow,1583,/root/exp/PerProgramAutoTune/datasets/compiler_gym_llvm21/ir/tensorflow/1583.ll,train_pool,validation,tensorflow-v0,local:/root/DJY/dataset/train/tensorflow-v0
tensorflow,1584,/root/exp/PerProgramAutoTune/datasets/compiler_gym_llvm21/ir/tensorflow/1584.ll,test,test,tensorflow-v0,local:/root/DJY/dataset/test/tensorflow-v0
tensorflow,1585,/root/exp/PerProgramAutoTune/datasets/compiler_gym_llvm21/ir/tensorflow/1585.ll,test,test,tensorflow-v0,local:/root/DJY/dataset/train/tensorflow-v0
tensorflow,1587,/root/exp/PerProgramAutoTune/datasets/compiler_gym_llvm21/ir/tensorflow/1587.ll,test,test,tensorflow-v0,local:/root/DJY/dataset/train/tensorflow-v0
tensorflow,1589,/root/exp/PerProgramAutoTune/datasets/compiler_gym_llvm21/ir/tensorflow/1589.ll,test,test,tensorflow-v0,local:/root/DJY/dataset/test/tensorflow-v0
tensorflow,1591,/root/exp/PerProgramAutoTune/datasets/compiler_gym_llvm21/ir/tensorflow/1591.ll,test,test,tensorflow-v0,local:/root/DJY/dataset/train/tensorflow-v0
tensorflow,1592,/root/exp/PerProgramAutoTune/datasets/compiler_gym_llvm21/ir/tensorflow/1592.ll,test,test,tensorflow-v0,local:/root/DJY/dataset/train/tensorflow-v0
tensorflow,1593,/root/exp/PerProgramAutoTune/datasets/compiler_gym_llvm21/ir/tensorflow/1593.ll,test,test,tensorflow-v0,local:/root/DJY/dataset/test/tensorflow-v0
tensorflow,1594,/root/exp/PerProgramAutoTune/datasets/compiler_gym_llvm21/ir/tensorflow/1594.ll,test,test,tensorflow-v0,local:/root/DJY/dataset/train/tensorflow-v0
tensorflow,1596,/root/exp/PerProgramAutoTune/datasets/compiler_gym_llvm21/ir/tensorflow/1596.ll,test,test,tensorflow-v0,local:/root/DJY/dataset/test/tensorflow-v0
tensorflow,1598,/root/exp/PerProgramAutoTune/datasets/compiler_gym_llvm21/ir/tensorflow/1598.ll,train_pool,validation,tensorflow-v0,local:/root/DJY/dataset/train/tensorflow-v0
tensorflow,1599,/root/exp/PerProgramAutoTune/datasets/compiler_gym_llvm21/ir/tensorflow/1599.ll,test,test,tensorflow-v0,local:/root/DJY/dataset/train/tensorflow-v0
tensorflow,16,/root/exp/PerProgramAutoTune/datasets/compiler_gym_llvm21/ir/tensorflow/16.ll,test,test,tensorflow-v0,local:/root/DJY/dataset/train/tensorflow-v0
tensorflow,1601,/root/exp/PerProgramAutoTune/datasets/compiler_gym_llvm21/ir/tensorflow/1601.ll,train_pool,search_train,tensorflow-v0,local:/root/DJY/dataset/train/tensorflow-v0
tensorflow,1602,/root/exp/PerProgramAutoTune/datasets/compiler_gym_llvm21/ir/tensorflow/1602.ll,test,test,tensorflow-v0,local:/root/DJY/dataset/train/tensorflow-v0
tensorflow,1603,/root/exp/PerProgramAutoTune/datasets/compiler_gym_llvm21/ir/tensorflow/1603.ll,test,test,tensorflow-v0,local:/root/DJY/dataset/train/tensorflow-v0
tensorflow,1604,/root/exp/PerProgramAutoTune/datasets/compiler_gym_llvm21/ir/tensorflow/1604.ll,test,test,tensorflow-v0,local:/root/DJY/dataset/train/tensorflow-v0
tensorflow,1605,/root/exp/PerProgramAutoTune/datasets/compiler_gym_llvm21/ir/tensorflow/1605.ll,test,test,tensorflow-v0,local:/root/DJY/dataset/test/tensorflow-v0
tensorflow,1606,/root/exp/PerProgramAutoTune/datasets/compiler_gym_llvm21/ir/tensorflow/1606.ll,test,test,tensorflow-v0,local:/root/DJY/dataset/test/tensorflow-v0
tensorflow,1607,/root/exp/PerProgramAutoTune/datasets/compiler_gym_llvm21/ir/tensorflow/1607.ll,test,test,tensorflow-v0,local:/root/DJY/dataset/train/tensorflow-v0
tensorflow,1608,/root/exp/PerProgramAutoTune/datasets/compiler_gym_llvm21/ir/tensorflow/1608.ll,test,test,tensorflow-v0,local:/root/DJY/dataset/train/tensorflow-v0
tensorflow,161,/root/exp/PerProgramAutoTune/datasets/compiler_gym_llvm21/ir/tensorflow/161.ll,test,test,tensorflow-v0,local:/root/DJY/dataset/train/tensorflow-v0
tensorflow,1610,/root/exp/PerProgramAutoTune/datasets/compiler_gym_llvm21/ir/tensorflow/1610.ll,train_pool,search_train,tensorflow-v0,local:/root/DJY/dataset/test/tensorflow-v0
tensorflow,1611,/root/exp/PerProgramAutoTune/datasets/compiler_gym_llvm21/ir/tensorflow/1611.ll,test,test,tensorflow-v0,local:/root/DJY/dataset/train/tensorflow-v0
tensorflow,1613,/root/exp/PerProgramAutoTune/datasets/compiler_gym_llvm21/ir/tensorflow/1613.ll,test,test,tensorflow-v0,local:/root/DJY/dataset/train/tensorflow-v0
tensorflow,1615,/root/exp/PerProgramAutoTune/datasets/compiler_gym_llvm21/ir/tensorflow/1615.ll,test,test,tensorflow-v0,local:/root/DJY/dataset/train/tensorflow-v0
tensorflow,1616,/root/exp/PerProgramAutoTune/datasets/compiler_gym_llvm21/ir/tensorflow/1616.ll,test,test,tensorflow-v0,local:/root/DJY/dataset/test/tensorflow-v0
tensorflow,1617,/root/exp/PerProgramAutoTune/datasets/compiler_gym_llvm21/ir/tensorflow/1617.ll,test,test,tensorflow-v0,local:/root/DJY/dataset/train/tensorflow-v0
tensorflow,1618,/root/exp/PerProgramAutoTune/datasets/compiler_gym_llvm21/ir/tensorflow/1618.ll,test,test,tensorflow-v0,local:/root/DJY/dataset/test/tensorflow-v0
tensorflow,1619,/root/exp/PerProgramAutoTune/datasets/compiler_gym_llvm21/ir/tensorflow/1619.ll,test,test,tensorflow-v0,local:/root/DJY/dataset/train/tensorflow-v0
tensorflow,162,/root/exp/PerProgramAutoTune/datasets/compiler_gym_llvm21/ir/tensorflow/162.ll,test,test,tensorflow-v0,local:/root/DJY/dataset/train/tensorflow-v0
tensorflow,1620,/root/exp/PerProgramAutoTune/datasets/compiler_gym_llvm21/ir/tensorflow/1620.ll,test,test,tensorflow-v0,local:/root/DJY/dataset/train/tensorflow-v0
tensorflow,1622,/root/exp/PerProgramAutoTune/datasets/compiler_gym_llvm21/ir/tensorflow/1622.ll,train_pool,search_train,tensorflow-v0,local:/root/DJY/dataset/train/tensorflow-v0
tensorflow,1625,/root/exp/PerProgramAutoTune/datasets/compiler_gym_llvm21/ir/tensorflow/1625.ll,test,test,tensorflow-v0,local:/root/DJY/dataset/test/tensorflow-v0
tensorflow,1626,/root/exp/PerProgramAutoTune/datasets/compiler_gym_llvm21/ir/tensorflow/1626.ll,test,test,tensorflow-v0,local:/root/DJY/dataset/train/tensorflow-v0
tensorflow,1627,/root/exp/PerProgramAutoTune/datasets/compiler_gym_llvm21/ir/tensorflow/1627.ll,test,test,tensorflow-v0,local:/root/DJY/dataset/train/tensorflow-v0
tensorflow,1629,/root/exp/PerProgramAutoTune/datasets/compiler_gym_llvm21/ir/tensorflow/1629.ll,test,test,tensorflow-v0,local:/root/DJY/dataset/train/tensorflow-v0
tensorflow,1630,/root/exp/PerProgramAutoTune/datasets/compiler_gym_llvm21/ir/tensorflow/1630.ll,test,test,tensorflow-v0,local:/root/DJY/dataset/train/tensorflow-v0
tensorflow,1632,/root/exp/PerProgramAutoTune/datasets/compiler_gym_llvm21/ir/tensorflow/1632.ll,test,test,tensorflow-v0,local:/root/DJY/dataset/train/tensorflow-v0
tensorflow,1633,/root/exp/PerProgramAutoTune/datasets/compiler_gym_llvm21/ir/tensorflow/1633.ll,test,test,tensorflow-v0,local:/root/DJY/dataset/train/tensorflow-v0
tensorflow,1635,/root/exp/PerProgramAutoTune/datasets/compiler_gym_llvm21/ir/tensorflow/1635.ll,train_pool,search_train,tensorflow-v0,local:/root/DJY/dataset/train/tensorflow-v0
tensorflow,167,/root/exp/PerProgramAutoTune/datasets/compiler_gym_llvm21/ir/tensorflow/167.ll,test,test,tensorflow-v0,local:/root/DJY/dataset/train/tensorflow-v0
tensorflow,170,/root/exp/PerProgramAutoTune/datasets/compiler_gym_llvm21/ir/tensorflow/170.ll,test,test,tensorflow-v0,local:/root/DJY/dataset/train/tensorflow-v0
tensorflow,1712,/root/exp/PerProgramAutoTune/datasets/compiler_gym_llvm21/ir/tensorflow/1712.ll,test,test,tensorflow-v0,local:/root/DJY/dataset/train/tensorflow-v0
tensorflow,1716,/root/exp/PerProgramAutoTune/datasets/compiler_gym_llvm21/ir/tensorflow/1716.ll,test,test,tensorflow-v0,local:/root/DJY/dataset/train/tensorflow-v0
tensorflow,1717,/root/exp/PerProgramAutoTune/datasets/compiler_gym_llvm21/ir/tensorflow/1717.ll,test,test,tensorflow-v0,local:/root/DJY/dataset/train/tensorflow-v0
tensorflow,1720,/root/exp/PerProgramAutoTune/datasets/compiler_gym_llvm21/ir/tensorflow/1720.ll,train_pool,search_train,tensorflow-v0,local:/root/DJY/dataset/train/tensorflow-v0
tensorflow,1721,/root/exp/PerProgramAutoTune/datasets/compiler_gym_llvm21/ir/tensorflow/1721.ll,train_pool,search_train,tensorflow-v0,local:/root/DJY/dataset/train/tensorflow-v0
tensorflow,1731,/root/exp/PerProgramAutoTune/datasets/compiler_gym_llvm21/ir/tensorflow/1731.ll,test,test,tensorflow-v0,local:/root/DJY/dataset/test/tensorflow-v0
tensorflow,1736,/root/exp/PerProgramAutoTune/datasets/compiler_gym_llvm21/ir/tensorflow/1736.ll,train_pool,search_train,tensorflow-v0,local:/root/DJY/dataset/train/tensorflow-v0
tensorflow,1739,/root/exp/PerProgramAutoTune/datasets/compiler_gym_llvm21/ir/tensorflow/1739.ll,train_pool,search_train,tensorflow-v0,local:/root/DJY/dataset/train/tensorflow-v0
tensorflow,1742,/root/exp/PerProgramAutoTune/datasets/compiler_gym_llvm21/ir/tensorflow/1742.ll,test,test,tensorflow-v0,local:/root/DJY/dataset/train/tensorflow-v0
tensorflow,1745,/root/exp/PerProgramAutoTune/datasets/compiler_gym_llvm21/ir/tensorflow/1745.ll,train_pool,search_train,tensorflow-v0,local:/root/DJY/dataset/train/tensorflow-v0
tensorflow,1750,/root/exp/PerProgramAutoTune/datasets/compiler_gym_llvm21/ir/tensorflow/1750.ll,test,test,tensorflow-v0,local:/root/DJY/dataset/train/tensorflow-v0
tensorflow,1757,/root/exp/PerProgramAutoTune/datasets/compiler_gym_llvm21/ir/tensorflow/1757.ll,train_pool,search_train,tensorflow-v0,local:/root/DJY/dataset/train/tensorflow-v0
tensorflow,1758,/root/exp/PerProgramAutoTune/datasets/compiler_gym_llvm21/ir/tensorflow/1758.ll,test,test,tensorflow-v0,local:/root/DJY/dataset/train/tensorflow-v0
tensorflow,1759,/root/exp/PerProgramAutoTune/datasets/compiler_gym_llvm21/ir/tensorflow/1759.ll,test,test,tensorflow-v0,local:/root/DJY/dataset/train/tensorflow-v0
tensorflow,1770,/root/exp/PerProgramAutoTune/datasets/compiler_gym_llvm21/ir/tensorflow/1770.ll,test,test,tensorflow-v0,local:/root/DJY/dataset/train/tensorflow-v0
tensorflow,1777,/root/exp/PerProgramAutoTune/datasets/compiler_gym_llvm21/ir/tensorflow/1777.ll,test,test,tensorflow-v0,local:/root/DJY/dataset/train/tensorflow-v0
tensorflow,1779,/root/exp/PerProgramAutoTune/datasets/compiler_gym_llvm21/ir/tensorflow/1779.ll,test,test,tensorflow-v0,local:/root/DJY/dataset/train/tensorflow-v0
tensorflow,1780,/root/exp/PerProgramAutoTune/datasets/compiler_gym_llvm21/ir/tensorflow/1780.ll,test,test,tensorflow-v0,local:/root/DJY/dataset/train/tensorflow-v0
tensorflow,1782,/root/exp/PerProgramAutoTune/datasets/compiler_gym_llvm21/ir/tensorflow/1782.ll,test,test,tensorflow-v0,local:/root/DJY/dataset/train/tensorflow-v0
tensorflow,1787,/root/exp/PerProgramAutoTune/datasets/compiler_gym_llvm21/ir/tensorflow/1787.ll,train_pool,search_train,tensorflow-v0,local:/root/DJY/dataset/train/tensorflow-v0
tensorflow,1790,/root/exp/PerProgramAutoTune/datasets/compiler_gym_llvm21/ir/tensorflow/1790.ll,test,test,tensorflow-v0,local:/root/DJY/dataset/test/tensorflow-v0
tensorflow,1791,/root/exp/PerProgramAutoTune/datasets/compiler_gym_llvm21/ir/tensorflow/1791.ll,train_pool,search_train,tensorflow-v0,local:/root/DJY/dataset/train/tensorflow-v0
tensorflow,1792,/root/exp/PerProgramAutoTune/datasets/compiler_gym_llvm21/ir/tensorflow/1792.ll,test,test,tensorflow-v0,local:/root/DJY/dataset/train/tensorflow-v0
tensorflow,1797,/root/exp/PerProgramAutoTune/datasets/compiler_gym_llvm21/ir/tensorflow/1797.ll,test,test,tensorflow-v0,local:/root/DJY/dataset/train/tensorflow-v0
tensorflow,1801,/root/exp/PerProgramAutoTune/datasets/compiler_gym_llvm21/ir/tensorflow/1801.ll,train_pool,search_train,tensorflow-v0,local:/root/DJY/dataset/train/tensorflow-v0
tensorflow,1805,/root/exp/PerProgramAutoTune/datasets/compiler_gym_llvm21/ir/tensorflow/1805.ll,test,test,tensorflow-v0,local:/root/DJY/dataset/train/tensorflow-v0
tensorflow,1814,/root/exp/PerProgramAutoTune/datasets/compiler_gym_llvm21/ir/tensorflow/1814.ll,test,test,tensorflow-v0,local:/root/DJY/dataset/train/tensorflow-v0
tensorflow,1816,/root/exp/PerProgramAutoTune/datasets/compiler_gym_llvm21/ir/tensorflow/1816.ll,test,test,tensorflow-v0,local:/root/DJY/dataset/train/tensorflow-v0
tensorflow,1817,/root/exp/PerProgramAutoTune/datasets/compiler_gym_llvm21/ir/tensorflow/1817.ll,test,test,tensorflow-v0,local:/root/DJY/dataset/train/tensorflow-v0
tensorflow,1818,/root/exp/PerProgramAutoTune/datasets/compiler_gym_llvm21/ir/tensorflow/1818.ll,test,test,tensorflow-v0,local:/root/DJY/dataset/train/tensorflow-v0
tensorflow,1819,/root/exp/PerProgramAutoTune/datasets/compiler_gym_llvm21/ir/tensorflow/1819.ll,test,test,tensorflow-v0,local:/root/DJY/dataset/test/tensorflow-v0
tensorflow,1820,/root/exp/PerProgramAutoTune/datasets/compiler_gym_llvm21/ir/tensorflow/1820.ll,test,test,tensorflow-v0,local:/root/DJY/dataset/test/tensorflow-v0
tensorflow,1835,/root/exp/PerProgramAutoTune/datasets/compiler_gym_llvm21/ir/tensorflow/1835.ll,test,test,tensorflow-v0,local:/root/DJY/dataset/train/tensorflow-v0
tensorflow,1847,/root/exp/PerProgramAutoTune/datasets/compiler_gym_llvm21/ir/tensorflow/1847.ll,test,test,tensorflow-v0,local:/root/DJY/dataset/train/tensorflow-v0
tensorflow,1856,/root/exp/PerProgramAutoTune/datasets/compiler_gym_llvm21/ir/tensorflow/1856.ll,test,test,tensorflow-v0,local:/root/DJY/dataset/train/tensorflow-v0
tensorflow,1858,/root/exp/PerProgramAutoTune/datasets/compiler_gym_llvm21/ir/tensorflow/1858.ll,test,test,tensorflow-v0,local:/root/DJY/dataset/train/tensorflow-v0
tensorflow,1863,/root/exp/PerProgramAutoTune/datasets/compiler_gym_llvm21/ir/tensorflow/1863.ll,test,test,tensorflow-v0,local:/root/DJY/dataset/train/tensorflow-v0
tensorflow,1871,/root/exp/PerProgramAutoTune/datasets/compiler_gym_llvm21/ir/tensorflow/1871.ll,train_pool,search_train,tensorflow-v0,local:/root/DJY/dataset/test/tensorflow-v0
tensorflow,1887,/root/exp/PerProgramAutoTune/datasets/compiler_gym_llvm21/ir/tensorflow/1887.ll,test,test,tensorflow-v0,local:/root/DJY/dataset/test/tensorflow-v0
tensorflow,1902,/root/exp/PerProgramAutoTune/datasets/compiler_gym_llvm21/ir/tensorflow/1902.ll,train_pool,search_train,tensorflow-v0,local:/root/DJY/dataset/train/tensorflow-v0
tensorflow,1904,/root/exp/PerProgramAutoTune/datasets/compiler_gym_llvm21/ir/tensorflow/1904.ll,test,test,tensorflow-v0,local:/root/DJY/dataset/test/tensorflow-v0
tensorflow,1906,/root/exp/PerProgramAutoTune/datasets/compiler_gym_llvm21/ir/tensorflow/1906.ll,train_pool,search_train,tensorflow-v0,local:/root/DJY/dataset/train/tensorflow-v0
tensorflow,1908,/root/exp/PerProgramAutoTune/datasets/compiler_gym_llvm21/ir/tensorflow/1908.ll,test,test,tensorflow-v0,local:/root/DJY/dataset/train/tensorflow-v0
tensorflow,1910,/root/exp/PerProgramAutoTune/datasets/compiler_gym_llvm21/ir/tensorflow/1910.ll,test,test,tensorflow-v0,local:/root/DJY/dataset/test/tensorflow-v0
tensorflow,1913,/root/exp/PerProgramAutoTune/datasets/compiler_gym_llvm21/ir/tensorflow/1913.ll,train_pool,search_train,tensorflow-v0,local:/root/DJY/dataset/train/tensorflow-v0
tensorflow,1914,/root/exp/PerProgramAutoTune/datasets/compiler_gym_llvm21/ir/tensorflow/1914.ll,test,test,tensorflow-v0,local:/root/DJY/dataset/test/tensorflow-v0
tensorflow,1915,/root/exp/PerProgramAutoTune/datasets/compiler_gym_llvm21/ir/tensorflow/1915.ll,train_pool,validation,tensorflow-v0,local:/root/DJY/dataset/train/tensorflow-v0
tensorflow,1917,/root/exp/PerProgramAutoTune/datasets/compiler_gym_llvm21/ir/tensorflow/1917.ll,test,test,tensorflow-v0,local:/root/DJY/dataset/train/tensorflow-v0
tensorflow,1919,/root/exp/PerProgramAutoTune/datasets/compiler_gym_llvm21/ir/tensorflow/1919.ll,test,test,tensorflow-v0,local:/root/DJY/dataset/train/tensorflow-v0
tensorflow,1920,/root/exp/PerProgramAutoTune/datasets/compiler_gym_llvm21/ir/tensorflow/1920.ll,test,test,tensorflow-v0,local:/root/DJY/dataset/train/tensorflow-v0
tensorflow,1921,/root/exp/PerProgramAutoTune/datasets/compiler_gym_llvm21/ir/tensorflow/1921.ll,test,test,tensorflow-v0,local:/root/DJY/dataset/train/tensorflow-v0
tensorflow,1923,/root/exp/PerProgramAutoTune/datasets/compiler_gym_llvm21/ir/tensorflow/1923.ll,test,test,tensorflow-v0,local:/root/DJY/dataset/train/tensorflow-v0
tensorflow,1924,/root/exp/PerProgramAutoTune/datasets/compiler_gym_llvm21/ir/tensorflow/1924.ll,test,test,tensorflow-v0,local:/root/DJY/dataset/train/tensorflow-v0
tensorflow,1927,/root/exp/PerProgramAutoTune/datasets/compiler_gym_llvm21/ir/tensorflow/1927.ll,test,test,tensorflow-v0,local:/root/DJY/dataset/test/tensorflow-v0
tensorflow,1928,/root/exp/PerProgramAutoTune/datasets/compiler_gym_llvm21/ir/tensorflow/1928.ll,train_pool,search_train,tensorflow-v0,local:/root/DJY/dataset/train/tensorflow-v0
tensorflow,1929,/root/exp/PerProgramAutoTune/datasets/compiler_gym_llvm21/ir/tensorflow/1929.ll,test,test,tensorflow-v0,local:/root/DJY/dataset/train/tensorflow-v0
tensorflow,193,/root/exp/PerProgramAutoTune/datasets/compiler_gym_llvm21/ir/tensorflow/193.ll,train_pool,search_train,tensorflow-v0,local:/root/DJY/dataset/test/tensorflow-v0
tensorflow,1930,/root/exp/PerProgramAutoTune/datasets/compiler_gym_llvm21/ir/tensorflow/1930.ll,test,test,tensorflow-v0,local:/root/DJY/dataset/test/tensorflow-v0
tensorflow,1931,/root/exp/PerProgramAutoTune/datasets/compiler_gym_llvm21/ir/tensorflow/1931.ll,train_pool,search_train,tensorflow-v0,local:/root/DJY/dataset/train/tensorflow-v0
tensorflow,1933,/root/exp/PerProgramAutoTune/datasets/compiler_gym_llvm21/ir/tensorflow/1933.ll,train_pool,validation,tensorflow-v0,local:/root/DJY/dataset/train/tensorflow-v0
tensorflow,1935,/root/exp/PerProgramAutoTune/datasets/compiler_gym_llvm21/ir/tensorflow/1935.ll,train_pool,search_train,tensorflow-v0,local:/root/DJY/dataset/train/tensorflow-v0
tensorflow,1936,/root/exp/PerProgramAutoTune/datasets/compiler_gym_llvm21/ir/tensorflow/1936.ll,train_pool,search_train,tensorflow-v0,local:/root/DJY/dataset/train/tensorflow-v0
tensorflow,1938,/root/exp/PerProgramAutoTune/datasets/compiler_gym_llvm21/ir/tensorflow/1938.ll,train_pool,search_train,tensorflow-v0,local:/root/DJY/dataset/train/tensorflow-v0
tensorflow,194,/root/exp/PerProgramAutoTune/datasets/compiler_gym_llvm21/ir/tensorflow/194.ll,train_pool,validation,tensorflow-v0,local:/root/DJY/dataset/train/tensorflow-v0
tensorflow,1941,/root/exp/PerProgramAutoTune/datasets/compiler_gym_llvm21/ir/tensorflow/1941.ll,test,test,tensorflow-v0,local:/root/DJY/dataset/train/tensorflow-v0
tensorflow,1942,/root/exp/PerProgramAutoTune/datasets/compiler_gym_llvm21/ir/tensorflow/1942.ll,test,test,tensorflow-v0,local:/root/DJY/dataset/train/tensorflow-v0
tensorflow,1943,/root/exp/PerProgramAutoTune/datasets/compiler_gym_llvm21/ir/tensorflow/1943.ll,test,test,tensorflow-v0,local:/root/DJY/dataset/train/tensorflow-v0
tensorflow,1947,/root/exp/PerProgramAutoTune/datasets/compiler_gym_llvm21/ir/tensorflow/1947.ll,test,test,tensorflow-v0,local:/root/DJY/dataset/test/tensorflow-v0
tensorflow,1967,/root/exp/PerProgramAutoTune/datasets/compiler_gym_llvm21/ir/tensorflow/1967.ll,train_pool,search_train,tensorflow-v0,local:/root/DJY/dataset/train/tensorflow-v0
tensorflow,1977,/root/exp/PerProgramAutoTune/datasets/compiler_gym_llvm21/ir/tensorflow/1977.ll,train_pool,validation,tensorflow-v0,local:/root/DJY/dataset/train/tensorflow-v0
tensorflow,1983,/root/exp/PerProgramAutoTune/datasets/compiler_gym_llvm21/ir/tensorflow/1983.ll,test,test,tensorflow-v0,local:/root/DJY/dataset/train/tensorflow-v0
tensorflow,21,/root/exp/PerProgramAutoTune/datasets/compiler_gym_llvm21/ir/tensorflow/21.ll,test,test,tensorflow-v0,local:/root/DJY/dataset/train/tensorflow-v0
tensorflow,219,/root/exp/PerProgramAutoTune/datasets/compiler_gym_llvm21/ir/tensorflow/219.ll,test,test,tensorflow-v0,local:/root/DJY/dataset/train/tensorflow-v0
tensorflow,221,/root/exp/PerProgramAutoTune/datasets/compiler_gym_llvm21/ir/tensorflow/221.ll,test,test,tensorflow-v0,local:/root/DJY/dataset/train/tensorflow-v0
tensorflow,223,/root/exp/PerProgramAutoTune/datasets/compiler_gym_llvm21/ir/tensorflow/223.ll,test,test,tensorflow-v0,local:/root/DJY/dataset/train/tensorflow-v0
tensorflow,238,/root/exp/PerProgramAutoTune/datasets/compiler_gym_llvm21/ir/tensorflow/238.ll,train_pool,validation,tensorflow-v0,local:/root/DJY/dataset/test/tensorflow-v0
tensorflow,248,/root/exp/PerProgramAutoTune/datasets/compiler_gym_llvm21/ir/tensorflow/248.ll,test,test,tensorflow-v0,local:/root/DJY/dataset/train/tensorflow-v0
tensorflow,250,/root/exp/PerProgramAutoTune/datasets/compiler_gym_llvm21/ir/tensorflow/250.ll,test,test,tensorflow-v0,local:/root/DJY/dataset/train/tensorflow-v0
tensorflow,257,/root/exp/PerProgramAutoTune/datasets/compiler_gym_llvm21/ir/tensorflow/257.ll,train_pool,search_train,tensorflow-v0,local:/root/DJY/dataset/train/tensorflow-v0
tensorflow,26,/root/exp/PerProgramAutoTune/datasets/compiler_gym_llvm21/ir/tensorflow/26.ll,test,test,tensorflow-v0,local:/root/DJY/dataset/train/tensorflow-v0
tensorflow,261,/root/exp/PerProgramAutoTune/datasets/compiler_gym_llvm21/ir/tensorflow/261.ll,test,test,tensorflow-v0,local:/root/DJY/dataset/train/tensorflow-v0
tensorflow,28,/root/exp/PerProgramAutoTune/datasets/compiler_gym_llvm21/ir/tensorflow/28.ll,test,test,tensorflow-v0,local:/root/DJY/dataset/test/tensorflow-v0
tensorflow,29,/root/exp/PerProgramAutoTune/datasets/compiler_gym_llvm21/ir/tensorflow/29.ll,test,test,tensorflow-v0,local:/root/DJY/dataset/train/tensorflow-v0
tensorflow,295,/root/exp/PerProgramAutoTune/datasets/compiler_gym_llvm21/ir/tensorflow/295.ll,test,test,tensorflow-v0,local:/root/DJY/dataset/test/tensorflow-v0
tensorflow,296,/root/exp/PerProgramAutoTune/datasets/compiler_gym_llvm21/ir/tensorflow/296.ll,test,test,tensorflow-v0,local:/root/DJY/dataset/train/tensorflow-v0
tensorflow,30,/root/exp/PerProgramAutoTune/datasets/compiler_gym_llvm21/ir/tensorflow/30.ll,test,test,tensorflow-v0,local:/root/DJY/dataset/train/tensorflow-v0
tensorflow,300,/root/exp/PerProgramAutoTune/datasets/compiler_gym_llvm21/ir/tensorflow/300.ll,test,test,tensorflow-v0,local:/root/DJY/dataset/train/tensorflow-v0
tensorflow,302,/root/exp/PerProgramAutoTune/datasets/compiler_gym_llvm21/ir/tensorflow/302.ll,train_pool,search_train,tensorflow-v0,local:/root/DJY/dataset/train/tensorflow-v0
tensorflow,303,/root/exp/PerProgramAutoTune/datasets/compiler_gym_llvm21/ir/tensorflow/303.ll,test,test,tensorflow-v0,local:/root/DJY/dataset/train/tensorflow-v0
tensorflow,304,/root/exp/PerProgramAutoTune/datasets/compiler_gym_llvm21/ir/tensorflow/304.ll,test,test,tensorflow-v0,local:/root/DJY/dataset/train/tensorflow-v0
tensorflow,307,/root/exp/PerProgramAutoTune/datasets/compiler_gym_llvm21/ir/tensorflow/307.ll,test,test,tensorflow-v0,local:/root/DJY/dataset/test/tensorflow-v0
tensorflow,308,/root/exp/PerProgramAutoTune/datasets/compiler_gym_llvm21/ir/tensorflow/308.ll,test,test,tensorflow-v0,local:/root/DJY/dataset/train/tensorflow-v0
tensorflow,309,/root/exp/PerProgramAutoTune/datasets/compiler_gym_llvm21/ir/tensorflow/309.ll,test,test,tensorflow-v0,local:/root/DJY/dataset/train/tensorflow-v0
tensorflow,31,/root/exp/PerProgramAutoTune/datasets/compiler_gym_llvm21/ir/tensorflow/31.ll,train_pool,search_train,tensorflow-v0,local:/root/DJY/dataset/train/tensorflow-v0
tensorflow,310,/root/exp/PerProgramAutoTune/datasets/compiler_gym_llvm21/ir/tensorflow/310.ll,train_pool,validation,tensorflow-v0,local:/root/DJY/dataset/train/tensorflow-v0
tensorflow,312,/root/exp/PerProgramAutoTune/datasets/compiler_gym_llvm21/ir/tensorflow/312.ll,test,test,tensorflow-v0,local:/root/DJY/dataset/train/tensorflow-v0
tensorflow,314,/root/exp/PerProgramAutoTune/datasets/compiler_gym_llvm21/ir/tensorflow/314.ll,test,test,tensorflow-v0,local:/root/DJY/dataset/train/tensorflow-v0
tensorflow,317,/root/exp/PerProgramAutoTune/datasets/compiler_gym_llvm21/ir/tensorflow/317.ll,train_pool,validation,tensorflow-v0,local:/root/DJY/dataset/train/tensorflow-v0
tensorflow,319,/root/exp/PerProgramAutoTune/datasets/compiler_gym_llvm21/ir/tensorflow/319.ll,test,test,tensorflow-v0,local:/root/DJY/dataset/train/tensorflow-v0
tensorflow,32,/root/exp/PerProgramAutoTune/datasets/compiler_gym_llvm21/ir/tensorflow/32.ll,test,test,tensorflow-v0,local:/root/DJY/dataset/train/tensorflow-v0
tensorflow,320,/root/exp/PerProgramAutoTune/datasets/compiler_gym_llvm21/ir/tensorflow/320.ll,train_pool,search_train,tensorflow-v0,local:/root/DJY/dataset/train/tensorflow-v0
tensorflow,321,/root/exp/PerProgramAutoTune/datasets/compiler_gym_llvm21/ir/tensorflow/321.ll,train_pool,search_train,tensorflow-v0,local:/root/DJY/dataset/train/tensorflow-v0
tensorflow,322,/root/exp/PerProgramAutoTune/datasets/compiler_gym_llvm21/ir/tensorflow/322.ll,test,test,tensorflow-v0,local:/root/DJY/dataset/train/tensorflow-v0
tensorflow,323,/root/exp/PerProgramAutoTune/datasets/compiler_gym_llvm21/ir/tensorflow/323.ll,train_pool,search_train,tensorflow-v0,local:/root/DJY/dataset/train/tensorflow-v0
tensorflow,325,/root/exp/PerProgramAutoTune/datasets/compiler_gym_llvm21/ir/tensorflow/325.ll,test,test,tensorflow-v0,local:/root/DJY/dataset/train/tensorflow-v0
tensorflow,326,/root/exp/PerProgramAutoTune/datasets/compiler_gym_llvm21/ir/tensorflow/326.ll,test,test,tensorflow-v0,local:/root/DJY/dataset/train/tensorflow-v0
tensorflow,329,/root/exp/PerProgramAutoTune/datasets/compiler_gym_llvm21/ir/tensorflow/329.ll,train_pool,search_train,tensorflow-v0,local:/root/DJY/dataset/train/tensorflow-v0
tensorflow,33,/root/exp/PerProgramAutoTune/datasets/compiler_gym_llvm21/ir/tensorflow/33.ll,train_pool,validation,tensorflow-v0,local:/root/DJY/dataset/train/tensorflow-v0
tensorflow,330,/root/exp/PerProgramAutoTune/datasets/compiler_gym_llvm21/ir/tensorflow/330.ll,train_pool,search_train,tensorflow-v0,local:/root/DJY/dataset/train/tensorflow-v0
tensorflow,331,/root/exp/PerProgramAutoTune/datasets/compiler_gym_llvm21/ir/tensorflow/331.ll,train_pool,search_train,tensorflow-v0,local:/root/DJY/dataset/train/tensorflow-v0
tensorflow,333,/root/exp/PerProgramAutoTune/datasets/compiler_gym_llvm21/ir/tensorflow/333.ll,test,test,tensorflow-v0,local:/root/DJY/dataset/train/tensorflow-v0
tensorflow,334,/root/exp/PerProgramAutoTune/datasets/compiler_gym_llvm21/ir/tensorflow/334.ll,test,test,tensorflow-v0,local:/root/DJY/dataset/train/tensorflow-v0
tensorflow,335,/root/exp/PerProgramAutoTune/datasets/compiler_gym_llvm21/ir/tensorflow/335.ll,test,test,tensorflow-v0,local:/root/DJY/dataset/test/tensorflow-v0
tensorflow,337,/root/exp/PerProgramAutoTune/datasets/compiler_gym_llvm21/ir/tensorflow/337.ll,test,test,tensorflow-v0,local:/root/DJY/dataset/train/tensorflow-v0
tensorflow,339,/root/exp/PerProgramAutoTune/datasets/compiler_gym_llvm21/ir/tensorflow/339.ll,test,test,tensorflow-v0,local:/root/DJY/dataset/train/tensorflow-v0
tensorflow,340,/root/exp/PerProgramAutoTune/datasets/compiler_gym_llvm21/ir/tensorflow/340.ll,test,test,tensorflow-v0,local:/root/DJY/dataset/train/tensorflow-v0
tensorflow,342,/root/exp/PerProgramAutoTune/datasets/compiler_gym_llvm21/ir/tensorflow/342.ll,test,test,tensorflow-v0,local:/root/DJY/dataset/train/tensorflow-v0
tensorflow,344,/root/exp/PerProgramAutoTune/datasets/compiler_gym_llvm21/ir/tensorflow/344.ll,test,test,tensorflow-v0,local:/root/DJY/dataset/train/tensorflow-v0
tensorflow,345,/root/exp/PerProgramAutoTune/datasets/compiler_gym_llvm21/ir/tensorflow/345.ll,test,test,tensorflow-v0,local:/root/DJY/dataset/train/tensorflow-v0
tensorflow,346,/root/exp/PerProgramAutoTune/datasets/compiler_gym_llvm21/ir/tensorflow/346.ll,test,test,tensorflow-v0,local:/root/DJY/dataset/test/tensorflow-v0
tensorflow,35,/root/exp/PerProgramAutoTune/datasets/compiler_gym_llvm21/ir/tensorflow/35.ll,test,test,tensorflow-v0,local:/root/DJY/dataset/train/tensorflow-v0
tensorflow,350,/root/exp/PerProgramAutoTune/datasets/compiler_gym_llvm21/ir/tensorflow/350.ll,test,test,tensorflow-v0,local:/root/DJY/dataset/test/tensorflow-v0
tensorflow,352,/root/exp/PerProgramAutoTune/datasets/compiler_gym_llvm21/ir/tensorflow/352.ll,train_pool,search_train,tensorflow-v0,local:/root/DJY/dataset/train/tensorflow-v0
tensorflow,353,/root/exp/PerProgramAutoTune/datasets/compiler_gym_llvm21/ir/tensorflow/353.ll,test,test,tensorflow-v0,local:/root/DJY/dataset/test/tensorflow-v0
tensorflow,355,/root/exp/PerProgramAutoTune/datasets/compiler_gym_llvm21/ir/tensorflow/355.ll,test,test,tensorflow-v0,local:/root/DJY/dataset/train/tensorflow-v0
tensorflow,356,/root/exp/PerProgramAutoTune/datasets/compiler_gym_llvm21/ir/tensorflow/356.ll,train_pool,search_train,tensorflow-v0,local:/root/DJY/dataset/train/tensorflow-v0
tensorflow,357,/root/exp/PerProgramAutoTune/datasets/compiler_gym_llvm21/ir/tensorflow/357.ll,test,test,tensorflow-v0,local:/root/DJY/dataset/test/tensorflow-v0
tensorflow,358,/root/exp/PerProgramAutoTune/datasets/compiler_gym_llvm21/ir/tensorflow/358.ll,train_pool,search_train,tensorflow-v0,local:/root/DJY/dataset/train/tensorflow-v0
tensorflow,359,/root/exp/PerProgramAutoTune/datasets/compiler_gym_llvm21/ir/tensorflow/359.ll,test,test,tensorflow-v0,local:/root/DJY/dataset/train/tensorflow-v0
tensorflow,36,/root/exp/PerProgramAutoTune/datasets/compiler_gym_llvm21/ir/tensorflow/36.ll,test,test,tensorflow-v0,local:/root/DJY/dataset/train/tensorflow-v0
tensorflow,361,/root/exp/PerProgramAutoTune/datasets/compiler_gym_llvm21/ir/tensorflow/361.ll,test,test,tensorflow-v0,local:/root/DJY/dataset/train/tensorflow-v0
tensorflow,362,/root/exp/PerProgramAutoTune/datasets/compiler_gym_llvm21/ir/tensorflow/362.ll,train_pool,search_train,tensorflow-v0,local:/root/DJY/dataset/test/tensorflow-v0
tensorflow,363,/root/exp/PerProgramAutoTune/datasets/compiler_gym_llvm21/ir/tensorflow/363.ll,test,test,tensorflow-v0,local:/root/DJY/dataset/train/tensorflow-v0
tensorflow,364,/root/exp/PerProgramAutoTune/datasets/compiler_gym_llvm21/ir/tensorflow/364.ll,test,test,tensorflow-v0,local:/root/DJY/dataset/train/tensorflow-v0
tensorflow,365,/root/exp/PerProgramAutoTune/datasets/compiler_gym_llvm21/ir/tensorflow/365.ll,test,test,tensorflow-v0,local:/root/DJY/dataset/train/tensorflow-v0
tensorflow,366,/root/exp/PerProgramAutoTune/datasets/compiler_gym_llvm21/ir/tensorflow/366.ll,test,test,tensorflow-v0,local:/root/DJY/dataset/test/tensorflow-v0
tensorflow,367,/root/exp/PerProgramAutoTune/datasets/compiler_gym_llvm21/ir/tensorflow/367.ll,test,test,tensorflow-v0,local:/root/DJY/dataset/test/tensorflow-v0
tensorflow,368,/root/exp/PerProgramAutoTune/datasets/compiler_gym_llvm21/ir/tensorflow/368.ll,test,test,tensorflow-v0,local:/root/DJY/dataset/train/tensorflow-v0
tensorflow,369,/root/exp/PerProgramAutoTune/datasets/compiler_gym_llvm21/ir/tensorflow/369.ll,train_pool,search_train,tensorflow-v0,local:/root/DJY/dataset/train/tensorflow-v0
tensorflow,370,/root/exp/PerProgramAutoTune/datasets/compiler_gym_llvm21/ir/tensorflow/370.ll,test,test,tensorflow-v0,local:/root/DJY/dataset/train/tensorflow-v0
tensorflow,371,/root/exp/PerProgramAutoTune/datasets/compiler_gym_llvm21/ir/tensorflow/371.ll,test,test,tensorflow-v0,local:/root/DJY/dataset/train/tensorflow-v0
tensorflow,372,/root/exp/PerProgramAutoTune/datasets/compiler_gym_llvm21/ir/tensorflow/372.ll,train_pool,search_train,tensorflow-v0,local:/root/DJY/dataset/train/tensorflow-v0
tensorflow,373,/root/exp/PerProgramAutoTune/datasets/compiler_gym_llvm21/ir/tensorflow/373.ll,train_pool,search_train,tensorflow-v0,local:/root/DJY/dataset/train/tensorflow-v0
tensorflow,374,/root/exp/PerProgramAutoTune/datasets/compiler_gym_llvm21/ir/tensorflow/374.ll,train_pool,search_train,tensorflow-v0,local:/root/DJY/dataset/train/tensorflow-v0
tensorflow,376,/root/exp/PerProgramAutoTune/datasets/compiler_gym_llvm21/ir/tensorflow/376.ll,train_pool,search_train,tensorflow-v0,local:/root/DJY/dataset/test/tensorflow-v0
tensorflow,377,/root/exp/PerProgramAutoTune/datasets/compiler_gym_llvm21/ir/tensorflow/377.ll,test,test,tensorflow-v0,local:/root/DJY/dataset/train/tensorflow-v0
tensorflow,38,/root/exp/PerProgramAutoTune/datasets/compiler_gym_llvm21/ir/tensorflow/38.ll,test,test,tensorflow-v0,local:/root/DJY/dataset/test/tensorflow-v0
tensorflow,40,/root/exp/PerProgramAutoTune/datasets/compiler_gym_llvm21/ir/tensorflow/40.ll,test,test,tensorflow-v0,local:/root/DJY/dataset/train/tensorflow-v0
tensorflow,434,/root/exp/PerProgramAutoTune/datasets/compiler_gym_llvm21/ir/tensorflow/434.ll,test,test,tensorflow-v0,local:/root/DJY/dataset/train/tensorflow-v0
tensorflow,436,/root/exp/PerProgramAutoTune/datasets/compiler_gym_llvm21/ir/tensorflow/436.ll,test,test,tensorflow-v0,local:/root/DJY/dataset/train/tensorflow-v0
tensorflow,438,/root/exp/PerProgramAutoTune/datasets/compiler_gym_llvm21/ir/tensorflow/438.ll,train_pool,validation,tensorflow-v0,local:/root/DJY/dataset/train/tensorflow-v0
tensorflow,44,/root/exp/PerProgramAutoTune/datasets/compiler_gym_llvm21/ir/tensorflow/44.ll,train_pool,validation,tensorflow-v0,local:/root/DJY/dataset/train/tensorflow-v0
tensorflow,440,/root/exp/PerProgramAutoTune/datasets/compiler_gym_llvm21/ir/tensorflow/440.ll,test,test,tensorflow-v0,local:/root/DJY/dataset/train/tensorflow-v0
tensorflow,442,/root/exp/PerProgramAutoTune/datasets/compiler_gym_llvm21/ir/tensorflow/442.ll,train_pool,validation,tensorflow-v0,local:/root/DJY/dataset/train/tensorflow-v0
tensorflow,446,/root/exp/PerProgramAutoTune/datasets/compiler_gym_llvm21/ir/tensorflow/446.ll,test,test,tensorflow-v0,local:/root/DJY/dataset/train/tensorflow-v0
tensorflow,449,/root/exp/PerProgramAutoTune/datasets/compiler_gym_llvm21/ir/tensorflow/449.ll,test,test,tensorflow-v0,local:/root/DJY/dataset/train/tensorflow-v0
tensorflow,45,/root/exp/PerProgramAutoTune/datasets/compiler_gym_llvm21/ir/tensorflow/45.ll,test,test,tensorflow-v0,local:/root/DJY/dataset/train/tensorflow-v0
tensorflow,450,/root/exp/PerProgramAutoTune/datasets/compiler_gym_llvm21/ir/tensorflow/450.ll,test,test,tensorflow-v0,local:/root/DJY/dataset/train/tensorflow-v0
tensorflow,472,/root/exp/PerProgramAutoTune/datasets/compiler_gym_llvm21/ir/tensorflow/472.ll,test,test,tensorflow-v0,local:/root/DJY/dataset/test/tensorflow-v0
tensorflow,475,/root/exp/PerProgramAutoTune/datasets/compiler_gym_llvm21/ir/tensorflow/475.ll,test,test,tensorflow-v0,local:/root/DJY/dataset/train/tensorflow-v0
tensorflow,481,/root/exp/PerProgramAutoTune/datasets/compiler_gym_llvm21/ir/tensorflow/481.ll,train_pool,validation,tensorflow-v0,local:/root/DJY/dataset/train/tensorflow-v0
tensorflow,485,/root/exp/PerProgramAutoTune/datasets/compiler_gym_llvm21/ir/tensorflow/485.ll,train_pool,search_train,tensorflow-v0,local:/root/DJY/dataset/train/tensorflow-v0
tensorflow,488,/root/exp/PerProgramAutoTune/datasets/compiler_gym_llvm21/ir/tensorflow/488.ll,test,test,tensorflow-v0,local:/root/DJY/dataset/train/tensorflow-v0
tensorflow,489,/root/exp/PerProgramAutoTune/datasets/compiler_gym_llvm21/ir/tensorflow/489.ll,test,test,tensorflow-v0,local:/root/DJY/dataset/train/tensorflow-v0
tensorflow,490,/root/exp/PerProgramAutoTune/datasets/compiler_gym_llvm21/ir/tensorflow/490.ll,test,test,tensorflow-v0,local:/root/DJY/dataset/train/tensorflow-v0
tensorflow,491,/root/exp/PerProgramAutoTune/datasets/compiler_gym_llvm21/ir/tensorflow/491.ll,test,test,tensorflow-v0,local:/root/DJY/dataset/train/tensorflow-v0
tensorflow,495,/root/exp/PerProgramAutoTune/datasets/compiler_gym_llvm21/ir/tensorflow/495.ll,train_pool,validation,tensorflow-v0,local:/root/DJY/dataset/train/tensorflow-v0
tensorflow,501,/root/exp/PerProgramAutoTune/datasets/compiler_gym_llvm21/ir/tensorflow/501.ll,train_pool,search_train,tensorflow-v0,local:/root/DJY/dataset/train/tensorflow-v0
tensorflow,506,/root/exp/PerProgramAutoTune/datasets/compiler_gym_llvm21/ir/tensorflow/506.ll,test,test,tensorflow-v0,local:/root/DJY/dataset/test/tensorflow-v0
tensorflow,507,/root/exp/PerProgramAutoTune/datasets/compiler_gym_llvm21/ir/tensorflow/507.ll,test,test,tensorflow-v0,local:/root/DJY/dataset/train/tensorflow-v0
tensorflow,508,/root/exp/PerProgramAutoTune/datasets/compiler_gym_llvm21/ir/tensorflow/508.ll,test,test,tensorflow-v0,local:/root/DJY/dataset/train/tensorflow-v0
tensorflow,509,/root/exp/PerProgramAutoTune/datasets/compiler_gym_llvm21/ir/tensorflow/509.ll,train_pool,search_train,tensorflow-v0,local:/root/DJY/dataset/train/tensorflow-v0
tensorflow,51,/root/exp/PerProgramAutoTune/datasets/compiler_gym_llvm21/ir/tensorflow/51.ll,test,test,tensorflow-v0,local:/root/DJY/dataset/train/tensorflow-v0
tensorflow,511,/root/exp/PerProgramAutoTune/datasets/compiler_gym_llvm21/ir/tensorflow/511.ll,test,test,tensorflow-v0,local:/root/DJY/dataset/train/tensorflow-v0
tensorflow,516,/root/exp/PerProgramAutoTune/datasets/compiler_gym_llvm21/ir/tensorflow/516.ll,test,test,tensorflow-v0,local:/root/DJY/dataset/train/tensorflow-v0
tensorflow,52,/root/exp/PerProgramAutoTune/datasets/compiler_gym_llvm21/ir/tensorflow/52.ll,train_pool,search_train,tensorflow-v0,local:/root/DJY/dataset/test/tensorflow-v0
tensorflow,525,/root/exp/PerProgramAutoTune/datasets/compiler_gym_llvm21/ir/tensorflow/525.ll,test,test,tensorflow-v0,local:/root/DJY/dataset/test/tensorflow-v0
tensorflow,535,/root/exp/PerProgramAutoTune/datasets/compiler_gym_llvm21/ir/tensorflow/535.ll,test,test,tensorflow-v0,local:/root/DJY/dataset/train/tensorflow-v0
tensorflow,537,/root/exp/PerProgramAutoTune/datasets/compiler_gym_llvm21/ir/tensorflow/537.ll,test,test,tensorflow-v0,local:/root/DJY/dataset/train/tensorflow-v0
tensorflow,539,/root/exp/PerProgramAutoTune/datasets/compiler_gym_llvm21/ir/tensorflow/539.ll,test,test,tensorflow-v0,local:/root/DJY/dataset/train/tensorflow-v0
tensorflow,540,/root/exp/PerProgramAutoTune/datasets/compiler_gym_llvm21/ir/tensorflow/540.ll,train_pool,validation,tensorflow-v0,local:/root/DJY/dataset/train/tensorflow-v0
tensorflow,541,/root/exp/PerProgramAutoTune/datasets/compiler_gym_llvm21/ir/tensorflow/541.ll,train_pool,search_train,tensorflow-v0,local:/root/DJY/dataset/train/tensorflow-v0
tensorflow,542,/root/exp/PerProgramAutoTune/datasets/compiler_gym_llvm21/ir/tensorflow/542.ll,test,test,tensorflow-v0,local:/root/DJY/dataset/train/tensorflow-v0
tensorflow,545,/root/exp/PerProgramAutoTune/datasets/compiler_gym_llvm21/ir/tensorflow/545.ll,test,test,tensorflow-v0,local:/root/DJY/dataset/train/tensorflow-v0
tensorflow,548,/root/exp/PerProgramAutoTune/datasets/compiler_gym_llvm21/ir/tensorflow/548.ll,test,test,tensorflow-v0,local:/root/DJY/dataset/train/tensorflow-v0
tensorflow,55,/root/exp/PerProgramAutoTune/datasets/compiler_gym_llvm21/ir/tensorflow/55.ll,test,test,tensorflow-v0,local:/root/DJY/dataset/train/tensorflow-v0
tensorflow,553,/root/exp/PerProgramAutoTune/datasets/compiler_gym_llvm21/ir/tensorflow/553.ll,test,test,tensorflow-v0,local:/root/DJY/dataset/train/tensorflow-v0
tensorflow,559,/root/exp/PerProgramAutoTune/datasets/compiler_gym_llvm21/ir/tensorflow/559.ll,test,test,tensorflow-v0,local:/root/DJY/dataset/test/tensorflow-v0
tensorflow,561,/root/exp/PerProgramAutoTune/datasets/compiler_gym_llvm21/ir/tensorflow/561.ll,test,test,tensorflow-v0,local:/root/DJY/dataset/train/tensorflow-v0
tensorflow,572,/root/exp/PerProgramAutoTune/datasets/compiler_gym_llvm21/ir/tensorflow/572.ll,test,test,tensorflow-v0,local:/root/DJY/dataset/train/tensorflow-v0
tensorflow,577,/root/exp/PerProgramAutoTune/datasets/compiler_gym_llvm21/ir/tensorflow/577.ll,train_pool,search_train,tensorflow-v0,local:/root/DJY/dataset/train/tensorflow-v0
tensorflow,578,/root/exp/PerProgramAutoTune/datasets/compiler_gym_llvm21/ir/tensorflow/578.ll,test,test,tensorflow-v0,local:/root/DJY/dataset/test/tensorflow-v0
tensorflow,58,/root/exp/PerProgramAutoTune/datasets/compiler_gym_llvm21/ir/tensorflow/58.ll,test,test,tensorflow-v0,local:/root/DJY/dataset/train/tensorflow-v0
tensorflow,601,/root/exp/PerProgramAutoTune/datasets/compiler_gym_llvm21/ir/tensorflow/601.ll,test,test,tensorflow-v0,local:/root/DJY/dataset/train/tensorflow-v0
tensorflow,604,/root/exp/PerProgramAutoTune/datasets/compiler_gym_llvm21/ir/tensorflow/604.ll,test,test,tensorflow-v0,local:/root/DJY/dataset/train/tensorflow-v0
tensorflow,607,/root/exp/PerProgramAutoTune/datasets/compiler_gym_llvm21/ir/tensorflow/607.ll,train_pool,validation,tensorflow-v0,local:/root/DJY/dataset/train/tensorflow-v0
tensorflow,614,/root/exp/PerProgramAutoTune/datasets/compiler_gym_llvm21/ir/tensorflow/614.ll,test,test,tensorflow-v0,local:/root/DJY/dataset/train/tensorflow-v0
tensorflow,629,/root/exp/PerProgramAutoTune/datasets/compiler_gym_llvm21/ir/tensorflow/629.ll,test,test,tensorflow-v0,local:/root/DJY/dataset/test/tensorflow-v0
tensorflow,63,/root/exp/PerProgramAutoTune/datasets/compiler_gym_llvm21/ir/tensorflow/63.ll,test,test,tensorflow-v0,local:/root/DJY/dataset/train/tensorflow-v0
tensorflow,635,/root/exp/PerProgramAutoTune/datasets/compiler_gym_llvm21/ir/tensorflow/635.ll,test,test,tensorflow-v0,local:/root/DJY/dataset/train/tensorflow-v0
tensorflow,647,/root/exp/PerProgramAutoTune/datasets/compiler_gym_llvm21/ir/tensorflow/647.ll,test,test,tensorflow-v0,local:/root/DJY/dataset/train/tensorflow-v0
tensorflow,651,/root/exp/PerProgramAutoTune/datasets/compiler_gym_llvm21/ir/tensorflow/651.ll,test,test,tensorflow-v0,local:/root/DJY/dataset/train/tensorflow-v0
tensorflow,653,/root/exp/PerProgramAutoTune/datasets/compiler_gym_llvm21/ir/tensorflow/653.ll,test,test,tensorflow-v0,local:/root/DJY/dataset/train/tensorflow-v0
tensorflow,657,/root/exp/PerProgramAutoTune/datasets/compiler_gym_llvm21/ir/tensorflow/657.ll,train_pool,search_train,tensorflow-v0,local:/root/DJY/dataset/train/tensorflow-v0
tensorflow,661,/root/exp/PerProgramAutoTune/datasets/compiler_gym_llvm21/ir/tensorflow/661.ll,test,test,tensorflow-v0,local:/root/DJY/dataset/train/tensorflow-v0
tensorflow,664,/root/exp/PerProgramAutoTune/datasets/compiler_gym_llvm21/ir/tensorflow/664.ll,test,test,tensorflow-v0,local:/root/DJY/dataset/train/tensorflow-v0
tensorflow,677,/root/exp/PerProgramAutoTune/datasets/compiler_gym_llvm21/ir/tensorflow/677.ll,train_pool,search_train,tensorflow-v0,local:/root/DJY/dataset/train/tensorflow-v0
tensorflow,69,/root/exp/PerProgramAutoTune/datasets/compiler_gym_llvm21/ir/tensorflow/69.ll,test,test,tensorflow-v0,local:/root/DJY/dataset/train/tensorflow-v0
tensorflow,690,/root/exp/PerProgramAutoTune/datasets/compiler_gym_llvm21/ir/tensorflow/690.ll,test,test,tensorflow-v0,local:/root/DJY/dataset/train/tensorflow-v0
tensorflow,691,/root/exp/PerProgramAutoTune/datasets/compiler_gym_llvm21/ir/tensorflow/691.ll,test,test,tensorflow-v0,local:/root/DJY/dataset/train/tensorflow-v0
tensorflow,693,/root/exp/PerProgramAutoTune/datasets/compiler_gym_llvm21/ir/tensorflow/693.ll,train_pool,search_train,tensorflow-v0,local:/root/DJY/dataset/test/tensorflow-v0
tensorflow,712,/root/exp/PerProgramAutoTune/datasets/compiler_gym_llvm21/ir/tensorflow/712.ll,test,test,tensorflow-v0,local:/root/DJY/dataset/train/tensorflow-v0
tensorflow,72,/root/exp/PerProgramAutoTune/datasets/compiler_gym_llvm21/ir/tensorflow/72.ll,test,test,tensorflow-v0,local:/root/DJY/dataset/train/tensorflow-v0
tensorflow,724,/root/exp/PerProgramAutoTune/datasets/compiler_gym_llvm21/ir/tensorflow/724.ll,test,test,tensorflow-v0,local:/root/DJY/dataset/train/tensorflow-v0
tensorflow,732,/root/exp/PerProgramAutoTune/datasets/compiler_gym_llvm21/ir/tensorflow/732.ll,train_pool,search_train,tensorflow-v0,local:/root/DJY/dataset/train/tensorflow-v0
tensorflow,733,/root/exp/PerProgramAutoTune/datasets/compiler_gym_llvm21/ir/tensorflow/733.ll,train_pool,validation,tensorflow-v0,local:/root/DJY/dataset/train/tensorflow-v0
tensorflow,734,/root/exp/PerProgramAutoTune/datasets/compiler_gym_llvm21/ir/tensorflow/734.ll,test,test,tensorflow-v0,local:/root/DJY/dataset/train/tensorflow-v0
tensorflow,735,/root/exp/PerProgramAutoTune/datasets/compiler_gym_llvm21/ir/tensorflow/735.ll,test,test,tensorflow-v0,local:/root/DJY/dataset/train/tensorflow-v0
tensorflow,736,/root/exp/PerProgramAutoTune/datasets/compiler_gym_llvm21/ir/tensorflow/736.ll,test,test,tensorflow-v0,local:/root/DJY/dataset/train/tensorflow-v0
tensorflow,737,/root/exp/PerProgramAutoTune/datasets/compiler_gym_llvm21/ir/tensorflow/737.ll,test,test,tensorflow-v0,local:/root/DJY/dataset/train/tensorflow-v0
tensorflow,738,/root/exp/PerProgramAutoTune/datasets/compiler_gym_llvm21/ir/tensorflow/738.ll,test,test,tensorflow-v0,local:/root/DJY/dataset/train/tensorflow-v0
tensorflow,739,/root/exp/PerProgramAutoTune/datasets/compiler_gym_llvm21/ir/tensorflow/739.ll,train_pool,validation,tensorflow-v0,local:/root/DJY/dataset/train/tensorflow-v0
tensorflow,741,/root/exp/PerProgramAutoTune/datasets/compiler_gym_llvm21/ir/tensorflow/741.ll,test,test,tensorflow-v0,local:/root/DJY/dataset/train/tensorflow-v0
tensorflow,742,/root/exp/PerProgramAutoTune/datasets/compiler_gym_llvm21/ir/tensorflow/742.ll,train_pool,search_train,tensorflow-v0,local:/root/DJY/dataset/test/tensorflow-v0
tensorflow,745,/root/exp/PerProgramAutoTune/datasets/compiler_gym_llvm21/ir/tensorflow/745.ll,test,test,tensorflow-v0,local:/root/DJY/dataset/test/tensorflow-v0
tensorflow,746,/root/exp/PerProgramAutoTune/datasets/compiler_gym_llvm21/ir/tensorflow/746.ll,test,test,tensorflow-v0,local:/root/DJY/dataset/train/tensorflow-v0
tensorflow,747,/root/exp/PerProgramAutoTune/datasets/compiler_gym_llvm21/ir/tensorflow/747.ll,test,test,tensorflow-v0,local:/root/DJY/dataset/train/tensorflow-v0
tensorflow,748,/root/exp/PerProgramAutoTune/datasets/compiler_gym_llvm21/ir/tensorflow/748.ll,test,test,tensorflow-v0,local:/root/DJY/dataset/train/tensorflow-v0
tensorflow,749,/root/exp/PerProgramAutoTune/datasets/compiler_gym_llvm21/ir/tensorflow/749.ll,test,test,tensorflow-v0,local:/root/DJY/dataset/train/tensorflow-v0
tensorflow,750,/root/exp/PerProgramAutoTune/datasets/compiler_gym_llvm21/ir/tensorflow/750.ll,train_pool,search_train,tensorflow-v0,local:/root/DJY/dataset/train/tensorflow-v0
tensorflow,752,/root/exp/PerProgramAutoTune/datasets/compiler_gym_llvm21/ir/tensorflow/752.ll,train_pool,validation,tensorflow-v0,local:/root/DJY/dataset/train/tensorflow-v0
tensorflow,753,/root/exp/PerProgramAutoTune/datasets/compiler_gym_llvm21/ir/tensorflow/753.ll,test,test,tensorflow-v0,local:/root/DJY/dataset/train/tensorflow-v0
tensorflow,754,/root/exp/PerProgramAutoTune/datasets/compiler_gym_llvm21/ir/tensorflow/754.ll,train_pool,search_train,tensorflow-v0,local:/root/DJY/dataset/train/tensorflow-v0
tensorflow,755,/root/exp/PerProgramAutoTune/datasets/compiler_gym_llvm21/ir/tensorflow/755.ll,train_pool,search_train,tensorflow-v0,local:/root/DJY/dataset/train/tensorflow-v0
tensorflow,756,/root/exp/PerProgramAutoTune/datasets/compiler_gym_llvm21/ir/tensorflow/756.ll,test,test,tensorflow-v0,local:/root/DJY/dataset/train/tensorflow-v0
tensorflow,759,/root/exp/PerProgramAutoTune/datasets/compiler_gym_llvm21/ir/tensorflow/759.ll,train_pool,search_train,tensorflow-v0,local:/root/DJY/dataset/train/tensorflow-v0
tensorflow,761,/root/exp/PerProgramAutoTune/datasets/compiler_gym_llvm21/ir/tensorflow/761.ll,train_pool,search_train,tensorflow-v0,local:/root/DJY/dataset/train/tensorflow-v0
tensorflow,763,/root/exp/PerProgramAutoTune/datasets/compiler_gym_llvm21/ir/tensorflow/763.ll,test,test,tensorflow-v0,local:/root/DJY/dataset/train/tensorflow-v0
tensorflow,764,/root/exp/PerProgramAutoTune/datasets/compiler_gym_llvm21/ir/tensorflow/764.ll,test,test,tensorflow-v0,local:/root/DJY/dataset/train/tensorflow-v0
tensorflow,768,/root/exp/PerProgramAutoTune/datasets/compiler_gym_llvm21/ir/tensorflow/768.ll,train_pool,search_train,tensorflow-v0,local:/root/DJY/dataset/train/tensorflow-v0
tensorflow,769,/root/exp/PerProgramAutoTune/datasets/compiler_gym_llvm21/ir/tensorflow/769.ll,test,test,tensorflow-v0,local:/root/DJY/dataset/train/tensorflow-v0
tensorflow,774,/root/exp/PerProgramAutoTune/datasets/compiler_gym_llvm21/ir/tensorflow/774.ll,test,test,tensorflow-v0,local:/root/DJY/dataset/test/tensorflow-v0
tensorflow,775,/root/exp/PerProgramAutoTune/datasets/compiler_gym_llvm21/ir/tensorflow/775.ll,train_pool,search_train,tensorflow-v0,local:/root/DJY/dataset/train/tensorflow-v0
tensorflow,776,/root/exp/PerProgramAutoTune/datasets/compiler_gym_llvm21/ir/tensorflow/776.ll,test,test,tensorflow-v0,local:/root/DJY/dataset/test/tensorflow-v0
tensorflow,777,/root/exp/PerProgramAutoTune/datasets/compiler_gym_llvm21/ir/tensorflow/777.ll,test,test,tensorflow-v0,local:/root/DJY/dataset/train/tensorflow-v0
tensorflow,778,/root/exp/PerProgramAutoTune/datasets/compiler_gym_llvm21/ir/tensorflow/778.ll,test,test,tensorflow-v0,local:/root/DJY/dataset/train/tensorflow-v0
tensorflow,779,/root/exp/PerProgramAutoTune/datasets/compiler_gym_llvm21/ir/tensorflow/779.ll,test,test,tensorflow-v0,local:/root/DJY/dataset/train/tensorflow-v0
tensorflow,780,/root/exp/PerProgramAutoTune/datasets/compiler_gym_llvm21/ir/tensorflow/780.ll,train_pool,validation,tensorflow-v0,local:/root/DJY/dataset/train/tensorflow-v0
tensorflow,781,/root/exp/PerProgramAutoTune/datasets/compiler_gym_llvm21/ir/tensorflow/781.ll,train_pool,search_train,tensorflow-v0,local:/root/DJY/dataset/train/tensorflow-v0
tensorflow,782,/root/exp/PerProgramAutoTune/datasets/compiler_gym_llvm21/ir/tensorflow/782.ll,test,test,tensorflow-v0,local:/root/DJY/dataset/train/tensorflow-v0
tensorflow,784,/root/exp/PerProgramAutoTune/datasets/compiler_gym_llvm21/ir/tensorflow/784.ll,test,test,tensorflow-v0,local:/root/DJY/dataset/train/tensorflow-v0
tensorflow,785,/root/exp/PerProgramAutoTune/datasets/compiler_gym_llvm21/ir/tensorflow/785.ll,train_pool,search_train,tensorflow-v0,local:/root/DJY/dataset/train/tensorflow-v0
tensorflow,787,/root/exp/PerProgramAutoTune/datasets/compiler_gym_llvm21/ir/tensorflow/787.ll,test,test,tensorflow-v0,local:/root/DJY/dataset/test/tensorflow-v0
tensorflow,788,/root/exp/PerProgramAutoTune/datasets/compiler_gym_llvm21/ir/tensorflow/788.ll,train_pool,validation,tensorflow-v0,local:/root/DJY/dataset/train/tensorflow-v0
tensorflow,79,/root/exp/PerProgramAutoTune/datasets/compiler_gym_llvm21/ir/tensorflow/79.ll,train_pool,search_train,tensorflow-v0,local:/root/DJY/dataset/train/tensorflow-v0
tensorflow,794,/root/exp/PerProgramAutoTune/datasets/compiler_gym_llvm21/ir/tensorflow/794.ll,train_pool,validation,tensorflow-v0,local:/root/DJY/dataset/train/tensorflow-v0
tensorflow,795,/root/exp/PerProgramAutoTune/datasets/compiler_gym_llvm21/ir/tensorflow/795.ll,test,test,tensorflow-v0,local:/root/DJY/dataset/train/tensorflow-v0
tensorflow,796,/root/exp/PerProgramAutoTune/datasets/compiler_gym_llvm21/ir/tensorflow/796.ll,test,test,tensorflow-v0,local:/root/DJY/dataset/train/tensorflow-v0
tensorflow,798,/root/exp/PerProgramAutoTune/datasets/compiler_gym_llvm21/ir/tensorflow/798.ll,test,test,tensorflow-v0,local:/root/DJY/dataset/train/tensorflow-v0
tensorflow,799,/root/exp/PerProgramAutoTune/datasets/compiler_gym_llvm21/ir/tensorflow/799.ll,train_pool,validation,tensorflow-v0,local:/root/DJY/dataset/train/tensorflow-v0
tensorflow,801,/root/exp/PerProgramAutoTune/datasets/compiler_gym_llvm21/ir/tensorflow/801.ll,train_pool,search_train,tensorflow-v0,local:/root/DJY/dataset/train/tensorflow-v0
tensorflow,81,/root/exp/PerProgramAutoTune/datasets/compiler_gym_llvm21/ir/tensorflow/81.ll,train_pool,search_train,tensorflow-v0,local:/root/DJY/dataset/train/tensorflow-v0
tensorflow,825,/root/exp/PerProgramAutoTune/datasets/compiler_gym_llvm21/ir/tensorflow/825.ll,test,test,tensorflow-v0,local:/root/DJY/dataset/train/tensorflow-v0
tensorflow,85,/root/exp/PerProgramAutoTune/datasets/compiler_gym_llvm21/ir/tensorflow/85.ll,train_pool,validation,tensorflow-v0,local:/root/DJY/dataset/train/tensorflow-v0
tensorflow,859,/root/exp/PerProgramAutoTune/datasets/compiler_gym_llvm21/ir/tensorflow/859.ll,test,test,tensorflow-v0,local:/root/DJY/dataset/test/tensorflow-v0
tensorflow,868,/root/exp/PerProgramAutoTune/datasets/compiler_gym_llvm21/ir/tensorflow/868.ll,test,test,tensorflow-v0,local:/root/DJY/dataset/train/tensorflow-v0
tensorflow,87,/root/exp/PerProgramAutoTune/datasets/compiler_gym_llvm21/ir/tensorflow/87.ll,test,test,tensorflow-v0,local:/root/DJY/dataset/train/tensorflow-v0
tensorflow,870,/root/exp/PerProgramAutoTune/datasets/compiler_gym_llvm21/ir/tensorflow/870.ll,test,test,tensorflow-v0,local:/root/DJY/dataset/train/tensorflow-v0
tensorflow,871,/root/exp/PerProgramAutoTune/datasets/compiler_gym_llvm21/ir/tensorflow/871.ll,test,test,tensorflow-v0,local:/root/DJY/dataset/train/tensorflow-v0
tensorflow,875,/root/exp/PerProgramAutoTune/datasets/compiler_gym_llvm21/ir/tensorflow/875.ll,train_pool,search_train,tensorflow-v0,local:/root/DJY/dataset/train/tensorflow-v0
tensorflow,877,/root/exp/PerProgramAutoTune/datasets/compiler_gym_llvm21/ir/tensorflow/877.ll,test,test,tensorflow-v0,local:/root/DJY/dataset/test/tensorflow-v0
tensorflow,88,/root/exp/PerProgramAutoTune/datasets/compiler_gym_llvm21/ir/tensorflow/88.ll,test,test,tensorflow-v0,local:/root/DJY/dataset/test/tensorflow-v0
tensorflow,884,/root/exp/PerProgramAutoTune/datasets/compiler_gym_llvm21/ir/tensorflow/884.ll,test,test,tensorflow-v0,local:/root/DJY/dataset/train/tensorflow-v0
tensorflow,89,/root/exp/PerProgramAutoTune/datasets/compiler_gym_llvm21/ir/tensorflow/89.ll,train_pool,search_train,tensorflow-v0,local:/root/DJY/dataset/train/tensorflow-v0
tensorflow,891,/root/exp/PerProgramAutoTune/datasets/compiler_gym_llvm21/ir/tensorflow/891.ll,test,test,tensorflow-v0,local:/root/DJY/dataset/train/tensorflow-v0
tensorflow,897,/root/exp/PerProgramAutoTune/datasets/compiler_gym_llvm21/ir/tensorflow/897.ll,test,test,tensorflow-v0,local:/root/DJY/dataset/train/tensorflow-v0
tensorflow,903,/root/exp/PerProgramAutoTune/datasets/compiler_gym_llvm21/ir/tensorflow/903.ll,test,test,tensorflow-v0,local:/root/DJY/dataset/train/tensorflow-v0
tensorflow,904,/root/exp/PerProgramAutoTune/datasets/compiler_gym_llvm21/ir/tensorflow/904.ll,test,test,tensorflow-v0,local:/root/DJY/dataset/test/tensorflow-v0
tensorflow,905,/root/exp/PerProgramAutoTune/datasets/compiler_gym_llvm21/ir/tensorflow/905.ll,test,test,tensorflow-v0,local:/root/DJY/dataset/test/tensorflow-v0
tensorflow,908,/root/exp/PerProgramAutoTune/datasets/compiler_gym_llvm21/ir/tensorflow/908.ll,test,test,tensorflow-v0,local:/root/DJY/dataset/train/tensorflow-v0
tensorflow,911,/root/exp/PerProgramAutoTune/datasets/compiler_gym_llvm21/ir/tensorflow/911.ll,test,test,tensorflow-v0,local:/root/DJY/dataset/train/tensorflow-v0
tensorflow,912,/root/exp/PerProgramAutoTune/datasets/compiler_gym_llvm21/ir/tensorflow/912.ll,train_pool,search_train,tensorflow-v0,local:/root/DJY/dataset/train/tensorflow-v0
tensorflow,913,/root/exp/PerProgramAutoTune/datasets/compiler_gym_llvm21/ir/tensorflow/913.ll,test,test,tensorflow-v0,local:/root/DJY/dataset/train/tensorflow-v0
tensorflow,92,/root/exp/PerProgramAutoTune/datasets/compiler_gym_llvm21/ir/tensorflow/92.ll,train_pool,validation,tensorflow-v0,local:/root/DJY/dataset/train/tensorflow-v0
tensorflow,920,/root/exp/PerProgramAutoTune/datasets/compiler_gym_llvm21/ir/tensorflow/920.ll,test,test,tensorflow-v0,local:/root/DJY/dataset/test/tensorflow-v0
tensorflow,925,/root/exp/PerProgramAutoTune/datasets/compiler_gym_llvm21/ir/tensorflow/925.ll,test,test,tensorflow-v0,local:/root/DJY/dataset/test/tensorflow-v0
tensorflow,927,/root/exp/PerProgramAutoTune/datasets/compiler_gym_llvm21/ir/tensorflow/927.ll,test,test,tensorflow-v0,local:/root/DJY/dataset/train/tensorflow-v0
tensorflow,93,/root/exp/PerProgramAutoTune/datasets/compiler_gym_llvm21/ir/tensorflow/93.ll,test,test,tensorflow-v0,local:/root/DJY/dataset/train/tensorflow-v0
tensorflow,930,/root/exp/PerProgramAutoTune/datasets/compiler_gym_llvm21/ir/tensorflow/930.ll,test,test,tensorflow-v0,local:/root/DJY/dataset/train/tensorflow-v0
tensorflow,932,/root/exp/PerProgramAutoTune/datasets/compiler_gym_llvm21/ir/tensorflow/932.ll,test,test,tensorflow-v0,local:/root/DJY/dataset/train/tensorflow-v0
tensorflow,939,/root/exp/PerProgramAutoTune/datasets/compiler_gym_llvm21/ir/tensorflow/939.ll,test,test,tensorflow-v0,local:/root/DJY/dataset/train/tensorflow-v0
tensorflow,94,/root/exp/PerProgramAutoTune/datasets/compiler_gym_llvm21/ir/tensorflow/94.ll,test,test,tensorflow-v0,local:/root/DJY/dataset/train/tensorflow-v0
tensorflow,942,/root/exp/PerProgramAutoTune/datasets/compiler_gym_llvm21/ir/tensorflow/942.ll,test,test,tensorflow-v0,local:/root/DJY/dataset/test/tensorflow-v0
tensorflow,945,/root/exp/PerProgramAutoTune/datasets/compiler_gym_llvm21/ir/tensorflow/945.ll,train_pool,search_train,tensorflow-v0,local:/root/DJY/dataset/train/tensorflow-v0
tensorflow,947,/root/exp/PerProgramAutoTune/datasets/compiler_gym_llvm21/ir/tensorflow/947.ll,train_pool,search_train,tensorflow-v0,local:/root/DJY/dataset/train/tensorflow-v0
tensorflow,948,/root/exp/PerProgramAutoTune/datasets/compiler_gym_llvm21/ir/tensorflow/948.ll,train_pool,search_train,tensorflow-v0,local:/root/DJY/dataset/train/tensorflow-v0
tensorflow,953,/root/exp/PerProgramAutoTune/datasets/compiler_gym_llvm21/ir/tensorflow/953.ll,test,test,tensorflow-v0,local:/root/DJY/dataset/train/tensorflow-v0
tensorflow,955,/root/exp/PerProgramAutoTune/datasets/compiler_gym_llvm21/ir/tensorflow/955.ll,test,test,tensorflow-v0,local:/root/DJY/dataset/train/tensorflow-v0
tensorflow,956,/root/exp/PerProgramAutoTune/datasets/compiler_gym_llvm21/ir/tensorflow/956.ll,train_pool,search_train,tensorflow-v0,local:/root/DJY/dataset/train/tensorflow-v0
tensorflow,957,/root/exp/PerProgramAutoTune/datasets/compiler_gym_llvm21/ir/tensorflow/957.ll,test,test,tensorflow-v0,local:/root/DJY/dataset/train/tensorflow-v0
tensorflow,958,/root/exp/PerProgramAutoTune/datasets/compiler_gym_llvm21/ir/tensorflow/958.ll,test,test,tensorflow-v0,local:/root/DJY/dataset/test/tensorflow-v0
tensorflow,966,/root/exp/PerProgramAutoTune/datasets/compiler_gym_llvm21/ir/tensorflow/966.ll,train_pool,search_train,tensorflow-v0,local:/root/DJY/dataset/train/tensorflow-v0
tensorflow,968,/root/exp/PerProgramAutoTune/datasets/compiler_gym_llvm21/ir/tensorflow/968.ll,test,test,tensorflow-v0,local:/root/DJY/dataset/train/tensorflow-v0
tensorflow,969,/root/exp/PerProgramAutoTune/datasets/compiler_gym_llvm21/ir/tensorflow/969.ll,test,test,tensorflow-v0,local:/root/DJY/dataset/train/tensorflow-v0
tensorflow,97,/root/exp/PerProgramAutoTune/datasets/compiler_gym_llvm21/ir/tensorflow/97.ll,test,test,tensorflow-v0,local:/root/DJY/dataset/train/tensorflow-v0
tensorflow,975,/root/exp/PerProgramAutoTune/datasets/compiler_gym_llvm21/ir/tensorflow/975.ll,test,test,tensorflow-v0,local:/root/DJY/dataset/train/tensorflow-v0
tensorflow,976,/root/exp/PerProgramAutoTune/datasets/compiler_gym_llvm21/ir/tensorflow/976.ll,train_pool,search_train,tensorflow-v0,local:/root/DJY/dataset/train/tensorflow-v0
tensorflow,98,/root/exp/PerProgramAutoTune/datasets/compiler_gym_llvm21/ir/tensorflow/98.ll,train_pool,search_train,tensorflow-v0,local:/root/DJY/dataset/train/tensorflow-v0
tensorflow,980,/root/exp/PerProgramAutoTune/datasets/compiler_gym_llvm21/ir/tensorflow/980.ll,train_pool,search_train,tensorflow-v0,local:/root/DJY/dataset/train/tensorflow-v0
tensorflow,982,/root/exp/PerProgramAutoTune/datasets/compiler_gym_llvm21/ir/tensorflow/982.ll,test,test,tensorflow-v0,local:/root/DJY/dataset/train/tensorflow-v0
tensorflow,989,/root/exp/PerProgramAutoTune/datasets/compiler_gym_llvm21/ir/tensorflow/989.ll,test,test,tensorflow-v0,local:/root/DJY/dataset/train/tensorflow-v0
tensorflow,990,/root/exp/PerProgramAutoTune/datasets/compiler_gym_llvm21/ir/tensorflow/990.ll,train_pool,validation,tensorflow-v0,local:/root/DJY/dataset/train/tensorflow-v0
tensorflow,991,/root/exp/PerProgramAutoTune/datasets/compiler_gym_llvm21/ir/tensorflow/991.ll,test,test,tensorflow-v0,local:/root/DJY/dataset/train/tensorflow-v0
tensorflow,996,/root/exp/PerProgramAutoTune/datasets/compiler_gym_llvm21/ir/tensorflow/996.ll,test,test,tensorflow-v0,local:/root/DJY/dataset/train/tensorflow-v0
tensorflow,997,/root/exp/PerProgramAutoTune/datasets/compiler_gym_llvm21/ir/tensorflow/997.ll,train_pool,validation,tensorflow-v0,local:/root/DJY/dataset/train/tensorflow-v0
tensorflow,998,/root/exp/PerProgramAutoTune/datasets/compiler_gym_llvm21/ir/tensorflow/998.ll,train_pool,search_train,tensorflow-v0,local:/root/DJY/dataset/train/tensorflow-v0
tensorflow,999,/root/exp/PerProgramAutoTune/datasets/compiler_gym_llvm21/ir/tensorflow/999.ll,test,test,tensorflow-v0,local:/root/DJY/dataset/train/tensorflow-v0
